20240126,海淀,双榆树,101122698393,双榆树北里 板楼2层 南北通透 视野开阔 采光好必看好房,596万,109559元/平,低楼层 (共6层) | 1982年 | 2室1厅 | 54.4平米 | 南 北,https://ke-image.ljcdn.com/110000-inspection/pc1_WqwcUNLre_1.jpg!m_fill,w_280,h_210,f_jpg?from=ke.com
20240126,海淀,双榆树,101122595162,双榆树青云北区南北全明格局两居室满五年唯一住房必看好房,588万,106330元/平,底层 (共5层) 2室1厅 | 55.3平米 | 南 北,https://ke-image.ljcdn.com/110000-inspection/pc1_oHc9nCXqf_1.jpg!m_fill,w_280,h_210,f_jpg?from=ke.com
20240126,海淀,双榆树,101122579117,海淀黄庄中关村全明格局中间楼层两居室必看好房,610万,99187元/平,中楼层 (共6层) | 1985年 | 2室1厅 | 61.5平米 | 东 西,https://ke-image.ljcdn.com/110000-inspection/pc1_BFkD5uYJf_1.jpg!m_fill,w_280,h_210,f_jpg?from=ke.com
20240126,海淀,双榆树,101122522253,【区域聚焦房】双榆树北里 南北通透 满五年唯一必看好房,619万,111935元/平,低楼层 (共6层) 2室1厅 | 55.3平米 | 南 北,https://ke-image.ljcdn.com/110000-inspection/pc1_tTioqPHt0_1.jpg!m_fill,w_280,h_210,f_jpg?from=ke.com
20240126,海淀,双榆树,101122452323,知春里小区 南向一居室 靠谱出售 有电梯 中间楼层必看好房,540万,104047元/平,中楼层 (共18层) 1室1厅 | 51.9平米 | 东 南,https://ke-image.ljcdn.com/110000-inspection/a94381b0-e9e3-4d9b-b4b7-1cca9cbc9196_1000.jpg!m_fill,w_280,h_210,f_jpg?from=ke.com
20240126,海淀,双榆树,101122764489,双榆树南北两居室自住装修好新上,536万,108723元/平,底层 (共6层) | 1981年 | 2室1厅 | 49.3平米 | 南 北,https://ke-image.ljcdn.com/110000-inspection/pc1_LuszmN3jg_1.jpg!m_fill,w_280,h_210,f_jpg?from=ke.com
20240126,海淀,双榆树,101122530495,双榆树东里中间层三居室 南北通透,680万,109501元/平,中楼层 (共6层) | 1981年 | 3室1厅 | 62.1平米 | 南 北,https://ke-image.ljcdn.com/110000-inspection/pc1_L3fwCILhm_1.jpg!m_fill,w_280,h_210,f_jpg?from=ke.com
20240126,海淀,双榆树,101122517062,中关村东路小区  精装修一居室,520万,105030元/平,高楼层 (共6层) 1室1厅 | 49.51平米 | 南,https://ke-image.ljcdn.com/110000-inspection/5cfa739b-8bc2-4d58-842b-da8dc66f3d7f_1000.jpg!m_fill,w_280,h_210,f_jpg?from=ke.com
20240126,海淀,双榆树,101122441431,人民大学站 双榆树东里 满五唯一 优质两居 诚意出售,505万,93346元/平,顶层 (共6层) | 1983年 | 2室1厅 | 54.1平米 | 南 北,https://ke-image.ljcdn.com/110000-inspection/pc1_xa8sSh62D_1.jpg!m_fill,w_280,h_210,f_jpg?from=ke.com
20240126,海淀,双榆树,101122336602,双榆树 优质房源 诚意出售 价格能谈,525万,98685元/平,顶层 (共6层) | 1982年 | 2室1厅 | 53.2平米 | 南,https://ke-image.ljcdn.com/110000-inspection/ebba97ee-a2cf-4a5e-b21c-19782efc9947_1000.jpg!m_fill,w_280,h_210,f_jpg?from=ke.com
20240126,海淀,双榆树,101122310042,青云北区全明户型南北两居室室内净层高2.85米,638万,101270元/平,低楼层 (共6层) | 1984年 | 2室1厅 | 63平米 | 北 南,https://ke-image.ljcdn.com/110000-inspection/prod-38ac0c50-71b9-4dae-af94-77717b31951f.png!m_fill,w_280,h_210,f_jpg?from=ke.com
20240126,海淀,双榆树,101122223084,双榆树东里 精装修 全南向 一居室 看房随时必看好房,435万,98864元/平,低楼层 (共16层) | 1980年 | 1室1厅 | 44平米 | 南,https://ke-image.ljcdn.com/110000-inspection/81fef4fe-c7f5-4561-b889-b4bc786421f5_1000.jpg!m_fill,w_280,h_210,f_jpg?from=ke.com
20240126,海淀,双榆树,101122126958,青云北区 1990年楼龄 板楼中间层 小区中间位置,470万,102576元/平,低楼层 (共6层) 1室1厅 | 45.82平米 | 南 北,https://ke-image.ljcdn.com/110000-inspection/pc1_2oG0w37xk_1.jpg!m_fill,w_280,h_210,f_jpg?from=ke.com
20240126,海淀,双榆树,101122123734,满五年装修好户型方正停车方便管理好交通便利,449万,124723元/平,底层 (共6层) | 1981年 | 1室1厅 | 36平米 | 南,https://ke-image.ljcdn.com/110000-inspection/pc1_RgZIQUMD6_1.jpg!m_fill,w_280,h_210,f_jpg?from=ke.com
20240126,海淀,双榆树,101122095398,双榆树东里南向带电梯大客厅采光好必看好房,598万,94322元/平,低楼层 (共16层) | 1999年 | 2室1厅 | 63.4平米 | 南,https://ke-image.ljcdn.com/110000-inspection/e1e203d3-d964-4d05-9d62-99d7176f3aac_1000.jpg!m_fill,w_280,h_210,f_jpg?from=ke.com
20240126,海淀,双榆树,101122030251,知春里东南向3居室满五年唯一央产房诚意出售价格可谈必看好房,896万,105042元/平,低楼层 (共18层) 3室1厅 | 85.3平米 | 东南 西北,https://ke-image.ljcdn.com/110000-inspection/pc1_ejiYrTRen_1.jpg!m_fill,w_280,h_210,f_jpg?from=ke.com
20240126,海淀,双榆树,101121997824,知春路82号院板楼四居已经加装完电梯必看好房,1100万,121952元/平,中楼层 (共5层) 4室1厅 | 90.2平米 | 南 北,https://ke-image.ljcdn.com/110000-inspection/pc1_tEWwELNor_1.jpg!m_fill,w_280,h_210,f_jpg?from=ke.com
20240126,海淀,双榆树,101121993055,双榆树北里 有电梯  有物业管理好必看好房,545万,99489元/平,中楼层 (共16层) 2室1厅 | 54.78平米 | 东北,https://ke-image.ljcdn.com/110000-inspection/pc1_5BQs5YSCJ_1.jpg!m_fill,w_280,h_210,f_jpg?from=ke.com
20240126,海淀,双榆树,101121940392,双榆树东里 楼龄新1996年 有电梯 满五唯一央产房必看好房,560万,88189元/平,中楼层 (共12层) 2室1厅 | 63.5平米 | 东,https://ke-image.ljcdn.com/110000-inspection/8b5e8cda-7c3f-4961-ba55-ead4c9de5fb5_1000.jpg!m_fill,w_280,h_210,f_jpg?from=ke.com
20240126,海淀,双榆树,101121901750,知春里 西南北向3居室高层带电梯业主诚售,960万,113516元/平,高楼层 (共18层) | 1999年 | 3室1厅 | 84.57平米 | 南 西 北,https://ke-image.ljcdn.com/110000-inspection/pc1_AxdKQAS1z_1.jpg!m_fill,w_280,h_210,f_jpg?from=ke.com
20240126,海淀,双榆树,101121718069,满五年唯一央产 视野开阔 没有遮挡,620万,101308元/平,顶层 (共6层) | 1984年 | 2室1厅 | 61.2平米 | 南 北,https://ke-image.ljcdn.com/110000-inspection/pc1_QNkfxNBo4_1.jpg!m_fill,w_280,h_210,f_jpg?from=ke.com
20240126,海淀,双榆树,101121667378,双榆树东里 带电梯 两居 采光好 视野好 诚意出售,520万,94033元/平,低楼层 (共16层) | 1980年 | 2室1厅 | 55.3平米 | 东 北,https://ke-image.ljcdn.com/110000-inspection/pc1_wcgRsJP4w_1.jpg!m_fill,w_280,h_210,f_jpg?from=ke.com
20240126,海淀,双榆树,101121606980,户型方正低楼层南北通透前后不临街满五唯一,850万,123727元/平,低楼层 (共6层) | 1983年 | 3室1厅 | 68.7平米 | 南 北,https://ke-image.ljcdn.com/110000-inspection/136dbe9f-a343-46a0-a8bc-72a95037cf9b_1000.jpg!m_fill,w_280,h_210,f_jpg?from=ke.com
20240126,海淀,双榆树,101121419665,中关村 双榆树 边户明厅 南北通透 双阳台诚心出售,590万,96296元/平,顶层 (共6层) 2室1厅 | 61.27平米 | 南 西 北,https://ke-image.ljcdn.com/110000-inspection/pc1_KcpZC5ww6_1.jpg!m_fill,w_280,h_210,f_jpg?from=ke.com
20240126,海淀,双榆树,101121286721,知春东里 南北通透两居室 诚意出售 看房方便 精装修房主自荐,689万,118999元/平,低楼层 (共6层) | 1988年 | 2室1厅 | 57.9平米 | 南 北,https://ke-image.ljcdn.com/110000-inspection/pc1_sdL6Z6osT_1.jpg!m_fill,w_280,h_210,f_jpg?from=ke.com
20240126,海淀,双榆树,101121231209,都市网景高楼层带电梯三居室采光好视野佳诚意出售！必看好房,1270万,89766元/平,高楼层 (共24层) | 2000年 | 3室1厅 | 141.48平米 | 南 西 北,https://ke-image.ljcdn.com/110000-inspection/pc1_XsaeSpEqs_1.jpg!m_fill,w_280,h_210,f_jpg?from=ke.com
20240126,海淀,双榆树,101121222141,中关村知春里小区 南北全明三居 诚意出售 不临街,886万,121039元/平,底层 (共6层) 3室1厅 | 73.2平米 | 南 北,https://ke-image.ljcdn.com/110000-inspection/pc1_f0SDr3sGw_1.jpg!m_fill,w_280,h_210,f_jpg?from=ke.com
20240126,海淀,双榆树,101121214374,南北通透  楼龄新  央产房   视野好,659万,111318元/平,中楼层 (共6层) 2室1厅 | 59.2平米 | 南 北,https://ke-image.ljcdn.com/110000-inspection/pc1_TYAmdccds_1.jpg!m_fill,w_280,h_210,f_jpg?from=ke.com
20240126,海淀,双榆树,101120998791,中关村东路 南北通透两居室 精装修拎包入住必看好房,588万,102261元/平,高楼层 (共6层) | 1985年 | 2室1厅 | 57.5平米 | 南 北,https://ke-image.ljcdn.com/110000-inspection/pc1_WCYCEdldD_1.jpg!m_fill,w_280,h_210,f_jpg?from=ke.com
20240126,海淀,双榆树,101120978522,板楼三层 南北通透 视野开阔 采光好！必看好房,565万,114489元/平,中楼层 (共6层) 2室1厅 | 49.35平米 | 南 北,https://ke-image.ljcdn.com/110000-inspection/pc1_irYE2VLMl_1.jpg!m_fill,w_280,h_210,f_jpg?from=ke.com
20240126,海淀,双榆树,101120976227,榆苑公寓 单位分房 高层东南向 拎包入住必看好房,1298万,101804元/平,高楼层 (共10层) | 1997年 | 3室1厅 | 127.5平米 | 东南,https://ke-image.ljcdn.com/110000-inspection/pc1_B2nyqU0dl_1.jpg!m_fill,w_280,h_210,f_jpg?from=ke.com
20240126,海淀,双榆树,101120973497,南向精装修中间楼层采光好随时可签约必看好房,529万,100571元/平,中楼层 (共6层) | 1981年 | 2室1厅 | 52.6平米 | 南,https://ke-image.ljcdn.com/110000-inspection/7925f156-be6a-4db3-a0ed-94fc4c96076a_1000.jpg!m_fill,w_280,h_210,f_jpg?from=ke.com
20240126,海淀,双榆树,101120777719,双榆树东里优质精装一居室 电梯直达 诚意出售必看好房,470万,107552元/平,中楼层 (共16层) | 1987年 | 1室1厅 | 43.7平米 | 南,https://ke-image.ljcdn.com/110000-inspection/pc1_f6G3jGEAv_1.jpg!m_fill,w_280,h_210,f_jpg?from=ke.com
20240126,海淀,双榆树,101120728256,知春里   南北通透2居室  业主诚心出售必看好房,620万,108014元/平,中楼层 (共6层) | 1991年 | 2室1厅 | 57.4平米 | 南 北,https://ke-image.ljcdn.com/110000-inspection/08861dd6-2ef5-44ca-a859-8ee193313264_1000.jpg!m_fill,w_280,h_210,f_jpg?from=ke.com
20240126,海淀,双榆树,101120661816,中间楼层两居室 精装修拎包入住 满五年唯一必看好房,550万,108268元/平,中楼层 (共5层) | 1980年 | 2室1厅 | 50.8平米 | 南,https://ke-image.ljcdn.com/110000-inspection/pc1_wWHk7cm5Y_1.jpg!m_fill,w_280,h_210,f_jpg?from=ke.com
20240126,海淀,双榆树,101120646707,满五年唯一 南北通透两居室 中间楼层必看好房,555万,100362元/平,中楼层 (共6层) 2室1厅 | 55.3平米 | 南 北,https://ke-image.ljcdn.com/110000-inspection/pc1_YAfojf4bb_1.jpg!m_fill,w_280,h_210,f_jpg?from=ke.com
20240126,海淀,双榆树,101120592791,双榆树北里 中间层南北通透 明厨明卫带客厅 诚心卖必看好房,650万,104755元/平,高楼层 (共6层) 2室1厅 | 62.05平米 | 南 北,https://ke-image.ljcdn.com/110000-inspection/pc1_lR5duTwEC_1.jpg!m_fill,w_280,h_210,f_jpg?from=ke.com
20240126,海淀,双榆树,101120579321,双榆树东里一室一厅南北通透明厨明卫电梯直达,438万,91194元/平,中楼层 (共12层) | 1990年 | 1室1厅 | 48.03平米 | 南 北,https://ke-image.ljcdn.com/110000-inspection/24ad963d-7999-4a21-a638-4c7334537eed_1000.jpg!m_fill,w_280,h_210,f_jpg?from=ke.com
20240126,海淀,双榆树,101120522045,双榆树东里低楼层三居室 格局方正 看房方便,680万,116639元/平,底层 (共6层) 3室1厅 | 58.3平米 | 东 南 北,https://ke-image.ljcdn.com/110000-inspection/249d6d13-8502-44a4-9ed7-2bcf74b2f4ad_1000.jpg!m_fill,w_280,h_210,f_jpg?from=ke.com
20240126,海淀,双榆树,101120270094,知春里精装修一居室业主急售出价能谈满五年唯一房主自荐,478万,118611元/平,顶层 (共6层) | 1985年 | 1室1厅 | 40.3平米 | 南,https://ke-image.ljcdn.com/110000-inspection/pc1_E72sfd0M7_1.jpg!m_fill,w_280,h_210,f_jpg?from=ke.com
20240126,海淀,双榆树,101119991928,知春里    中关村    田字格三居室必看好房,860万,117487元/平,高楼层 (共6层) | 1985年 | 3室1厅 | 73.2平米 | 南 北,https://ke-image.ljcdn.com/110000-inspection/ffabb393-9ae9-4067-94df-ffe67ed936bd_1000.jpg!m_fill,w_280,h_210,f_jpg?from=ke.com
20240126,海淀,双榆树,101119930022,双榆树北路 朝南一居室精装修业主诚心出售！必看好房,480万,113476元/平,高楼层 (共6层) | 1988年 | 1室1厅 | 42.3平米 | 南,https://ke-image.ljcdn.com/110000-inspection/59a1a056-afe1-4ef0-a6c3-cbc6f6c7d30f_1000.jpg!m_fill,w_280,h_210,f_jpg?from=ke.com
20240126,海淀,双榆树,101119480710,中关村东路111号院 满五唯一商品房 楼龄新2002年,1100万,97804元/平,顶层 (共8层) 3室1厅 | 112.47平米 | 东 南 北,https://ke-image.ljcdn.com/110000-inspection/pc1_EVe0qHobM_1.jpg!m_fill,w_280,h_210,f_jpg?from=ke.com
20240126,海淀,双榆树,101118690103,中关村双榆树 板楼三层 南北全明三居 单位分房 靠谱卖,880万,121884元/平,中楼层 (共6层) | 1995年 | 3室1厅 | 72.2平米 | 东 南 北,https://ke-image.ljcdn.com/110000-inspection/d6742841-fa58-49dc-ae7f-5ba063c5fa2b_1000.jpg!m_fill,w_280,h_210,f_jpg?from=ke.com
20240126,海淀,双榆树,101118689345,黄庄南知春里小区精装两居诚意出售购房成本低,730万,98516元/平,低楼层 (共18层) 2室1厅 | 74.1平米 | 西南,https://ke-image.ljcdn.com/110000-inspection/pc1_Mji4yZvB2_1.jpg!m_fill,w_280,h_210,f_jpg?from=ke.com
20240126,海淀,双榆树,101118174379,商品房社区有电梯两居室小区中间位置安静不临街,938万,97253元/平,低楼层 (共24层) | 2000年 | 2室1厅 | 96.45平米 | 西南,https://ke-image.ljcdn.com/110000-inspection/pc1_FpoHB6a5i_1.jpg!m_fill,w_280,h_210,f_jpg?from=ke.com
20240126,海淀,双榆树,101117882209,双榆树小区东里  有电梯 两居有客厅,599万,94480元/平,顶层 (共16层) | 1990年 | 2室1厅 | 63.4平米 | 东南,https://ke-image.ljcdn.com/110000-inspection/pc1_mUK4qkpjm_1.jpg!m_fill,w_280,h_210,f_jpg?from=ke.com
20240126,海淀,双榆树,101117597912,双榆树北里满五唯一南北户型看房方便,780万,125604元/平,高楼层 (共6层) 3室1厅 | 62.1平米 | 东 南 北,https://ke-image.ljcdn.com/110000-inspection/dc7b8fc0-79eb-4c6e-8dd6-d2d9bdd56727_1000.jpg!m_fill,w_280,h_210,f_jpg?from=ke.com
20240126,海淀,双榆树,101116624449,户型好方便停车产权清晰精装修,758万,120127元/平,底层 (共6层) | 1981年 | 3室1厅 | 63.1平米 | 南 北,https://ke-image.ljcdn.com/110000-inspection/8218a2df-35e0-426c-9721-3919e2028029_1000.jpg!m_fill,w_280,h_210,f_jpg?from=ke.com
20240126,海淀,双榆树,101122689560,双榆树西里 单位分房 有物业  精装修  视野好  带电梯必看好房,580万,101541元/平,中楼层 (共16层) 2室1厅 | 57.12平米 | 南,https://ke-image.ljcdn.com/110000-inspection/pc1_mbKANh9wh_1.jpg!m_fill,w_280,h_210,f_jpg?from=ke.com
20240126,海淀,双榆树,101122673313,南北通透阳光充足使用率高不临街无遮挡满五唯一必看好房,538万,94007元/平,高楼层 (共6层) | 1985年 | 2室1厅 | 57.23平米 | 南 北,https://ke-image.ljcdn.com/110000-inspection/pc1_D1DurXlns_1.jpg!m_fill,w_280,h_210,f_jpg?from=ke.com
20240126,海淀,双榆树,101122661895,满五年唯一 在3层 采光好 朝南向 精装修 停车方便房主自荐,535万,106109元/平,低楼层 (共18层) | 1989年 | 1室1厅 | 50.42平米 | 南,https://ke-image.ljcdn.com/110000-inspection/pc1_ndAusBLgU_1.jpg!m_fill,w_280,h_210,f_jpg?from=ke.com
20240126,海淀,双榆树,101122383922,双榆树东里小区   南向一居室  满五年唯一,410万,104326元/平,高楼层 (共6层) | 1982年 | 1室1厅 | 39.3平米 | 南,https://ke-image.ljcdn.com/110000-inspection/6d3d8646-554a-464b-983d-f0b063d66b26_1000.jpg!m_fill,w_280,h_210,f_jpg?from=ke.com
20240126,海淀,双榆树,101122343993,知春里 南北通透板楼 全明户型 次顶层必看好房,670万,113464元/平,高楼层 (共6层) 2室1厅 | 59.05平米 | 南 北,https://ke-image.ljcdn.com/110000-inspection/5aea6b5c-93ec-4707-8063-3483456a2505_1000.jpg!m_fill,w_280,h_210,f_jpg?from=ke.com
20240126,海淀,双榆树,101122331626,满庭芳园 户型方正三居室 满五年的央产房 1999年社区,1410万,106247元/平,中楼层 (共24层) 3室1厅 | 132.71平米 | 东南,https://ke-image.ljcdn.com/110000-inspection/pc1_tCq3WOQ10_1.jpg!m_fill,w_280,h_210,f_jpg?from=ke.com
20240126,海淀,双榆树,101122218321,满庭芳园 带电梯 三居 业主诚意出售 看房提前联系必看好房,1050万,81308元/平,中楼层 (共24层) 3室1厅 | 129.14平米 | 东北,https://ke-image.ljcdn.com/110000-inspection/pc1_707R6uOZi_1.jpg!m_fill,w_280,h_210,f_jpg?from=ke.com
20240126,海淀,双榆树,101122134314,海淀黄庄 豪景嘉苑 新上东南向三居室中间楼层靠谱出售,1365万,106800元/平,中楼层 (共19层) | 1999年 | 3室1厅 | 127.81平米 | 东南,https://ke-image.ljcdn.com/110000-inspection/pc1_3LhXKaQ56_1.jpg!m_fill,w_280,h_210,f_jpg?from=ke.com
20240126,海淀,双榆树,101121961839,人大地铁站旁双榆树西里中间层西南向两居室必看好房,619万,102824元/平,中楼层 (共16层) 2室1厅 | 60.2平米 | 西南,https://ke-image.ljcdn.com/110000-inspection/pc1_0OzsMXatL_1.jpg!m_fill,w_280,h_210,f_jpg?from=ke.com
20240126,海淀,双榆树,101121842478,双榆树东里带电梯  无遮挡  全南向,480万,110092元/平,中楼层 (共16层) | 1987年 | 1室1厅 | 43.6平米 | 南,https://ke-image.ljcdn.com/110000-inspection/e1399bee-844a-46f8-b58f-b84165818b61_1000.jpg!m_fill,w_280,h_210,f_jpg?from=ke.com
20240126,海淀,双榆树,101121672604,房子是单位分房 可多贷款高楼层视野光线好楼龄新,899万,102861元/平,高楼层 (共24层) | 2000年 | 2室1厅 | 87.4平米 | 东南,https://ke-image.ljcdn.com/110000-inspection/pc1_uIpO7Qr9n_1.jpg!m_fill,w_280,h_210,f_jpg?from=ke.com
20240126,海淀,双榆树,101121374776,满庭芳园 东南向大两居 北三环 交通便利 配套齐全,886万,91862元/平,低楼层 (共24层) | 1999年 | 2室1厅 | 96.45平米 | 东南,https://ke-image.ljcdn.com/110000-inspection/pc1_GeODKoU81_1.jpg!m_fill,w_280,h_210,f_jpg?from=ke.com
20240126,海淀,双榆树,101118554622,满五年单位分房 单独管理 视野开阔 没有遮挡必看好房,629万,102611元/平,底层 (共6层) | 1985年 | 2室1厅 | 61.3平米 | 南 北,https://ke-image.ljcdn.com/110000-inspection/pc1_A6SVBLKEO_1.jpg!m_fill,w_280,h_210,f_jpg?from=ke.com
20240126,海淀,双榆树,101122709427,双榆树东里 满五年的央产房 户型方正 采光无遮挡新上,548万,90910元/平,低楼层 (共12层) 2室1厅 | 60.28平米 | 南 北,https://s1.ljcdn.com/pegasus/redskull/images/common/default_house_list.png?_v=202401081627157
20240126,海淀,双榆树,101121325919,只能全款南向光线好户型好价格可以聊,460万,45922元/平,低楼层 (共24层) 2室1厅 | 100.17平米 | 南,https://s1.ljcdn.com/pegasus/redskull/images/common/default_house_list.png?_v=202401081627157
20240126,海淀,双榆树,101122684081,双榆树北路全明南北通透大两居满五唯一采光好房主自荐,1150万,115196元/平,高楼层 (共6层) 2室1厅 | 99.83平米 | 南 北,https://ke-image.ljcdn.com/110000-inspection/pc1_yGtwP6RNv_1.jpg!m_fill,w_280,h_210,f_jpg?from=ke.com
20240126,海淀,双榆树,101122652239,满五年唯一  板楼3层 中间位置  海淀黄庄  停车方便,850万,122656元/平,中楼层 (共6层) | 1981年 | 3室1厅 | 69.3平米 | 南 北,https://ke-image.ljcdn.com/110000-inspection/pc1_C2duYcIc9_1.jpg!m_fill,w_280,h_210,f_jpg?from=ke.com
20240126,海淀,双榆树,101122621442,榆苑公寓 南北通透3居室业主诚售看房提前联系,1060万,90754元/平,中楼层 (共10层) | 1997年 | 3室2厅 | 116.8平米 | 南 北,https://ke-image.ljcdn.com/110000-inspection/pc1_pOi3bfSTc_1.jpg!m_fill,w_280,h_210,f_jpg?from=ke.com
20240126,海淀,双榆树,101122610375,双榆树东里楼龄1996年带客厅业主自住精装修,898万,122344元/平,低楼层 (共13层) | 1996年 | 3室1厅 | 73.4平米 | 东南,https://ke-image.ljcdn.com/110000-inspection/pc1_S6HzzPZGz_1.jpg!m_fill,w_280,h_210,f_jpg?from=ke.com
20240126,海淀,双榆树,101122574450,【区域聚焦】双榆树北里不临街板楼中间层满五唯一,688万,124413元/平,中楼层 (共6层) | 1982年 | 2室1厅 | 55.3平米 | 南 北,https://ke-image.ljcdn.com/110000-inspection/pc1_wliae5eG7_1.jpg!m_fill,w_280,h_210,f_jpg?from=ke.com
20240126,海淀,双榆树,101122508640,知春里 南北通透 婚房精装修两居室业主诚意出售,620万,108014元/平,顶层 (共6层) | 1992年 | 2室1厅 | 57.4平米 | 北 南,https://ke-image.ljcdn.com/110000-inspection/9327c906-1d3a-43ab-bcfc-d43ed98fe581_1000.jpg!m_fill,w_280,h_210,f_jpg?from=ke.com
20240126,海淀,双榆树,101122500738,满五年唯一 楼龄新 小区中间位置 在3层 看房方便,615万,103886元/平,中楼层 (共6层) | 1990年 | 2室1厅 | 59.2平米 | 南 北,https://ke-image.ljcdn.com/110000-inspection/16d01461-619b-4ad0-bcc9-3da654e597b2_1000.jpg!m_fill,w_280,h_210,f_jpg?from=ke.com
20240126,海淀,双榆树,101122488105,航天部央产房电梯直达采光足视野好。,760万,123377元/平,低楼层 (共18层) | 1988年 | 2室1厅 | 61.6平米 | 南,https://ke-image.ljcdn.com/110000-inspection/670bf491-650a-4c15-8ae5-59abb08d93d4_1000.jpg!m_fill,w_280,h_210,f_jpg?from=ke.com
20240126,海淀,双榆树,101122487299,南北正通双阳台 精装修 带客厅 小区中间位置 不临街,780万,113538元/平,顶层 (共5层) | 1985年 | 2室1厅 | 68.7平米 | 南 北,https://ke-image.ljcdn.com/110000-inspection/pc1_kLUFw0owb_1.jpg!m_fill,w_280,h_210,f_jpg?from=ke.com
20240126,海淀,双榆树,101122443237,南北通透户型方正采光好大客厅高网签精装修2居室,680万,114865元/平,高楼层 (共6层) | 1990年 | 2室1厅 | 59.2平米 | 南 北,https://ke-image.ljcdn.com/110000-inspection/0edb5b3f-ffe5-4cd5-905e-ebe27aed4fc7_1000.jpg!m_fill,w_280,h_210,f_jpg?from=ke.com
20240126,海淀,双榆树,101122441258,知春里西南向2居室精装修满五年唯一商品房诚意出售,730万,118507元/平,低楼层 (共18层) | 1988年 | 2室1厅 | 61.6平米 | 西南,https://ke-image.ljcdn.com/110000-inspection/pc1_6CdEPaXJa_1.jpg!m_fill,w_280,h_210,f_jpg?from=ke.com
20240126,海淀,双榆树,101122418842,双榆树知春东里新上南北通透一居室,660万,151725元/平,低楼层 (共6层) | 1988年 | 1室1厅 | 43.5平米 | 南 北,https://ke-image.ljcdn.com/110000-inspection/e067cc2d-68b0-415b-b5da-199d8bf2a0cf_1000.jpg!m_fill,w_280,h_210,f_jpg?from=ke.com
20240126,海淀,双榆树,101122397390,双榆树东里 双南向两居 格局好,518万,103808元/平,底层 (共6层) | 1981年 | 2室1厅 | 49.9平米 | 南,https://ke-image.ljcdn.com/110000-inspection/79d6c42e-dfcd-4c0a-ad60-7d6dd19fd864_1000.jpg!m_fill,w_280,h_210,f_jpg?from=ke.com
20240126,海淀,双榆树,101122386853,知春路82号院中间层三居正对小区园林位置安静采光好房主自荐,1230万,155697元/平,中楼层 (共18层) | 1997年 | 3室1厅 | 79平米 | 南 东,https://ke-image.ljcdn.com/110000-inspection/pc1_OhdFTOv5I_1.jpg!m_fill,w_280,h_210,f_jpg?from=ke.com
20240126,海淀,双榆树,101122380678,知春东里 正规南北通透客厅有窗精装修业主诚售,597万,137242元/平,中楼层 (共6层) | 1988年 | 1室1厅 | 43.5平米 | 南 西 北,https://ke-image.ljcdn.com/110000-inspection/4dcb60f9-58c4-4fb1-95e2-f1c346c44de5_1000.jpg!m_fill,w_280,h_210,f_jpg?from=ke.com
20240126,海淀,双榆树,101122373369,知春路82号院全南大三居中间楼层满五年唯一,2280万,148399元/平,中楼层 (共20层) 3室1厅 | 153.64平米 | 南,https://ke-image.ljcdn.com/110000-inspection/pc1_88JkwwU6R_1.jpg!m_fill,w_280,h_210,f_jpg?from=ke.com
20240126,海淀,双榆树,101122355932,双榆树北路6号院 全南全明一居 无任何遮挡 随时签约,470万,109303元/平,顶层 (共6层) | 1993年 | 1室1厅 | 43平米 | 南,https://ke-image.ljcdn.com/110000-inspection/pc1_ZPfUmBqCA_1.jpg!m_fill,w_280,h_210,f_jpg?from=ke.com
20240126,海淀,双榆树,101122348462,豪景佳苑 精装修三居室 中间楼层小区车位充足,1190万,104957元/平,中楼层 (共23层) 3室2厅 | 113.38平米 | 南 北,https://ke-image.ljcdn.com/110000-inspection/88ee5dc8-dd2f-493b-a7f1-d6b0248f4c3b_1000.jpg!m_fill,w_280,h_210,f_jpg?from=ke.com
20240126,海淀,双榆树,101122323583,知春里 1室1厅 东南,549万,105781元/平,中楼层 (共18层) | 1988年 | 1室1厅 | 51.9平米 | 东南,https://ke-image.ljcdn.com/110000-inspection/7ecde5d5-4e69-4852-b905-27d7580d0751_1000.jpg!m_fill,w_280,h_210,f_jpg?from=ke.com
20240126,海淀,双榆树,101122319596,知春里西南北三居高楼层视野开阔诚意出售,975万,114303元/平,高楼层 (共18层) | 1988年 | 3室1厅 | 85.3平米 | 南 北,https://ke-image.ljcdn.com/110000-inspection/pc1_pLEGRgJ97_1.jpg!m_fill,w_280,h_210,f_jpg?from=ke.com
20240126,海淀,双榆树,101122318218,双榆树 板楼3层 有客厅 南北通透三居室,746万,107960元/平,中楼层 (共6层) 3室1厅 | 69.1平米 | 南 北,https://ke-image.ljcdn.com/110000-inspection/pc1_dHgfMNpvl_1.jpg!m_fill,w_280,h_210,f_jpg?from=ke.com
20240126,海淀,双榆树,101122317123,双榆树北里两南一北三居室户型方正,830万,117564元/平,低楼层 (共6层) | 1982年 | 3室1厅 | 70.6平米 | 南 北,https://ke-image.ljcdn.com/110000-inspection/0a6d0e0a-4952-4738-aa8f-0dbb8d69a369_1000.jpg!m_fill,w_280,h_210,f_jpg?from=ke.com
20240126,海淀,双榆树,101122303978,双榆树东里 4室2厅 东 南 北,1750万,109891元/平,中楼层 (共20层) | 2003年 | 4室2厅 | 159.25平米 | 东 南 北,https://ke-image.ljcdn.com/110000-inspection/pc1_SflxIXxIP_1.jpg!m_fill,w_280,h_210,f_jpg?from=ke.com
20240126,海淀,双榆树,101122282315,都市网景两居室户型方正利用率高采光视野好,1150万,106148元/平,低楼层 (共24层) | 2000年 | 2室1厅 | 108.34平米 | 西,https://ke-image.ljcdn.com/110000-inspection/e7cc81c3-5483-414d-935d-ab71e7cbd600_1000.jpg!m_fill,w_280,h_210,f_jpg?from=ke.com
20240126,海淀,双榆树,101122202335,知春东里    大四居室      业主诚心出售,1445万,141667元/平,顶层 (共6层) | 1993年 | 4室1厅 | 102平米 | 南 北,https://ke-image.ljcdn.com/110000-inspection/pc1_L4LXEIyRb_1.jpg!m_fill,w_280,h_210,f_jpg?from=ke.com
20240126,海淀,双榆树,101122172311,双榆树 南北两居有客厅 满五年唯一 视野好 采光好,660万,122019元/平,高楼层 (共6层) | 1985年 | 2室1厅 | 54.09平米 | 南 北,https://ke-image.ljcdn.com/110000-inspection/pc1_Npio9NmAY_1.jpg!m_fill,w_280,h_210,f_jpg?from=ke.com
20240126,海淀,双榆树,101122152919,知春里小区 南向一居室 诚意出售,580万,111754元/平,中楼层 (共18层) | 1988年 | 1室1厅 | 51.9平米 | 东 南,https://ke-image.ljcdn.com/110000-inspection/pc1_xb4vHUy82_1.jpg!m_fill,w_280,h_210,f_jpg?from=ke.com
20240126,海淀,双榆树,101122101051,人大东门双榆树 板楼2层南北两居 满五唯一 不临街,700万,113822元/平,低楼层 (共6层) 2室1厅 | 61.5平米 | 南 北,https://ke-image.ljcdn.com/110000-inspection/pc1_nCYTtdLMb_1.jpg!m_fill,w_280,h_210,f_jpg?from=ke.com
20240126,海淀,双榆树,101122100729,知春里 3室1厅 东南,980万,129630元/平,中楼层 (共18层) 3室1厅 | 75.6平米 | 东南,https://ke-image.ljcdn.com/110000-inspection/pc1_l4L9Pn5yZ_1.jpg!m_fill,w_280,h_210,f_jpg?from=ke.com
20240126,海淀,双榆树,101122091923,知春里西区 不临街中间层板楼带电梯 南向精装修,510万,125001元/平,中楼层 (共6层) 1室1厅 | 40.8平米 | 南,https://ke-image.ljcdn.com/110000-inspection/pc1_5TZ3JKPYS_1.jpg!m_fill,w_280,h_210,f_jpg?from=ke.com
20240126,海淀,双榆树,101122074034,双榆树北里 1室1厅 南,490万,112386元/平,低楼层 (共16层) | 1986年 | 1室1厅 | 43.6平米 | 南,https://ke-image.ljcdn.com/110000-inspection/bda92eb7-8393-4175-9aee-5ef7ecc3c0d6_1000.jpg!m_fill,w_280,h_210,f_jpg?from=ke.com
20240126,海淀,双榆树,101121951551,满五年唯一的商品房1999年板楼非顶层停车方便,585万,101387元/平,高楼层 (共7层) | 1999年 | 2室1厅 | 57.7平米 | 南 北,https://ke-image.ljcdn.com/110000-inspection/7a5e37fa-e54c-4e4d-aacc-0efc50cf8118_1000.jpg!m_fill,w_280,h_210,f_jpg?from=ke.com
20240126,海淀,双榆树,101121932830,知春路82号院大三居高楼层全南向满五年唯一住房,2280万,148399元/平,高楼层 (共20层) 3室1厅 | 153.64平米 | 南 北,https://ke-image.ljcdn.com/110000-inspection/beb94e91-d150-4b24-ac07-8b264bb6af58_1000.jpg!m_fill,w_280,h_210,f_jpg?from=ke.com
20240126,海淀,双榆树,101121928538,双榆树东里三居室业主诚心出售房主自荐,636万,102416元/平,顶层 (共6层) | 1981年 | 3室1厅 | 62.1平米 | 南 西 北,https://ke-image.ljcdn.com/110000-inspection/pc1_ZpTIE32De_1.jpg!m_fill,w_280,h_210,f_jpg?from=ke.com
20240126,海淀,双榆树,101121909025,双榆树东里 双南大两居室 户型好 带电梯,650万,96297元/平,低楼层 (共16层) 2室1厅 | 67.5平米 | 南,https://ke-image.ljcdn.com/110000-inspection/pc1_9K6jz5O5U_1.jpg!m_fill,w_280,h_210,f_jpg?from=ke.com
20240126,海淀,双榆树,101121870651,青云北区南向一居室满五年唯一诚意出售价格可谈,500万,119847元/平,中楼层 (共6层) | 1985年 | 1室1厅 | 41.72平米 | 南,https://ke-image.ljcdn.com/110000-inspection/a23dc810-8910-4995-98db-efc014758447_1000.jpg!m_fill,w_280,h_210,f_jpg?from=ke.com
20240126,海淀,双榆树,101121867414,板楼南北通透两居室 小区中间位置 随时看房 随时签约,705万,121762元/平,中楼层 (共6层) | 1987年 | 2室1厅 | 57.9平米 | 南 北,https://ke-image.ljcdn.com/110000-inspection/pc1_FV4KEa8T8_1.jpg!m_fill,w_280,h_210,f_jpg?from=ke.com
20240126,海淀,双榆树,101121863797,新上双榆树东里 东北向三居 精装修 大客厅,760万,106592元/平,低楼层 (共16层) 3室1厅 | 71.3平米 | 西 东北,https://ke-image.ljcdn.com/110000-inspection/pc1_E3icIVgAa_1.jpg!m_fill,w_280,h_210,f_jpg?from=ke.com
20240126,海淀,双榆树,101121854984,双榆树北路6号院 2室1厅 南 北,605万,108423元/平,高楼层 (共6层) 2室1厅 | 55.8平米 | 南 北,https://ke-image.ljcdn.com/110000-inspection/pc1_ZARZF49uw_1.jpg!m_fill,w_280,h_210,f_jpg?from=ke.com
20240126,海淀,双榆树,101121668996,双榆树北里 有物业 东南向 采光好 距离地铁近,749万,126031元/平,中楼层 (共16层) 2室1厅 | 59.43平米 | 东 南,https://ke-image.ljcdn.com/110000-inspection/pc1_rdA82Y3bK_1.jpg!m_fill,w_280,h_210,f_jpg?from=ke.com
20240126,海淀,双榆树,101121660526,青云航空仪表公司北宿舍区第四管区,820万,103930元/平,顶层 (共6层) | 1984年 | 3室1厅 | 78.9平米 | 南 北,https://ke-image.ljcdn.com/110000-inspection/pc1_chl0iow1w_1.jpg!m_fill,w_280,h_210,f_jpg?from=ke.com
20240126,海淀,双榆树,101121645766,知春里 中间楼层三居室 把边户型 随时看房,750万,124793元/平,低楼层 (共6层) | 1987年 | 3室1厅 | 60.1平米 | 南 西 北,https://ke-image.ljcdn.com/110000-inspection/pc1_7WqBUYKUR_1.jpg!m_fill,w_280,h_210,f_jpg?from=ke.com
20240126,海淀,双榆树,101121633245,双榆树东里小区不临街精装修大三居,1430万,105078元/平,高楼层 (共20层) 3室1厅 | 136.09平米 | 西 北,https://ke-image.ljcdn.com/110000-inspection/f193448d-d07d-4409-90e5-f1757e6ea5df_1000.jpg!m_fill,w_280,h_210,f_jpg?from=ke.com
20240126,海淀,双榆树,101121632867,双榆树北路精装修一居室诚意出售,460万,108748元/平,高楼层 (共6层) | 1985年 | 1室1厅 | 42.3平米 | 南 北,https://ke-image.ljcdn.com/110000-inspection/pc1_PgcIfP9z4_1.jpg!m_fill,w_280,h_210,f_jpg?from=ke.com
20240126,海淀,双榆树,101121621056,农科院家属院  96年楼龄 高楼层 视野采光好 满五唯一,570万,89764元/平,顶层 (共12层) 2室1厅 | 63.5平米 | 东 西,https://ke-image.ljcdn.com/110000-inspection/pc1_J4B9RnGrz_1.jpg!m_fill,w_280,h_210,f_jpg?from=ke.com
20240126,海淀,双榆树,101121597668,满五年唯一商品房户型方正无遮挡,435万,110970元/平,顶层 (共6层) 1室1厅 | 39.2平米 | 南,https://ke-image.ljcdn.com/110000-inspection/pc1_6ObkU8MpA.jpg!m_fill,w_280,h_210,f_jpg?from=ke.com
20240126,海淀,双榆树,101121581761,双榆树北路 通透两居 诚意出售 随时签约,590万,101725元/平,高楼层 (共6层) | 1981年 | 2室1厅 | 58平米 | 南 北,https://ke-image.ljcdn.com/110000-inspection/pc1_UUAEw4ysy_1.jpg!m_fill,w_280,h_210,f_jpg?from=ke.com
20240126,海淀,双榆树,101121573914,知春东里 电梯房 南北通透三居  带明厅 满五唯一,986万,129908元/平,中楼层 (共6层) 3室1厅 | 75.9平米 | 南 北,https://ke-image.ljcdn.com/110000-inspection/0da42c10-0447-4881-9c24-a3a93a246165_1000.jpg!m_fill,w_280,h_210,f_jpg?from=ke.com
20240126,海淀,双榆树,101121529823,知春东里 区政府家属院 南北通透三居 环境好 靠谱卖,1020万,135639元/平,低楼层 (共6层) | 1988年 | 3室1厅 | 75.2平米 | 北 南 西,https://ke-image.ljcdn.com/110000-inspection/pc1_Cn2HalC1O_1.jpg!m_fill,w_280,h_210,f_jpg?from=ke.com
20240126,海淀,双榆树,101121528570,知春里 2室1厅 南,599万,112807元/平,高楼层 (共6层) | 1984年 | 2室1厅 | 53.1平米 | 南,https://ke-image.ljcdn.com/110000-inspection/pc1_JQbIuprn4_1.jpg!m_fill,w_280,h_210,f_jpg?from=ke.com
20240126,海淀,双榆树,101121507662,知春东里 两居室 南北通透 双阳台 满五唯一 精装修,725万,123721元/平,中楼层 (共6层) 2室1厅 | 58.6平米 | 南 北,https://ke-image.ljcdn.com/110000-inspection/pc1_9vp3Z43Xu_1.jpg!m_fill,w_280,h_210,f_jpg?from=ke.com
20240126,海淀,双榆树,101121495285,知春东里 南向 精装修 一居室房主自荐,510万,119719元/平,顶层 (共6层) | 1987年 | 1室1厅 | 42.6平米 | 南,https://ke-image.ljcdn.com/110000-inspection/ff0489e5-2970-4e36-a246-fbc93face1aa_1000.jpg!m_fill,w_280,h_210,f_jpg?from=ke.com
20240126,海淀,双榆树,101121474578,2002年南北通透有飘窗满五年唯一福利房有电梯,1090万,118247元/平,中楼层 (共8层) 3室1厅 | 92.18平米 | 南 北,https://ke-image.ljcdn.com/110000-inspection/5befbf65-c3af-4267-b13d-d86bc2d2c70d_1000.jpg!m_fill,w_280,h_210,f_jpg?from=ke.com
20240126,海淀,双榆树,101121449084,双榆树北路南北向 一居室 中间层 采光视野好 诚意出售,468万,110639元/平,中楼层 (共6层) 1室1厅 | 42.3平米 | 南,https://ke-image.ljcdn.com/110000-inspection/388d4484-86f9-477e-82c4-7391da812c3c_1000.jpg!m_fill,w_280,h_210,f_jpg?from=ke.com
20240126,海淀,双榆树,101121446999,双榆树东里 精装修南北两居室 诚心出售 随时签约,528万,96527元/平,高楼层 (共6层) | 1981年 | 2室1厅 | 54.7平米 | 南 北,https://ke-image.ljcdn.com/110000-inspection/pc1_RTGXQBfoY_1.jpg!m_fill,w_280,h_210,f_jpg?from=ke.com
20240126,海淀,双榆树,101121407844,知春里小区  新上单位分房  婚房装修  视野好,998万,116999元/平,中楼层 (共18层) 3室1厅 | 85.3平米 | 南 北,https://ke-image.ljcdn.com/110000-inspection/pc1_WOk6AlxM3_1.jpg!m_fill,w_280,h_210,f_jpg?from=ke.com
20240126,海淀,双榆树,101121358614,小区环境好管理好楼层好诚意出售,699万,122203元/平,中楼层 (共16层) 2室1厅 | 57.2平米 | 南,https://ke-image.ljcdn.com/110000-inspection/pc1_nGWkhS6Ym_1.jpg!m_fill,w_280,h_210,f_jpg?from=ke.com
20240126,海淀,双榆树,101121344704,双榆树北路大三居三卧室朝南 满五年唯一住房,1245万,108261元/平,顶层 (共6层) 3室1厅 | 115平米 | 南 北,https://ke-image.ljcdn.com/110000-inspection/pc1_32Qp1DyJz_1.jpg!m_fill,w_280,h_210,f_jpg?from=ke.com
20240126,海淀,双榆树,101121304206,双榆树西里两居视野开阔采光充足近地铁大阳台,780万,131115元/平,中楼层 (共16层) 2室1厅 | 59.49平米 | 西南,https://ke-image.ljcdn.com/110000-inspection/pc1_6ujwTbtyP_1.jpg!m_fill,w_280,h_210,f_jpg?from=ke.com
20240126,海淀,双榆树,101121260378,双榆树东里 板楼中间层 精装修 业主诚意卖 看房方便,598万,109324元/平,中楼层 (共6层) | 1982年 | 2室1厅 | 54.7平米 | 南 北,https://ke-image.ljcdn.com/110000-inspection/pc1_vyjQ8jxRB_1.jpg!m_fill,w_280,h_210,f_jpg?from=ke.com
20240126,海淀,双榆树,101121241988,双榆树知春里南向三居地铁沿线房,950万,129959元/平,底层 (共18层) 3室1厅 | 73.1平米 | 南,https://ke-image.ljcdn.com/110000-inspection/2dda7b37-3e7d-4355-9836-6703dacf0e45_1000.jpg!m_fill,w_280,h_210,f_jpg?from=ke.com
20240126,海淀,双榆树,101121221655,知春路82号院南北通透板楼两居带电梯满五年唯一诚售！,789万,137457元/平,高楼层 (共6层) 2室1厅 | 57.4平米 | 南 北,https://ke-image.ljcdn.com/110000-inspection/pc1_wCS8mWoY0_1.jpg!m_fill,w_280,h_210,f_jpg?from=ke.com
20240126,海淀,双榆树,101121220158,板楼2层 南北通透 视野开阔 采光好！,569万,120807元/平,低楼层 (共6层) 1室1厅 | 47.1平米 | 南 北,https://ke-image.ljcdn.com/110000-inspection/e7cb99b3-0d02-40cb-a511-9b2f5a1822d1_1000.jpg!m_fill,w_280,h_210,f_jpg?from=ke.com
20240126,海淀,双榆树,101121183439,知春路82号院 2室1厅 南 北,830万,146385元/平,中楼层 (共6层) 2室1厅 | 56.7平米 | 南 北,https://ke-image.ljcdn.com/110000-inspection/1797196b-6701-4395-9d15-793bc866d218_1000.jpg!m_fill,w_280,h_210,f_jpg?from=ke.com
20240126,海淀,双榆树,101121174364,双榆树南北通透大两居 带客厅 精装修 采光视野超棒房主自荐,860万,108041元/平,低楼层 (共7层) | 1999年 | 2室1厅 | 79.6平米 | 南 北,https://ke-image.ljcdn.com/110000-inspection/pc1_7ebEA4PI8_1.jpg!m_fill,w_280,h_210,f_jpg?from=ke.com
20240126,海淀,双榆树,101121163501,知春路82号院南向大三居满五年单位分房中间楼层无遮挡,2280万,148399元/平,中楼层 (共20层) 3室2厅 | 153.64平米 | 西南 北,https://ke-image.ljcdn.com/110000-inspection/pc1_EFTx4uUc0_1.jpg!m_fill,w_280,h_210,f_jpg?from=ke.com
20240126,海淀,双榆树,101121147035,知春里小区  南北两居 全明格局,650万,106036元/平,顶层 (共6层) | 1984年 | 2室1厅 | 61.3平米 | 南 北,https://ke-image.ljcdn.com/110000-inspection/pc1_wbBx2aFZp_1.jpg!m_fill,w_280,h_210,f_jpg?from=ke.com
20240126,海淀,双榆树,101121111178,此房是满五年唯一商品房南北通透无遮挡,675万,114021元/平,低楼层 (共6层) 2室1厅 | 59.2平米 | 南 北,https://ke-image.ljcdn.com/110000-inspection/pc1_0zFxZiy7x_1.jpg!m_fill,w_280,h_210,f_jpg?from=ke.com
20240126,海淀,双榆树,101121105351,青云北区西南大三居 带三个阳台 中间楼层,1150万,113941元/平,中楼层 (共17层) 3室1厅 | 100.93平米 | 西南,https://ke-image.ljcdn.com/110000-inspection/pc1_s0gABpA9i_1.jpg!m_fill,w_280,h_210,f_jpg?from=ke.com
20240126,海淀,双榆树,101121088178,满五年唯一商品房 单独管理 视野开阔 没有遮挡,780万,127451元/平,顶层 (共6层) | 1980年 | 2室1厅 | 61.2平米 | 南 北,https://ke-image.ljcdn.com/110000-inspection/pc1_EiXPT5Thm_1.jpg!m_fill,w_280,h_210,f_jpg?from=ke.com
20240126,海淀,双榆树,101121048553,双榆树东里 南北通透 精装两居室,499万,92237元/平,顶层 (共6层) 2室1厅 | 54.1平米 | 南 北,https://ke-image.ljcdn.com/110000-inspection/pc1_y9QZGFKJc_1.jpg!m_fill,w_280,h_210,f_jpg?from=ke.com
20240126,海淀,双榆树,101121021208,双榆树东里 南北通透卧室客厅都很大全明格局,650万,99908元/平,低楼层 (共12层) | 1990年 | 2室1厅 | 65.06平米 | 南 北,https://ke-image.ljcdn.com/110000-inspection/pc1_i8K29ju5j_1.jpg!m_fill,w_280,h_210,f_jpg?from=ke.com
20240126,海淀,双榆树,101121006615,小泥湾 精装修 带大客厅 核工业部 南向 采光充足,798万,109316元/平,中楼层 (共5层) | 1965年 | 2室1厅 | 73平米 | 南,https://ke-image.ljcdn.com/110000-inspection/pc1_xYSKIg9mO_1.jpg!m_fill,w_280,h_210,f_jpg?from=ke.com
20240126,海淀,双榆树,101121002436,中关村双榆树三居满五年户型好利用带电梯。,740万,103787元/平,低楼层 (共16层) 3室1厅 | 71.3平米 | 东 北,https://ke-image.ljcdn.com/110000-inspection/pc1_Oi0qbiMBK_1.jpg!m_fill,w_280,h_210,f_jpg?from=ke.com
20240126,海淀,双榆树,101120981416,双榆树东里楼龄新南北朝向两居室房主自荐,550万,105770元/平,中楼层 (共13层) 2室1厅 | 52平米 | 南 北,https://ke-image.ljcdn.com/110000-inspection/d624a9d7-c6ff-4b10-89be-19f25a923b8b_1000.jpg!m_fill,w_280,h_210,f_jpg?from=ke.com
20240126,海淀,双榆树,101120968426,双榆树北里 南北通透 低楼层 采光好诚心出售,799万,118459元/平,低楼层 (共6层) 2室1厅 | 67.45平米 | 南 北,https://ke-image.ljcdn.com/110000-inspection/pc1_r7KBECMXK_1.jpg!m_fill,w_280,h_210,f_jpg?from=ke.com
20240126,海淀,双榆树,101120956302,双榆树东里 精装修双南两居 随时签约 诚意出售房主自荐,518万,97552元/平,高楼层 (共6层) 2室1厅 | 53.1平米 | 南,https://ke-image.ljcdn.com/110000-inspection/pc1_lN2DriuAN_1.jpg!m_fill,w_280,h_210,f_jpg?from=ke.com
20240126,海淀,双榆树,101120931128,海淀区双榆树东里小区独门独院很安全,720万,103897元/平,低楼层 (共12层) | 1989年 | 3室1厅 | 69.3平米 | 东 北,https://ke-image.ljcdn.com/110000-inspection/pc1_CMVTr5k3z_1.jpg!m_fill,w_280,h_210,f_jpg?from=ke.com
20240126,海淀,双榆树,101120930396,海淀区中关村双榆树楼龄新二层南向一居室,575万,116139元/平,低楼层 (共6层) 1室1厅 | 49.51平米 | 南,https://ke-image.ljcdn.com/110000-inspection/pc1_q2L7gCeD9_1.jpg!m_fill,w_280,h_210,f_jpg?from=ke.com
20240126,海淀,双榆树,101120913813,双榆树西里 南北通透 全明格局 单独下水 近地铁,649万,110393元/平,底层 (共6层) 2室1厅 | 58.79平米 | 南 北,https://ke-image.ljcdn.com/110000-inspection/pc1_jlReJgMiW_1.jpg!m_fill,w_280,h_210,f_jpg?from=ke.com
20240126,海淀,双榆树,101120896177,联想桥西北侧 满五年唯一 板楼中间层 楼栋整改已完成,488万,113489元/平,中楼层 (共6层) 1室1厅 | 43平米 | 南,https://ke-image.ljcdn.com/110000-inspection/pc1_z1K9wa8SP_1.jpg!m_fill,w_280,h_210,f_jpg?from=ke.com
20240126,海淀,双榆树,101120893132,满五  央产房  航天社区  精装修,1150万,154987元/平,中楼层 (共6层) | 1993年 | 3室1厅 | 74.2平米 | 南 北,https://ke-image.ljcdn.com/110000-inspection/pc1_eb81sf2hs_1.jpg!m_fill,w_280,h_210,f_jpg?from=ke.com
20240126,海淀,双榆树,101120881313,小三居采光无挡距校园近满五唯一超优三居,670万,114923元/平,底层 (共6层) | 1981年 | 3室1厅 | 58.3平米 | 东南 北,https://ke-image.ljcdn.com/110000-inspection/9768ff33-4f18-468d-b040-f2d5f1ca5391_1000.jpg!m_fill,w_280,h_210,f_jpg?from=ke.com
20240126,海淀,双榆树,101120865872,海淀黄庄双榆树知春里优质2居室,760万,102151元/平,高楼层 (共18层) 2室1厅 | 74.4平米 | 西南,https://ke-image.ljcdn.com/110000-inspection/pc1_QOAkg95ld_1.jpg!m_fill,w_280,h_210,f_jpg?from=ke.com
20240126,海淀,双榆树,101120818609,知春东里 1室1厅 南,749.65万,145000元/平,高楼层 (共20层) | 1990年 | 1室1厅 | 51.7平米 | 南,https://ke-image.ljcdn.com/110000-inspection/pc1_Jh6IFtlPf_1.jpg!m_fill,w_280,h_210,f_jpg?from=ke.com
20240126,海淀,双榆树,101120755409,知春里黄庄地铁 小区中间位置管理好 看房方便精装修,770万,125000元/平,高楼层 (共18层) 2室1厅 | 61.6平米 | 东南,https://ke-image.ljcdn.com/110000-inspection/86ac6f07-5f5c-4b77-bdc5-4b9e8b048381_1000.jpg!m_fill,w_280,h_210,f_jpg?from=ke.com
20240126,海淀,双榆树,101120741512,双榆树西里 人民大学东门  东南向 电梯房 满五年唯一,629万,105839元/平,低楼层 (共16层) 2室1厅 | 59.43平米 | 东南,https://ke-image.ljcdn.com/110000-inspection/pc1_pBOLfHgQS_1.jpg!m_fill,w_280,h_210,f_jpg?from=ke.com
20240126,海淀,双榆树,101120723107,知春路82号院南北两居一南一北两个卧室加装了电梯,870万,151042元/平,低楼层 (共6层) | 1980年 | 2室1厅 | 57.6平米 | 南 北,https://ke-image.ljcdn.com/110000-inspection/9faf628e-f493-40d5-9476-11d8ec2dc61b_1000.jpg!m_fill,w_280,h_210,f_jpg?from=ke.com
20240126,海淀,双榆树,101120677516,知春路82号院塔楼高楼层电梯大三居房主自荐,1950万,142503元/平,中楼层 (共20层) | 1998年 | 3室2厅 | 136.84平米 | 西 北 南,https://ke-image.ljcdn.com/110000-inspection/pc1_e5rWn73I7_1.jpg!m_fill,w_280,h_210,f_jpg?from=ke.com
20240126,海淀,双榆树,101120650883,双榆树东里 主卧双窗 高层视野好,650万,99389元/平,高楼层 (共16层) | 1985年 | 2室1厅 | 65.4平米 | 西北,https://ke-image.ljcdn.com/110000-inspection/3290b0df-8d10-47fc-8124-6523eaca0951_1000.jpg!m_fill,w_280,h_210,f_jpg?from=ke.com
20240126,海淀,双榆树,101120633745,青云北精装带明厅采光视野无遮挡业主人好诚心卖,638万,115371元/平,顶层 (共5层) | 1981年 | 2室1厅 | 55.3平米 | 南 北,https://ke-image.ljcdn.com/110000-inspection/pc1_amC31tcRc_1.jpg!m_fill,w_280,h_210,f_jpg?from=ke.com
20240126,海淀,双榆树,101120629292,知春东里 1室1厅 南 北房主自荐,655万,168381元/平,底层 (共6层) | 1988年 | 1室1厅 | 38.9平米 | 南 北,https://ke-image.ljcdn.com/110000-inspection/pc1_gvz245Cph_1.jpg!m_fill,w_280,h_210,f_jpg?from=ke.com
20240126,海淀,双榆树,101120580083,榆苑公寓精装三居室楼龄新双卫大客厅居住舒适,1010万,96017元/平,底层 (共10层) 3室1厅 | 105.19平米 | 南 北,https://ke-image.ljcdn.com/110000-inspection/pc1_GyHss8SIJ_1.jpg!m_fill,w_280,h_210,f_jpg?from=ke.com
20240126,海淀,双榆树,101120560006,知春东里南北通透双阳台中间层两居室诚意出售,720万,124353元/平,高楼层 (共6层) | 1988年 | 2室1厅 | 57.9平米 | 南 北,https://ke-image.ljcdn.com/110000-inspection/pc1_NUZSHucZj_1.jpg!m_fill,w_280,h_210,f_jpg?from=ke.com
20240126,海淀,双榆树,101120556017,青云北区南北通透三居室带东窗满五年业主诚意出售,688万,120280元/平,底层 (共5层) | 1980年 | 3室1厅 | 57.2平米 | 东 南 北,https://ke-image.ljcdn.com/110000-inspection/pc1_ahC2M8OJS_1.jpg!m_fill,w_280,h_210,f_jpg?from=ke.com
20240126,海淀,双榆树,101120453337,知春东里 2室1厅 南 北,738万,127462元/平,高楼层 (共6层) 2室1厅 | 57.9平米 | 南 北,https://ke-image.ljcdn.com/110000-inspection/pc1_afeQVvwpq_1.jpg!m_fill,w_280,h_210,f_jpg?from=ke.com
20240126,海淀,双榆树,101120415297,知春里 海淀黄庄 高层精装修 满五年唯一,599万,116993元/平,高楼层 (共18层) | 1987年 | 1室1厅 | 51.2平米 | 南,https://ke-image.ljcdn.com/110000-inspection/4235d5fc-b0fe-429b-9bfa-c1ef67c953f6_1000.jpg!m_fill,w_280,h_210,f_jpg?from=ke.com
20240126,海淀,双榆树,101120359910,精装修 中间楼层 三居室  南北通透,1030万,140137元/平,中楼层 (共6层) | 1987年 | 3室1厅 | 73.5平米 | 南 北,https://ke-image.ljcdn.com/110000-inspection/pc1_3nqgR4aXA_1.jpg!m_fill,w_280,h_210,f_jpg?from=ke.com
20240126,海淀,双榆树,101120356367,双榆树西里小区一居室低楼层满五年央产房,500万,126263元/平,底层 (共6层) | 1983年 | 1室1厅 | 39.6平米 | 南,https://ke-image.ljcdn.com/110000-inspection/pc1_UlzNd9iIA_1.jpg!m_fill,w_280,h_210,f_jpg?from=ke.com
20240126,海淀,双榆树,101120350494,双榆树北路   南北通透一居室    精装修  满五年唯一,429万,101419元/平,中楼层 (共6层) 1室1厅 | 42.3平米 | 南 北,https://ke-image.ljcdn.com/110000-inspection/pc1_6IqceOTDq_1.jpg!m_fill,w_280,h_210,f_jpg?from=ke.com
20240126,海淀,双榆树,101120346964,双榆树北路  南向一居室  中间楼层  无遮挡  采光好,560万,155125元/平,中楼层 (共6层) | 1983年 | 1室1厅 | 36.1平米 | 南,https://ke-image.ljcdn.com/110000-inspection/517720c7-e984-419f-992c-633c95b3cfa1_1000.jpg!m_fill,w_280,h_210,f_jpg?from=ke.com
20240126,海淀,双榆树,101120333891,知春里 1室1厅 南,570万,111329元/平,中楼层 (共18层) 1室1厅 | 51.2平米 | 南,https://ke-image.ljcdn.com/110000-inspection/72a3c629-dade-4e86-9fc1-2d995a459455_1000.jpg!m_fill,w_280,h_210,f_jpg?from=ke.com
20240126,海淀,双榆树,101120277169,此房南北通透满五年单位分房中间楼层采光好。,699万,129206元/平,底层 (共6层) | 1982年 | 3室1厅 | 54.1平米 | 南 北,https://ke-image.ljcdn.com/110000-inspection/afaa728c-a0da-4454-bab3-11e0d1454858_1000.jpg!m_fill,w_280,h_210,f_jpg?from=ke.com
20240126,海淀,双榆树,101120216866,都市网景 户型方正视野采光很不错 人车分流管理好,1700万,113880元/平,高楼层 (共24层) | 2000年 | 3室2厅 | 149.28平米 | 东南,https://ke-image.ljcdn.com/110000-inspection/pc1_P9ozllJzb_1.jpg!m_fill,w_280,h_210,f_jpg?from=ke.com
20240126,海淀,双榆树,101120180143,南北通透三居室 安静不临街 靠谱出售,750万,104312元/平,顶层 (共6层) | 1981年 | 3室1厅 | 71.9平米 | 南 北,https://ke-image.ljcdn.com/110000-inspection/0d350ce0-68a5-4681-b8a2-c7c061ff49f3_1000.jpg!m_fill,w_280,h_210,f_jpg?from=ke.com
20240126,海淀,双榆树,101120128731,双榆树西里 1室1厅 南,555万,127323元/平,中楼层 (共16层) | 1985年 | 1室1厅 | 43.59平米 | 南,https://ke-image.ljcdn.com/110000-inspection/pc1_p1GyluTBP_1.jpg!m_fill,w_280,h_210,f_jpg?from=ke.com
20240126,海淀,双榆树,101120116424,北三环人大东门青云北区全南大两居,550万,110000元/平,顶层 (共5层) 2室1厅 | 50平米 | 南,https://ke-image.ljcdn.com/110000-inspection/pc1_X91VyAtvc_1.jpg!m_fill,w_280,h_210,f_jpg?from=ke.com
20240126,海淀,双榆树,101120048650,双榆树北里 建材局单位分房 带电梯 户型方正 诚意出售,639万,107522元/平,低楼层 (共16层) | 1986年 | 2室1厅 | 59.43平米 | 西南,https://ke-image.ljcdn.com/110000-inspection/pc1_sxstQ9p4t_1.jpg!m_fill,w_280,h_210,f_jpg?from=ke.com
20240126,海淀,双榆树,101119962811,双榆树东里精装一居户型方正环境安静。,465万,129167元/平,底层 (共6层) | 1985年 | 1室1厅 | 36平米 | 南,https://ke-image.ljcdn.com/110000-inspection/153be7a7-84fe-4c2d-b991-549fddbdbbe2_1000.jpg!m_fill,w_280,h_210,f_jpg?from=ke.com
20240126,海淀,双榆树,101119921680,知春里 中间层两居 有电梯 单位分房房主自荐,610万,96519元/平,中楼层 (共18层) 2室1厅 | 63.2平米 | 东南,https://ke-image.ljcdn.com/110000-inspection/f9cea30d-7121-4857-90b0-5d3ab092ad96_1000.jpg!m_fill,w_280,h_210,f_jpg?from=ke.com
20240126,海淀,双榆树,101119921624,知春里  电梯大两居  单位分房 交易清晰房主自荐,715万,96492元/平,中楼层 (共18层) | 1987年 | 2室1厅 | 74.1平米 | 西南,https://ke-image.ljcdn.com/110000-inspection/917ee8c6-5cfd-4bfb-9b44-bafeb8b7b2c5_1000.jpg!m_fill,w_280,h_210,f_jpg?from=ke.com
20240126,海淀,双榆树,101119842383,北三环 双榆树西里 满五唯一商品房 精装修 诚意出售,649万,109205元/平,低楼层 (共16层) 2室1厅 | 59.43平米 | 西南,https://ke-image.ljcdn.com/110000-inspection/pc1_1S4dJV7Gt_1.jpg!m_fill,w_280,h_210,f_jpg?from=ke.com
20240126,海淀,双榆树,101119806746,中关村双榆树精装一居室！低楼层！带客厅！交通便利,518万,122459元/平,低楼层 (共6层) 1室1厅 | 42.3平米 | 南,https://ke-image.ljcdn.com/110000-inspection/pc1_qinFtJWc5_1.jpg!m_fill,w_280,h_210,f_jpg?from=ke.com
20240126,海淀,双榆树,101119798466,满五年央产视野开阔采光充足近地铁大阳台房主自荐,650万,105692元/平,低楼层 (共6层) 2室1厅 | 61.5平米 | 南 北,https://ke-image.ljcdn.com/110000-inspection/0504b39c-eea0-4261-99c0-045a6540409f_1000.jpg!m_fill,w_280,h_210,f_jpg?from=ke.com
20240126,海淀,双榆树,101119792399,科南中心 西南大四居 三卧室南 采光好单位分房,1980万,115077元/平,中楼层 (共20层) | 2020年 | 4室2厅 | 172.06平米 | 西南,https://ke-image.ljcdn.com/110000-inspection/pc1_VouGt7Cow_1.jpg!m_fill,w_280,h_210,f_jpg?from=ke.com
20240126,海淀,双榆树,101119785539,双榆树北路精装修南北通透满五唯一,610万,112755元/平,顶层 (共6层) 2室1厅 | 54.1平米 | 南 北,https://ke-image.ljcdn.com/110000-inspection/pc1_TIg076Sel_2.jpg!m_fill,w_280,h_210,f_jpg?from=ke.com
20240126,海淀,双榆树,101119772306,双榆树北里二层南向两居户型方正采光好,659万,129981元/平,低楼层 (共6层) | 1982年 | 2室1厅 | 50.7平米 | 南,https://ke-image.ljcdn.com/110000-inspection/pc1_sRbWkLM33_1.jpg!m_fill,w_280,h_210,f_jpg?from=ke.com
20240126,海淀,双榆树,101119709619,知春里东南好格局视野开阔采光充足配套齐全,918万,121429元/平,低楼层 (共18层) | 1987年 | 3室1厅 | 75.6平米 | 东南,https://ke-image.ljcdn.com/110000-inspection/4eb9db9a-d0dc-4dd2-a025-b661bd0b8b4c_1000.jpg!m_fill,w_280,h_210,f_jpg?from=ke.com
20240126,海淀,双榆树,101119691015,知春东里 3室1厅 南 北,1030万,128110元/平,顶层 (共6层) 3室1厅 | 80.4平米 | 南 北,https://ke-image.ljcdn.com/110000-inspection/pc1_kM5Pw1rIw_1.jpg!m_fill,w_280,h_210,f_jpg?from=ke.com
20240126,海淀,双榆树,101119687378,中关村知春路82号院精致两居室！带电梯！有地下车库！,836万,153395元/平,低楼层 (共6层) | 1980年 | 2室1厅 | 54.5平米 | 南 北,https://ke-image.ljcdn.com/110000-inspection/pc1_M6pB0BdPd.jpg!m_fill,w_280,h_210,f_jpg?from=ke.com
20240126,海淀,双榆树,101119631936,双榆树东里 2室1厅 南 北,629万,118456元/平,中楼层 (共6层) | 1982年 | 2室1厅 | 53.1平米 | 南 北,https://ke-image.ljcdn.com/110000-inspection/13f172ad-bb3a-4cf2-a9b7-6c29e95cf696_1000.jpg!m_fill,w_280,h_210,f_jpg?from=ke.com
20240126,海淀,双榆树,101119606486,双榆树北路 1室1厅 南 西 北,438万,91289元/平,顶层 (共5层) 1室1厅 | 47.98平米 | 南 西 北,https://ke-image.ljcdn.com/110000-inspection/pc1_SJ1VhBE3V_1.jpg!m_fill,w_280,h_210,f_jpg?from=ke.com
20240126,海淀,双榆树,101119576277,97年楼龄大客厅满五年央产房只此一套价可谈,680万,108627元/平,高楼层 (共17层) | 1998年 | 2室1厅 | 62.6平米 | 西 北,https://ke-image.ljcdn.com/110000-inspection/ad7dfe8b-abf8-4135-8f73-95404e447d3b_1000.jpg!m_fill,w_280,h_210,f_jpg?from=ke.com
20240126,海淀,双榆树,101119564232,海淀黄庄知春里电梯房正规一居室,720万,138729元/平,低楼层 (共18层) | 1988年 | 1室1厅 | 51.9平米 | 南,https://ke-image.ljcdn.com/110000-inspection/pc1_sYwSIymqr_1.jpg!m_fill,w_280,h_210,f_jpg?from=ke.com
20240126,海淀,双榆树,101119559189,满五年唯一 中间楼层 正规南向一居室房主自荐,426万,105264元/平,中楼层 (共6层) | 1985年 | 1室1厅 | 40.47平米 | 南,https://ke-image.ljcdn.com/110000-inspection/pc1_bSiHW6yBE_1.jpg!m_fill,w_280,h_210,f_jpg?from=ke.com
20240126,海淀,双榆树,101119558410,双榆树北路    正规2居室    满五年,700万,121846元/平,中楼层 (共6层) 2室1厅 | 57.45平米 | 南,https://ke-image.ljcdn.com/110000-inspection/pc1_aKWCo4uB4_1.jpg!m_fill,w_280,h_210,f_jpg?from=ke.com
20240126,海淀,双榆树,101119534944,南北通透三居室 中间楼层 小区里面安静不临街,985万,134932元/平,中楼层 (共6层) 3室1厅 | 73平米 | 南 北,https://ke-image.ljcdn.com/110000-inspection/pc1_OEUmxXQGd_1.jpg!m_fill,w_280,h_210,f_jpg?from=ke.com
20240126,海淀,双榆树,101119519122,停车位充足满五年的塔楼带客厅两居,1120万,159772元/平,中楼层 (共18层) | 1993年 | 3室1厅 | 70.1平米 | 西南,https://ke-image.ljcdn.com/110000-inspection/pc1_VOQuabFte_1.jpg!m_fill,w_280,h_210,f_jpg?from=ke.com
20240126,海淀,双榆树,101119510212,双榆树北里 中间层 南北两居室 精装修,650万,119048元/平,低楼层 (共6层) 2室1厅 | 54.6平米 | 南 北,https://ke-image.ljcdn.com/110000-inspection/4d49bf8a-2b32-4ad7-bef5-9336b7a8d407_1000.jpg!m_fill,w_280,h_210,f_jpg?from=ke.com
20240126,海淀,双榆树,101119497143,97年楼龄 正规两居室 满五年唯一住房 电梯直达 无遮挡,570万,107548元/平,低楼层 (共17层) 2室1厅 | 53平米 | 东 南,https://ke-image.ljcdn.com/110000-inspection/pc1_sZUOuprlP_1.jpg!m_fill,w_280,h_210,f_jpg?from=ke.com
20240126,海淀,双榆树,101119484989,看房随时 次顶层  视野开阔采光好 地下车库 人车分流,1150万,146125元/平,高楼层 (共18层) | 1993年 | 3室1厅 | 78.7平米 | 东南 南 东,https://ke-image.ljcdn.com/110000-inspection/pc1_xbYY0aNBx_1.jpg!m_fill,w_280,h_210,f_jpg?from=ke.com
20240126,海淀,双榆树,101119454983,双榆树东里 南向一居室 楼层高 采光好 环境安静,456万,116327元/平,顶层 (共6层) 1室1厅 | 39.2平米 | 南,https://ke-image.ljcdn.com/110000-inspection/pc1_jsCasuc4b_2.jpg!m_fill,w_280,h_210,f_jpg?from=ke.com
20240126,海淀,双榆树,101119445147,满五年央产电梯房视野开阔采光充足近地铁,739万,124223元/平,顶层 (共16层) 2室1厅 | 59.49平米 | 西南,https://ke-image.ljcdn.com/110000-inspection/pc1_MK4Q3KEK7_1.jpg!m_fill,w_280,h_210,f_jpg?from=ke.com
20240126,海淀,双榆树,101119396784,单位分房视野采光好房子产权清晰,696万,131074元/平,中楼层 (共6层) 2室1厅 | 53.1平米 | 南,https://ke-image.ljcdn.com/110000-inspection/f80fcfea-12ee-4ea1-b686-a3c850e76f1a_1000.jpg!m_fill,w_280,h_210,f_jpg?from=ke.com
20240126,海淀,双榆树,101119390632,知春里全明格局   南北通透     楼层佳,730万,119282元/平,低楼层 (共6层) | 1980年 | 2室1厅 | 61.2平米 | 南 北,https://ke-image.ljcdn.com/110000-inspection/81093a70-d832-405d-9524-44fa7dbb9578_1000.jpg!m_fill,w_280,h_210,f_jpg?from=ke.com
20240126,海淀,双榆树,101119371179,知春里 带电梯 精装修 南向一居室 诚意卖,600万,117188元/平,顶层 (共18层) | 1988年 | 1室1厅 | 51.2平米 | 南,https://ke-image.ljcdn.com/110000-inspection/d34fad64-c3d7-4417-a216-a8a76ef3d587_1000.jpg!m_fill,w_280,h_210,f_jpg?from=ke.com
20240126,海淀,双榆树,101119368960,双榆树北里 满五年唯一的商品房 当代商城 配套齐全,828万,113737元/平,中楼层 (共6层) 3室1厅 | 72.8平米 | 南 北,https://ke-image.ljcdn.com/110000-inspection/6b79e9df-fe50-42d8-9a43-a25e4769686a_1000.jpg!m_fill,w_280,h_210,f_jpg?from=ke.com
20240126,海淀,双榆树,101119351063,知春里满五年 业主诚意出售 看房提前预约,1194万,139977元/平,低楼层 (共18层) | 1988年 | 3室1厅 | 85.3平米 | 东南 北,https://ke-image.ljcdn.com/110000-inspection/pc1_VIJRAjQ29_1.jpg!m_fill,w_280,h_210,f_jpg?from=ke.com
20240126,海淀,双榆树,101119350842,中关村知春路82号院三居室！东南朝向！中间楼层！,1261万,179886元/平,中楼层 (共18层) | 1993年 | 3室1厅 | 70.1平米 | 东南 北,https://ke-image.ljcdn.com/110000-inspection/622c54f0-82aa-4149-aa91-bc638c7002c0_1000.jpg!m_fill,w_280,h_210,f_jpg?from=ke.com
20240126,海淀,双榆树,101119323369,中关村东路105号院 1997年楼龄 大客厅双阳台 宽敞厨房,590万,119168元/平,高楼层 (共6层) 1室1厅 | 49.51平米 | 南,https://ke-image.ljcdn.com/110000-inspection/pc1_OAXAyAsNS_1.jpg!m_fill,w_280,h_210,f_jpg?from=ke.com
20240126,海淀,双榆树,101119305768,双榆树东里 板楼两居 南北通透 楼层高 采光好 诚意卖,528万,96527元/平,顶层 (共6层) | 1982年 | 2室1厅 | 54.7平米 | 南 北,https://ke-image.ljcdn.com/110000-inspection/pc1_9PEJAjVeS_1.jpg!m_fill,w_280,h_210,f_jpg?from=ke.com
20240126,海淀,双榆树,101119276741,中关村青云北区全明两居！南北通透双阳台！航空家属院,630万,100000元/平,高楼层 (共6层) | 1984年 | 2室1厅 | 63平米 | 南 北,https://ke-image.ljcdn.com/110000-inspection/5390851e-e509-4094-91aa-9cdd41f10f0f_1000.jpg!m_fill,w_280,h_210,f_jpg?from=ke.com
20240126,海淀,双榆树,101119248246,人大东门双榆树东里 不临街 南北通透两居室 随时签约,600万,118111元/平,底层 (共6层) | 1982年 | 2室1厅 | 50.8平米 | 南 北,https://ke-image.ljcdn.com/110000-inspection/pc1_rgq87y5bk_1.jpg!m_fill,w_280,h_210,f_jpg?from=ke.com
20240126,海淀,双榆树,101119211251,双榆树北里 南北通透大2居 明厨明卫 带客厅,730万,114242元/平,底层 (共6层) 2室1厅 | 63.9平米 | 南 北,https://ke-image.ljcdn.com/110000-inspection/76d602ab-a4b8-43cd-bef8-8fd49ec65c8e_1000.jpg!m_fill,w_280,h_210,f_jpg?from=ke.com
20240126,海淀,双榆树,101119179608,精装修两居室 拎包入住  户型方正 看房方便,598万,111360元/平,低楼层 (共6层) 2室1厅 | 53.7平米 | 南,https://ke-image.ljcdn.com/110000-inspection/pc1_h0Fyg8jzQ.jpg!m_fill,w_280,h_210,f_jpg?from=ke.com
20240126,海淀,双榆树,101119174087,知春东里 南向 精装 一居室 诚意出售,650万,128713元/平,高楼层 (共20层) | 1990年 | 1室1厅 | 50.5平米 | 南,https://ke-image.ljcdn.com/110000-inspection/pc1_IKJMtN65l_1.jpg!m_fill,w_280,h_210,f_jpg?from=ke.com
20240126,海淀,双榆树,101119172176,青云北区 朝南阳光2居 业主自住精装修 层高高2.7,580万,110477元/平,顶层 (共5层) 2室1厅 | 52.5平米 | 南,https://ke-image.ljcdn.com/110000-inspection/pc1_qy7QgOBXr_1.jpg!m_fill,w_280,h_210,f_jpg?from=ke.com
20240126,海淀,双榆树,101119171405,南北通透  央产房  客厅有窗户,666万,105547元/平,低楼层 (共6层) | 1985年 | 2室1厅 | 63.1平米 | 南 北,https://ke-image.ljcdn.com/110000-inspection/pc1_zlgNiuRw5_1.jpg!m_fill,w_280,h_210,f_jpg?from=ke.com
20240126,海淀,双榆树,101119160110,双榆树北路 南北双阳台 无遮挡 有钥匙 随时签约,926万,92758元/平,顶层 (共6层) 2室1厅 | 99.83平米 | 南 东 北,https://ke-image.ljcdn.com/110000-inspection/pc1_nS6Px7HRT_1.jpg!m_fill,w_280,h_210,f_jpg?from=ke.com
20240126,海淀,双榆树,101119120740,双榆树知春里满五年单位分房电梯房房主自荐,748万,121429元/平,低楼层 (共18层) | 1987年 | 2室1厅 | 61.6平米 | 东南,https://ke-image.ljcdn.com/110000-inspection/b853fb02-fad6-477c-bbe9-21d20f5afd02_1000.jpg!m_fill,w_280,h_210,f_jpg?from=ke.com
20240126,海淀,双榆树,101119076050,知春路82号院南北通透两居中间层采光好,825万,153062元/平,低楼层 (共6层) 2室1厅 | 53.9平米 | 南 北,https://ke-image.ljcdn.com/110000-inspection/d07d46e2-5731-4339-9074-fa9fb7ef71d1_1000.jpg!m_fill,w_280,h_210,f_jpg?from=ke.com
20240126,海淀,双榆树,101119069239,知春里南北通透次顶层全明格局两居,750万,122350元/平,高楼层 (共6层) | 1984年 | 2室1厅 | 61.3平米 | 南 北,https://ke-image.ljcdn.com/110000-inspection/28407c5c-27f1-4469-827c-11a8f773bb4c_1000.jpg!m_fill,w_280,h_210,f_jpg?from=ke.com
20240126,海淀,双榆树,101118889022,小泥湾 2室1厅 南 北,850万,123727元/平,中楼层 (共5层) | 1965年 | 2室1厅 | 68.7平米 | 南 北,https://ke-image.ljcdn.com/110000-inspection/8d8e53cc-9ffa-4727-8f46-6e23b86e0a14_1000.jpg!m_fill,w_280,h_210,f_jpg?from=ke.com
20240126,海淀,双榆树,101118885922,双榆树东里 满五年唯一 精装修  南北通透 全明格局,830万,101804元/平,中楼层 (共12层) 3室1厅 | 81.53平米 | 南 北,https://ke-image.ljcdn.com/110000-inspection/pc1_XMcT08r2X_1.jpg!m_fill,w_280,h_210,f_jpg?from=ke.com
20240126,海淀,双榆树,101118849030,双榆树北里 中间层 南北精装两居 随时签约 诚意出售！,628万,114182元/平,高楼层 (共6层) | 1982年 | 2室1厅 | 55平米 | 南 北,https://ke-image.ljcdn.com/110000-inspection/pc1_KYOiVQfDp_1.jpg!m_fill,w_280,h_210,f_jpg?from=ke.com
20240126,海淀,双榆树,101118835214,双榆树东里带电梯两居西南向诚意出售,710万,110592元/平,中楼层 (共16层) | 1987年 | 2室1厅 | 64.2平米 | 西北,https://ke-image.ljcdn.com/110000-inspection/pc1_qKGOrLn1X_1.jpg!m_fill,w_280,h_210,f_jpg?from=ke.com
20240126,海淀,双榆树,101118780820,知春东里 南北通透  中间楼层 满五年 诚意出售,799万,137997元/平,中楼层 (共6层) | 1987年 | 2室1厅 | 57.9平米 | 南 北,https://ke-image.ljcdn.com/110000-inspection/pc1_wGZb6LIYk_1.jpg!m_fill,w_280,h_210,f_jpg?from=ke.com
20240126,海淀,双榆树,101118771022,黄庄南知春里西区 东南北经典三居 满五年唯一单位分房,839万,139601元/平,高楼层 (共6层) | 1984年 | 3室1厅 | 60.1平米 | 东 南 北,https://ke-image.ljcdn.com/110000-inspection/0f07d529-f69c-4de0-86a2-d854653e21b0_1000.jpg!m_fill,w_280,h_210,f_jpg?from=ke.com
20240126,海淀,双榆树,101118754925,双榆树北里 南北向三居室 业主诚意出售房主自荐,746万,130420元/平,高楼层 (共6层) | 1982年 | 3室1厅 | 57.2平米 | 南 北,https://ke-image.ljcdn.com/110000-inspection/062d258e-6c01-45aa-936b-fd997d23419b_1000.jpg!m_fill,w_280,h_210,f_jpg?from=ke.com
20240126,海淀,双榆树,101118751463,双榆树东里双南两居阳光视野好满五唯一商品房,560万,105462元/平,顶层 (共6层) | 1981年 | 2室1厅 | 53.1平米 | 南,https://ke-image.ljcdn.com/110000-inspection/pc1_tP5eOCf3Y_1.jpg!m_fill,w_280,h_210,f_jpg?from=ke.com
20240126,海淀,双榆树,101118747000,知春里小区 西南塔楼三居 户型方正 满五年唯一 诚售,960万,131327元/平,中楼层 (共18层) | 1988年 | 3室1厅 | 73.1平米 | 西南,https://ke-image.ljcdn.com/110000-inspection/03e938d9-bbf3-46df-96e6-bdcdeb723097_1000.jpg!m_fill,w_280,h_210,f_jpg?from=ke.com
20240126,海淀,双榆树,101118717292,双榆树知春里 南向一居室 高楼层 视野好,590万,117018元/平,中楼层 (共18层) | 1989年 | 2室1厅 | 50.42平米 | 南,https://ke-image.ljcdn.com/110000-inspection/pc1_qHxYQKwTO_1.jpg!m_fill,w_280,h_210,f_jpg?from=ke.com
20240126,海淀,双榆树,101118695211,满五年唯一三居室 精装修 不临街,712万,99860元/平,底层 (共16层) 3室1厅 | 71.3平米 | 东 西 北,https://ke-image.ljcdn.com/110000-inspection/66317169-d72c-4fdb-84a0-f08c0e29a0de_1000.jpg!m_fill,w_280,h_210,f_jpg?from=ke.com
20240126,海淀,双榆树,101118666358,精装修 中间楼层南向一居室  满五年唯一,530万,125296元/平,中楼层 (共6层) 1室1厅 | 42.3平米 | 南,https://ke-image.ljcdn.com/110000-inspection/pc1_Y63RXQ2mi_1.jpg!m_fill,w_280,h_210,f_jpg?from=ke.com
20240126,海淀,双榆树,101118650797,双榆树 小泥湾 满五年单位分房 视野开阔 采光充足,635万,99843元/平,中楼层 (共5层) | 1965年 | 2室1厅 | 63.6平米 | 南,https://ke-image.ljcdn.com/110000-inspection/pc1_7760HFhCN_1.jpg!m_fill,w_280,h_210,f_jpg?from=ke.com
20240126,海淀,双榆树,101118650048,知春里 带电梯朝南向2居精装修业主诚心出售！,760万,123377元/平,高楼层 (共18层) 2室1厅 | 61.6平米 | 西南,https://ke-image.ljcdn.com/110000-inspection/pc1_p9tQYF2LF_1.jpg!m_fill,w_280,h_210,f_jpg?from=ke.com
20240126,海淀,双榆树,101118633239,西南向两居室采光没遮挡业主诚意出售,995万,97914元/平,底层 (共19层) | 1999年 | 2室2厅 | 101.62平米 | 东南,https://ke-image.ljcdn.com/110000-inspection/f96a9927-cf02-40bf-bc48-85f9d8659832_1000.jpg!m_fill,w_280,h_210,f_jpg?from=ke.com
20240126,海淀,双榆树,101118620283,双榆树北里带电梯南向两居中间层诚意出售,745万,130428元/平,低楼层 (共16层) 2室1厅 | 57.12平米 | 南,https://ke-image.ljcdn.com/110000-inspection/pc1_dga9r7BCY_1.jpg!m_fill,w_280,h_210,f_jpg?from=ke.com
20240126,海淀,双榆树,101118606755,北三环双榆树 带电梯3居 满五年单位分房 带装修 诚售,695万,100289元/平,顶层 (共12层) | 1986年 | 3室1厅 | 69.3平米 | 东 西 北,https://ke-image.ljcdn.com/110000-inspection/pc1_XZWVVJwXF_1.jpg!m_fill,w_280,h_210,f_jpg?from=ke.com
20240126,海淀,双榆树,101118576633,知春东里 大一居室 精装修 采光好位置好近地铁,618万,130656元/平,顶层 (共6层) | 1988年 | 1室1厅 | 47.3平米 | 南,https://ke-image.ljcdn.com/110000-inspection/pc1_Tq0nFMKXO_1.jpg!m_fill,w_280,h_210,f_jpg?from=ke.com
20240126,海淀,双榆树,101118571475,中关村知春里精装三居室！满五年唯一！随时签约！房主自荐,745万,122735元/平,顶层 (共6层) | 1985年 | 3室1厅 | 60.7平米 | 东 南 北,https://ke-image.ljcdn.com/110000-inspection/pc1_Tz0rGwd0p_1.jpg!m_fill,w_280,h_210,f_jpg?from=ke.com
20240126,海淀,双榆树,101118569698,知春里 中间层楼层朝南向一居室业主诚心出售！,598万,148020元/平,中楼层 (共6层) | 1985年 | 1室1厅 | 40.4平米 | 南,https://ke-image.ljcdn.com/110000-inspection/pc1_0FT9my8a8_1.jpg!m_fill,w_280,h_210,f_jpg?from=ke.com
20240126,海淀,双榆树,101118560726,双榆树北里 1室1厅 南,540万,123429元/平,高楼层 (共16层) 1室1厅 | 43.75平米 | 南,https://ke-image.ljcdn.com/110000-inspection/pc1_ulKHLbqpp_1.jpg!m_fill,w_280,h_210,f_jpg?from=ke.com
20240126,海淀,双榆树,101118557538,双榆树东里两居室南北通透不临街诚意出售,645万,126720元/平,底层 (共6层) | 1981年 | 2室1厅 | 50.9平米 | 南 北,https://ke-image.ljcdn.com/110000-inspection/c7741901-3783-4e54-8a72-3b9d4b0b35fa_1000.jpg!m_fill,w_280,h_210,f_jpg?from=ke.com
20240126,海淀,双榆树,101118522197,青云北区 全南向2居室 精装修 业主诚意出售 价格可谈,669万,114555元/平,中楼层 (共6层) | 1985年 | 2室1厅 | 58.4平米 | 南,https://ke-image.ljcdn.com/110000-inspection/pc1_zfpOIrPMU_1.jpg!m_fill,w_280,h_210,f_jpg?from=ke.com
20240126,海淀,双榆树,101118505150,双榆树知春里 单位福利分房诚意出售,780万,106704元/平,底层 (共18层) 3室1厅 | 73.1平米 | 西南,https://ke-image.ljcdn.com/110000-inspection/595765bb-b51a-47b3-acbb-4eb1ba5805dc_1000.jpg!m_fill,w_280,h_210,f_jpg?from=ke.com
20240126,海淀,双榆树,101118443929,满庭芳园 高层全明 满五唯一 出小区三环近地铁公交,1095万,85367元/平,高楼层 (共24层) | 2000年 | 3室1厅 | 128.27平米 | 南 西北,https://ke-image.ljcdn.com/110000-inspection/pc1_XyhUQZQTl_1.jpg!m_fill,w_280,h_210,f_jpg?from=ke.com
20240126,海淀,双榆树,101118400181,中关村 人车分流 满五年唯一 随时可看 全明户型,1498万,105881元/平,中楼层 (共24层) | 2000年 | 3室1厅 | 141.48平米 | 东 东南 南 西 北,https://ke-image.ljcdn.com/110000-inspection/pc1_q62dwd9Mk_1.jpg!m_fill,w_280,h_210,f_jpg?from=ke.com
20240126,海淀,双榆树,101118344956,双榆树东里精装三居无遮挡诚意出售,720万,103897元/平,低楼层 (共12层) | 1989年 | 3室1厅 | 69.3平米 | 东 西 北,https://ke-image.ljcdn.com/110000-inspection/da3d4bce-2844-46a0-94ac-a764d96a6628_1000.jpg!m_fill,w_280,h_210,f_jpg?from=ke.com
20240126,海淀,双榆树,101118342197,黄庄南知春里高楼层电梯大一居室,548万,111157元/平,中楼层 (共18层) 1室1厅 | 49.3平米 | 南,https://ke-image.ljcdn.com/110000-inspection/pc1_RKpcGprcX_1.jpg!m_fill,w_280,h_210,f_jpg?from=ke.com
20240126,海淀,双榆树,101118290486,青云北区 高层南向全明两居 不临街 单位分房可多贷款,620万,110125元/平,顶层 (共6层) | 1984年 | 2室1厅 | 56.3平米 | 南,https://ke-image.ljcdn.com/110000-inspection/2f6415a1-2ed7-4dbd-a535-a40592ceea7a_1000.jpg!m_fill,w_280,h_210,f_jpg?from=ke.com
20240126,海淀,双榆树,101118286752,满五年不唯一西南向阳台两居精装修不临街采光好,768万,105640元/平,高楼层 (共20层) 2室1厅 | 72.7平米 | 西南,https://ke-image.ljcdn.com/110000-inspection/pc1_e1mK9OrDJ_1.jpg!m_fill,w_280,h_210,f_jpg?from=ke.com
20240126,海淀,双榆树,101118211451,中关村知春里豪景佳苑优质三居！楼龄新！交通便利！,1250万,96945元/平,低楼层 (共23层) | 1999年 | 3室2厅 | 128.94平米 | 东北,https://ke-image.ljcdn.com/110000-inspection/pc1_srmumRSJ5_1.jpg!m_fill,w_280,h_210,f_jpg?from=ke.com
20240126,海淀,双榆树,101118204455,双榆树东里东南向大客厅带电梯2005年楼龄新,1188万,108138元/平,中楼层 (共20层) 2室2厅 | 109.86平米 | 东南,https://ke-image.ljcdn.com/110000-inspection/pc1_a61qdonms_1.jpg!m_fill,w_280,h_210,f_jpg?from=ke.com
20240126,海淀,双榆树,101118176086,双榆树北路甲4号低层干部户型近地铁生活配套齐,500万,131579元/平,底层 (共6层) 1室1厅 | 38平米 | 南,https://ke-image.ljcdn.com/110000-inspection/0498cc1b-36f0-43c6-9879-147f8aac886f_1000.jpg!m_fill,w_280,h_210,f_jpg?from=ke.com
20240126,海淀,双榆树,101118175286,都市网景 西南向双卫二居 朝小区内无噪音 满五唯一,1280万,104032元/平,中楼层 (共24层) | 2000年 | 2室1厅 | 123.04平米 | 西南,https://ke-image.ljcdn.com/110000-inspection/pc1_K6HsC28lq_1.jpg!m_fill,w_280,h_210,f_jpg?from=ke.com
20240126,海淀,双榆树,101118138156,满五唯一 央产房  南北通透 明厅,799万,97321元/平,顶层 (共6层) 3室1厅 | 82.1平米 | 东 南 北,https://ke-image.ljcdn.com/110000-inspection/pc1_fq4LGT054_1.jpg!m_fill,w_280,h_210,f_jpg?from=ke.com
20240126,海淀,双榆树,101118107907,双榆树北里3号楼楼层好视野开阔近地铁,648万,118465元/平,中楼层 (共16层) | 1985年 | 2室1厅 | 54.7平米 | 东北,https://ke-image.ljcdn.com/110000-inspection/pc1_lmZCkBWxr_1.jpg!m_fill,w_280,h_210,f_jpg?from=ke.com
20240126,海淀,双榆树,101118092395,知春东里 南北通透2居室中间层业主诚心出售！,735万,127384元/平,中楼层 (共6层) | 1987年 | 2室1厅 | 57.7平米 | 南 北,https://ke-image.ljcdn.com/110000-inspection/pc1_OyBqEyNr5_1.jpg!m_fill,w_280,h_210,f_jpg?from=ke.com
20240126,海淀,双榆树,101118040964,知春里南向两居户型方正采光好,768万,144633元/平,底层 (共6层) | 1985年 | 2室1厅 | 53.1平米 | 南,https://ke-image.ljcdn.com/110000-inspection/pc1_H8E94JXPK_1.jpg!m_fill,w_280,h_210,f_jpg?from=ke.com
20240126,海淀,双榆树,101117993293,满五唯一房改房！把边！户型通透有南窗随时看房！,699万,110602元/平,底层 (共3层) | 1994年 | 2室1厅 | 63.2平米 | 东 南 西,https://ke-image.ljcdn.com/110000-inspection/pc1_Ml85AVQ5p_1.jpg!m_fill,w_280,h_210,f_jpg?from=ke.com
20240126,海淀,双榆树,101117963562,双榆树公园对面 电梯房 满五年公房 可以多贷款。房主自荐,782万,109371元/平,中楼层 (共16层) 3室1厅 | 71.5平米 | 西北,https://ke-image.ljcdn.com/110000-inspection/5728e8bd-9b8c-449f-b512-faeb847b4e27_1000.jpg!m_fill,w_280,h_210,f_jpg?from=ke.com
20240126,海淀,双榆树,101117956141,双榆树北路中间楼层干部户型近地铁的精装三居,800万,111889元/平,中楼层 (共6层) | 1983年 | 3室1厅 | 71.5平米 | 西北,https://ke-image.ljcdn.com/110000-inspection/pc1_QgiqYf9ws_1.jpg!m_fill,w_280,h_210,f_jpg?from=ke.com
20240126,海淀,双榆树,101117903733,双榆树北路 东南向板楼高楼层采光视野好,560万,106871元/平,顶层 (共6层) | 1983年 | 2室1厅 | 52.4平米 | 东南,https://ke-image.ljcdn.com/110000-inspection/dc74f6f8-b4ef-4af0-94f8-1fad83910deb_1000.jpg!m_fill,w_280,h_210,f_jpg?from=ke.com
20240126,海淀,双榆树,101117878836,双榆树北里好户型三居业主诚意出售,910万,126741元/平,中楼层 (共6层) 3室1厅 | 71.8平米 | 南 北,https://ke-image.ljcdn.com/110000-inspection/2273dd41-d187-410e-bd19-095febd180fa_1000.jpg!m_fill,w_280,h_210,f_jpg?from=ke.com
20240126,海淀,双榆树,101117878788,：满五年单位分房有客厅带大阳台诚心出售！,620万,129437元/平,低楼层 (共6层) 1室1厅 | 47.9平米 | 南 北,https://ke-image.ljcdn.com/110000-inspection/pc1_BUIUaw0qj_1.jpg!m_fill,w_280,h_210,f_jpg?from=ke.com
20240126,海淀,双榆树,101117789159,双榆树北里 南北全明一居室 满五年唯一 精装修 可停车,560万,117499元/平,顶层 (共6层) 1室1厅 | 47.66平米 | 南 北,https://ke-image.ljcdn.com/110000-inspection/21a8429d-d0c7-48b6-82f0-87ca5aa180c8_1000.jpg!m_fill,w_280,h_210,f_jpg?from=ke.com
20240126,海淀,双榆树,101117771299,满五年唯一 南北通透 客厅有窗户 采光充足视野好,590万,103093元/平,顶层 (共6层) | 1985年 | 2室1厅 | 57.23平米 | 南 北,https://ke-image.ljcdn.com/110000-inspection/dccd8fe2-2000-4fc6-abc7-8d0e4b138b92_1000.jpg!m_fill,w_280,h_210,f_jpg?from=ke.com
20240126,海淀,双榆树,101117706801,知春里地铁  朝向好采光充足楼层好视野开阔,660万,106624元/平,高楼层 (共20层) | 1990年 | 2室1厅 | 61.9平米 | 东,https://ke-image.ljcdn.com/110000-inspection/pc1_7VRJyBmcF_1.jpg!m_fill,w_280,h_210,f_jpg?from=ke.com
20240126,海淀,双榆树,101117587418,双榆树北路 南北通透2居室业主诚心出售！,589万,98660元/平,顶层 (共6层) 2室1厅 | 59.7平米 | 南 北,https://ke-image.ljcdn.com/110000-inspection/pc1_kGOPo4tOC_1.jpg!m_fill,w_280,h_210,f_jpg?from=ke.com
20240126,海淀,双榆树,101117531329,双榆树两居户型方正明厨明卫近地铁房主自荐,749万,118513元/平,顶层 (共6层) 2室1厅 | 63.2平米 | 南 北,https://ke-image.ljcdn.com/110000-inspection/pc1_0uRw19nV5_1.jpg!m_fill,w_280,h_210,f_jpg?from=ke.com
20240126,海淀,双榆树,101117298822,双榆树北路 1996年的板楼 南北通透 诚意出售,866万,120379元/平,底层 (共6层) 3室1厅 | 71.94平米 | 南 北,https://ke-image.ljcdn.com/110000-inspection/cb4514cf-46bd-4da4-9d9d-8a2ccb74ff70_1000.jpg!m_fill,w_280,h_210,f_jpg?from=ke.com
20240126,海淀,双榆树,101117193814,双榆树北里 东西通透 大一居 全明格局 明厅 92年楼龄,540万,120536元/平,底层 (共6层) | 1992年 | 1室1厅 | 44.8平米 | 东 西,https://ke-image.ljcdn.com/110000-inspection/pc1_PLPEN56TG_1.jpg!m_fill,w_280,h_210,f_jpg?from=ke.com
20240126,海淀,双榆树,101117172147,满庭芳园 2室1厅 东 南,956万,111840元/平,低楼层 (共24层) 2室1厅 | 85.48平米 | 东 南,https://ke-image.ljcdn.com/110000-inspection/3d242040-cd4c-42ae-815c-13f334eb2993_1000.jpg!m_fill,w_280,h_210,f_jpg?from=ke.com
20240126,海淀,双榆树,101117138239,航天五院单位分房人车分流有电梯北门就是地铁,605万,147202元/平,顶层 (共6层) | 1985年 | 1室2厅 | 41.1平米 | 南 北,https://ke-image.ljcdn.com/110000-inspection/pc1_EteilCxJ1_1.jpg!m_fill,w_280,h_210,f_jpg?from=ke.com
20240126,海淀,双榆树,101116829328,双榆树北里小区 南北通透三居室 板楼3层 看房方便房主自荐,930万,125000元/平,中楼层 (共6层) 3室1厅 | 74.4平米 | 南 北,https://ke-image.ljcdn.com/110000-inspection/1df7dbf7-8295-4bb5-9343-78c4938d41e5_1000.jpg!m_fill,w_280,h_210,f_jpg?from=ke.com
20240126,海淀,双榆树,101116818526,知春路82号院电梯带客厅三居,1599万,137976元/平,顶层 (共20层) 3室1厅 | 115.89平米 | 东 南,https://ke-image.ljcdn.com/110000-inspection/069f872b-7b05-4ed2-b5e1-fbcc479e3ff9_1000.jpg!m_fill,w_280,h_210,f_jpg?from=ke.com
20240126,海淀,双榆树,101116806889,北京市海淀区中关村双榆树东里精装修南向电梯一居室房主自荐,520万,117648元/平,中楼层 (共16层) 1室1厅 | 44.2平米 | 南,https://ke-image.ljcdn.com/110000-inspection/6a2e983a-13ac-494f-b2c9-2cff800ced3d_1000.jpg!m_fill,w_280,h_210,f_jpg?from=ke.com
20240126,海淀,双榆树,101116784106,双榆树北路南北大两居单价低南北通透采光好,715万,100464元/平,顶层 (共5层) 2室1厅 | 71.17平米 | 南 北,https://ke-image.ljcdn.com/110000-inspection/98738f35-47d5-4dba-aba4-fea11f69cbdc_1000.jpg!m_fill,w_280,h_210,f_jpg?from=ke.com
20240126,海淀,双榆树,101116765976,无遮挡视野好采光好产权清晰精装修,665万,89744元/平,高楼层 (共18层) 2室1厅 | 74.1平米 | 西南,https://ke-image.ljcdn.com/110000-inspection/5d68c11f-45ce-4a6a-8997-768c426136c7_1000.jpg!m_fill,w_280,h_210,f_jpg?from=ke.com
20240126,海淀,双榆树,101116668418,房子满五年唯一格局户型好带阳台实用性强。,690万,102679元/平,底层 (共6层) 2室1厅 | 67.2平米 | 东 西,https://ke-image.ljcdn.com/110000-inspection/pc1_Rdo0vP2kI_1.jpg!m_fill,w_280,h_210,f_jpg?from=ke.com
20240126,海淀,双榆树,101116643609,知春里明厨明卫三居 采光好 电梯直达 单位分房房主自荐,1150万,136208元/平,中楼层 (共18层) | 1989年 | 3室1厅 | 84.43平米 | 南 西南 北,https://ke-image.ljcdn.com/110000-inspection/c7874b2a-9fc6-454e-bd80-5321f1215e9c_1000.jpg!m_fill,w_280,h_210,f_jpg?from=ke.com
20240126,海淀,双榆树,101116643539,双榆树北里小区 板楼3层 南北通透带厅两居室 单位分房房主自荐,740万,136532元/平,中楼层 (共6层) | 1983年 | 2室1厅 | 54.2平米 | 南 北,https://ke-image.ljcdn.com/110000-inspection/pc1_vSVSEK7mq_1.jpg!m_fill,w_280,h_210,f_jpg?from=ke.com
20240126,海淀,双榆树,101116588664,双榆树东里板楼2层 南北通透两居 诚意出售,638万,117065元/平,低楼层 (共6层) | 1985年 | 2室1厅 | 54.5平米 | 北 南,https://ke-image.ljcdn.com/110000-inspection/ea73297f-4eec-402e-9359-9531dc8493da_1000.jpg!m_fill,w_280,h_210,f_jpg?from=ke.com
20240126,海淀,双榆树,101116514475,双榆树西里 人大东门 双阳台精装修两居 楼间距大,699万,109373元/平,高楼层 (共16层) 2室1厅 | 63.91平米 | 西北,https://ke-image.ljcdn.com/110000-inspection/pc1_95lv6CZ11_1.jpg!m_fill,w_280,h_210,f_jpg?from=ke.com
20240126,海淀,双榆树,101116513217,南北通透一居室 板楼有电梯 中间位置不临街,649万,160247元/平,高楼层 (共6层) 1室1厅 | 40.5平米 | 南 北,https://ke-image.ljcdn.com/110000-inspection/pc1_CRxVLZruF_1.jpg!m_fill,w_280,h_210,f_jpg?from=ke.com
20240126,海淀,双榆树,101116348720,双榆树东里两南一北南北通透三居室,720万,107624元/平,顶层 (共6层) | 1981年 | 3室1厅 | 66.9平米 | 南 北,https://ke-image.ljcdn.com/110000-inspection/243fb4cb-be47-4bb3-91b2-1746d55dd316_1000.jpg!m_fill,w_280,h_210,f_jpg?from=ke.com
20240126,海淀,双榆树,101116316664,双榆树东里少有的大客厅三居 南北向明厨明卫 楼龄新,980万,125965元/平,低楼层 (共13层) 3室1厅 | 77.8平米 | 南 北,https://ke-image.ljcdn.com/110000-inspection/pc1_V73rHZpq1_1.jpg!m_fill,w_280,h_210,f_jpg?from=ke.com
20240126,海淀,双榆树,101116146242,海淀黄庄 知春里 南向一居室 带电梯 不临街 诚意出售,599万,118803元/平,高楼层 (共18层) | 1989年 | 1室1厅 | 50.42平米 | 南,https://ke-image.ljcdn.com/110000-inspection/28da95e5-8f13-4dc2-9060-d545beb07fbb_1000.jpg!m_fill,w_280,h_210,f_jpg?from=ke.com
20240126,海淀,双榆树,101116041136,双榆树知春里小区 楼层高 采光好 视野好 电梯直达,815万,112275元/平,高楼层 (共18层) | 1989年 | 2室1厅 | 72.59平米 | 南 西,https://ke-image.ljcdn.com/110000-inspection/pc1_mGQBk77GS_1.jpg!m_fill,w_280,h_210,f_jpg?from=ke.com
20240126,海淀,双榆树,101116016454,双榆树东里 南向一居室 靠谱出售房主自荐,598万,146569元/平,低楼层 (共6层) | 1982年 | 1室1厅 | 40.8平米 | 南,https://ke-image.ljcdn.com/110000-inspection/442afd30-9f8f-42f0-8308-cef1d67b211c_1000.jpg!m_fill,w_280,h_210,f_jpg?from=ke.com
20240126,海淀,双榆树,101115975263,青云北区 满五年唯一商品房两居室阳光很好,550万,108268元/平,顶层 (共5层) 2室1厅 | 50.8平米 | 南,https://ke-image.ljcdn.com/110000-inspection/pc1_UJcyaSBxs_1.jpg!m_fill,w_280,h_210,f_jpg?from=ke.com
20240126,海淀,双榆树,101115841111,知春东里低楼层精装南北通透三居,880万,127722元/平,底层 (共6层) | 1988年 | 3室1厅 | 68.9平米 | 南 北,https://ke-image.ljcdn.com/110000-inspection/09d253e8-858f-420b-9044-20e88fa5b419_1000.jpg!m_fill,w_280,h_210,f_jpg?from=ke.com
20240126,海淀,双榆树,101115756059,看房方便 价格可谈 人车分流 物业管理好 精装修,880万,128280元/平,底层 (共18层) | 1997年 | 2室1厅 | 68.6平米 | 东南 南 东,https://ke-image.ljcdn.com/110000-inspection/pc1_yyRw9za8W_1.jpg!m_fill,w_280,h_210,f_jpg?from=ke.com
20240126,海淀,双榆树,101115714194,双榆树东里新 精装修干湿分离楼层好视野开阔,666万,119355元/平,中楼层 (共16层) | 1985年 | 2室1厅 | 55.8平米 | 东 北,https://ke-image.ljcdn.com/110000-inspection/pc1_jwwgrYuHl_1.jpg!m_fill,w_280,h_210,f_jpg?from=ke.com
20240126,海淀,双榆树,101115529139,塔楼带电梯三居室 小区安静看房方便 随时签约,690万,97047元/平,低楼层 (共16层) | 1987年 | 3室1厅 | 71.1平米 | 西北,https://ke-image.ljcdn.com/110000-inspection/683e213b-e1d5-4836-8320-a276ac858cf1_1000.jpg!m_fill,w_280,h_210,f_jpg?from=ke.com
20240126,海淀,双榆树,101115171459,豪景佳苑 大两居室 满五唯一  户型好,966万,95061元/平,底层 (共19层) | 1999年 | 2室2厅 | 101.62平米 | 西南,https://ke-image.ljcdn.com/110000-inspection/pc1_uNIIbP8Id_1.jpg!m_fill,w_280,h_210,f_jpg?from=ke.com
20240126,海淀,双榆树,101114894610,青云北区明厨明卫两居室婚房装修,649万,111131元/平,顶层 (共6层) | 1985年 | 2室1厅 | 58.4平米 | 南,https://ke-image.ljcdn.com/110000-inspection/pc1_WGQJMENgT_1.jpg!m_fill,w_280,h_210,f_jpg?from=ke.com
20240126,海淀,双榆树,101114826735,精装修   随时看  交通方便,599万,102219元/平,低楼层 (共16层) | 1980年 | 2室1厅 | 58.6平米 | 南,https://ke-image.ljcdn.com/110000-inspection/dc20ef60-513e-4284-9509-1595d11f4b59_1000.jpg!m_fill,w_280,h_210,f_jpg?from=ke.com
20240126,海淀,双榆树,101114676908,双榆树北里 精装修南北通透两居  随时签约 视野开阔房主自荐,725万,133273元/平,高楼层 (共6层) | 1982年 | 2室1厅 | 54.4平米 | 南 北,https://ke-image.ljcdn.com/110000-inspection/9666dfa1-d6c2-447d-a926-ffc47e1ba668_1000.jpg!m_fill,w_280,h_210,f_jpg?from=ke.com
20240126,海淀,双榆树,101114588417,双榆树东里双南向两居室有电梯诚意出售满五唯一,870万,116311元/平,高楼层 (共12层) | 1986年 | 2室1厅 | 74.8平米 | 南,https://ke-image.ljcdn.com/110000-inspection/7e1aba70-3187-4685-b246-d2f0d8a978ab_1000.jpg!m_fill,w_280,h_210,f_jpg?from=ke.com
20240126,海淀,双榆树,101114365749,黄庄南知春里小区 正规一居室 有电梯,650万,125241元/平,低楼层 (共18层) | 1988年 | 1室1厅 | 51.9平米 | 南,https://ke-image.ljcdn.com/110000-inspection/pc1_zwHbtGhsr_1.jpg!m_fill,w_280,h_210,f_jpg?from=ke.com
20240126,海淀,双榆树,101114336934,海淀黄庄双榆树知春里优质南向1居室,650万,125241元/平,低楼层 (共18层) 1室1厅 | 51.9平米 | 南,https://ke-image.ljcdn.com/110000-inspection/1a311e04-3df3-4888-8dda-bdce135540be_1000.jpg!m_fill,w_280,h_210,f_jpg?from=ke.com
20240126,海淀,双榆树,101114102879,双榆树北里 南北通透带客厅二居 出行便利,573万,99826元/平,顶层 (共6层) | 1994年 | 2室1厅 | 57.4平米 | 南 北,https://ke-image.ljcdn.com/110000-inspection/pc1_ZwIjCynZX_1.jpg!m_fill,w_280,h_210,f_jpg?from=ke.com
20240126,海淀,双榆树,101114067409,海淀黄庄双榆树知春里豪景佳苑3居室,1050万,103868元/平,低楼层 (共19层) | 1999年 | 3室1厅 | 101.09平米 | 北 西 东,https://ke-image.ljcdn.com/110000-inspection/pc1_TyxvQY3Kc_1.jpg!m_fill,w_280,h_210,f_jpg?from=ke.com
20240126,海淀,双榆树,101113671316,双榆树西里 南向两居室 采光视野无遮挡,698万,118125元/平,中楼层 (共16层) | 1985年 | 2室1厅 | 59.09平米 | 南 东,https://ke-image.ljcdn.com/110000-inspection/f58acb03-a030-4168-8f6d-07929a5de40f_1000.jpg!m_fill,w_280,h_210,f_jpg?from=ke.com
20240126,海淀,双榆树,101113318920,双榆树大客厅两居室南北通透有电梯楼龄新,740万,94872元/平,顶层 (共10层) | 1997年 | 2室2厅 | 78平米 | 南 北,https://ke-image.ljcdn.com/110000-inspection/pc1_CxMI2Ed6M_1.jpg!m_fill,w_280,h_210,f_jpg?from=ke.com
20240126,海淀,双榆树,101113299615,双榆树东里 南北通透三居室 满五年,790万,109875元/平,高楼层 (共6层) 3室1厅 | 71.9平米 | 南 北,https://ke-image.ljcdn.com/110000-inspection/pc1_tUAmY9bdx_1.jpg!m_fill,w_280,h_210,f_jpg?from=ke.com
20240126,海淀,双榆树,101113169148,双榆树北路南北通透客厅带东窗价格能谈随时看房,529万,125060元/平,中楼层 (共6层) 1室1厅 | 42.3平米 | 南 北,https://ke-image.ljcdn.com/110000-inspection/pc1_hpSlvrCei_1.jpg!m_fill,w_280,h_210,f_jpg?from=ke.com
20240126,海淀,双榆树,101112918490,双榆树照相机厂宿舍 单位分房 刚改造完 诚意出售,685万,119131元/平,顶层 (共6层) | 1985年 | 2室1厅 | 57.5平米 | 南 北,https://ke-image.ljcdn.com/110000-inspection/pc1_2mHzpws9W_1.jpg!m_fill,w_280,h_210,f_jpg?from=ke.com
20240126,海淀,双榆树,101112520345,满庭芳园西南向大客厅正规两居室,980万,101608元/平,低楼层 (共24层) | 1999年 | 2室1厅 | 96.45平米 | 西南,https://ke-image.ljcdn.com/110000-inspection/1c966ef4-4e9a-4279-b1d0-edf3710ee00b_1000.jpg!m_fill,w_280,h_210,f_jpg?from=ke.com
20240126,海淀,双榆树,101111974678,双榆树榆苑公寓  南北通透两居室 诚意出售,448万,81752元/平,地下室 (共7层) | 1999年 | 2室1厅 | 54.8平米 | 南 北,https://ke-image.ljcdn.com/110000-inspection/pc1_4x6guMk5o_1.jpg!m_fill,w_280,h_210,f_jpg?from=ke.com
20240126,海淀,双榆树,101111177927,双榆树东里南向一居室 业主诚意出售,650万,133580元/平,中楼层 (共12层) | 1990年 | 1室1厅 | 48.66平米 | 南,https://ke-image.ljcdn.com/110000-inspection/pc1_ybT8TI4G6_1.jpg!m_fill,w_280,h_210,f_jpg?from=ke.com
20240126,海淀,双榆树,101111083955,双榆树北路6号院 南北通透 客厅有窗,845万,109315元/平,顶层 (共6层) 3室1厅 | 77.3平米 | 南 北,https://ke-image.ljcdn.com/110000-inspection/pc1_8TmWPMvhF_1.jpg!m_fill,w_280,h_210,f_jpg?from=ke.com
20240126,海淀,双榆树,101110809088,知春东里  次顶层一居室  朝南向 不临街 采光好房主自荐,680万,159625元/平,高楼层 (共6层) | 1987年 | 1室1厅 | 42.6平米 | 南,https://ke-image.ljcdn.com/110000-inspection/pc1_lCR5I9LwM_1.jpg!m_fill,w_280,h_210,f_jpg?from=ke.com
20240126,海淀,双榆树,101110501596,中关村东路优质两居室一楼带大套间,690万,131104元/平,底层 (共6层) | 1985年 | 2室1厅 | 52.63平米 | 南 北,https://ke-image.ljcdn.com/110000-inspection/pc1_PVJLwwGHi_1.jpg!m_fill,w_280,h_210,f_jpg?from=ke.com
20240126,海淀,双榆树,101109412180,知春路82号院  航天五院家属区 央产大院,705万,168258元/平,底层 (共6层) | 1985年 | 1室1厅 | 41.9平米 | 南 北,https://ke-image.ljcdn.com/110000-inspection/pc1_LS9tS4BEK_1.jpg!m_fill,w_280,h_210,f_jpg?from=ke.com
20240126,海淀,双榆树,101101670823,满五年  全明户型 两卧朝南 诚意出售 看房方便房主自荐,950万,129605元/平,底层 (共6层) 3室1厅 | 73.3平米 | 南 北,https://ke-image.ljcdn.com/110000-inspection/prod-5688c782-ea39-4de6-a86d-0a7bca8069f9.jpg!m_fill,w_280,h_210,f_jpg?from=ke.com
20240126,海淀,双榆树,101122782229,【区域聚焦房】双榆树北里 满五年唯一 两居 随时可签新上,520万,104000元/平,高楼层 (共6层) 2室1厅 | 50平米 | 东北,https://ke-image.ljcdn.com/110000-inspection/ceecf8c8-d2eb-4ff5-9acd-83694cb7cf1d_1000.jpg!m_fill,w_280,h_210,f_jpg?from=ke.com
20240126,海淀,双榆树,101122778620,此房满五年商品房不占用采光好诚售可谈新上,480万,118812元/平,顶层 (共6层) | 1985年 | 1室1厅 | 40.4平米 | 南,https://ke-image.ljcdn.com/110000-inspection/pc1_hZaWKLbjJ_1.jpg!m_fill,w_280,h_210,f_jpg?from=ke.com
20240126,海淀,双榆树,101122744345,都市网景 东南两居 两个卫生间 精装修新上,1166万,94766元/平,中楼层 (共24层) | 2000年 | 2室2厅 | 123.04平米 | 东南,https://ke-image.ljcdn.com/110000-inspection/pc1_oizAcY0Gq_1.jpg!m_fill,w_280,h_210,f_jpg?from=ke.com
20240126,海淀,双榆树,101122742331,中关村东路105号院 业主诚意出售 看房方便新上,1198万,106046元/平,高楼层 (共6层) | 1997年 | 4室1厅 | 112.97平米 | 东 西,https://ke-image.ljcdn.com/110000-inspection/fc8cd770-689d-4768-a0f7-84e9827465d1_1000.jpg!m_fill,w_280,h_210,f_jpg?from=ke.com
20240126,海淀,双榆树,101122741574,70年产权商品房朝南向大两居室2梯5户地下车位新上,860万,74087元/平,低楼层 (共20层) | 1996年 | 2室1厅 | 116.08平米 | 南,https://ke-image.ljcdn.com/110000-inspection/9cac73f0-1895-471b-a18e-d9097c080f1b_1000.jpg!m_fill,w_280,h_210,f_jpg?from=ke.com
20240126,海淀,双榆树,101122646006,知春里 有电梯 精装修 17号楼 不临街 满五唯一商品房房主自荐,733万,98921元/平,低楼层 (共18层) | 1988年 | 2室1厅 | 74.1平米 | 西南,https://ke-image.ljcdn.com/110000-inspection/a2d51095-ddcf-443d-85f2-db7a2a1e1a69_1000.jpg!m_fill,w_280,h_210,f_jpg?from=ke.com
20240126,海淀,双榆树,101122618292,总监推荐南北通透两居室带客厅单位分房,599万,107348元/平,中楼层 (共6层) | 1993年 | 2室1厅 | 55.8平米 | 南 北,https://ke-image.ljcdn.com/110000-inspection/pc1_Z9B5uP0IT_1.jpg!m_fill,w_280,h_210,f_jpg?from=ke.com
20240126,海淀,双榆树,101122560197,豪景佳苑 3室2厅 西南,1350万,105626元/平,中楼层 (共19层) | 1999年 | 3室2厅 | 127.81平米 | 西南,https://ke-image.ljcdn.com/110000-inspection/pc1_7VqujJjf1_1.jpg!m_fill,w_280,h_210,f_jpg?from=ke.com
20240126,海淀,双榆树,101122492730,满庭芳园 正规三居 视野开阔 自住精装,1120万,95727元/平,中楼层 (共24层) | 1999年 | 3室1厅 | 117平米 | 东 南 北,https://ke-image.ljcdn.com/110000-inspection/pc1_KZZwbCAHc_1.jpg!m_fill,w_280,h_210,f_jpg?from=ke.com
20240126,海淀,双榆树,101122476981,局长楼南北通透高楼层带电梯有平改坡超优,985万,124369元/平,顶层 (共6层) 3室1厅 | 79.2平米 | 北 南,https://ke-image.ljcdn.com/110000-inspection/pc1_EXqbIsxhr_1.jpg!m_fill,w_280,h_210,f_jpg?from=ke.com
20240126,海淀,双榆树,101122389082,满五房改房南北通透 采光充足视野开阔配套齐,730万,105644元/平,顶层 (共6层) | 1981年 | 3室1厅 | 69.1平米 | 南 北,https://ke-image.ljcdn.com/110000-inspection/pc1_45EXjoOBT_1.jpg!m_fill,w_280,h_210,f_jpg?from=ke.com
20240126,海淀,双榆树,101122341456,黄庄双榆树知春里新上精装修一居室,480万,119107元/平,中楼层 (共6层) | 1985年 | 1室1厅 | 40.3平米 | 南,https://ke-image.ljcdn.com/110000-inspection/pc1_cdzuXa3rb_1.jpg!m_fill,w_280,h_210,f_jpg?from=ke.com
20240126,海淀,双榆树,101122333438,双榆树北里 精装修 南北通透 近地铁,625万,113225元/平,中楼层 (共6层) | 1985年 | 2室1厅 | 55.2平米 | 南 北,https://ke-image.ljcdn.com/110000-inspection/pc1_kkm0aLQMk_1.jpg!m_fill,w_280,h_210,f_jpg?from=ke.com
20240126,海淀,双榆树,101122320987,满庭芳园诚意卖高层复式 采光好 视野好,1680万,73899元/平,顶层 (共24层) 5室2厅 | 227.34平米 | 西南,https://ke-image.ljcdn.com/110000-inspection/pc1_UpQmFizPL_1.jpg!m_fill,w_280,h_210,f_jpg?from=ke.com
20240126,海淀,双榆树,101122310126,知春里西社区 满五年唯一的商品房 塔楼 不临街,596万,94304元/平,低楼层 (共18层) 2室1厅 | 63.2平米 | 东南,https://ke-image.ljcdn.com/110000-inspection/pc1_tw1dotmXO_1.jpg!m_fill,w_280,h_210,f_jpg?from=ke.com
20240126,海淀,双榆树,101122307102,知春路82号院 97年东南向电梯三居停车位充足房主自荐,1085万,141645元/平,中楼层 (共18层) | 1997年 | 3室1厅 | 76.6平米 | 东南,https://ke-image.ljcdn.com/110000-inspection/pc1_eFMardb6p_1.jpg!m_fill,w_280,h_210,f_jpg?from=ke.com
20240126,海淀,双榆树,101122306364,双榆树北里 带电梯南向两居 精装修 诚意出售房主自荐,720万,126538元/平,高楼层 (共16层) | 1985年 | 2室1厅 | 56.9平米 | 南,https://ke-image.ljcdn.com/110000-inspection/pc1_Sh5dAtUfY_1.jpg!m_fill,w_280,h_210,f_jpg?from=ke.com
20240126,海淀,双榆树,101122262965,双榆树北路 三居室 产权清晰 业主随时签约,660万,92308元/平,顶层 (共6层) | 1983年 | 3室1厅 | 71.5平米 | 西北,https://ke-image.ljcdn.com/110000-inspection/pc1_BDDTduy78_1.jpg!m_fill,w_280,h_210,f_jpg?from=ke.com
20240126,海淀,双榆树,101122176537,知春里 3室1厅 东 西 北,650万,107439元/平,底层 (共6层) 3室1厅 | 60.5平米 | 东 西 北,https://ke-image.ljcdn.com/110000-inspection/pc1_P2fyYYdrv_1.jpg!m_fill,w_280,h_210,f_jpg?from=ke.com
20240126,海淀,双榆树,101122072583,双榆树东里 2室1厅 南,530万,91696元/平,底层 (共12层) | 1990年 | 2室1厅 | 57.8平米 | 南,https://ke-image.ljcdn.com/110000-inspection/pc1_ddFE7g7fL_1.jpg!m_fill,w_280,h_210,f_jpg?from=ke.com
20240126,海淀,双榆树,101122060019,双榆树知春里满五年唯一带电梯三居室房主自荐,988万,115827元/平,中楼层 (共18层) 3室1厅 | 85.3平米 | 南 西 北,https://ke-image.ljcdn.com/110000-inspection/pc1_v3g4dnQGp_1.jpg!m_fill,w_280,h_210,f_jpg?from=ke.com
20240126,海淀,双榆树,101122056361,满庭芳园 2室1厅 西,910万,99508元/平,底层 (共24层) | 2001年 | 2室1厅 | 91.45平米 | 西,https://ke-image.ljcdn.com/110000-inspection/39b5249a-37f7-46f2-891b-25851372814b_1000.jpg!m_fill,w_280,h_210,f_jpg?from=ke.com
20240126,海淀,双榆树,101121971919,双榆树北路板楼次顶层满二年商品房采光视野无遮挡,610万,116413元/平,高楼层 (共6层) | 1983年 | 2室1厅 | 52.4平米 | 东南,https://ke-image.ljcdn.com/110000-inspection/pc1_MhhuTBeT6_1.jpg!m_fill,w_280,h_210,f_jpg?from=ke.com
20240126,海淀,双榆树,101121967666,知春东里 2室1厅 南,818万,135207元/平,中楼层 (共20层) 2室1厅 | 60.5平米 | 南,https://ke-image.ljcdn.com/110000-inspection/46f861b6-6e98-48f5-8798-7d4347059ec0_1000.jpg!m_fill,w_280,h_210,f_jpg?from=ke.com
20240126,海淀,双榆树,101121904464,海淀区政府大院 南北通透三居室 看房随时 诚意出售,789万,112538元/平,顶层 (共6层) | 1987年 | 3室1厅 | 70.11平米 | 南 北,https://ke-image.ljcdn.com/110000-inspection/pc1_S0a8fKUrA_1.jpg!m_fill,w_280,h_210,f_jpg?from=ke.com
20240126,海淀,双榆树,101121885392,新上 双榆树北里 南北通透 明厨明卫 带客厅！,770万,120501元/平,底层 (共6层) 2室1厅 | 63.9平米 | 南 北,https://ke-image.ljcdn.com/110000-inspection/pc1_5LxsIonOM_1.jpg!m_fill,w_280,h_210,f_jpg?from=ke.com
20240126,海淀,双榆树,101121876166,人民大学双榆树三居精装,680万,112027元/平,顶层 (共6层) 3室1厅 | 60.7平米 | 东南,https://ke-image.ljcdn.com/110000-inspection/pc1_JHqMd8y3n_1.jpg!m_fill,w_280,h_210,f_jpg?from=ke.com
20240126,海淀,双榆树,101121874357,青云北区 南北通透 全明两居 精装 满五唯一 看房随时,550万,95008元/平,顶层 (共5层) 2室1厅 | 57.89平米 | 南 北,https://ke-image.ljcdn.com/110000-inspection/pc1_pn9oV5Kuu_1.jpg!m_fill,w_280,h_210,f_jpg?from=ke.com
20240126,海淀,双榆树,101121850937,双榆树西里南向方正一居浓厚生活气息房主自荐,528万,121129元/平,低楼层 (共16层) | 1985年 | 1室1厅 | 43.59平米 | 南,https://ke-image.ljcdn.com/110000-inspection/3c61decb-86c0-4e0b-be27-06c41c234527_1000.jpg!m_fill,w_280,h_210,f_jpg?from=ke.com
20240126,海淀,双榆树,101121741478,满庭房源优质2居室 看房方便 诚意出售,930万,106408元/平,底层 (共24层) 2室1厅 | 87.4平米 | 东南,https://ke-image.ljcdn.com/110000-inspection/8b7c3d7e-17ac-45ef-b6e4-b0572393edbe_1000.jpg!m_fill,w_280,h_210,f_jpg?from=ke.com
20240126,海淀,双榆树,101121727876,此房满五唯一 东南向三居双卫生间  地段很好生活便利,1180万,104075元/平,中楼层 (共23层) 3室1厅 | 113.38平米 | 东南,https://ke-image.ljcdn.com/110000-inspection/pc1_Cff46Dypm.jpg!m_fill,w_280,h_210,f_jpg?from=ke.com
20240126,海淀,双榆树,101121715686,满庭芳园 2室1厅 西南,950万,108696元/平,中楼层 (共24层) 2室1厅 | 87.4平米 | 西南,https://ke-image.ljcdn.com/110000-inspection/616876d5-8b3b-4ff5-aa02-c6d1728c2d27_1000.jpg!m_fill,w_280,h_210,f_jpg?from=ke.com
20240126,海淀,双榆树,101121711886,人民大学地铁站旁的中间楼层两居室,670万,104835元/平,高楼层 (共16层) 2室1厅 | 63.91平米 | 西 西北 北,https://ke-image.ljcdn.com/110000-inspection/4b106ef0-34f7-4f8d-ba84-53c41d90bab1_1000.jpg!m_fill,w_280,h_210,f_jpg?from=ke.com
20240126,海淀,双榆树,101121685621,知春路82号院 1室1厅 南 北房主自荐,560万,178914元/平,中楼层 (共6层) | 1988年 | 1室1厅 | 31.3平米 | 南 北,https://ke-image.ljcdn.com/110000-inspection/a3169eb8-2b73-482d-936a-d80e13a527e0_1000.jpg!m_fill,w_280,h_210,f_jpg?from=ke.com
20240126,海淀,双榆树,101121666802,双榆树北路 西南向 两居 采光好 视野好诚意出售,690万,114809元/平,低楼层 (共6层) | 1983年 | 2室1厅 | 60.1平米 | 西南,https://ke-image.ljcdn.com/110000-inspection/pc1_DwCnMbo11_1.jpg!m_fill,w_280,h_210,f_jpg?from=ke.com
20240126,海淀,双榆树,101121640696,双榆树北里南北两居满五年唯一板楼2层,669万,122978元/平,低楼层 (共6层) | 1982年 | 2室1厅 | 54.4平米 | 南 北,https://ke-image.ljcdn.com/110000-inspection/pc1_tIGHB9nO4_1.jpg!m_fill,w_280,h_210,f_jpg?from=ke.com
20240126,海淀,双榆树,101121614889,满庭芳园精装满五唯一两居央产房高层视野好房主自荐,990万,108256元/平,高楼层 (共24层) | 1999年 | 2室1厅 | 91.45平米 | 东 北 南,https://ke-image.ljcdn.com/110000-inspection/pc1_kgvHMcLvn_1.jpg!m_fill,w_280,h_210,f_jpg?from=ke.com
20240126,海淀,双榆树,101121591098,知春里精装一居户型方正光线好。,580万,146836元/平,高楼层 (共6层) 1室1厅 | 39.5平米 | 南,https://ke-image.ljcdn.com/110000-inspection/pc1_hRpuJhdLQ_1.jpg!m_fill,w_280,h_210,f_jpg?from=ke.com
20240126,海淀,双榆树,101121586419,北三环电梯新房楼层高视野开阔全明格局户型。,1120万,87316元/平,高楼层 (共24层) | 2000年 | 3室2厅 | 128.27平米 | 西南 北,https://ke-image.ljcdn.com/110000-inspection/pc1_CZocUe69A_1.jpg!m_fill,w_280,h_210,f_jpg?from=ke.com
20240126,海淀,双榆树,101121574148,知春东里 有电梯 正规三居室  区政府大院,980万,135547元/平,中楼层 (共20层) 3室1厅 | 72.3平米 | 西南,https://ke-image.ljcdn.com/110000-inspection/pc1_zIHCV4ORu_1.jpg!m_fill,w_280,h_210,f_jpg?from=ke.com
20240126,海淀,双榆树,101121506863,双榆树东里优质高分房源 满五年唯一3/6停车方便  安静,619万,112751元/平,中楼层 (共6层) | 1990年 | 2室1厅 | 54.9平米 | 南 北,https://ke-image.ljcdn.com/110000-inspection/7855dd03-6910-467d-9d3e-e0e49827650d_1000.jpg!m_fill,w_280,h_210,f_jpg?from=ke.com
20240126,海淀,双榆树,101121427546,双南向 采光好 随时签约 精装修 停车方便 户型方正,536万,99814元/平,高楼层 (共6层) 2室1厅 | 53.7平米 | 南,https://ke-image.ljcdn.com/110000-inspection/f0442a49-9c9c-4703-b059-d65651664cd9_1000.jpg!m_fill,w_280,h_210,f_jpg?from=ke.com
20240126,海淀,双榆树,101121386675,双榆树东里 双南格局好两居 有电梯 采光好 满五唯一,709万,114800元/平,中楼层 (共12层) | 1990年 | 2室1厅 | 61.76平米 | 南 北,https://ke-image.ljcdn.com/110000-inspection/pc1_xZatOb3eW_1.jpg!m_fill,w_280,h_210,f_jpg?from=ke.com
20240126,海淀,双榆树,101121362536,双榆树榆苑公寓 70年住宅  中间层 大客厅 靠谱卖,538万,111619元/平,低楼层 (共7层) | 1999年 | 1室1厅 | 48.2平米 | 南,https://ke-image.ljcdn.com/110000-inspection/9bea96f0-7446-4965-89c7-612304991d68_1000.jpg!m_fill,w_280,h_210,f_jpg?from=ke.com
20240126,海淀,双榆树,101121336471,知春里 带电梯 南向 大一居 精装修 采光好 诚意出售,579万,111561元/平,低楼层 (共18层) | 1988年 | 1室1厅 | 51.9平米 | 东南 南,https://ke-image.ljcdn.com/110000-inspection/f66ae7b4-3f78-4cb4-a0fb-a6f298a0f969_1000.jpg!m_fill,w_280,h_210,f_jpg?from=ke.com
20240126,海淀,双榆树,101121268621,精装修  中间楼层   户型方正,430万,105135元/平,低楼层 (共6层) | 1982年 | 1室1厅 | 40.9平米 | 南,https://ke-image.ljcdn.com/110000-inspection/pc1_MDmYCO0Ci_1.jpg!m_fill,w_280,h_210,f_jpg?from=ke.com
20240126,海淀,双榆树,101121237862,满庭芳园中间楼层两居室满五年成本低靠谱签约！,958万,104757元/平,低楼层 (共24层) | 2000年 | 2室1厅 | 91.45平米 | 西北,https://ke-image.ljcdn.com/110000-inspection/3d8f32f6-d1cc-440c-a1fd-4fa0dad3ca59_1000.jpg!m_fill,w_280,h_210,f_jpg?from=ke.com
20240126,海淀,双榆树,101121164589,北三环满庭芳园 中关村区域 东南四居 满五年单位分房,1460万,111715元/平,高楼层 (共24层) 4室1厅 | 130.69平米 | 东南,https://ke-image.ljcdn.com/110000-inspection/dfa4c495-c042-4892-94d8-7522aa23a07f_1000.jpg!m_fill,w_280,h_210,f_jpg?from=ke.com
20240126,海淀,双榆树,101121139275,北三环双榆树 满庭芳园 方正三居室 诚意出售,1080万,81974元/平,底层 (共24层) 3室1厅 | 131.75平米 | 东北,https://ke-image.ljcdn.com/110000-inspection/6b9bcc59-a241-40de-bc6d-3d383532dd4b_1000.jpg!m_fill,w_280,h_210,f_jpg?from=ke.com
20240126,海淀,双榆树,101120974857,满五年唯一 户型方正实用 业主诚意出售,1058万,91817元/平,中楼层 (共24层) 3室1厅 | 115.23平米 | 西北,https://ke-image.ljcdn.com/110000-inspection/pc1_FoBgxhrOG_1.jpg!m_fill,w_280,h_210,f_jpg?from=ke.com
20240126,海淀,双榆树,101120956069,都市网景 高层东向大两居 视野好 满五唯一,1098万,96843元/平,顶层 (共24层) | 2000年 | 2室1厅 | 113.38平米 | 东南,https://ke-image.ljcdn.com/110000-inspection/8019a3c5-d8cc-405e-b0d1-b8f0c06765e6_1000.jpg!m_fill,w_280,h_210,f_jpg?from=ke.com
20240126,海淀,双榆树,101120949450,中关村东路南北通透2居室精装修诚意出售价格可谈,538万,94007元/平,高楼层 (共6层) | 1985年 | 2室1厅 | 57.23平米 | 南 北,https://ke-image.ljcdn.com/110000-inspection/pc1_HGCAEiC69_1.jpg!m_fill,w_280,h_210,f_jpg?from=ke.com
20240126,海淀,双榆树,101120934882,房子室南北通透全明三居客厅有窗户满五年央产,819万,112377元/平,底层 (共6层) | 1985年 | 3室1厅 | 72.88平米 | 南 西 北,https://ke-image.ljcdn.com/110000-inspection/pc1_HVofEytxz_1.jpg!m_fill,w_280,h_210,f_jpg?from=ke.com
20240126,海淀,双榆树,101120922882,双榆树少有南北朝向正规大客厅大厨卫楼龄新2000年左右房主自荐,578万,100174元/平,中楼层 (共7层) | 1999年 | 2室1厅 | 57.7平米 | 南 北,https://ke-image.ljcdn.com/110000-inspection/pc1_NMJcNAkJ2_1.jpg!m_fill,w_280,h_210,f_jpg?from=ke.com
20240126,海淀,双榆树,101120908515,双榆村北里 南向一居室 板楼 中间楼层房主自荐,510万,130103元/平,低楼层 (共6层) 1室1厅 | 39.2平米 | 南,https://ke-image.ljcdn.com/110000-inspection/f5a09de6-5fd6-469d-a4df-a2b1e11ed460_1000.jpg!m_fill,w_280,h_210,f_jpg?from=ke.com
20240126,海淀,双榆树,101120698999,知春大厦满五年唯一商品房业主诚意出售价格可谈,888万,94882元/平,低楼层 (共20层) | 1996年 | 3室1厅 | 93.59平米 | 南,https://ke-image.ljcdn.com/110000-inspection/37d9c423-5cad-4fbc-af62-d608ccda2f62_1000.jpg!m_fill,w_280,h_210,f_jpg?from=ke.com
20240126,海淀,双榆树,101120671189,双榆树西里 塔楼两居带电梯 户型方正 装修好,768万,120169元/平,中楼层 (共16层) 2室1厅 | 63.91平米 | 西北,https://ke-image.ljcdn.com/110000-inspection/pc1_PEx7vzARt_1.jpg!m_fill,w_280,h_210,f_jpg?from=ke.com
20240126,海淀,双榆树,101120597967,北三环联想桥 满庭芳园 全南向两居室 采光好 交通便利,1098万,119361元/平,中楼层 (共24层) | 2001年 | 2室1厅 | 91.99平米 | 南,https://ke-image.ljcdn.com/110000-inspection/e230fa88-7abf-486a-a3f3-b40051b28003_1000.jpg!m_fill,w_280,h_210,f_jpg?from=ke.com
20240126,海淀,双榆树,101120544233,青云北区净层高2.85米全明户型南北双阳台,690万,109524元/平,中楼层 (共6层) 2室1厅 | 63平米 | 北 南,https://ke-image.ljcdn.com/110000-inspection/12c228ed-2f4b-4503-b4d5-2b1a5cc5a78a_1000.jpg!m_fill,w_280,h_210,f_jpg?from=ke.com
20240126,海淀,双榆树,101120507552,此房是满五年唯一精装修出行方便看房随时,629万,103625元/平,顶层 (共6层) 3室1厅 | 60.7平米 | 西南 北,https://ke-image.ljcdn.com/110000-inspection/8bd437f7-5618-4802-a617-f960efb1c08e_1000.jpg!m_fill,w_280,h_210,f_jpg?from=ke.com
20240126,海淀,双榆树,101120482443,双榆树东里 低单价两居 双卧朝南,628万,93038元/平,低楼层 (共16层) | 1990年 | 2室1厅 | 67.5平米 | 南,https://ke-image.ljcdn.com/110000-inspection/pc1_WrmJDZMEt_1.jpg!m_fill,w_280,h_210,f_jpg?from=ke.com
20240126,海淀,双榆树,101120465839,双榆树西里 人民大学地铁口 中间层 精装修 靠谱好房,498万,113829元/平,中楼层 (共16层) 1室1厅 | 43.75平米 | 南,https://ke-image.ljcdn.com/110000-inspection/pc1_Bs4s6YLS0_1.jpg!m_fill,w_280,h_210,f_jpg?from=ke.com
20240126,海淀,双榆树,101120458227,双榆树东里 3室1厅 南,1430万,105872元/平,低楼层 (共20层) 3室1厅 | 135.07平米 | 南,https://ke-image.ljcdn.com/110000-inspection/pc1_FZm2wa1Ek_1.jpg!m_fill,w_280,h_210,f_jpg?from=ke.com
20240126,海淀,双榆树,101120072633,榆苑公寓 99年楼龄新 南北通透 采光好 户型利用率高房主自荐,560万,97054元/平,高楼层 (共7层) | 1999年 | 2室1厅 | 57.7平米 | 南 北,https://ke-image.ljcdn.com/110000-inspection/pc1_OHkIBIUzx_1.jpg!m_fill,w_280,h_210,f_jpg?from=ke.com
20240126,海淀,双榆树,101119992325,中关村东路105号院南向双阳台有客厅大一居采光好,495万,99980元/平,底层 (共6层) 1室1厅 | 49.51平米 | 南,https://ke-image.ljcdn.com/110000-inspection/c45bcf3e-794f-4ffc-a56f-665f90a9779a_1000.jpg!m_fill,w_280,h_210,f_jpg?from=ke.com
20240126,海淀,双榆树,101119765847,航天大院地下停车位充足人车分流小区绿化好,1276万,165072元/平,底层 (共5层) 3室1厅 | 77.3平米 | 南 北,https://ke-image.ljcdn.com/110000-inspection/pc1_xkUf9oXpX_1.jpg!m_fill,w_280,h_210,f_jpg?from=ke.com
20240126,海淀,双榆树,101119743331,海淀黄庄知春里社区优质好房房主自荐,538万,133499元/平,底层 (共6层) | 1985年 | 1室1厅 | 40.3平米 | 南,https://ke-image.ljcdn.com/110000-inspection/965d52ec-5e40-4946-b624-d10600407746_1000.jpg!m_fill,w_280,h_210,f_jpg?from=ke.com
20240126,海淀,双榆树,101119682241,北三环都市网景大两居室满五唯一,1055万,105744元/平,低楼层 (共24层) | 2000年 | 2室1厅 | 99.77平米 | 东南,https://ke-image.ljcdn.com/110000-inspection/pc1_iyJqGcOue_1.jpg!m_fill,w_280,h_210,f_jpg?from=ke.com
20240126,海淀,双榆树,101119635683,知春东里西南向高层两居视野开阔采光好,715万,98350元/平,高楼层 (共20层) | 1990年 | 2室1厅 | 72.7平米 | 西南,https://ke-image.ljcdn.com/110000-inspection/pc1_G2yIcQERJ_1.jpg!m_fill,w_280,h_210,f_jpg?from=ke.com
20240126,海淀,双榆树,101119369642,知春路青云北区 2层 南向 明厨明卫的两居室,580万,120583元/平,中楼层 (共5层) 2室1厅 | 48.1平米 | 南,https://ke-image.ljcdn.com/110000-inspection/pc1_eVGIzofDP_1.jpg!m_fill,w_280,h_210,f_jpg?from=ke.com
20240126,海淀,双榆树,101119252084,双榆树北路6号院正规两居室  中间层福利分房,810万,114731元/平,中楼层 (共6层) | 1993年 | 2室0厅 | 70.6平米 | 北 南,https://ke-image.ljcdn.com/110000-inspection/d21fedb7-dad6-4379-9684-5d19a45b8cf5_1000.jpg!m_fill,w_280,h_210,f_jpg?from=ke.com
20240126,海淀,双榆树,101119097812,海淀区委大院 知春东里 带电梯 中间层 满五年单位分房,815万,112105元/平,中楼层 (共20层) 2室1厅 | 72.7平米 | 西南,https://ke-image.ljcdn.com/110000-inspection/pc1_DIXsZrdfz_1.jpg!m_fill,w_280,h_210,f_jpg?from=ke.com
20240126,海淀,双榆树,101118731878,知春东里板楼 南北全明一居室 中间楼层 随时签,540万,124138元/平,中楼层 (共6层) | 1988年 | 1室1厅 | 43.5平米 | 南 北,https://ke-image.ljcdn.com/110000-inspection/3c9247d5-51cf-4091-9ec1-8848dafcac32_1000.jpg!m_fill,w_280,h_210,f_jpg?from=ke.com
20240126,海淀,双榆树,101118687524,双榆树北路  双南向  两居室   采光好  带西窗,570万,94842元/平,顶层 (共6层) | 1983年 | 2室1厅 | 60.1平米 | 南 西,https://ke-image.ljcdn.com/110000-inspection/4bd1f547-6998-4eeb-842f-86c3fbd0b405_1000.jpg!m_fill,w_280,h_210,f_jpg?from=ke.com
20240126,海淀,双榆树,101118647028,中间楼层 南北通透三居室 一手业主单位分房房主自荐,750万,131119元/平,中楼层 (共6层) | 1982年 | 3室1厅 | 57.2平米 | 南 北,https://ke-image.ljcdn.com/110000-inspection/8df65a6c-4af7-4137-a123-c5404963b81c_1000.jpg!m_fill,w_280,h_210,f_jpg?from=ke.com
20240126,海淀,双榆树,101118549858,双榆树西里 东南向2居室带电梯业主诚心出售！,568万,96714元/平,顶层 (共16层) | 1988年 | 2室1厅 | 58.73平米 | 东南,https://ke-image.ljcdn.com/110000-inspection/7af720ea-5f84-40fc-af29-09d7b4d58a98_1000.jpg!m_fill,w_280,h_210,f_jpg?from=ke.com
20240126,海淀,双榆树,101118332134,双榆树北里 南北通透精装修2居室业主诚售！,625万,115956元/平,高楼层 (共6层) 2室1厅 | 53.9平米 | 南 北,https://ke-image.ljcdn.com/110000-inspection/pc1_9XvOOGwYe_2.jpg!m_fill,w_280,h_210,f_jpg?from=ke.com
20240126,海淀,双榆树,101118217990,双榆树北里 有电梯   户型方正,660万,102485元/平,高楼层 (共16层) | 1986年 | 2室1厅 | 64.4平米 | 西北,https://ke-image.ljcdn.com/110000-inspection/cea5754d-fd6f-460a-9a6b-0a9f27d06046_1000.jpg!m_fill,w_280,h_210,f_jpg?from=ke.com
20240126,海淀,双榆树,101118204692,中关村东路南北通透随时签约两居室房主自荐,560万,97392元/平,顶层 (共6层) | 1985年 | 2室1厅 | 57.5平米 | 南 北,https://ke-image.ljcdn.com/110000-inspection/pc1_8NyFDoWJ5_1.jpg!m_fill,w_280,h_210,f_jpg?from=ke.com
20240126,海淀,双榆树,101118152689,青云北区 2室1厅 南 北,580万,120083元/平,顶层 (共5层) 2室1厅 | 48.3平米 | 南 北,https://ke-image.ljcdn.com/110000-inspection/pc1_sAHXBu7ey_1.jpg!m_fill,w_280,h_210,f_jpg?from=ke.com
20240126,海淀,双榆树,101118110867,中关村街道双榆树北里小区 南向两居室 两部电梯直达,730万,127802元/平,中楼层 (共16层) 2室1厅 | 57.12平米 | 南,https://ke-image.ljcdn.com/110000-inspection/pc1_jE1e5qdvI_1.jpg!m_fill,w_280,h_210,f_jpg?from=ke.com
20240126,海淀,双榆树,101118090844,建材局自管楼  精装修 近地铁 有电梯,598万,137282元/平,中楼层 (共16层) 1室1厅 | 43.56平米 | 南,https://ke-image.ljcdn.com/110000-inspection/pc1_cOg7LSEZG_1.jpg!m_fill,w_280,h_210,f_jpg?from=ke.com
20240126,海淀,双榆树,101118012532,双榆树西里 朝南向一居室业主诚心出售满五年唯一！,495万,112500元/平,顶层 (共16层) | 1980年 | 1室1厅 | 44平米 | 南,https://ke-image.ljcdn.com/110000-inspection/f579e2cd-3a94-4c84-89da-c15b8fab5e2e_1000.jpg!m_fill,w_280,h_210,f_jpg?from=ke.com
20240126,海淀,双榆树,101117970945,知春东里南北通透精装两居随时签约,788万,143796元/平,底层 (共6层) | 1988年 | 2室1厅 | 54.8平米 | 南 北,https://ke-image.ljcdn.com/110000-inspection/c9c3a837-c4a1-41fe-94ce-9972cd77c852_1000.jpg!m_fill,w_280,h_210,f_jpg?from=ke.com
20240126,海淀,双榆树,101117723527,全南向户型方正不临街无遮挡诚意卖配套成熟,650万,122642元/平,中楼层 (共6层) 2室1厅 | 53平米 | 南,https://ke-image.ljcdn.com/110000-inspection/aeaa4f13-7d20-4872-ab76-c69773074857_1000.jpg!m_fill,w_280,h_210,f_jpg?from=ke.com
20240126,海淀,双榆树,101117580435,都市网景满五年唯一西向三居高楼层视野好采光好,1450万,105655元/平,顶层 (共24层) | 2000年 | 3室2厅 | 137.24平米 | 西南,https://ke-image.ljcdn.com/110000-inspection/32ec40d1-b54f-4f54-9900-8e018769765b_1000.jpg!m_fill,w_280,h_210,f_jpg?from=ke.com
20240126,海淀,双榆树,101117552331,满五唯一精装修两居室西向安静采光好视野棒！,970万,99702元/平,中楼层 (共24层) | 2000年 | 2室1厅 | 97.29平米 | 西南,https://ke-image.ljcdn.com/110000-inspection/pc1_s909qnVnP_1.jpg!m_fill,w_280,h_210,f_jpg?from=ke.com
20240126,海淀,双榆树,101117029675,双榆树东里  南向一居室户型方正 采光充足。,530万,140958元/平,底层 (共6层) 1室1厅 | 37.6平米 | 南,https://ke-image.ljcdn.com/110000-inspection/51247c8b-8c86-465f-a33a-fb7771167ddc_1000.jpg!m_fill,w_280,h_210,f_jpg?from=ke.com
20240126,海淀,双榆树,101114507475,北三环 人大东门 电梯直达 顶层复式 诚意出售,1399万,68092元/平,顶层 (共24层) | 1999年 | 5室3厅 | 205.46平米 | 东 北,https://ke-image.ljcdn.com/110000-inspection/5446123d-6717-4674-99fc-b2b565df9867_1000.jpg!m_fill,w_280,h_210,f_jpg?from=ke.com
20240126,海淀,双榆树,101122676613,知春里豪景佳苑 海淀黄庄 西南向两居室 满五唯一,1050万,108798元/平,中楼层 (共23层) | 1999年 | 2室2厅 | 96.51平米 | 西南,https://s1.ljcdn.com/pegasus/redskull/images/common/default_house_list.png?_v=202401081627157
20240126,海淀,双榆树,101122622058,双榆树北路6号院 2层 南北通透两居室 环境安静,628万,113358元/平,低楼层 (共6层) | 1988年 | 2室1厅 | 55.4平米 | 南 北,https://s1.ljcdn.com/pegasus/redskull/images/common/default_house_list.png?_v=202401081627157
20240126,海淀,双榆树,101122613797,知春路82号院东南三居中间楼层采光好,1150万,150131元/平,中楼层 (共18层) | 1997年 | 3室1厅 | 76.6平米 | 南,https://s1.ljcdn.com/pegasus/redskull/images/common/default_house_list.png?_v=202401081627157
20240126,海淀,双榆树,101122612940,知春里 2室1厅 南 北,750万,122350元/平,顶层 (共6层) | 1985年 | 2室1厅 | 61.3平米 | 南 北,https://s1.ljcdn.com/pegasus/redskull/images/common/default_house_list.png?_v=202401081627157
20240126,海淀,双榆树,101122597595,榆苑公寓 高层带电梯朝南2居室钢混结构,950万,110466元/平,中楼层 (共10层) | 1997年 | 2室1厅 | 86平米 | 南,https://s1.ljcdn.com/pegasus/redskull/images/common/default_house_list.png?_v=202401081627157
20240126,海淀,双榆树,101122581124,双榆树西里 1室1厅 南,550万,135803元/平,底层 (共6层) 1室1厅 | 40.5平米 | 南,https://s1.ljcdn.com/pegasus/redskull/images/common/default_house_list.png?_v=202401081627157
20240126,海淀,双榆树,101122488769,知春东里全南2居满五年唯一户型方正,699万,113659元/平,低楼层 (共20层) | 1990年 | 2室1厅 | 61.5平米 | 南,https://s1.ljcdn.com/pegasus/redskull/images/common/default_house_list.png?_v=202401081627157
20240126,海淀,双榆树,101122470888,知春里板楼全南向两居室 带有电梯诚意出售,609万,114690元/平,高楼层 (共6层) 2室1厅 | 53.1平米 | 南,https://s1.ljcdn.com/pegasus/redskull/images/common/default_house_list.png?_v=202401081627157
20240126,海淀,双榆树,101122431239,满庭芳园 3室1厅 西,1260万,104713元/平,中楼层 (共24层) 3室1厅 | 120.33平米 | 西,https://s1.ljcdn.com/pegasus/redskull/images/common/default_house_list.png?_v=202401081627157
20240126,海淀,双榆树,101122369647,知春东里 满五年唯一 视野开阔 没有遮挡,734万,126771元/平,中楼层 (共6层) 2室1厅 | 57.9平米 | 南 北,https://s1.ljcdn.com/pegasus/redskull/images/common/default_house_list.png?_v=202401081627157
20240126,海淀,双榆树,101122329583,满庭芳园小区 三居 精装修 诚意出售,1010万,87651元/平,低楼层 (共24层) 3室1厅 | 115.23平米 | 西北,https://s1.ljcdn.com/pegasus/redskull/images/common/default_house_list.png?_v=202401081627157
20240126,海淀,双榆树,101122277775,人大地铁站旁双榆树西里高层西南向两居室,615万,102160元/平,高楼层 (共16层) | 1980年 | 2室1厅 | 60.2平米 | 西南,https://s1.ljcdn.com/pegasus/redskull/images/common/default_house_list.png?_v=202401081627157
20240126,海淀,双榆树,101122182133,青云大厦 北三环边 属于中关村商圈 租金高,450万,30095元/平,高楼层 (共23层) | 2002年 | 3室2厅 | 149.53平米 | 东,https://s1.ljcdn.com/pegasus/redskull/images/common/default_house_list.png?_v=202401081627157
20240126,海淀,双榆树,101122082332,北三环联想桥 西向大两居 安静无遮挡 楼龄新有电梯,1150万,115266元/平,高楼层 (共24层) | 2000年 | 2室1厅 | 99.77平米 | 西南,https://s1.ljcdn.com/pegasus/redskull/images/common/default_house_list.png?_v=202401081627157
20240126,海淀,双榆树,101121898367,双榆树东里三居室满五唯一带电梯户型方正格局好,770万,96734元/平,低楼层 (共12层) | 1996年 | 3室1厅 | 79.6平米 | 东南,https://s1.ljcdn.com/pegasus/redskull/images/common/default_house_list.png?_v=202401081627157
20240126,海淀,双榆树,101121745942,双榆树中关村东路青云北区南北通透两居室,590万,93503元/平,顶层 (共6层) | 1985年 | 2室1厅 | 63.1平米 | 南 北,https://s1.ljcdn.com/pegasus/redskull/images/common/default_house_list.png?_v=202401081627157
20240126,海淀,双榆树,101102155273,双榆树北里 东西通透 全明格局 好两居,699万,112308元/平,顶层 (共5层) 2室1厅 | 62.24平米 | 东 西,https://ke-image.ljcdn.com/110000-inspection/05ae26c5-3fb1-406c-ae25-9e80ad4ffeb0.JPG!m_fill,w_280,h_210,f_jpg?from=ke.com
