20240416,海淀,皂君庙,101123739547,皂君东里 南北通透 精装修 停车方便必看好房,420万,75000元/平,顶层 (共6层) | 1985年 | 2室1厅 | 56平米 | 南 北,https://ke-image.ljcdn.com/110000-inspection/pc1_eN5ip3ZpA.jpg!m_fill,w_280,h_210,f_jpg?from=ke.com
20240416,海淀,皂君庙,101123439757,皂君东里 满五唯一 中间层 不临街 南北通透必看好房,645万,92806元/平,高楼层 (共6层) | 1988年 | 3室1厅 | 69.5平米 | 南 北,https://ke-image.ljcdn.com/110000-inspection/pc1_yqJ7GPiGv.jpg!m_fill,w_280,h_210,f_jpg?from=ke.com
20240416,海淀,皂君庙,101123173471,双榆树南里二区 3室1厅 南 北必看好房,650万,90003元/平,高楼层 (共6层) 3室1厅 | 72.22平米 | 南 北,https://ke-image.ljcdn.com/110000-inspection/pc1_gxHWt43Vi.jpg!m_fill,w_280,h_210,f_jpg?from=ke.com
20240416,海淀,皂君庙,101122762535,皂君庙乙2号院 西南朝向两居室满五年唯一必看好房,395万,75816元/平,底层 (共6层) 2室1厅 | 52.1平米 | 西南,https://ke-image.ljcdn.com/110000-inspection/pc1_YYbq0vC9u.jpg!m_fill,w_280,h_210,f_jpg?from=ke.com
20240416,海淀,皂君庙,101122711958,皂君庙14号院 南北两居 中间楼层 精装修 小区管理好必看好房,758万,101609元/平,低楼层 (共6层) 2室1厅 | 74.6平米 | 南 北,https://ke-image.ljcdn.com/110000-inspection/pc1_MRtYOBx8y.jpg!m_fill,w_280,h_210,f_jpg?from=ke.com
20240416,海淀,皂君庙,101123843169,农科院中间层两居室央产房诚心出售停车方便！新上,635万,124510元/平,中楼层 (共5层) 2室1厅 | 51平米 | 南,https://ke-image.ljcdn.com/110000-inspection/a62ece2a-5e0f-4c46-b108-3dbb52e4aebf_1000.jpg!m_fill,w_280,h_210,f_jpg?from=ke.com
20240416,海淀,皂君庙,101123477929,农影小区  南北三居室 高楼层视野好 近地铁,999万,105838元/平,高楼层 (共14层) 3室1厅 | 94.39平米 | 南 北,https://ke-image.ljcdn.com/110000-inspection/1c5c35de-fc54-4ef9-afab-af5e797ec3f1_1000.jpg!m_fill,w_280,h_210,f_jpg?from=ke.com
20240416,海淀,皂君庙,101123398110,四道口9号院农科院皂君庙楼龄新两居室。房主自荐,410万,76650元/平,高楼层 (共6层) | 1999年 | 2室1厅 | 53.49平米 | 南 北,https://ke-image.ljcdn.com/110000-inspection/pc1_cUbnBvuo9.jpg!m_fill,w_280,h_210,f_jpg?from=ke.com
20240416,海淀,皂君庙,101123191112,农科院中间层三居室精装修不临街诚心出售！,830万,121523元/平,中楼层 (共6层) 3室1厅 | 68.3平米 | 南 北,https://ke-image.ljcdn.com/110000-inspection/pc1_iRi5ReLzM.jpg!m_fill,w_280,h_210,f_jpg?from=ke.com
20240416,海淀,皂君庙,101122582884,北三环西路48号院 3室2厅 东南必看好房,1450万,73240元/平,中楼层 (共25层) 3室2厅 | 197.98平米 | 东南,https://ke-image.ljcdn.com/110000-inspection/pc1_3hd7ZjfsI.jpg!m_fill,w_280,h_210,f_jpg?from=ke.com
20240416,海淀,皂君庙,101122437094,农科院中间楼层南北全明格局3居采光好无浪费必看好房,828万,108605元/平,中楼层 (共5层) 3室1厅 | 76.24平米 | 南 北,https://ke-image.ljcdn.com/110000-inspection/pc1_SoiMUdmtZ.jpg!m_fill,w_280,h_210,f_jpg?from=ke.com
20240416,海淀,皂君庙,101122264543,学院南路 皂君庙 满五唯一南向一居室必看好房,348万,82858元/平,中楼层 (共6层) | 1987年 | 1室1厅 | 42平米 | 南,https://ke-image.ljcdn.com/110000-inspection/pc1_pYnvKIyou.jpg!m_fill,w_280,h_210,f_jpg?from=ke.com
20240416,海淀,皂君庙,101122087725,中监所西区 南北通透两居 中间层 满五年唯一 品质装修必看好房,655万,115419元/平,中楼层 (共5层) 2室1厅 | 56.75平米 | 南 北,https://ke-image.ljcdn.com/110000-inspection/pc1_TmNV1oNIY.jpg!m_fill,w_280,h_210,f_jpg?from=ke.com
20240416,海淀,皂君庙,101118885648,皂君庙西里 满五年唯一商品房 中间楼层,498万,92189元/平,中楼层 (共6层) 2室1厅 | 54.02平米 | 南,https://ke-image.ljcdn.com/110000-inspection/pc1_KY3qj2un9.jpg!m_fill,w_280,h_210,f_jpg?from=ke.com
20240416,海淀,皂君庙,101118805541,皂君西里满五年唯一南北低楼层2居,569万,114950元/平,底层 (共6层) 2室1厅 | 49.5平米 | 南 北,https://ke-image.ljcdn.com/110000-inspection/pc1_yxZzWuebA_1.jpg!m_fill,w_280,h_210,f_jpg?from=ke.com
20240416,海淀,皂君庙,101123649669,青年公寓 南向高层一居室 采光好 视野好,330万,80059元/平,高楼层 (共17层) | 1992年 | 1室1厅 | 41.22平米 | 南,https://ke-image.ljcdn.com/110000-inspection/pc1_3zGoRfluU.jpg!m_fill,w_280,h_210,f_jpg?from=ke.com
20240416,海淀,皂君庙,101123617519,大钟寺地铁13号线 95年板楼 南向两居室必看好房,485万,67455元/平,高楼层 (共6层) | 1995年 | 2室1厅 | 71.9平米 | 南,https://ke-image.ljcdn.com/110000-inspection/pc1_ZBzaokrcr.jpg!m_fill,w_280,h_210,f_jpg?from=ke.com
20240416,海淀,皂君庙,101123540836,皂君西里 农科院 南北通透精装婚房两居室有密码钥匙必看好房,420万,77635元/平,顶层 (共6层) 2室1厅 | 54.1平米 | 南 北,https://ke-image.ljcdn.com/110000-inspection/pc1_yfvJqmECr.jpg!m_fill,w_280,h_210,f_jpg?from=ke.com
20240416,海淀,皂君庙,101123275479,皂君西里农科院双卧室朝南 南北通透满5唯一必看好房,649万,94607元/平,高楼层 (共6层) 3室1厅 | 68.6平米 | 南 北,https://ke-image.ljcdn.com/110000-inspection/pc1_exRsiNaux.jpg!m_fill,w_280,h_210,f_jpg?from=ke.com
20240416,海淀,皂君庙,101123135745,中关村皂君庙南北通透三居室采光好视野佳！必看好房,586万,75497元/平,顶层 (共6层) 3室1厅 | 77.62平米 | 南 北 西,https://ke-image.ljcdn.com/110000-inspection/pc1_K5kwAPv1y.jpg!m_fill,w_280,h_210,f_jpg?from=ke.com
20240416,海淀,皂君庙,101122947305,铸诚大厦 2室1厅 西北必看好房,450万,50791元/平,中楼层 (共19层) | 2005年 | 2室1厅 | 88.6平米 | 西北,https://ke-image.ljcdn.com/110000-inspection/pc1_Bew9uhwaZ.jpg!m_fill,w_280,h_210,f_jpg?from=ke.com
20240416,海淀,皂君庙,101122663978,大钟寺 皂君庙 精装修一居室 满五年唯一必看好房,350万,82412元/平,高楼层 (共6层) | 1999年 | 1室1厅 | 42.47平米 | 南,https://ke-image.ljcdn.com/110000-inspection/pc1_Ue9qzLv1B.jpg!m_fill,w_280,h_210,f_jpg?from=ke.com
20240416,海淀,皂君庙,101122434134,学院南路皂君庙东里 二层 两居室房主自荐,475万,92413元/平,低楼层 (共6层) 2室1厅 | 51.4平米 | 东 北,https://ke-image.ljcdn.com/110000-inspection/pc1_nRIz5Xsfv.jpg!m_fill,w_280,h_210,f_jpg?from=ke.com
20240416,海淀,皂君庙,101121553828,农科院 楼龄新 正规两室一厅 中关村南大街12号必看好房,658万,96199元/平,底层 (共18层) 2室1厅 | 68.4平米 | 西南,https://ke-image.ljcdn.com/110000-inspection/pc1_uRuoIUWoG.jpg!m_fill,w_280,h_210,f_jpg?from=ke.com
20240416,海淀,皂君庙,101121481057,皂君西里 农科院双南向满5年精装修婚房两居室房主自荐,420万,74075元/平,顶层 (共6层) | 1983年 | 2室1厅 | 56.7平米 | 东南,https://ke-image.ljcdn.com/110000-inspection/pc1_2cSiMgeAo.jpg!m_fill,w_280,h_210,f_jpg?from=ke.com
20240416,海淀,皂君庙,101123916359,双榆树南里二区 1室1厅 南新上,448万,89600元/平,底层 (共24层) 1室1厅 | 50平米 | 南,https://ke-image.ljcdn.com/110000-inspection/pc1_wJtY0jJzm.jpg!m_fill,w_280,h_210,f_jpg?from=ke.com
20240416,海淀,皂君庙,101123911297,此房满五南北通透格局楼层好精装修采光充足。新上,709万,89408元/平,底层 (共6层) | 1996年 | 2室1厅 | 79.3平米 | 南 北,https://ke-image.ljcdn.com/110000-inspection/pc1_i8BNkbdIN.jpg!m_fill,w_280,h_210,f_jpg?from=ke.com
20240416,海淀,皂君庙,101123779340,低价格 低单价 满五年商品房 产权清晰 价格可谈,349万,75378元/平,底层 (共6层) | 1993年 | 1室1厅 | 46.3平米 | 东 西,https://ke-image.ljcdn.com/110000-inspection/pc1_A40nICteb.jpg!m_fill,w_280,h_210,f_jpg?from=ke.com
20240416,海淀,皂君庙,101123771508,皂君东里 1室1厅 南,481万,98951元/平,中楼层 (共6层) 1室1厅 | 48.61平米 | 南,https://ke-image.ljcdn.com/110000-inspection/pc1_7nVyRmAwP.jpg!m_fill,w_280,h_210,f_jpg?from=ke.com
20240416,海淀,皂君庙,101123751905,海淀皂君庙皂君东里中间楼层配套齐全,380万,83151元/平,中楼层 (共6层) | 1993年 | 1室1厅 | 45.7平米 | 东 西,https://ke-image.ljcdn.com/110000-inspection/pc1_ExCT5SCs8.jpg!m_fill,w_280,h_210,f_jpg?from=ke.com
20240416,海淀,皂君庙,101123715211,皂君庙14号院 2室1厅 南 北,699万,88594元/平,顶层 (共6层) | 1997年 | 2室1厅 | 78.9平米 | 南 北,https://ke-image.ljcdn.com/110000-inspection/pc1_VILnCHFgI.jpg!m_fill,w_280,h_210,f_jpg?from=ke.com
20240416,海淀,皂君庙,101123680360,皂君庙双榆树皂君皂君庙东里小区大客厅两居,680万,100295元/平,低楼层 (共16层) 3室1厅 | 67.8平米 | 东北,https://ke-image.ljcdn.com/110000-inspection/pc1_enXzeKZKZ.jpg!m_fill,w_280,h_210,f_jpg?from=ke.com
20240416,海淀,皂君庙,101123627122,皂君西里 农科院南北通透双卧室朝南三居室中间层,720万,105264元/平,低楼层 (共6层) | 1993年 | 3室1厅 | 68.4平米 | 南 北,https://ke-image.ljcdn.com/110000-inspection/pc1_0ceB9K0IJ.jpg!m_fill,w_280,h_210,f_jpg?from=ke.com
20240416,海淀,皂君庙,101123568090,皂君庙 东南2居 中间层 无遮挡,630万,100639元/平,中楼层 (共16层) 2室1厅 | 62.6平米 | 南,https://ke-image.ljcdn.com/110000-inspection/pc1_Q1Z9APppI.jpg!m_fill,w_280,h_210,f_jpg?from=ke.com
20240416,海淀,皂君庙,101123562979,天作国际2008年建成楼层好视野好采光充足带电梯,450万,87193元/平,中楼层 (共15层) 1室1厅 | 51.61平米 | 东,https://ke-image.ljcdn.com/110000-inspection/pc1_64v5z3rW5.jpg!m_fill,w_280,h_210,f_jpg?from=ke.com
20240416,海淀,皂君庙,101123542988,交大 皂君庙新上两居 全明格局 楼层好 采光充足,549万,90895元/平,低楼层 (共6层) | 1983年 | 2室1厅 | 60.4平米 | 南,https://ke-image.ljcdn.com/110000-inspection/pc1_Wb0vaEcyv.jpg!m_fill,w_280,h_210,f_jpg?from=ke.com
20240416,海淀,皂君庙,101123506606,皂君西里 满五唯一单位分房 全明三居室,680万,87697元/平,低楼层 (共6层) 3室1厅 | 77.54平米 | 南 北 东,https://ke-image.ljcdn.com/110000-inspection/pc1_brPDCrIYc.jpg!m_fill,w_280,h_210,f_jpg?from=ke.com
20240416,海淀,皂君庙,101123472130,农科院商圈 皂君西里 南北通透三居  使用率高满五唯一,1080万,159293元/平,底层 (共6层) | 1987年 | 3室1厅 | 67.8平米 | 南 北,https://ke-image.ljcdn.com/110000-inspection/pc1_aZy5GVMIP.jpg!m_fill,w_280,h_210,f_jpg?from=ke.com
20240416,海淀,皂君庙,101123444697,皂君庙鑫雅苑带电体西南向两居室满五年唯一,720万,91290元/平,中楼层 (共20层) 2室1厅 | 78.87平米 | 西南 南,https://ke-image.ljcdn.com/110000-inspection/pc1_vggsbSgyZ.jpg!m_fill,w_280,h_210,f_jpg?from=ke.com
20240416,海淀,皂君庙,101123422619,皂君东里农科院精装自住南北通透三居室带大客厅,1080万,83657元/平,顶层 (共6层) 3室1厅 | 129.1平米 | 南 北,https://ke-image.ljcdn.com/110000-inspection/pc1_b23PzCJKW.jpg!m_fill,w_280,h_210,f_jpg?from=ke.com
20240416,海淀,皂君庙,101123402530,农影小区农科院南北通透带电梯三居室满5唯一,1220万,129954元/平,中楼层 (共14层) | 1999年 | 3室1厅 | 93.88平米 | 南 北,https://ke-image.ljcdn.com/110000-inspection/pc1_UttzD8YpZ.jpg!m_fill,w_280,h_210,f_jpg?from=ke.com
20240416,海淀,皂君庙,101123343542,皂君东里 楼龄新 南北通透 出行方便,515万,87735元/平,底层 (共6层) | 1993年 | 2室1厅 | 58.7平米 | 南 北,https://ke-image.ljcdn.com/110000-inspection/pc1_m48tj6jvy.jpg!m_fill,w_280,h_210,f_jpg?from=ke.com
20240416,海淀,皂君庙,101123341837,四道口9号院 楼龄新 采光好 出行方便,460万,90874元/平,高楼层 (共6层) | 1999年 | 1室1厅 | 50.62平米 | 东 西,https://ke-image.ljcdn.com/110000-inspection/pc1_8yyJXeqTX.jpg!m_fill,w_280,h_210,f_jpg?from=ke.com
20240416,海淀,皂君庙,101123313307,青年公寓南向满五年一居室中高楼层视野好采光好,380万,90219元/平,中楼层 (共17层) | 1992年 | 1室1厅 | 42.12平米 | 南,https://ke-image.ljcdn.com/110000-inspection/pc1_xqF3lyHXg.jpg!m_fill,w_280,h_210,f_jpg?from=ke.com
20240416,海淀,皂君庙,101123309163,双榆树南里二区 电梯三居室 周边配套好房主自荐,708万,94527元/平,低楼层 (共24层) | 1992年 | 3室1厅 | 74.9平米 | 东 西北,https://ke-image.ljcdn.com/110000-inspection/pc1_SgAXX6yy2.jpg!m_fill,w_280,h_210,f_jpg?from=ke.com
20240416,海淀,皂君庙,101123290317,皂君东里 1994年楼龄 中低楼层 不临街 停车方便,510万,85859元/平,低楼层 (共6层) | 1993年 | 2室1厅 | 59.4平米 | 南 北,https://ke-image.ljcdn.com/110000-inspection/pc1_qNiUrucJG.jpg!m_fill,w_280,h_210,f_jpg?from=ke.com
20240416,海淀,皂君庙,101123270789,青云南区电梯三居楼层好满五唯一交通便利。,680万,111659元/平,高楼层 (共18层) | 1989年 | 3室1厅 | 60.9平米 | 东北,https://ke-image.ljcdn.com/110000-inspection/pc1_inRitBElA.jpg!m_fill,w_280,h_210,f_jpg?from=ke.com
20240416,海淀,皂君庙,101123264534,铸诚大厦 1室0厅 北,890万,51983元/平,低楼层 (共19层) | 2005年 | 1室0厅 | 171.21平米 | 北,https://ke-image.ljcdn.com/110000-inspection/pc1_5Q1SzZQVN.jpg!m_fill,w_280,h_210,f_jpg?from=ke.com
20240416,海淀,皂君庙,101123228105,皂君西里 满五唯一 南北通透 全明格局,629万,91960元/平,顶层 (共6层) | 1984年 | 3室1厅 | 68.4平米 | 南 北,https://ke-image.ljcdn.com/110000-inspection/pc1_vo894MOaX.jpg!m_fill,w_280,h_210,f_jpg?from=ke.com
20240416,海淀,皂君庙,101123209319,此房满五南北通透格局楼层好视野宽阔采光充足。,818万,104204元/平,高楼层 (共6层) 2室1厅 | 78.5平米 | 南 北,https://ke-image.ljcdn.com/110000-inspection/pc1_0m7OCjtHJ.jpg!m_fill,w_280,h_210,f_jpg?from=ke.com
20240416,海淀,皂君庙,101123208760,：满五年全明户型好停车。,350万,90440元/平,中楼层 (共6层) 1室1厅 | 38.7平米 | 东,https://ke-image.ljcdn.com/110000-inspection/pc1_ontGk2QBS.jpg!m_fill,w_280,h_210,f_jpg?from=ke.com
20240416,海淀,皂君庙,101123206768,四道口9号院农科院南北通透一居室可以当做两居室,420万,81681元/平,中楼层 (共6层) | 1999年 | 1室1厅 | 51.42平米 | 南 北,https://ke-image.ljcdn.com/110000-inspection/pc1_0nHWbOVAi.jpg!m_fill,w_280,h_210,f_jpg?from=ke.com
20240416,海淀,皂君庙,101123202548,青云南区双卧朝南全明两居邻地铁4号线,560万,85627元/平,中楼层 (共5层) | 1961年 | 2室1厅 | 65.4平米 | 南,https://ke-image.ljcdn.com/110000-inspection/pc1_YWdVNIfcu.jpg!m_fill,w_280,h_210,f_jpg?from=ke.com
20240416,海淀,皂君庙,101123195199,皂君庙 全明户型三居室 不唯一单位分房 看房随时,695万,89910元/平,顶层 (共6层) | 1993年 | 3室1厅 | 77.3平米 | 东南 北,https://ke-image.ljcdn.com/110000-inspection/pc1_iOqoYZMup.jpg!m_fill,w_280,h_210,f_jpg?from=ke.com
20240416,海淀,皂君庙,101123169320,皂君东里 1室1厅 南 北,410万,95705元/平,底层 (共6层) 1室1厅 | 42.84平米 | 南 北,https://ke-image.ljcdn.com/110000-inspection/pc1_fmYUSDt2z.jpg!m_fill,w_280,h_210,f_jpg?from=ke.com
20240416,海淀,皂君庙,101123153432,青年公寓 70年产权 民水民电有燃气 带电梯钢混结构,345万,83698元/平,低楼层 (共17层) | 1992年 | 1室1厅 | 41.22平米 | 南,https://ke-image.ljcdn.com/110000-inspection/pc1_N3q8Ly7L2.jpg!m_fill,w_280,h_210,f_jpg?from=ke.com
20240416,海淀,皂君庙,101123141685,天作国际中心2008年建成酒店式设计管理严格地铁4号线,460万,89687元/平,低楼层 (共15层) | 2008年 | 1室0厅 | 51.29平米 | 东,https://ke-image.ljcdn.com/110000-inspection/pc1_J5eoANT39.jpg!m_fill,w_280,h_210,f_jpg?from=ke.com
20240416,海淀,皂君庙,101123140387,中关村青年公寓皂君庙南向一居室采光好！房主自荐,340万,101980元/平,低楼层 (共17层) | 1992年 | 1室1厅 | 33.34平米 | 南,https://ke-image.ljcdn.com/110000-inspection/pc1_4Fw3yEB3i.jpg!m_fill,w_280,h_210,f_jpg?from=ke.com
20240416,海淀,皂君庙,101123130680,天作国际中心满五年唯一商品房一居室,395万,103948元/平,中楼层 (共9层) 1室1厅 | 38平米 | 北,https://ke-image.ljcdn.com/110000-inspection/pc1_wHM3xCWKc.jpg!m_fill,w_280,h_210,f_jpg?from=ke.com
20240416,海淀,皂君庙,101123123263,皂君东里 低楼层两居室 南北通透,528万,98508元/平,底层 (共6层) | 1988年 | 2室1厅 | 53.6平米 | 南 北,https://ke-image.ljcdn.com/110000-inspection/5773e99f-4ed7-4834-bf68-397a8a5bcc9c_1000.jpg!m_fill,w_280,h_210,f_jpg?from=ke.com
20240416,海淀,皂君庙,101123095934,皂君西里农科院满5唯一精装自住看房方便,560万,98766元/平,顶层 (共6层) | 1987年 | 2室1厅 | 56.7平米 | 南 北,https://ke-image.ljcdn.com/110000-inspection/pc1_iGfPg40EZ.jpg!m_fill,w_280,h_210,f_jpg?from=ke.com
20240416,海淀,皂君庙,101123074178,皂君庙14号院农科院大钟寺,1450万,83816元/平,高楼层 (共6层) 3室2厅 | 173平米 | 东 南 西,https://ke-image.ljcdn.com/110000-inspection/pc1_EYmb8aPRj.jpg!m_fill,w_280,h_210,f_jpg?from=ke.com
20240416,海淀,皂君庙,101123063169,青年公寓 1室1厅 北,335万,79535元/平,高楼层 (共17层) 1室1厅 | 42.12平米 | 北,https://ke-image.ljcdn.com/110000-inspection/pc1_xrrJk5FMh.jpg!m_fill,w_280,h_210,f_jpg?from=ke.com
20240416,海淀,皂君庙,101123043508,文林大厦 2室1厅 北,590万,78878元/平,中楼层 (共13层) | 2003年 | 2室1厅 | 74.8平米 | 北,https://ke-image.ljcdn.com/110000-inspection/pc1_0pDnMMKHv.jpg!m_fill,w_280,h_210,f_jpg?from=ke.com
20240416,海淀,皂君庙,101123014561,青云南区电梯楼小三居邻地铁4号线人民大学站,620万,102531元/平,高楼层 (共18层) | 1989年 | 3室1厅 | 60.47平米 | 西北,https://ke-image.ljcdn.com/110000-inspection/pc1_wzfBwB3a4.jpg!m_fill,w_280,h_210,f_jpg?from=ke.com
20240416,海淀,皂君庙,101122989944,皂君庙14号院 南向采光无遮挡视野开阔,960万,95050元/平,高楼层 (共9层) 2室1厅 | 101平米 | 南,https://ke-image.ljcdn.com/110000-inspection/pc1_RpJJcpSjA.jpg!m_fill,w_280,h_210,f_jpg?from=ke.com
20240416,海淀,皂君庙,101122916743,农科院 高楼层采光好楼龄新环境好,995万,128388元/平,中楼层 (共18层) 2室1厅 | 77.5平米 | 西南,https://ke-image.ljcdn.com/110000-inspection/pc1_TH9cCdOP0.jpg!m_fill,w_280,h_210,f_jpg?from=ke.com
20240416,海淀,皂君庙,101122886868,农科院明厨明卫一居室楼层好楼龄新,470万,119290元/平,中楼层 (共5层) 1室1厅 | 39.4平米 | 南,https://ke-image.ljcdn.com/110000-inspection/pc1_d1dFyPS9G.jpg!m_fill,w_280,h_210,f_jpg?from=ke.com
20240416,海淀,皂君庙,101122856962,皂君庙14号院 满五年央产房 南北朝向 大客厅,950万,88225元/平,底层 (共6层) | 1994年 | 2室2厅 | 107.68平米 | 南 北,https://ke-image.ljcdn.com/110000-inspection/pc1_oVltkCFzZ.jpg!m_fill,w_280,h_210,f_jpg?from=ke.com
20240416,海淀,皂君庙,101122710807,人民大学 四通桥 大钟寺 联想桥 青年公寓 70年产权,360万,86539元/平,中楼层 (共17层) 1室1厅 | 41.6平米 | 南,https://ke-image.ljcdn.com/110000-inspection/pc1_RnHxf6uGR.jpg!m_fill,w_280,h_210,f_jpg?from=ke.com
20240416,海淀,皂君庙,101122690283,南北通透 带电梯满五唯一商品房,950万,122108元/平,中楼层 (共14层) | 1999年 | 2室1厅 | 77.8平米 | 南 北,https://ke-image.ljcdn.com/110000-inspection/pc1_9Ue4TPmZ5.jpg!m_fill,w_280,h_210,f_jpg?from=ke.com
20240416,海淀,皂君庙,101122648004,财大家属院 2室1厅 南,580万,93203元/平,底层 (共4层) | 1965年 | 2室1厅 | 62.23平米 | 南,https://ke-image.ljcdn.com/110000-inspection/pc1_o3tgDy5Qc.jpg!m_fill,w_280,h_210,f_jpg?from=ke.com
20240416,海淀,皂君庙,101122615851,双榆树南里两居室南向采光充足近地铁精装修,650万,110245元/平,高楼层 (共18层) | 1994年 | 2室1厅 | 58.96平米 | 南,https://ke-image.ljcdn.com/110000-inspection/pc1_s0PbnZn9u.jpg!m_fill,w_280,h_210,f_jpg?from=ke.com
20240416,海淀,皂君庙,101122571152,青年公寓 南向精装修 产权满五年 双地铁 配套完善,400万,97041元/平,低楼层 (共17层) | 1992年 | 1室0厅 | 41.22平米 | 南,https://ke-image.ljcdn.com/110000-inspection/pc1_Xm769pXJX.jpg!m_fill,w_280,h_210,f_jpg?from=ke.com
20240416,海淀,皂君庙,101122552830,皂君东里 农科院 白石桥 精装自住无浪费好格局两居室,498万,85789元/平,低楼层 (共6层) | 1986年 | 2室1厅 | 58.05平米 | 东 北,https://ke-image.ljcdn.com/110000-inspection/pc1_vEUazOVVa.jpg!m_fill,w_280,h_210,f_jpg?from=ke.com
20240416,海淀,皂君庙,101122541559,央产大院、南北通透、户型方正、产权清晰、满五唯一,745万,94280元/平,底层 (共6层) 3室1厅 | 79.02平米 | 南 北,https://ke-image.ljcdn.com/110000-inspection/pc1_DBhzG2fN5.jpg!m_fill,w_280,h_210,f_jpg?from=ke.com
20240416,海淀,皂君庙,101122534059,皂君西里农科院白石桥 双南向一居室,360万,84389元/平,顶层 (共6层) | 1986年 | 1室1厅 | 42.66平米 | 南,https://ke-image.ljcdn.com/110000-inspection/pc1_JjvmqtW65.jpg!m_fill,w_280,h_210,f_jpg?from=ke.com
20240416,海淀,皂君庙,101122529654,海淀中关村青年公寓优质一居室看房方便视野开阔,355万,84284元/平,顶层 (共17层) | 1992年 | 1室1厅 | 42.12平米 | 北,https://ke-image.ljcdn.com/110000-inspection/pc1_K9h9zTKzW.jpg!m_fill,w_280,h_210,f_jpg?from=ke.com
20240416,海淀,皂君庙,101122493914,农科院 双南向小两居 满满阳光 业主靠谱出售 看房方便,618万,122620元/平,中楼层 (共5层) | 1985年 | 2室1厅 | 50.4平米 | 南,https://ke-image.ljcdn.com/110000-inspection/4211f137-7e52-417b-9062-d5788f3586e2_1000.jpg!m_fill,w_280,h_210,f_jpg?from=ke.com
20240416,海淀,皂君庙,101122475644,皂君东里 全明三居 中间层 安静不临街 诚心出售,728万,94179元/平,中楼层 (共6层) | 1993年 | 3室1厅 | 77.3平米 | 东 西 北,https://ke-image.ljcdn.com/110000-inspection/pc1_I9Xk1Zgoc.jpg!m_fill,w_280,h_210,f_jpg?from=ke.com
20240416,海淀,皂君庙,101122417019,文林大厦 2室1厅 西北房主自荐,598万,84512元/平,中楼层 (共13层) 2室1厅 | 70.76平米 | 西北,https://ke-image.ljcdn.com/110000-inspection/pc1_y6MmHgHsS.jpg!m_fill,w_280,h_210,f_jpg?from=ke.com
20240416,海淀,皂君庙,101122409493,中关村海淀青年公寓南向精装一居室采光好视野棒！,360万,84310元/平,高楼层 (共17层) 1室1厅 | 42.7平米 | 南,https://ke-image.ljcdn.com/110000-inspection/pc1_KUWj6D2pU.jpg!m_fill,w_280,h_210,f_jpg?from=ke.com
20240416,海淀,皂君庙,101122386647,双榆树南里二区 2室1厅 西,560万,97392元/平,高楼层 (共18层) 2室1厅 | 57.5平米 | 西,https://ke-image.ljcdn.com/110000-inspection/pc1_W9jjYSqqL.jpg!m_fill,w_280,h_210,f_jpg?from=ke.com
20240416,海淀,皂君庙,101122361677,4号线魏公村地铁 农科院 南北通透一居 公房满五唯一,466万,108625元/平,顶层 (共6层) 1室1厅 | 42.9平米 | 南 北,https://ke-image.ljcdn.com/110000-inspection/pc1_pt1klrlnt.jpg!m_fill,w_280,h_210,f_jpg?from=ke.com
20240416,海淀,皂君庙,101122225508,四道口5号院 南北通透四居室采光好,1700万,99091元/平,低楼层 (共7层) 4室2厅 | 171.56平米 | 东 南 北,https://ke-image.ljcdn.com/110000-inspection/pc1_MPUtvlvqx.jpg!m_fill,w_280,h_210,f_jpg?from=ke.com
20240416,海淀,皂君庙,101122222967,4号线魏公村地铁 农科院 全明户型三居 公房满五年房主自荐,899万,116602元/平,顶层 (共6层) | 1992年 | 3室1厅 | 77.1平米 | 南 北,https://ke-image.ljcdn.com/110000-inspection/pc1_6fSXkgXqR.jpg!m_fill,w_280,h_210,f_jpg?from=ke.com
20240416,海淀,皂君庙,101122209341,皂君庙 南北中间层 满五年 精装 不临街,600万,102390元/平,中楼层 (共6层) 2室1厅 | 58.6平米 | 南 北,https://ke-image.ljcdn.com/110000-inspection/pc1_FByNRJqZN.jpg!m_fill,w_280,h_210,f_jpg?from=ke.com
20240416,海淀,皂君庙,101122201287,双榆树南里 华侨公寓 南北向一居室 满五年唯一,460万,94070元/平,中楼层 (共5层) | 1982年 | 1室1厅 | 48.9平米 | 南 北,https://ke-image.ljcdn.com/110000-inspection/pc1_X36Fp8l6V.jpg!m_fill,w_280,h_210,f_jpg?from=ke.com
20240416,海淀,皂君庙,101122110565,皂君庙丙4号院农科院南向一居室无遮挡采光好,380万,97787元/平,高楼层 (共6层) | 1999年 | 1室1厅 | 38.86平米 | 南,https://ke-image.ljcdn.com/110000-inspection/pc1_nx1ZvqRim.jpg!m_fill,w_280,h_210,f_jpg?from=ke.com
20240416,海淀,皂君庙,101122058569,皂君东里农科院楼龄新精装修南向大一居室有小区环境房主自荐,409万,92744元/平,低楼层 (共6层) | 1993年 | 1室1厅 | 44.1平米 | 南,https://ke-image.ljcdn.com/110000-inspection/pc1_0qQNqszxY.jpg!m_fill,w_280,h_210,f_jpg?from=ke.com
20240416,海淀,皂君庙,101122024679,皂君东里电梯房无遮挡中高层不临街,628万,100320元/平,中楼层 (共16层) 2室1厅 | 62.6平米 | 西 南,https://ke-image.ljcdn.com/110000-inspection/pc1_Q4E6iF0p2.jpg!m_fill,w_280,h_210,f_jpg?from=ke.com
20240416,海淀,皂君庙,101121995141,青年公寓 1室1厅 北,360万,85471元/平,高楼层 (共17层) 1室1厅 | 42.12平米 | 北,https://ke-image.ljcdn.com/110000-inspection/pc1_49joph57U.jpg!m_fill,w_280,h_210,f_jpg?from=ke.com
20240416,海淀,皂君庙,101121990793,皂君东里 全明户型一居室   无抵押 非顶层房主自荐,390万,91722元/平,高楼层 (共6层) | 1989年 | 1室1厅 | 42.52平米 | 南,https://ke-image.ljcdn.com/110000-inspection/pc1_aP88TsAZV.jpg!m_fill,w_280,h_210,f_jpg?from=ke.com
20240416,海淀,皂君庙,101121967424,天作国际中心 西向两居室 满五年唯一 精装修,950万,90494元/平,高楼层 (共15层) 2室1厅 | 104.98平米 | 西,https://ke-image.ljcdn.com/110000-inspection/pc1_o6BwOd5bs_1.jpg!m_fill,w_280,h_210,f_jpg?from=ke.com
20240416,海淀,皂君庙,101121944040,农科院楼龄新有电梯采光好大三居,1299万,114379元/平,中楼层 (共24层) 3室1厅 | 113.57平米 | 东南,https://ke-image.ljcdn.com/110000-inspection/pc1_j4XY3S20H_1.jpg!m_fill,w_280,h_210,f_jpg?from=ke.com
20240416,海淀,皂君庙,101121921743,皂君东里 中间层  满五 不临街 南向没遮挡,470万,92886元/平,中楼层 (共5层) 2室1厅 | 50.6平米 | 南,https://ke-image.ljcdn.com/110000-inspection/pc1_Oj8Ok0QSh.jpg!m_fill,w_280,h_210,f_jpg?from=ke.com
20240416,海淀,皂君庙,101121916773,双榆树南里二区南向两居室带电梯满五年唯一。,650万,110245元/平,低楼层 (共18层) | 1992年 | 2室1厅 | 58.96平米 | 南,https://ke-image.ljcdn.com/110000-inspection/pc1_nYs1pz6l7.jpg!m_fill,w_280,h_210,f_jpg?from=ke.com
20240416,海淀,皂君庙,101121882292,双榆树南里精装修一居采光充足视野开阔有钥匙.,415万,101344元/平,中楼层 (共6层) 1室1厅 | 40.95平米 | 南,https://ke-image.ljcdn.com/110000-inspection/pc1_xnbxrKAtY.jpg!m_fill,w_280,h_210,f_jpg?from=ke.com
20240416,海淀,皂君庙,101121880723,卖房 供电局宿舍 1992年楼龄 不临街 可看,580万,89094元/平,中楼层 (共6层) | 1992年 | 3室1厅 | 65.1平米 | 东 西,https://ke-image.ljcdn.com/110000-inspection/pc1_TkFBj5EYP.jpg!m_fill,w_280,h_210,f_jpg?from=ke.com
20240416,海淀,皂君庙,101121858023,皂君庙14号院 南北三居 满五年央产房 户型方正采光好房主自荐,1120万,73588元/平,顶层 (共6层) 3室2厅 | 152.2平米 | 南 北,https://ke-image.ljcdn.com/110000-inspection/pc1_FqGhlXXGC.jpg!m_fill,w_280,h_210,f_jpg?from=ke.com
20240416,海淀,皂君庙,101121848337,皂君东里 低楼层精装修两年总成本低,365万,99456元/平,底层 (共5层) | 1989年 | 1室1厅 | 36.7平米 | 南,https://ke-image.ljcdn.com/110000-inspection/pc1_BN5CkbH6D.jpg!m_fill,w_280,h_210,f_jpg?from=ke.com
20240416,海淀,皂君庙,101121841785,三环内2000年 鑫雅苑商品房社区 视野好采光足房主自荐,988万,92683元/平,中楼层 (共20层) 2室2厅 | 106.6平米 | 东南,https://ke-image.ljcdn.com/110000-inspection/50a4beae-8bbd-4822-99c9-510e3b1ea3b7_1000.jpg!m_fill,w_280,h_210,f_jpg?from=ke.com
20240416,海淀,皂君庙,101121788127,农科院教师家属楼 带电梯两居室 南北通透户型好,905万,119551元/平,低楼层 (共18层) 2室1厅 | 75.7平米 | 南 北,https://ke-image.ljcdn.com/110000-inspection/pc1_M1EDTuC5v.jpg!m_fill,w_280,h_210,f_jpg?from=ke.com
20240416,海淀,皂君庙,101121759394,中关村 双榆树南里 正规两居 南向带电梯 采光好,555万,94164元/平,低楼层 (共18层) | 1995年 | 2室1厅 | 58.94平米 | 南,https://ke-image.ljcdn.com/110000-inspection/pc1_WkAekgwNf.jpg!m_fill,w_280,h_210,f_jpg?from=ke.com
20240416,海淀,皂君庙,101121752653,四道口9号院 大客厅两居室 98年的房子 视野开阔采光好,585万,75582元/平,高楼层 (共6层) 2室1厅 | 77.4平米 | 东 西,https://ke-image.ljcdn.com/110000-inspection/pc1_0L6ccEN1g.jpg!m_fill,w_280,h_210,f_jpg?from=ke.com
20240416,海淀,皂君庙,101121733600,农科院教师家属楼 南北通透全明两居 不临街,750万,129916元/平,中楼层 (共5层) 2室1厅 | 57.73平米 | 南 北,https://ke-image.ljcdn.com/110000-inspection/pc1_9qbe4Kec6.jpg!m_fill,w_280,h_210,f_jpg?from=ke.com
20240416,海淀,皂君庙,101121657441,财大家属院 有电梯三居室可以对外交易,645万,95246元/平,中楼层 (共16层) | 1989年 | 3室1厅 | 67.72平米 | 西北,https://ke-image.ljcdn.com/110000-inspection/pc1_jNB9f0P2k.jpg!m_fill,w_280,h_210,f_jpg?from=ke.com
20240416,海淀,皂君庙,101121637535,双榆树南里二区 2室1厅 东,580万,102149元/平,高楼层 (共18层) 2室1厅 | 56.78平米 | 东,https://ke-image.ljcdn.com/110000-inspection/pc1_OGNZj39DO.jpg!m_fill,w_280,h_210,f_jpg?from=ke.com
20240416,海淀,皂君庙,101121633958,农科院电梯二居室 高楼层视野好,830万,129445元/平,高楼层 (共24层) | 2002年 | 1室1厅 | 64.12平米 | 东南,https://ke-image.ljcdn.com/110000-inspection/pc1_M3b2O7pLp_1.jpg!m_fill,w_280,h_210,f_jpg?from=ke.com
20240416,海淀,皂君庙,101121622975,双榆树南里二区 东西向三居室 中间楼层 业主诚心出售,680万,104455元/平,中楼层 (共6层) | 1992年 | 3室1厅 | 65.1平米 | 东 西,https://ke-image.ljcdn.com/110000-inspection/pc1_0oi4cXMug.jpg!m_fill,w_280,h_210,f_jpg?from=ke.com
20240416,海淀,皂君庙,101121592855,双榆树南里二区 1室1厅 南,398万,99750元/平,低楼层 (共6层) | 1987年 | 1室1厅 | 39.9平米 | 南,https://ke-image.ljcdn.com/110000-inspection/pc1_hV1qaWVLu.jpg!m_fill,w_280,h_210,f_jpg?from=ke.com
20240416,海淀,皂君庙,101121558827,此房南向两居室格局楼层好采光充足交通方便,516万,81094元/平,中楼层 (共6层) | 2000年 | 2室1厅 | 63.63平米 | 南,https://ke-image.ljcdn.com/110000-inspection/pc1_8dGMIPBSO.jpg!m_fill,w_280,h_210,f_jpg?from=ke.com
20240416,海淀,皂君庙,101121557622,财大家属院对外交易  满五唯一 南北向明厨明卫,625万,102611元/平,顶层 (共6层) | 1982年 | 2室1厅 | 60.91平米 | 南 北,https://ke-image.ljcdn.com/110000-inspection/pc1_pJeYUfCPM.jpg!m_fill,w_280,h_210,f_jpg?from=ke.com
20240416,海淀,皂君庙,101121536285,青年公寓 优质电梯一居室  业主诚意出售,388万,92118元/平,低楼层 (共17层) 1室1厅 | 42.12平米 | 北,https://ke-image.ljcdn.com/110000-inspection/2861a029-c9b7-44c4-80aa-ab85417d1065_1000.jpg!m_fill,w_280,h_210,f_jpg?from=ke.com
20240416,海淀,皂君庙,101121531551,海淀区中关村南向两居室看房提前预约满五唯一,599万,119800元/平,高楼层 (共24层) | 1992年 | 2室1厅 | 50平米 | 南,https://ke-image.ljcdn.com/110000-inspection/pc1_1IWGp8UHl.jpg!m_fill,w_280,h_210,f_jpg?from=ke.com
20240416,海淀,皂君庙,101121520576,北三环西路48号院 3室2厅 东南,1900万,85713元/平,中楼层 (共24层) | 1999年 | 3室2厅 | 221.67平米 | 东南,https://ke-image.ljcdn.com/110000-inspection/pc1_L62gMW4Oy.jpg!m_fill,w_280,h_210,f_jpg?from=ke.com
20240416,海淀,皂君庙,101121490610,天作国际2008年商品房地铁4号线魏公村和人民大学站,407万,104924元/平,高楼层 (共9层) 1室0厅 | 38.79平米 | 南,https://ke-image.ljcdn.com/110000-inspection/pc1_sZXdVzU2u.jpg!m_fill,w_280,h_210,f_jpg?from=ke.com
20240416,海淀,皂君庙,101121463775,海淀中关村数码大厦住宅采光好视野棒！,557万,65238元/平,高楼层 (共16层) 1室1厅 | 85.38平米 | 西,https://ke-image.ljcdn.com/110000-inspection/pc1_kdG2uwiHt.jpg!m_fill,w_280,h_210,f_jpg?from=ke.com
20240416,海淀,皂君庙,101121457679,双榆树南里二区 可停车 中高层两居室 采光充足,550万,94812元/平,高楼层 (共6层) 2室1厅 | 58.01平米 | 南 北,https://ke-image.ljcdn.com/110000-inspection/pc1_6vZhusRhW_1.jpg!m_fill,w_280,h_210,f_jpg?from=ke.com
20240416,海淀,皂君庙,101121420282,皂君东里电梯房南向格局管理好满五年唯一看房随时房主自荐,645万,97286元/平,中楼层 (共16层) 2室1厅 | 66.3平米 | 南,https://ke-image.ljcdn.com/110000-inspection/pc1_Jovg6HKRS.jpg!m_fill,w_280,h_210,f_jpg?from=ke.com
20240416,海淀,皂君庙,101121332589,财大家属院  满五年唯一住房 诚意出售,535万,95605元/平,顶层 (共5层) 2室1厅 | 55.96平米 | 南 北,https://ke-image.ljcdn.com/110000-inspection/pc1_OnzEZyrOt.jpg!m_fill,w_280,h_210,f_jpg?from=ke.com
20240416,海淀,皂君庙,101121280539,一居 精装 装修很好 南向 采光好 没有遮挡,349万,86173元/平,高楼层 (共6层) | 1983年 | 1室1厅 | 40.5平米 | 南,https://ke-image.ljcdn.com/110000-inspection/pc1_To5SCcEl5.jpg!m_fill,w_280,h_210,f_jpg?from=ke.com
20240416,海淀,皂君庙,101121270645,皂君庙丙四号大钟寺正规客厅采光好视野棒,728万,99686元/平,顶层 (共6层) 2室2厅 | 73.03平米 | 南 北,https://ke-image.ljcdn.com/110000-inspection/21ab3fc7-37b7-4b8d-a7df-6468aeac6803_1000.jpg!m_fill,w_280,h_210,f_jpg?from=ke.com
20240416,海淀,皂君庙,101121270323,鑫雅苑 西北朝向两居室大客厅 明卫,1040万,96916元/平,中楼层 (共20层) 2室1厅 | 107.31平米 | 西北,https://ke-image.ljcdn.com/110000-inspection/pc1_KyKFK9CSD.jpg!m_fill,w_280,h_210,f_jpg?from=ke.com
20240416,海淀,皂君庙,101121234987,双榆树南里二区 3室1厅 南 北,755万,104542元/平,低楼层 (共6层) | 1988年 | 3室1厅 | 72.22平米 | 南 北,https://ke-image.ljcdn.com/110000-inspection/pc1_Wwx7RcP0G.jpg!m_fill,w_280,h_210,f_jpg?from=ke.com
20240416,海淀,皂君庙,101121216957,皂君东里南北通透全明格局小区干净,565万,96417元/平,中楼层 (共5层) | 1988年 | 2室1厅 | 58.6平米 | 南 北,https://ke-image.ljcdn.com/110000-inspection/pc1_zPZptmcyv.jpg!m_fill,w_280,h_210,f_jpg?from=ke.com
20240416,海淀,皂君庙,101121212773,青年公寓 1室0厅 北房主自荐,356万,84521元/平,中楼层 (共17层) | 1992年 | 1室0厅 | 42.12平米 | 北,https://ke-image.ljcdn.com/110000-inspection/pc1_769Umx7dy.jpg!m_fill,w_280,h_210,f_jpg?from=ke.com
20240416,海淀,皂君庙,101121153841,农科院明厨明卫两居  临地铁4号线魏公村站  央产房,880万,138583元/平,底层 (共4层) 2室1厅 | 63.5平米 | 南 北,https://ke-image.ljcdn.com/110000-inspection/pc1_gkU8OtW5h.jpg!m_fill,w_280,h_210,f_jpg?from=ke.com
20240416,海淀,皂君庙,101121148831,中关村皂君庙双榆树南北两居室看房方便中间楼层,549万,94639元/平,中楼层 (共6层) | 1988年 | 2室1厅 | 58.01平米 | 南 北,https://ke-image.ljcdn.com/110000-inspection/pc1_M0CAbiauu.jpg!m_fill,w_280,h_210,f_jpg?from=ke.com
20240416,海淀,皂君庙,101121142374,学院南路皂君庙随时前约好房 两居,620万,101473元/平,顶层 (共6层) 2室1厅 | 61.1平米 | 南 北,https://ke-image.ljcdn.com/110000-inspection/pc1_ovht5Vptp.jpg!m_fill,w_280,h_210,f_jpg?from=ke.com
20240416,海淀,皂君庙,101121112275,四道口5号院 三室两厅两卫 中间层 适合一家三代,1450万,122819元/平,中楼层 (共7层) | 1997年 | 3室1厅 | 118.06平米 | 南 北,https://ke-image.ljcdn.com/110000-inspection/pc1_pqQ3gdLaM.jpg!m_fill,w_280,h_210,f_jpg?from=ke.com
20240416,海淀,皂君庙,101121110283,皂君庙乙2号院大钟寺农科院,599万,92013元/平,低楼层 (共6层) 2室1厅 | 65.1平米 | 南 北,https://ke-image.ljcdn.com/110000-inspection/pc1_QC4XRHbAO.jpg!m_fill,w_280,h_210,f_jpg?from=ke.com
20240416,海淀,皂君庙,101121068685,皂君庙14号院 2室1厅 东 西,961万,94961元/平,高楼层 (共6层) | 1997年 | 2室1厅 | 101.2平米 | 东 西,https://ke-image.ljcdn.com/110000-inspection/pc1_r0TMOnWG2.jpg!m_fill,w_280,h_210,f_jpg?from=ke.com
20240416,海淀,皂君庙,101121056432,大钟寺甲133号院  低楼层 满五唯一单位分房,560万,86554元/平,低楼层 (共6层) | 1985年 | 2室1厅 | 64.7平米 | 南 北,https://ke-image.ljcdn.com/110000-inspection/pc1_OLCHtf7Rd_1.jpg!m_fill,w_280,h_210,f_jpg?from=ke.com
20240416,海淀,皂君庙,101121014998,鑫雅苑 三环内2000年 商品房社区 视野好,1000万,93188元/平,中楼层 (共20层) 2室2厅 | 107.31平米 | 西北,https://ke-image.ljcdn.com/110000-inspection/pc1_BOZVteJNE.jpg!m_fill,w_280,h_210,f_jpg?from=ke.com
20240416,海淀,皂君庙,101121003883,财大家属院 低楼层一居 不临街 采光无遮挡 交通便利,460万,113777元/平,中楼层 (共5层) | 1981年 | 1室1厅 | 40.43平米 | 南,https://ke-image.ljcdn.com/110000-inspection/pc1_IJHOxSZH9.jpg!m_fill,w_280,h_210,f_jpg?from=ke.com
20240416,海淀,皂君庙,101120969253,4号线人民大学地铁 双安南边 朝南两居 中间层满五年,698万,106728元/平,中楼层 (共5层) | 1961年 | 2室1厅 | 65.4平米 | 南,https://ke-image.ljcdn.com/110000-inspection/pc1_zuUjBfMm1.jpg!m_fill,w_280,h_210,f_jpg?from=ke.com
20240416,海淀,皂君庙,101120969174,精装三居室 农科院 中关村南大街12号,1450万,127675元/平,低楼层 (共24层) 3室1厅 | 113.57平米 | 东南,https://ke-image.ljcdn.com/110000-inspection/pc1_TqnzDyDUk_1.jpg!m_fill,w_280,h_210,f_jpg?from=ke.com
20240416,海淀,皂君庙,101120955303,青年公寓 南向一居室 楼层高 视野好,360万,87337元/平,高楼层 (共17层) | 1992年 | 1室0厅 | 41.22平米 | 南,https://ke-image.ljcdn.com/110000-inspection/pc1_OSQXgmTld.jpg!m_fill,w_280,h_210,f_jpg?from=ke.com
20240416,海淀,皂君庙,101120936139,青年公寓 1室1厅 南,368万,89278元/平,高楼层 (共17层) 1室1厅 | 41.22平米 | 南,https://ke-image.ljcdn.com/110000-inspection/pc1_cCQx4qjUA.jpg!m_fill,w_280,h_210,f_jpg?from=ke.com
20240416,海淀,皂君庙,101120922378,皂君东里农科院精装自住两居室总价优惠房主自荐,399万,69032元/平,地下室 (共6层) 2室1厅 | 57.8平米 | 南 北,https://ke-image.ljcdn.com/110000-inspection/pc1_vqKwECugg.jpg!m_fill,w_280,h_210,f_jpg?from=ke.com
20240416,海淀,皂君庙,101120912764,皂君庙农科院皂君庙14号院,1050万,89286元/平,顶层 (共6层) 3室1厅 | 117.6平米 | 东 北 东北,https://ke-image.ljcdn.com/110000-inspection/pc1_erA3hgqmu.jpg!m_fill,w_280,h_210,f_jpg?from=ke.com
20240416,海淀,皂君庙,101120906337,双榆树南里二区 环境好  好停车  南北通透  中间层,850万,109325元/平,中楼层 (共6层) | 1987年 | 3室1厅 | 77.75平米 | 南 北,https://ke-image.ljcdn.com/110000-inspection/pc1_4laHY1EQm.jpg!m_fill,w_280,h_210,f_jpg?from=ke.com
20240416,海淀,皂君庙,101120902566,青云南区 人大地铁口 带电梯 三居室 精装修,598万,98356元/平,中楼层 (共18层) 3室0厅 | 60.8平米 | 东北,https://ke-image.ljcdn.com/110000-inspection/pc1_mC8q8ahjM.jpg!m_fill,w_280,h_210,f_jpg?from=ke.com
20240416,海淀,皂君庙,101120894372,双榆树南里电梯三居双阳台楼道干净格局方正不临街,950万,116880元/平,低楼层 (共18层) | 1995年 | 3室1厅 | 81.28平米 | 西南,https://ke-image.ljcdn.com/110000-inspection/pc1_tJHUnI8nQ.jpg!m_fill,w_280,h_210,f_jpg?from=ke.com
20240416,海淀,皂君庙,101120878778,鑫雅苑 满五唯一  层高三米 电梯高层 采光好,1028万,99913元/平,中楼层 (共20层) 2室1厅 | 102.89平米 | 西北,https://ke-image.ljcdn.com/110000-inspection/pc1_Y4zS1RaqV_1.jpg!m_fill,w_280,h_210,f_jpg?from=ke.com
20240416,海淀,皂君庙,101120872472,中关村南大街乙8号 低楼层南北两居 满五年唯一,728万,128282元/平,中楼层 (共5层) 2室1厅 | 56.75平米 | 南 北,https://ke-image.ljcdn.com/110000-inspection/pc1_4duEtsLqs.jpg!m_fill,w_280,h_210,f_jpg?from=ke.com
20240416,海淀,皂君庙,101120868728,皂君庙 大钟寺 低楼层 精装修房主自荐,600万,103933元/平,低楼层 (共6层) | 1994年 | 2室1厅 | 57.73平米 | 南 北,https://ke-image.ljcdn.com/110000-inspection/pc1_ZyhMHoDWt.jpg!m_fill,w_280,h_210,f_jpg?from=ke.com
20240416,海淀,皂君庙,101120867420,文林大厦 2室1厅 南,675万,94261元/平,低楼层 (共13层) | 2003年 | 2室1厅 | 71.61平米 | 南,https://ke-image.ljcdn.com/110000-inspection/pc1_7JDyxp6B6.jpg!m_fill,w_280,h_210,f_jpg?from=ke.com
20240416,海淀,皂君庙,101120846316,皂君庙甲7号院  大钟寺 皂君庙 西直门 两居室,545万,85800元/平,高楼层 (共6层) 2室1厅 | 63.52平米 | 东 西,https://ke-image.ljcdn.com/110000-inspection/pc1_qukRRm7s9.jpg!m_fill,w_280,h_210,f_jpg?from=ke.com
20240416,海淀,皂君庙,101120825918,皂君庙14号院 南北通透两居室 诚心出售,825万,110590元/平,低楼层 (共6层) 2室1厅 | 74.6平米 | 南 北,https://ke-image.ljcdn.com/110000-inspection/pc1_G73roUGLe.jpg!m_fill,w_280,h_210,f_jpg?from=ke.com
20240416,海淀,皂君庙,101120825380,皂君庙 精装修南北通透 精装修拎包入住两居室房主自荐,670万,89084元/平,顶层 (共6层) 2室1厅 | 75.21平米 | 南 北,https://ke-image.ljcdn.com/110000-inspection/e4bdd346-5018-4f44-8cf5-7b96dc21f106_1000.jpg!m_fill,w_280,h_210,f_jpg?from=ke.com
20240416,海淀,皂君庙,101120809640,财大家属院 南北通透 全明两居 不临街 停车方便,598万,106293元/平,顶层 (共4层) 2室1厅 | 56.26平米 | 南 北,https://ke-image.ljcdn.com/110000-inspection/pc1_uCNiwyKNt.jpg!m_fill,w_280,h_210,f_jpg?from=ke.com
20240416,海淀,皂君庙,101120744089,农科院小区 中间层 满五唯一央产房,769万,129899元/平,中楼层 (共5层) 2室1厅 | 59.2平米 | 南 北,https://ke-image.ljcdn.com/110000-inspection/pc1_JNOZFegMy.jpg!m_fill,w_280,h_210,f_jpg?from=ke.com
20240416,海淀,皂君庙,101120715775,大钟寺 皂君庙 皂君东里南北向双阳台两居室 满五唯一房主自荐,583万,99659元/平,底层 (共5层) 2室1厅 | 58.5平米 | 南 北,https://ke-image.ljcdn.com/110000-inspection/pc1_rhsaRTwW8.jpg!m_fill,w_280,h_210,f_jpg?from=ke.com
20240416,海淀,皂君庙,101120699176,皂君西里 烟厂宿舍 满五唯一 停车方便,550万,95156元/平,顶层 (共6层) | 1985年 | 2室1厅 | 57.8平米 | 南 北,https://ke-image.ljcdn.com/110000-inspection/pc1_K6lcLZMKc.jpg!m_fill,w_280,h_210,f_jpg?from=ke.com
20240416,海淀,皂君庙,101120698021,皂君庙甲16号院 99年央产社区 单独管理房主自荐,999万,91905元/平,顶层 (共16层) 2室2厅 | 108.7平米 | 东 南,https://ke-image.ljcdn.com/110000-inspection/pc1_MeDC5JI1r.jpg!m_fill,w_280,h_210,f_jpg?from=ke.com
20240416,海淀,皂君庙,101120684400,皂君西里 南北通透 停车位充足 满五唯一,598万,103461元/平,中楼层 (共6层) | 1985年 | 2室1厅 | 57.8平米 | 南 北,https://ke-image.ljcdn.com/110000-inspection/pc1_aguEMf8tg.jpg!m_fill,w_280,h_210,f_jpg?from=ke.com
20240416,海淀,皂君庙,101120629783,中关村南大街乙12号 农科院西门 北理工东门 地铁新房,488万,94556元/平,中楼层 (共15层) 1室1厅 | 51.61平米 | 东,https://ke-image.ljcdn.com/110000-inspection/pc1_LrXku9NC3.jpg!m_fill,w_280,h_210,f_jpg?from=ke.com
20240416,海淀,皂君庙,101120562089,大钟寺 皂君庙 南北通透一居室 精装修,410万,86334元/平,顶层 (共6层) | 1994年 | 1室1厅 | 47.49平米 | 南 北,https://ke-image.ljcdn.com/110000-inspection/pc1_786wfbdnX.jpg!m_fill,w_280,h_210,f_jpg?from=ke.com
20240416,海淀,皂君庙,101120517221,中关村南大街甲8号 低楼层三居室 产权满五年央产房,1420万,112280元/平,底层 (共7层) 3室2厅 | 126.47平米 | 南 北,https://ke-image.ljcdn.com/110000-inspection/pc1_zfDha2pY5.jpg!m_fill,w_280,h_210,f_jpg?from=ke.com
20240416,海淀,皂君庙,101120415458,鑫雅苑 优质两居室 户型好用 诚心出售,1050万,98500元/平,中楼层 (共20层) 2室1厅 | 106.6平米 | 东南,https://ke-image.ljcdn.com/110000-inspection/pc1_ZjCAPcdcM.jpg!m_fill,w_280,h_210,f_jpg?from=ke.com
20240416,海淀,皂君庙,101120332374,天作国际2008年商品房精装修婚房临近地铁诚售,508万,94635元/平,低楼层 (共9层) | 2006年 | 1室1厅 | 53.68平米 | 南,https://ke-image.ljcdn.com/110000-inspection/pc1_QdYzT8JHM.jpg!m_fill,w_280,h_210,f_jpg?from=ke.com
20240416,海淀,皂君庙,101120168417,中关村皂君庙双榆树南里二区南北两居中间楼层,550万,96543元/平,中楼层 (共6层) 2室1厅 | 56.97平米 | 南 北,https://ke-image.ljcdn.com/110000-inspection/pc1_udNCGoM7q.jpg!m_fill,w_280,h_210,f_jpg?from=ke.com
20240416,海淀,皂君庙,101120161866,皂君庙甲16号院 东南向两居 98年央产社区,968万,89053元/平,高楼层 (共16层) | 1998年 | 2室1厅 | 108.7平米 | 东南,https://ke-image.ljcdn.com/110000-inspection/pc1_4hwNSp25y.jpg!m_fill,w_280,h_210,f_jpg?from=ke.com
20240416,海淀,皂君庙,101119851546,农科院内电梯楼三居 楼龄新小区环境好停车方便,1000万,114943元/平,底层 (共18层) 3室1厅 | 87平米 | 东南,https://ke-image.ljcdn.com/110000-inspection/pc1_ysLcFiESI.jpg!m_fill,w_280,h_210,f_jpg?from=ke.com
20240416,海淀,皂君庙,101119823678,北三环里 皂君东里 南向 全明两居室 诚心卖 看房方便,455万,79407元/平,顶层 (共6层) | 1983年 | 2室1厅 | 57.3平米 | 南,https://ke-image.ljcdn.com/110000-inspection/pc1_qcg5S0Ue7.jpg!m_fill,w_280,h_210,f_jpg?from=ke.com
20240416,海淀,皂君庙,101119819040,青云南区 中间楼层 南北两居室 满五年唯一单位分房,930万,111712元/平,中楼层 (共6层) 2室1厅 | 83.25平米 | 南 北,https://ke-image.ljcdn.com/110000-inspection/pc1_h0ZCycj7E.jpg!m_fill,w_280,h_210,f_jpg?from=ke.com
20240416,海淀,皂君庙,101119788807,青年公寓 1室1厅 北,360万,85471元/平,中楼层 (共17层) | 1992年 | 1室1厅 | 42.12平米 | 北,https://ke-image.ljcdn.com/110000-inspection/pc1_2URypmeMk.jpg!m_fill,w_280,h_210,f_jpg?from=ke.com
20240416,海淀,皂君庙,101119736406,双榆树青年公寓 中间层朝南向 双地铁 产权满五年唯一,430万,103366元/平,中楼层 (共17层) 1室1厅 | 41.6平米 | 南,https://ke-image.ljcdn.com/110000-inspection/pc1_mTimukgXa.jpg!m_fill,w_280,h_210,f_jpg?from=ke.com
20240416,海淀,皂君庙,101119511960,海淀  农科院 双安 皂君庙丙4号 中间层 大客厅 双阳台,640万,102172元/平,中楼层 (共6层) 2室1厅 | 62.64平米 | 南 北,https://ke-image.ljcdn.com/110000-inspection/pc1_gofywfJ85.jpg!m_fill,w_280,h_210,f_jpg?from=ke.com
20240416,海淀,皂君庙,101119410122,财大家属院 精装修 中间楼层三居室,860万,111069元/平,低楼层 (共6层) 3室1厅 | 77.43平米 | 南 北,https://ke-image.ljcdn.com/110000-inspection/pc1_USeEtXu86.jpg!m_fill,w_280,h_210,f_jpg?from=ke.com
20240416,海淀,皂君庙,101119341323,中关村皂君庙精装修经典一居室诚心出售,386万,91643元/平,中楼层 (共17层) | 1992年 | 1室1厅 | 42.12平米 | 北,https://ke-image.ljcdn.com/110000-inspection/pc1_LrWI2rjyh.jpg!m_fill,w_280,h_210,f_jpg?from=ke.com
20240416,海淀,皂君庙,101119325156,皂君庙 两居室 诚心出售 随时可看,510万,80290元/平,顶层 (共6层) 2室1厅 | 63.52平米 | 东 西,https://ke-image.ljcdn.com/110000-inspection/pc1_JA6vCeoIq.jpg!m_fill,w_280,h_210,f_jpg?from=ke.com
20240416,海淀,皂君庙,101119307693,南北通透 交通便利 小区环境好 停车方便 随时签约,550万,94812元/平,顶层 (共6层) 2室1厅 | 58.01平米 | 南 北,https://ke-image.ljcdn.com/110000-inspection/pc1_P8OfAzdTw.jpg!m_fill,w_280,h_210,f_jpg?from=ke.com
20240416,海淀,皂君庙,101119286021,大钟寺甲133号院全明一居室南北通透满五年唯一,410万,86316元/平,中楼层 (共6层) | 1994年 | 1室1厅 | 47.5平米 | 南 北,https://ke-image.ljcdn.com/110000-inspection/pc1_YeDgB10Kn.jpg!m_fill,w_280,h_210,f_jpg?from=ke.com
20240416,海淀,皂君庙,101119279001,中关村皂君庙高楼层一居室视野开阔交通便利,380万,90219元/平,高楼层 (共17层) 1室1厅 | 42.12平米 | 北,https://ke-image.ljcdn.com/110000-inspection/pc1_wJNISNdnT.jpg!m_fill,w_280,h_210,f_jpg?from=ke.com
20240416,海淀,皂君庙,101119178479,双榆树南里二区 3室1厅 南 北,800万,112645元/平,低楼层 (共6层) | 1988年 | 3室1厅 | 71.02平米 | 南 北,https://ke-image.ljcdn.com/110000-inspection/pc1_gdTyoD4WZ.jpg!m_fill,w_280,h_210,f_jpg?from=ke.com
20240416,海淀,皂君庙,101119074322,皂君庙鑫雅苑 满五唯一   客厅40平米4.5米宽,1510万,99862元/平,中楼层 (共20层) 3室1厅 | 151.21平米 | 西南,https://ke-image.ljcdn.com/110000-inspection/pc1_RC4uqi46X.jpg!m_fill,w_280,h_210,f_jpg?from=ke.com
20240416,海淀,皂君庙,101118945462,皂君东里明厨明卫一居室交通便利出行方便,445万,105701元/平,顶层 (共6层) | 1990年 | 1室1厅 | 42.1平米 | 西,https://ke-image.ljcdn.com/110000-inspection/pc1_2auKPspqP.jpg!m_fill,w_280,h_210,f_jpg?from=ke.com
20240416,海淀,皂君庙,101118905441,天作国际中心 2室1厅 西北,1050万,85097元/平,中楼层 (共15层) | 2008年 | 2室1厅 | 123.39平米 | 西北,https://ke-image.ljcdn.com/110000-inspection/pc1_6k5aTP80b.jpg!m_fill,w_280,h_210,f_jpg?from=ke.com
20240416,海淀,皂君庙,101118670796,海淀区 青年公寓 电梯 出行方便满五年网签高,350万,83096元/平,中楼层 (共17层) 1室1厅 | 42.12平米 | 北,https://ke-image.ljcdn.com/110000-inspection/pc1_jmqrIUV5M.jpg!m_fill,w_280,h_210,f_jpg?from=ke.com
20240416,海淀,皂君庙,101118662977,皂君东里 南向塔楼有电梯满五年唯一,490万,92140元/平,底层 (共16层) | 1990年 | 2室0厅 | 53.18平米 | 南,https://ke-image.ljcdn.com/110000-inspection/pc1_zrDzpcjIS.jpg!m_fill,w_280,h_210,f_jpg?from=ke.com
20240416,海淀,皂君庙,101118645804,皂君东里 中间层两居室 1994年 南北通透 客厅宽敞明亮,650万,112769元/平,中楼层 (共6层) 2室1厅 | 57.64平米 | 南 北,https://ke-image.ljcdn.com/110000-inspection/pc1_KZVlgJgHu.jpg!m_fill,w_280,h_210,f_jpg?from=ke.com
20240416,海淀,皂君庙,101118563117,皂君庙丙4号院  南北两居  位置好 楼龄新 南北双阳台,640万,85368元/平,顶层 (共6层) | 1999年 | 2室1厅 | 74.97平米 | 南 北,https://ke-image.ljcdn.com/110000-inspection/pc1_5WjMTG2Z5.jpg!m_fill,w_280,h_210,f_jpg?from=ke.com
20240416,海淀,皂君庙,101118479683,中关村皂君庙双榆树南里精装一居室采光好南向,500万,138466元/平,底层 (共6层) 1室1厅 | 36.11平米 | 南,https://ke-image.ljcdn.com/110000-inspection/8e0a3ce4-a7da-4a44-8cce-b50e445cd5f3_1000.jpg!m_fill,w_280,h_210,f_jpg?from=ke.com
20240416,海淀,皂君庙,101118414847,隶属航天部央产房 99年带电梯三居室,1180万,91191元/平,顶层 (共16层) 3室1厅 | 129.4平米 | 西南,https://ke-image.ljcdn.com/110000-inspection/pc1_2ip7CspDD.jpg!m_fill,w_280,h_210,f_jpg?from=ke.com
20240416,海淀,皂君庙,101118371699,北三环西路34号青年公寓双榆树青年公寓,358万,86852元/平,高楼层 (共17层) 1室1厅 | 41.22平米 | 南,https://ke-image.ljcdn.com/110000-inspection/pc1_7scZDIneS.jpg!m_fill,w_280,h_210,f_jpg?from=ke.com
20240416,海淀,皂君庙,101118261834,皂君东里 南北通透全明格局 三建宿舍 靠谱签约,620万,96125元/平,顶层 (共6层) 2室1厅 | 64.5平米 | 南 北,https://ke-image.ljcdn.com/110000-inspection/pc1_y8znh0YXU.jpg!m_fill,w_280,h_210,f_jpg?from=ke.com
20240416,海淀,皂君庙,101118244251,农科院 皂君西里 中间楼层 南北通透 精装修 满五唯一,670万,105396元/平,低楼层 (共6层) | 1984年 | 3室1厅 | 63.57平米 | 东 南 北,https://ke-image.ljcdn.com/110000-inspection/pc1_xmx6jJHYk.jpg!m_fill,w_280,h_210,f_jpg?from=ke.com
20240416,海淀,皂君庙,101118183852,文林大厦  南向  带电梯   四道口房主自荐,599万,83648元/平,中楼层 (共13层) 1室1厅 | 71.61平米 | 西南,https://ke-image.ljcdn.com/110000-inspection/pc1_V41yEUOLX.jpg!m_fill,w_280,h_210,f_jpg?from=ke.com
20240416,海淀,皂君庙,101118174781,满五唯一南北通透带客厅 楼前后没有遮挡采光好,598万,109725元/平,高楼层 (共6层) 2室1厅 | 54.5平米 | 南 北,https://ke-image.ljcdn.com/110000-inspection/pc1_1xiIabwYy.jpg!m_fill,w_280,h_210,f_jpg?from=ke.com
20240416,海淀,皂君庙,101118138644,青年公寓 1室1厅 南,423万,94000元/平,低楼层 (共17层) | 1992年 | 1室1厅 | 45平米 | 南,https://ke-image.ljcdn.com/110000-inspection/pc1_MgfvW2PnB.jpg!m_fill,w_280,h_210,f_jpg?from=ke.com
20240416,海淀,皂君庙,101118098445,文林大厦   南向一居室  电梯房,460万,92593元/平,中楼层 (共13层) 1室1厅 | 49.68平米 | 南,https://ke-image.ljcdn.com/110000-inspection/pc1_VyQrhk5Gh.jpg!m_fill,w_280,h_210,f_jpg?from=ke.com
20240416,海淀,皂君庙,101118094195,皂君庙商圈 农科院小区 经典田字格全明三居 院中院房主自荐,830万,112604元/平,顶层 (共5层) 3室1厅 | 73.71平米 | 南 北,https://ke-image.ljcdn.com/110000-inspection/pc1_ctzJO5bRo_1.jpg!m_fill,w_280,h_210,f_jpg?from=ke.com
20240416,海淀,皂君庙,101118005797,青年公寓 1室1厅 北,390万,93526元/平,中楼层 (共17层) 1室1厅 | 41.7平米 | 北,https://ke-image.ljcdn.com/110000-inspection/pc1_KO7CLXWAh.jpg!m_fill,w_280,h_210,f_jpg?from=ke.com
20240416,海淀,皂君庙,101117800738,海淀区北三环西路辅路南侧青年公寓,305万,72413元/平,高楼层 (共17层) 1室1厅 | 42.12平米 | 北,https://ke-image.ljcdn.com/110000-inspection/pc1_ynS8lzNVi.jpg!m_fill,w_280,h_210,f_jpg?from=ke.com
20240416,海淀,皂君庙,101117751041,皂君西里农科院精装修满5年无遮挡两居室房主自荐,530万,91951元/平,中楼层 (共6层) 2室1厅 | 57.64平米 | 南 北,https://ke-image.ljcdn.com/110000-inspection/pc1_IKsrDCfRm.jpg!m_fill,w_280,h_210,f_jpg?from=ke.com
20240416,海淀,皂君庙,101117730713,皂君东里 满五唯一 低楼层 不临街 交房便捷,746万,101085元/平,底层 (共6层) 3室1厅 | 73.8平米 | 东 南 西,https://ke-image.ljcdn.com/110000-inspection/pc1_J711Z1pmO.jpg!m_fill,w_280,h_210,f_jpg?from=ke.com
20240416,海淀,皂君庙,101117595009,海淀北三环大钟寺皂君庙14号院农科院,1330万,87731元/平,顶层 (共6层) 3室2厅 | 151.6平米 | 南 北,https://ke-image.ljcdn.com/110000-inspection/pc1_vd5Wq7WSG.jpg!m_fill,w_280,h_210,f_jpg?from=ke.com
20240416,海淀,皂君庙,101117526392,北三环 双榆树南里二区 中间层南向一居,450万,112248元/平,中楼层 (共6层) 1室1厅 | 40.09平米 | 南,https://ke-image.ljcdn.com/110000-inspection/pc1_t4U9pNCwE.jpg!m_fill,w_280,h_210,f_jpg?from=ke.com
20240416,海淀,皂君庙,101117188387,中关村皂君庙青年公寓南向一居室采光好视野佳！,410万,99467元/平,低楼层 (共17层) 1室0厅 | 41.22平米 | 南,https://ke-image.ljcdn.com/110000-inspection/pc1_hpCLrbtUm.jpg!m_fill,w_280,h_210,f_jpg?from=ke.com
20240416,海淀,皂君庙,101117106389,皂君庙 农科院小区 东南北四室二卫 有电梯临近东花园,1550万,138641元/平,高楼层 (共24层) 4室1厅 | 111.8平米 | 东北,https://ke-image.ljcdn.com/110000-inspection/pc1_rrhLZ8avI.jpg!m_fill,w_280,h_210,f_jpg?from=ke.com
20240416,海淀,皂君庙,101117029190,中关村皂君庙青年公寓南向一居室采光好视野佳,392万,95100元/平,低楼层 (共17层) | 1992年 | 1室1厅 | 41.22平米 | 南,https://ke-image.ljcdn.com/110000-inspection/pc1_Dxnv6cRYY.jpg!m_fill,w_280,h_210,f_jpg?from=ke.com
20240416,海淀,皂君庙,101117011409,四通桥 双安  农科院 魏公村 人民大学 婚房装修,660万,92515元/平,低楼层 (共9层) 1室1厅 | 71.34平米 | 南,https://ke-image.ljcdn.com/110000-inspection/prod-0bdb5605-bf26-41ef-9a82-8de573a5949d.jpg!m_fill,w_280,h_210,f_jpg?from=ke.com
20240416,海淀,皂君庙,101116868416,皂君东里满五唯一电梯直达采光好随时签约,660万,96210元/平,高楼层 (共16层) 3室1厅 | 68.6平米 | 东北,https://ke-image.ljcdn.com/110000-inspection/pc1_8GOw2S3nk.jpg!m_fill,w_280,h_210,f_jpg?from=ke.com
20240416,海淀,皂君庙,101116587200,四道口9号院 复式四居室 精装修,1180万,114697元/平,顶层 (共6层) | 1998年 | 4室2厅 | 102.88平米 | 南 北,https://ke-image.ljcdn.com/110000-inspection/pc1_5AWxVwWL3.jpg!m_fill,w_280,h_210,f_jpg?from=ke.com
20240416,海淀,皂君庙,101116434123,中关村皂君庙青年公寓好房看房方便视野好房主自荐,340万,81731元/平,高楼层 (共17层) | 1992年 | 1室1厅 | 41.6平米 | 北,https://ke-image.ljcdn.com/110000-inspection/pc1_IepFGxj4a.jpg!m_fill,w_280,h_210,f_jpg?from=ke.com
20240416,海淀,皂君庙,101116391548,文林大厦  北向一居 满五唯一,420万,80507元/平,低楼层 (共13层) 1室1厅 | 52.17平米 | 北,https://ke-image.ljcdn.com/110000-inspection/pc1_XfdZjdx2Z.jpg!m_fill,w_280,h_210,f_jpg?from=ke.com
20240416,海淀,皂君庙,101116220313,大钟寺甲8号院 南向一居室 业主诚心出售 满五年唯一,499万,69402元/平,中楼层 (共6层) | 1994年 | 1室1厅 | 71.9平米 | 南,https://ke-image.ljcdn.com/110000-inspection/pc1_mUHExOh88.jpg!m_fill,w_280,h_210,f_jpg?from=ke.com
20240416,海淀,皂君庙,101115896817,中监所甲8号 南北通透三居室 中间楼层 产权满五年房主自荐,1472万,116392元/平,中楼层 (共7层) | 1999年 | 3室2厅 | 126.47平米 | 南 北,https://ke-image.ljcdn.com/110000-inspection/pc1_ziMU7kfGA.jpg!m_fill,w_280,h_210,f_jpg?from=ke.com
20240416,海淀,皂君庙,101115403783,皂君东里优质一居室 户型方正 朝向好,395万,107924元/平,顶层 (共5层) 1室1厅 | 36.6平米 | 南,https://ke-image.ljcdn.com/110000-inspection/pc1_oE7I6FoFY.jpg!m_fill,w_280,h_210,f_jpg?from=ke.com
20240416,海淀,皂君庙,101115011346,海淀区 北三环  中关村数码大厦,690万,66067元/平,中楼层 (共16层) 2室1厅 | 104.44平米 | 西,https://ke-image.ljcdn.com/110000-inspection/pc1_6Vn5gePA3.jpg!m_fill,w_280,h_210,f_jpg?from=ke.com
20240416,海淀,皂君庙,101113016014,南向精装修采光充足无遮挡交通便利不临街,425万,103106元/平,低楼层 (共17层) 1室1厅 | 41.22平米 | 南,https://ke-image.ljcdn.com/110000-inspection/pc1_3K1pevk69_1.jpg!m_fill,w_280,h_210,f_jpg?from=ke.com
20240416,海淀,皂君庙,101123931293,双榆树南里二区 3室1厅 南 北新上,1220万,115640元/平,中楼层 (共7层) | 1998年 | 3室1厅 | 105.5平米 | 南 北,https://ke-image.ljcdn.com/110000-inspection/pc1_I198rIKY2.jpg!m_fill,w_280,h_210,f_jpg?from=ke.com
20240416,海淀,皂君庙,101123921568,农科院 2室1厅 南新上,686万,126103元/平,中楼层 (共5层) | 1985年 | 2室1厅 | 54.4平米 | 南,https://ke-image.ljcdn.com/110000-inspection/pc1_HnlIvwFe9.jpg!m_fill,w_280,h_210,f_jpg?from=ke.com
20240416,海淀,皂君庙,101123789042,皂君庙 双榆树 精装两居室 南北通透 看房随时诚心售,548万,94467元/平,高楼层 (共6层) | 1988年 | 2室1厅 | 58.01平米 | 南 北,https://ke-image.ljcdn.com/110000-inspection/pc1_I7yjiU9VE.jpg!m_fill,w_280,h_210,f_jpg?from=ke.com
20240416,海淀,皂君庙,101123756124,双榆树南里二区     南向采光好,595万,119000元/平,顶层 (共24层) 2室1厅 | 50平米 | 南 西,https://ke-image.ljcdn.com/110000-inspection/pc1_ersJanL0w.jpg!m_fill,w_280,h_210,f_jpg?from=ke.com
20240416,海淀,皂君庙,101123708833,皂君庙2号院  大钟寺 皂君庙全明3居室,745万,86327元/平,顶层 (共6层) | 1995年 | 3室1厅 | 86.3平米 | 南 北,https://ke-image.ljcdn.com/110000-inspection/pc1_nM4Vr4LSq.jpg!m_fill,w_280,h_210,f_jpg?from=ke.com
20240416,海淀,皂君庙,101123673907,大钟寺 皂君庙丙4号院 停车方便,647万,101682元/平,低楼层 (共6层) 1室1厅 | 63.63平米 | 南,https://ke-image.ljcdn.com/110000-inspection/0bf9ca92-e445-4031-ac40-d52cb9e20c22_1000.jpg!m_fill,w_280,h_210,f_jpg?from=ke.com
20240416,海淀,皂君庙,101123658967,数码大厦 2室1厅 东,738万,80789元/平,中楼层 (共16层) | 2003年 | 2室1厅 | 91.35平米 | 东,https://ke-image.ljcdn.com/110000-inspection/pc1_REClAjvD5.jpg!m_fill,w_280,h_210,f_jpg?from=ke.com
20240416,海淀,皂君庙,101123574570,大钟寺  南北通透 楼龄新  交通方便,435万,73567元/平,地下室 (共6层) | 1995年 | 2室1厅 | 59.13平米 | 南 北,https://ke-image.ljcdn.com/110000-inspection/pc1_KQKUwEyNh.jpg!m_fill,w_280,h_210,f_jpg?from=ke.com
20240416,海淀,皂君庙,101123542750,此房是全明格局的二居室户型方正有物业管理,550万,88997元/平,高楼层 (共6层) 2室1厅 | 61.8平米 | 南 北,https://ke-image.ljcdn.com/110000-inspection/pc1_F6FM35FKi_1.jpg!m_fill,w_280,h_210,f_jpg?from=ke.com
20240416,海淀,皂君庙,101123436380,青年公寓 1室1厅 南,398万,93209元/平,中楼层 (共17层) | 2001年 | 1室1厅 | 42.7平米 | 南,https://ke-image.ljcdn.com/110000-inspection/pc1_KKjYn7jxO.jpg!m_fill,w_280,h_210,f_jpg?from=ke.com
20240416,海淀,皂君庙,101123404192,皂君庙甲2号院 3室1厅 东 西,770万,98972元/平,低楼层 (共6层) 3室1厅 | 77.8平米 | 东 西,https://ke-image.ljcdn.com/110000-inspection/pc1_Q3QQvVEr1.jpg!m_fill,w_280,h_210,f_jpg?from=ke.com
20240416,海淀,皂君庙,101123403097,农科院小区 双南一北 田字格 三居室 层高3米 满五年,899万,108183元/平,低楼层 (共3层) 3室1厅 | 83.1平米 | 南 北,https://ke-image.ljcdn.com/110000-inspection/pc1_qtPdaD3dW.jpg!m_fill,w_280,h_210,f_jpg?from=ke.com
20240416,海淀,皂君庙,101123361871,农科院商圈 皂君西里南北通透三居  中楼层视野采光好,720万,104957元/平,中楼层 (共6层) 3室1厅 | 68.6平米 | 南 北,https://ke-image.ljcdn.com/110000-inspection/pc1_iI3yFahOF.jpg!m_fill,w_280,h_210,f_jpg?from=ke.com
20240416,海淀,皂君庙,101123335819,农科院 精装两居室 有电梯 停车方便 交通便利,860万,134124元/平,高楼层 (共24层) | 2002年 | 2室1厅 | 64.12平米 | 西南,https://ke-image.ljcdn.com/110000-inspection/pc1_iGK4OykNp_1.jpg!m_fill,w_280,h_210,f_jpg?from=ke.com
20240416,海淀,皂君庙,101123306152,农科院教师家属楼地铁4号线业主自住诚心出售,1049万,111359元/平,顶层 (共3层) 4室1厅 | 94.2平米 | 南 北,https://ke-image.ljcdn.com/110000-inspection/pc1_zLgHqfZRI.jpg!m_fill,w_280,h_210,f_jpg?from=ke.com
20240416,海淀,皂君庙,101123279499,皂君东里  明厨明卫   两居室,520万,79390元/平,顶层 (共6层) | 1990年 | 2室1厅 | 65.5平米 | 东 西,https://ke-image.ljcdn.com/110000-inspection/cb33e960-1113-4e93-8008-cbf175a83d08_1000.jpg!m_fill,w_280,h_210,f_jpg?from=ke.com
20240416,海淀,皂君庙,101123217061,中关村南大街12号三区 农科院 优质两居室,640万,117648元/平,顶层 (共5层) | 1985年 | 2室1厅 | 54.4平米 | 南,https://ke-image.ljcdn.com/110000-inspection/pc1_25gNPrpN9.jpg!m_fill,w_280,h_210,f_jpg?from=ke.com
20240416,海淀,皂君庙,101123201511,四道口9号院农科院南北通透双卫生间复式三居室。,880万,93977元/平,顶层 (共6层) | 1999年 | 3室1厅 | 93.64平米 | 南 北,https://ke-image.ljcdn.com/110000-inspection/pc1_3fB7lcj65.jpg!m_fill,w_280,h_210,f_jpg?from=ke.com
20240416,海淀,皂君庙,101123120458,中关村南大街乙8号 1室1厅 南,515万,124728元/平,顶层 (共5层) 1室1厅 | 41.29平米 | 南,https://ke-image.ljcdn.com/110000-inspection/pc1_dNkrU086z.jpg!m_fill,w_280,h_210,f_jpg?from=ke.com
20240416,海淀,皂君庙,101123109991,96年板楼 人民大学地铁口附近 板楼中间层 大客厅房主自荐,800万,100289元/平,低楼层 (共6层) | 1996年 | 2室1厅 | 79.77平米 | 南 北,https://ke-image.ljcdn.com/110000-inspection/pc1_oGpDTpxJo.jpg!m_fill,w_280,h_210,f_jpg?from=ke.com
20240416,海淀,皂君庙,101123090300,农科院 三居室朝南 带电梯 1999年 下楼就是小区花园,1363万,136164元/平,低楼层 (共24层) 3室1厅 | 100.1平米 | 南,https://ke-image.ljcdn.com/110000-inspection/pc1_J4KDx4QE4.jpg!m_fill,w_280,h_210,f_jpg?from=ke.com
20240416,海淀,皂君庙,101123044727,皂君庙甲7号院  两居室 精装修 大钟寺,549万,86416元/平,中楼层 (共6层) 2室1厅 | 63.53平米 | 东 西,https://ke-image.ljcdn.com/110000-inspection/pc1_qBCc2aEuF.jpg!m_fill,w_280,h_210,f_jpg?from=ke.com
20240416,海淀,皂君庙,101122936247,皂君西里农科院南北三居室还多了一个南侧卧室房主自荐,650万,109043元/平,底层 (共6层) 3室1厅 | 59.61平米 | 南 北,https://ke-image.ljcdn.com/110000-inspection/pc1_5JylgrkbB.jpg!m_fill,w_280,h_210,f_jpg?from=ke.com
20240416,海淀,皂君庙,101122881109,皂君东里 全明户型三居室  低楼层 看房方便房主自荐,625万,92456元/平,底层 (共6层) | 1983年 | 3室1厅 | 67.6平米 | 南 西 北,https://ke-image.ljcdn.com/110000-inspection/pc1_kygJvEYQ8.jpg!m_fill,w_280,h_210,f_jpg?from=ke.com
20240416,海淀,皂君庙,101122793607,皂君东里 三居室 楼层好 随时看房,660万,84292元/平,高楼层 (共6层) | 1988年 | 3室1厅 | 78.3平米 | 东 西,https://ke-image.ljcdn.com/110000-inspection/pc1_y3JOBrSUj.jpg!m_fill,w_280,h_210,f_jpg?from=ke.com
20240416,海淀,皂君庙,101122752530,皂君东里 有电梯 业主诚心出售房主自荐,626万,89943元/平,低楼层 (共16层) 2室1厅 | 69.6平米 | 南,https://ke-image.ljcdn.com/110000-inspection/pc1_7FXECrhiS.jpg!m_fill,w_280,h_210,f_jpg?from=ke.com
20240416,海淀,皂君庙,101122674725,农科院 一层2居室 不临街 看房方便,773万,145850元/平,底层 (共5层) | 1985年 | 2室1厅 | 53平米 | 南 北,https://ke-image.ljcdn.com/110000-inspection/pc1_qwREa7BgE.jpg!m_fill,w_280,h_210,f_jpg?from=ke.com
20240416,海淀,皂君庙,101122667681,皂君庙14号院96年板楼二层双南向,916万,110070元/平,低楼层 (共6层) 1室2厅 | 83.22平米 | 南,https://ke-image.ljcdn.com/110000-inspection/pc1_mwzTUMaSI.jpg!m_fill,w_280,h_210,f_jpg?from=ke.com
20240416,海淀,皂君庙,101122663804,2008年新楼楼近地铁4号线魏公村站有钥匙看房随时,385万,100733元/平,中楼层 (共9层) | 2008年 | 1室1厅 | 38.22平米 | 北,https://ke-image.ljcdn.com/110000-inspection/ef846b86-d5eb-49c7-8095-bae118b9f3eb_1000.jpg!m_fill,w_280,h_210,f_jpg?from=ke.com
20240416,海淀,皂君庙,101122474670,恒润中心 4室1厅 南 北,568万,33562元/平,中楼层 (共20层) | 2005年 | 4室1厅 | 169.24平米 | 南 北,https://ke-image.ljcdn.com/110000-inspection/7a3791bd-0f4a-4b19-a0dd-a95b352c1664_1000.jpg!m_fill,w_280,h_210,f_jpg?from=ke.com
20240416,海淀,皂君庙,101122466714,大钟寺广场 有电梯 朝南 精装修,480万,92486元/平,高楼层 (共6层) | 1995年 | 2室1厅 | 51.9平米 | 南,https://ke-image.ljcdn.com/110000-inspection/pc1_yDCORCfbS.jpg!m_fill,w_280,h_210,f_jpg?from=ke.com
20240416,海淀,皂君庙,101122460676,皂君庙品质商品房社区 鑫雅苑 管理好 三个花园车位多,850万,79210元/平,中楼层 (共20层) 2室2厅 | 107.31平米 | 西北,https://ke-image.ljcdn.com/110000-inspection/pc1_lNxxnkdrx.jpg!m_fill,w_280,h_210,f_jpg?from=ke.com
20240416,海淀,皂君庙,101122326126,双榆树南里二区三居室 户型方正 采光好,1030万,88993元/平,顶层 (共7层) | 1998年 | 3室1厅 | 115.74平米 | 南 北,https://ke-image.ljcdn.com/110000-inspection/pc1_U4RguISRz.jpg!m_fill,w_280,h_210,f_jpg?from=ke.com
20240416,海淀,皂君庙,101122323414,农科院教师家属楼 中国农科院小区。,488万,111011元/平,中楼层 (共5层) 1室1厅 | 43.96平米 | 南,https://ke-image.ljcdn.com/110000-inspection/095eae89-abb0-4efd-a6f7-cd00818ea5ad_1000.jpg!m_fill,w_280,h_210,f_jpg?from=ke.com
20240416,海淀,皂君庙,101122286559,海淀中关村南向精装一居室看房方便提前预约,365万,88550元/平,低楼层 (共17层) 1室1厅 | 41.22平米 | 南,https://ke-image.ljcdn.com/110000-inspection/pc1_fwrpmIAvY.jpg!m_fill,w_280,h_210,f_jpg?from=ke.com
20240416,海淀,皂君庙,101122254263,农科院家属楼 中间楼层精装两居室 诚意出售,630万,126507元/平,中楼层 (共5层) | 1983年 | 2室1厅 | 49.8平米 | 东北,https://ke-image.ljcdn.com/110000-inspection/pc1_DGXFMO7z3.jpg!m_fill,w_280,h_210,f_jpg?from=ke.com
20240416,海淀,皂君庙,101122204575,华杰大厦 大钟寺13号院 诚意出售 价格可谈,520万,43061元/平,高楼层 (共13层) 2室1厅 | 120.76平米 | 西南,https://ke-image.ljcdn.com/110000-inspection/pc1_l2unoa8fU.jpg!m_fill,w_280,h_210,f_jpg?from=ke.com
20240416,海淀,皂君庙,101122204539,华杰大厦 诚意出售 看房方便 大钟寺13号院,520万,43061元/平,高楼层 (共13层) 2室1厅 | 120.76平米 | 东南 西南,https://ke-image.ljcdn.com/110000-inspection/pc1_ZCZNqt0yo.jpg!m_fill,w_280,h_210,f_jpg?from=ke.com
20240416,海淀,皂君庙,101122160108,青年公寓电梯一居室 出行方便 诚心出售,390万,92593元/平,高楼层 (共17层) 1室1厅 | 42.12平米 | 北,https://ke-image.ljcdn.com/110000-inspection/pc1_pRd83T63D.jpg!m_fill,w_280,h_210,f_jpg?from=ke.com
20240416,海淀,皂君庙,101122101117,天作万瑞国际公寓 高品质 精装修 拎包入住 下楼地铁,459万,88937元/平,中楼层 (共15层) 1室1厅 | 51.61平米 | 东,https://ke-image.ljcdn.com/110000-inspection/pc1_8NZDMfwux.jpg!m_fill,w_280,h_210,f_jpg?from=ke.com
20240416,海淀,皂君庙,101122081488,皂君庙14号院  南北通透 客厅带窗户 户型方正,820万,103405元/平,高楼层 (共6层) | 1996年 | 2室1厅 | 79.3平米 | 南 北,https://ke-image.ljcdn.com/110000-inspection/c990c8c4-8d7c-4cbc-b80b-269a278a3135_1000.jpg!m_fill,w_280,h_210,f_jpg?from=ke.com
20240416,海淀,皂君庙,101121923984,皂君西里农科院双卧室超南次卧室和厨房朝北三居室,670万,97668元/平,顶层 (共6层) | 1988年 | 3室1厅 | 68.6平米 | 南 北,https://ke-image.ljcdn.com/110000-inspection/pc1_t5BScKZrQ_1.jpg!m_fill,w_280,h_210,f_jpg?from=ke.com
20240416,海淀,皂君庙,101121858470,大钟寺 皂君庙 文林大厦  跃层 两室两厅房主自荐,528万,122223元/平,高楼层 (共13层) | 2003年 | 2室2厅 | 43.2平米 | 南,https://ke-image.ljcdn.com/110000-inspection/pc1_0kbYeHcaR.jpg!m_fill,w_280,h_210,f_jpg?from=ke.com
20240416,海淀,皂君庙,101121854286,皂君庙丙4号院 中间层 南北向 三代同住 看房方便,990万,132958元/平,中楼层 (共6层) 5室2厅 | 74.46平米 | 东 南 北,https://ke-image.ljcdn.com/110000-inspection/pc1_Wr4umS7UI.jpg!m_fill,w_280,h_210,f_jpg?from=ke.com
20240416,海淀,皂君庙,101121801307,满五年唯一此房产权清晰格局方正业主诚心出售,640万,112340元/平,顶层 (共6层) | 1988年 | 2室1厅 | 56.97平米 | 南 北,https://ke-image.ljcdn.com/110000-inspection/pc1_RTOCtLngv_1.jpg!m_fill,w_280,h_210,f_jpg?from=ke.com
20240416,海淀,皂君庙,101121778543,双榆树南里二区精装修东西通透三居室房主自荐,650万,99847元/平,地下室 (共6层) 3室1厅 | 65.1平米 | 东 西,https://ke-image.ljcdn.com/110000-inspection/pc1_OLQw5g6ym.jpg!m_fill,w_280,h_210,f_jpg?from=ke.com
20240416,海淀,皂君庙,101121777947,中关村南大街乙12号院 北京理工大学对面 地铁魏公村,518万,63087元/平,低楼层 (共15层) | 2008年 | 1室1厅 | 82.11平米 | 西,https://ke-image.ljcdn.com/110000-inspection/pc1_1hFfrgVUy_1.jpg!m_fill,w_280,h_210,f_jpg?from=ke.com
20240416,海淀,皂君庙,101121773162,皂君西里户型方正采光视野好！,450万,88723元/平,顶层 (共6层) | 1982年 | 2室1厅 | 50.72平米 | 西 北,https://ke-image.ljcdn.com/110000-inspection/pc1_kXK6lKGid.jpg!m_fill,w_280,h_210,f_jpg?from=ke.com
20240416,海淀,皂君庙,101121769745,皂君东里 全明户型 南北三居 不临街 产权清晰房主自荐,698万,86601元/平,高楼层 (共6层) | 1987年 | 3室1厅 | 80.6平米 | 东 南 北,https://ke-image.ljcdn.com/110000-inspection/pc1_mT6wPZUdM.jpg!m_fill,w_280,h_210,f_jpg?from=ke.com
20240416,海淀,皂君庙,101121689400,四道口路甲5号  优质一居 落地窗 满五年唯一,368万,70539元/平,低楼层 (共13层) | 2003年 | 1室1厅 | 52.17平米 | 北,https://ke-image.ljcdn.com/110000-inspection/pc1_XQ4Qp7OgH.jpg!m_fill,w_280,h_210,f_jpg?from=ke.com
20240416,海淀,皂君庙,101121687454,两南一北厨房朝北 满五唯一商品房 低楼层 采光没影响,610万,93416元/平,底层 (共5层) 3室1厅 | 65.3平米 | 南 北,https://ke-image.ljcdn.com/110000-inspection/pc1_A1v1wY1Pe.jpg!m_fill,w_280,h_210,f_jpg?from=ke.com
20240416,海淀,皂君庙,101121632753,皂君庙乙2号院 电梯两居室 中间层  满五年唯一,498万,88613元/平,低楼层 (共6层) 2室1厅 | 56.2平米 | 西,https://ke-image.ljcdn.com/110000-inspection/pc1_kHtHnResH.jpg!m_fill,w_280,h_210,f_jpg?from=ke.com
20240416,海淀,皂君庙,101121586242,三环里 大钟寺甲8 南北通透两居 中间层 诚心售 提前约,755万,96920元/平,中楼层 (共6层) | 1994年 | 2室1厅 | 77.9平米 | 南 北,https://ke-image.ljcdn.com/110000-inspection/pc1_kbEfXapbj.jpg!m_fill,w_280,h_210,f_jpg?from=ke.com
20240416,海淀,皂君庙,101121575907,农科院中楼层满五唯一南向一居室业主换房急售,495万,119566元/平,中楼层 (共6层) | 1992年 | 1室1厅 | 41.4平米 | 南,https://ke-image.ljcdn.com/110000-inspection/pc1_cZn0YpcZD.jpg!m_fill,w_280,h_210,f_jpg?from=ke.com
20240416,海淀,皂君庙,101121570026,财大家属院 南向一居有电梯 小区环境好,415万,92264元/平,中楼层 (共16层) 1室1厅 | 44.98平米 | 南,https://ke-image.ljcdn.com/110000-inspection/pc1_rCbC6SNWj.jpg!m_fill,w_280,h_210,f_jpg?from=ke.com
20240416,海淀,皂君庙,101121553908,皂君庙丙4号院南北通透中间楼层,620万,102922元/平,中楼层 (共6层) | 1999年 | 2室1厅 | 60.24平米 | 南 北,https://ke-image.ljcdn.com/110000-inspection/pc1_AzC64rWzP.jpg!m_fill,w_280,h_210,f_jpg?from=ke.com
20240416,海淀,皂君庙,101121532093,满五年唯一无遮挡采光充足户型方正合理交通便捷,1520万,97318元/平,低楼层 (共20层) 3室2厅 | 156.19平米 | 东南,https://ke-image.ljcdn.com/110000-inspection/pc1_wCPdhospN.jpg!m_fill,w_280,h_210,f_jpg?from=ke.com
20240416,海淀,皂君庙,101121495104,北三环 人民大学地铁 双安商场 70年产权复式,1880万,66928元/平,中楼层 (共24层) 5室1厅 | 280.9平米 | 南 北,https://ke-image.ljcdn.com/110000-inspection/pc1_uyM3ptcgW.jpg!m_fill,w_280,h_210,f_jpg?from=ke.com
20240416,海淀,皂君庙,101121404081,大钟寺甲13号院南北全明三居室中间层精装修近地铁站,800万,116551元/平,中楼层 (共5层) 3室1厅 | 68.64平米 | 南 北,https://ke-image.ljcdn.com/110000-inspection/pc1_8dGhgDrdn.jpg!m_fill,w_280,h_210,f_jpg?from=ke.com
20240416,海淀,皂君庙,101121394837,数码大厦 1室1厅 西,650万,76131元/平,高楼层 (共16层) 1室1厅 | 85.38平米 | 西,https://ke-image.ljcdn.com/110000-inspection/pc1_wUheVmA8Y.jpg!m_fill,w_280,h_210,f_jpg?from=ke.com
20240416,海淀,皂君庙,101121367551,农影小区 三居室 三面采光 满五唯一央产房,1220万,132135元/平,中楼层 (共14层) | 1999年 | 3室1厅 | 92.33平米 | 东南,https://ke-image.ljcdn.com/110000-inspection/pc1_eAWl29gmS.jpg!m_fill,w_280,h_210,f_jpg?from=ke.com
20240416,海淀,皂君庙,101121367170,皂君庙14号院  南北通透 98年 央产院环境干净 双地铁,798万,100631元/平,底层 (共6层) | 1997年 | 2室1厅 | 79.3平米 | 南 西 北,https://ke-image.ljcdn.com/110000-inspection/pc1_mdYhOJ0Wj_1.jpg!m_fill,w_280,h_210,f_jpg?from=ke.com
20240416,海淀,皂君庙,101121357390,四道口5号院皂君庙农科院。房主自荐,1483万,94423元/平,顶层 (共6层) 4室2厅 | 157.06平米 | 南 北,https://ke-image.ljcdn.com/110000-inspection/pc1_ucSvfvVu5.jpg!m_fill,w_280,h_210,f_jpg?from=ke.com
20240416,海淀,皂君庙,101121167051,学院南路皂君庙14号院农科院,1020万,101493元/平,中楼层 (共6层) 2室2厅 | 100.5平米 | 东 西,https://ke-image.ljcdn.com/110000-inspection/pc1_Pj74NXrey.jpg!m_fill,w_280,h_210,f_jpg?from=ke.com
20240416,海淀,皂君庙,101121104744,农科院小区 2层 南北向 田字格 三居室 业主诚售有钥匙,1058万,137225元/平,低楼层 (共6层) 3室1厅 | 77.1平米 | 南 北,https://ke-image.ljcdn.com/110000-inspection/pc1_yxvrcvVq6.jpg!m_fill,w_280,h_210,f_jpg?from=ke.com
20240416,海淀,皂君庙,101121020649,中关村皂君庙青年公寓民水民电有燃气70年住宅房主自荐,368万,87370元/平,低楼层 (共17层) 1室1厅 | 42.12平米 | 北,https://ke-image.ljcdn.com/110000-inspection/pc1_HeuY5qt2E.jpg!m_fill,w_280,h_210,f_jpg?from=ke.com
20240416,海淀,皂君庙,101121015538,皂君庙皂君西里一层小四居满五年唯一房主自荐,628万,125626元/平,底层 (共6层) | 1987年 | 2室1厅 | 49.99平米 | 南,https://ke-image.ljcdn.com/110000-inspection/pc1_vIA91una6.jpg!m_fill,w_280,h_210,f_jpg?from=ke.com
20240416,海淀,皂君庙,101120913133,鑫雅苑商品房视野开阔 无遮挡采光好看房方便,1000万,93188元/平,低楼层 (共20层) | 2000年 | 2室1厅 | 107.31平米 | 西北,https://ke-image.ljcdn.com/110000-inspection/pc1_pLWDiC14h.jpg!m_fill,w_280,h_210,f_jpg?from=ke.com
20240416,海淀,皂君庙,101120901731,中关村南大街甲6号 满二年 业主诚心出售,1295万,59999元/平,高楼层 (共19层) | 2005年 | 3室1厅 | 215.84平米 | 西 北,https://ke-image.ljcdn.com/110000-inspection/pc1_CDSOfTGML.jpg!m_fill,w_280,h_210,f_jpg?from=ke.com
20240416,海淀,皂君庙,101120876969,皂君东里 优质两居室 业主诚心出售,530万,99812元/平,顶层 (共6层) | 1981年 | 2室1厅 | 53.1平米 | 南 北,https://ke-image.ljcdn.com/110000-inspection/pc1_cukVzTMYy.jpg!m_fill,w_280,h_210,f_jpg?from=ke.com
20240416,海淀,皂君庙,101120744307,中关村南大街甲6号 南向三居室 采光好,1020万,59576元/平,中楼层 (共19层) | 2005年 | 3室1厅 | 171.21平米 | 南,https://ke-image.ljcdn.com/110000-inspection/pc1_O7IDMSkDM.jpg!m_fill,w_280,h_210,f_jpg?from=ke.com
20240416,海淀,皂君庙,101120703216,农科院四居电梯房 三个阳台大客厅,1750万,120259元/平,中楼层 (共24层) 4室1厅 | 145.52平米 | 西南 北,https://ke-image.ljcdn.com/110000-inspection/pc1_kIKcJvdWR.jpg!m_fill,w_280,h_210,f_jpg?from=ke.com
20240416,海淀,皂君庙,101120696216,农科院教师家属楼地铁4号线旁边 三居室精装修,1199万,129622元/平,中楼层 (共18层) | 1996年 | 3室1厅 | 92.5平米 | 西 北 南,https://ke-image.ljcdn.com/110000-inspection/pc1_7YNfDqFn9.jpg!m_fill,w_280,h_210,f_jpg?from=ke.com
20240416,海淀,皂君庙,101120651622,中关村南大街12号农科院教师家属楼农科院,825万,139359元/平,中楼层 (共5层) 2室1厅 | 59.2平米 | 南 北,https://ke-image.ljcdn.com/110000-inspection/pc1_YTFpTKJor_1.jpg!m_fill,w_280,h_210,f_jpg?from=ke.com
20240416,海淀,皂君庙,101120643797,皂君庙双榆树 带电梯三居室 西南向 诚心出售,836万,109011元/平,低楼层 (共18层) 3室1厅 | 76.69平米 | 西南,https://ke-image.ljcdn.com/110000-inspection/pc1_LuBcZFcmL.jpg!m_fill,w_280,h_210,f_jpg?from=ke.com
20240416,海淀,皂君庙,101120531671,皂君西里农科院 精装南北两居室看房有钥匙,488万,85166元/平,顶层 (共6层) | 1987年 | 2室1厅 | 57.3平米 | 南 北,https://ke-image.ljcdn.com/110000-inspection/pc1_JhvbJkOUX.jpg!m_fill,w_280,h_210,f_jpg?from=ke.com
20240416,海淀,皂君庙,101120515584,天作万瑞国际公寓 精装婚房 带电梯 2008年商品房,577万,63026元/平,中楼层 (共15层) | 2008年 | 1室1厅 | 91.55平米 | 西,https://ke-image.ljcdn.com/110000-inspection/pc1_5akCzs5S4.jpg!m_fill,w_280,h_210,f_jpg?from=ke.com
20240416,海淀,皂君庙,101120396378,鑫雅苑 电梯高层 有钥匙 诚心出售,720万,91290元/平,高楼层 (共20层) 2室1厅 | 78.87平米 | 东,https://ke-image.ljcdn.com/110000-inspection/pc1_t6VuDmgEp.jpg!m_fill,w_280,h_210,f_jpg?from=ke.com
20240416,海淀,皂君庙,101120389390,四道口5号院 南北通透大四居 央产房 采光视野好,1520万,91727元/平,高楼层 (共7层) 4室2厅 | 165.71平米 | 南 北,https://ke-image.ljcdn.com/110000-inspection/pc1_3pv7r7JYd.jpg!m_fill,w_280,h_210,f_jpg?from=ke.com
20240416,海淀,皂君庙,101120145222,四道口9号院 农科院大复式央产房增加了外坡顶,1480万,86192元/平,顶层 (共6层) | 1999年 | 4室2厅 | 171.71平米 | 南 北,https://ke-image.ljcdn.com/110000-inspection/pc1_myuuR2D2Z.jpg!m_fill,w_280,h_210,f_jpg?from=ke.com
20240416,海淀,皂君庙,101120041388,皂君东里 精装三居室 全明户型 田字格,950万,130316元/平,底层 (共5层) | 1983年 | 3室1厅 | 72.9平米 | 南 北,https://ke-image.ljcdn.com/110000-inspection/pc1_WlmWsPkDb.jpg!m_fill,w_280,h_210,f_jpg?from=ke.com
20240416,海淀,皂君庙,101120019385,皂君庙14号院、西直门 皂君庙 大钟寺 两居室,950万,86286元/平,顶层 (共6层) 2室2厅 | 110.1平米 | 南 北,https://ke-image.ljcdn.com/110000-inspection/pc1_084zTjgdX.jpg!m_fill,w_280,h_210,f_jpg?from=ke.com
20240416,海淀,皂君庙,101119974747,皂君庙乙2号院 带电梯 两居室,630万,97524元/平,低楼层 (共6层) 2室1厅 | 64.6平米 | 东 北 西,https://ke-image.ljcdn.com/110000-inspection/pc1_J4TAVm8lY_1.jpg!m_fill,w_280,h_210,f_jpg?from=ke.com
20240416,海淀,皂君庙,101119516115,此房满五年业主唯一住房南北通透安静不临街,1200万,96487元/平,高楼层 (共7层) | 1998年 | 4室2厅 | 124.37平米 | 南 北,https://ke-image.ljcdn.com/110000-inspection/pc1_oUxxVc9hU.jpg!m_fill,w_280,h_210,f_jpg?from=ke.com
20240416,海淀,皂君庙,101119162390,三环内2000年 商品房社区 视野好采光足 看房方便,1220万,104149元/平,高楼层 (共20层) | 2000年 | 3室1厅 | 117.14平米 | 东南,https://ke-image.ljcdn.com/110000-inspection/pc1_1YnnT4cV2_1.jpg!m_fill,w_280,h_210,f_jpg?from=ke.com
20240416,海淀,皂君庙,101118820544,中关村北三环西路48号院诚心出售看房提前沟通,1900万,82573元/平,中楼层 (共24层) 3室2厅 | 230.1平米 | 东北,https://ke-image.ljcdn.com/110000-inspection/pc1_4hVz5rxty.jpg!m_fill,w_280,h_210,f_jpg?from=ke.com
20240416,海淀,皂君庙,101118740235,皂君东里 2室1厅 南 北,520万,94701元/平,底层 (共5层) 2室1厅 | 54.91平米 | 南 北,https://ke-image.ljcdn.com/110000-inspection/pc1_2SsRrLDGk.jpg!m_fill,w_280,h_210,f_jpg?from=ke.com
20240416,海淀,皂君庙,101118690572,皂君庙青云南区 南北向 四居室 单价低 总价合适,1360万,87124元/平,顶层 (共6层) 4室2厅 | 156.1平米 | 南 北,https://ke-image.ljcdn.com/110000-inspection/pc1_GfIwXbVZD.jpg!m_fill,w_280,h_210,f_jpg?from=ke.com
20240416,海淀,皂君庙,101118527037,此房满五唯一商品房通透格局好楼层合理出行方便,799万,100757元/平,顶层 (共6层) | 1996年 | 2室1厅 | 79.3平米 | 南 北,https://ke-image.ljcdn.com/110000-inspection/pc1_OuRUKanvy.jpg!m_fill,w_280,h_210,f_jpg?from=ke.com
20240416,海淀,皂君庙,101118487870,鑫雅苑2001年商品房社区满五年唯一,1500万,96154元/平,低楼层 (共20层) | 2000年 | 3室1厅 | 156平米 | 西南,https://ke-image.ljcdn.com/110000-inspection/pc1_hJ5R3nrix_1.jpg!m_fill,w_280,h_210,f_jpg?from=ke.com
20240416,海淀,皂君庙,101118434035,此房满五年业主名下唯一住房中间楼层三居室。,1460万,115443元/平,中楼层 (共7层) 3室2厅 | 126.47平米 | 南 北,https://ke-image.ljcdn.com/110000-inspection/pc1_qnKnHXOYW.jpg!m_fill,w_280,h_210,f_jpg?from=ke.com
20240416,海淀,皂君庙,101118213061,满五年唯一商品房 西南朝向 业主诚心出售,598万,126081元/平,底层 (共6层) 2室0厅 | 47.43平米 | 西南,https://ke-image.ljcdn.com/110000-inspection/pc1_3R3WXgoxg.jpg!m_fill,w_280,h_210,f_jpg?from=ke.com
20240416,海淀,皂君庙,101118134026,皂君东里 央产院 出行方便 户型方正 采光充足,558万,102386元/平,高楼层 (共6层) 2室1厅 | 54.5平米 | 东 西,https://ke-image.ljcdn.com/110000-inspection/pc1_STXKhA70I_1.jpg!m_fill,w_280,h_210,f_jpg?from=ke.com
20240416,海淀,皂君庙,101117600859,文林大厦   精装修  带电梯 三居室,690万,93534元/平,高楼层 (共13层) 3室1厅 | 73.77平米 | 南,https://ke-image.ljcdn.com/110000-inspection/pc1_0GiCTyrwA.jpg!m_fill,w_280,h_210,f_jpg?from=ke.com
20240416,海淀,皂君庙,101117211149,四道口5号院四居室南北通透诚心出售,1480万,87621元/平,高楼层 (共7层) 4室2厅 | 168.91平米 | 南 北,https://ke-image.ljcdn.com/110000-inspection/pc1_HrWqMELSC_1.jpg!m_fill,w_280,h_210,f_jpg?from=ke.com
20240416,海淀,皂君庙,101117200484,皂君西里 2层 南北通透二居室 满五年唯一,625万,108432元/平,低楼层 (共6层) | 1986年 | 2室1厅 | 57.64平米 | 南 北,https://ke-image.ljcdn.com/110000-inspection/pc1_VmeJCdbo4.jpg!m_fill,w_280,h_210,f_jpg?from=ke.com
20240416,海淀,皂君庙,101115983167,此房满五年采光充足无遮挡不临街。视野开阔,488万,58952元/平,中楼层 (共19层) | 2005年 | 1室1厅 | 82.78平米 | 东北,https://ke-image.ljcdn.com/110000-inspection/pc1_e6CN8YU71.jpg!m_fill,w_280,h_210,f_jpg?from=ke.com
20240416,海淀,皂君庙,101123945666,青年公寓 1室1厅 南新上,335万,98530元/平,低楼层 (共17层) | 1992年 | 1室1厅 | 34平米 | 南,https://s1.ljcdn.com/pegasus/redskull/images/common/default_house_list.png?_v=20240411140708
20240416,海淀,皂君庙,101123904119,农科院 2室1厅 南 北新上,736万,119870元/平,低楼层 (共6层) 2室1厅 | 61.4平米 | 南 北,https://s1.ljcdn.com/pegasus/redskull/images/common/default_house_list.png?_v=20240411140708
20240416,海淀,皂君庙,101123898386,四道口9号院99年楼低楼层 采光无遮挡新上,510万,80595元/平,底层 (共6层) 1室1厅 | 63.28平米 | 南 北,https://s1.ljcdn.com/pegasus/redskull/images/common/default_house_list.png?_v=20240411140708
20240416,海淀,皂君庙,101123890146,四道口5号院 平层大四居双卫 客厅落地窗 距离地铁近新上,1350万,85900元/平,高楼层 (共7层) | 1997年 | 4室2厅 | 157.16平米 | 南 北,https://s1.ljcdn.com/pegasus/redskull/images/common/default_house_list.png?_v=20240411140708
20240416,海淀,皂君庙,101123803998,天作国际中心 1室1厅 南,416万,91189元/平,低楼层 (共9层) | 2008年 | 1室1厅 | 45.62平米 | 南,https://s1.ljcdn.com/pegasus/redskull/images/common/default_house_list.png?_v=20240411140708
20240416,海淀,皂君庙,101123793947,青年公寓 人民大学 双安商场 农科院 双榆树,360万,87337元/平,中楼层 (共17层) 1室1厅 | 41.22平米 | 南,https://s1.ljcdn.com/pegasus/redskull/images/common/default_house_list.png?_v=20240411140708
20240416,海淀,皂君庙,101123765697,皂君东里 南北通透 楼层好 采光充足 配套齐全交通便利,550万,94018元/平,中楼层 (共5层) | 1989年 | 2室1厅 | 58.5平米 | 南 北,https://s1.ljcdn.com/pegasus/redskull/images/common/default_house_list.png?_v=20240411140708
20240416,海淀,皂君庙,101123705767,天作国际中心2008年建成楼龄新有电梯适合一家三口,420万,81380元/平,高楼层 (共15层) 1室1厅 | 51.61平米 | 东,https://s1.ljcdn.com/pegasus/redskull/images/common/default_house_list.png?_v=20240411140708
20240416,海淀,皂君庙,101123701317,青云南区 2室1厅 南,608万,110345元/平,中楼层 (共18层) 2室1厅 | 55.1平米 | 南,https://s1.ljcdn.com/pegasus/redskull/images/common/default_house_list.png?_v=20240411140708
20240416,海淀,皂君庙,101123696192,青年公寓 1室1厅 北,300万,71226元/平,中楼层 (共17层) 1室1厅 | 42.12平米 | 北,https://s1.ljcdn.com/pegasus/redskull/images/common/default_house_list.png?_v=20240411140708
20240416,海淀,皂君庙,101123687873,皂君庙甲2号院 大钟寺 皂君庙,520万,89194元/平,顶层 (共6层) 2室1厅 | 58.3平米 | 南,https://s1.ljcdn.com/pegasus/redskull/images/common/default_house_list.png?_v=20240411140708
20240416,海淀,皂君庙,101123649237,中关村南大街甲8号 中关村南大街甲8号,1520万,114978元/平,底层 (共6层) 3室1厅 | 132.2平米 | 南 北,https://s1.ljcdn.com/pegasus/redskull/images/common/default_house_list.png?_v=20240411140708
20240416,海淀,皂君庙,101123590378,农科院教师家属楼南北双阳台采光好视野开阔,557万,129837元/平,中楼层 (共6层) 1室1厅 | 42.9平米 | 南 北,https://s1.ljcdn.com/pegasus/redskull/images/common/default_house_list.png?_v=20240411140708
20240416,海淀,皂君庙,101123537946,学院南路皂君庙14号院农科院,850万,108281元/平,中楼层 (共6层) | 2000年 | 2室1厅 | 78.5平米 | 南 北,https://s1.ljcdn.com/pegasus/redskull/images/common/default_house_list.png?_v=20240411140708
20240416,海淀,皂君庙,101123212323,四道口9号院 南北大4居 复式,1280万,80216元/平,顶层 (共6层) | 1999年 | 4室2厅 | 159.57平米 | 南 北,https://s1.ljcdn.com/pegasus/redskull/images/common/default_house_list.png?_v=20240411140708
20240416,海淀,皂君庙,101123208989,双榆树南里二区 3室1厅 南 北,710万,98135元/平,低楼层 (共6层) | 1988年 | 3室1厅 | 72.35平米 | 南 北,https://s1.ljcdn.com/pegasus/redskull/images/common/default_house_list.png?_v=20240411140708
20240416,海淀,皂君庙,101123162487,农科院 3室1厅 南 北,838万,108691元/平,低楼层 (共6层) 3室1厅 | 77.1平米 | 南 北,https://s1.ljcdn.com/pegasus/redskull/images/common/default_house_list.png?_v=20240411140708
20240416,海淀,皂君庙,101123085127,青年公寓 1室1厅 北,317万,75262元/平,低楼层 (共17层) | 1992年 | 1室1厅 | 42.12平米 | 北,https://s1.ljcdn.com/pegasus/redskull/images/common/default_house_list.png?_v=20240411140708
20240416,海淀,皂君庙,101123032169,四道口9号院农科院双南向两居室餐庭客厅分离的,599万,82292元/平,中楼层 (共6层) | 1999年 | 2室1厅 | 72.79平米 | 南,https://s1.ljcdn.com/pegasus/redskull/images/common/default_house_list.png?_v=20240411140708
20240416,海淀,皂君庙,101122949869,双榆树南里二区 2室1厅 南 北,580万,108676元/平,底层 (共6层) | 1988年 | 2室1厅 | 53.37平米 | 南 北,https://s1.ljcdn.com/pegasus/redskull/images/common/default_house_list.png?_v=20240411140708
20240416,海淀,皂君庙,101121741794,海淀中关村数码大厦采光好视野棒看房提前预约！,569万,62288元/平,中楼层 (共16层) 1室1厅 | 91.35平米 | 西,https://s1.ljcdn.com/pegasus/redskull/images/common/default_house_list.png?_v=20240411140708
20240416,海淀,皂君庙,101121478133,中鼎大厦 2室0厅 南房主自荐,364万,45106元/平,中楼层 (共8层) | 1998年 | 2室0厅 | 80.7平米 | 南,https://s1.ljcdn.com/pegasus/redskull/images/common/default_house_list.png?_v=20240411140708
