20240306,朝阳,亮马桥,101123069258,三源里南小街 田字格三居室 诚意卖价格能谈。必看好房,550万,68129元/平,高楼层 (共6层) 3室1厅 | 80.73平米 | 南 北,https://ke-image.ljcdn.com/110000-inspection/d1e6dc47-e118-4ce0-9a5b-116abb256a0a_1000.jpg!m_fill,w_280,h_210,f_jpg?from=ke.com
20240306,朝阳,亮马桥,101122236117,亮马桥 新源街 南北通透3居室 随时签约必看好房,350万,61849元/平,高楼层 (共6层) | 1982年 | 3室1厅 | 56.59平米 | 南 北,https://ke-image.ljcdn.com/110000-inspection/pc1_wRjwurWDV_2.jpg!m_fill,w_280,h_210,f_jpg?from=ke.com
20240306,朝阳,亮马桥,101123087758,新源街精装南北两居保养好拎包住诚意出售必看好房,368万,67585元/平,顶层 (共6层) | 1982年 | 2室1厅 | 54.45平米 | 南 北,https://ke-image.ljcdn.com/110000-inspection/pc1_y3Y4MyMD3.jpg!m_fill,w_280,h_210,f_jpg?from=ke.com
20240306,朝阳,亮马桥,101123011129,新源街 1室1厅 东南必看好房,248万,68020元/平,低楼层 (共6层) | 1982年 | 1室1厅 | 36.46平米 | 东南,https://ke-image.ljcdn.com/110000-inspection/ecc25b1b-0755-4336-9b09-44c8ea870514_1000.jpg!m_fill,w_280,h_210,f_jpg?from=ke.com
20240306,朝阳,亮马桥,101122992166,新源里东 2室1厅 南 西南 西必看好房,385万,64544元/平,中楼层 (共5层) | 1969年 | 2室1厅 | 59.65平米 | 南 西南 西,https://ke-image.ljcdn.com/110000-inspection/pc1_3sg9QvnNK_2.jpg!m_fill,w_280,h_210,f_jpg?from=ke.com
20240306,朝阳,亮马桥,101122897966,新源里东 南北通透两居室 中间楼层 安静不临街,415万,73206元/平,中楼层 (共5层) 2室1厅 | 56.69平米 | 南 北,https://ke-image.ljcdn.com/110000-inspection/d5ef2ad8-6c95-4537-9769-b5fc9c9d05c7_1000.jpg!m_fill,w_280,h_210,f_jpg?from=ke.com
20240306,朝阳,亮马桥,101122828187,新源街小区 朝南一居室 小区安静居住舒适必看好房,320万,71127元/平,中楼层 (共16层) | 1993年 | 1室1厅 | 44.99平米 | 南,https://ke-image.ljcdn.com/110000-inspection/c435a9c7-2126-4d5f-94fe-14746bb19b80_1000.jpg!m_fill,w_280,h_210,f_jpg?from=ke.com
20240306,朝阳,亮马桥,101122629952,三元桥 花园式社区 经典户型 居住舒适度高 诚意出售房主自荐,428万,70826元/平,中楼层 (共6层) 2室1厅 | 60.43平米 | 南 北,https://ke-image.ljcdn.com/110000-inspection/8371b3c2-4124-47fe-a37b-1f7214e43fd5_1000.jpg!m_fill,w_280,h_210,f_jpg?from=ke.com
20240306,朝阳,亮马桥,101122937418,三元桥 花园式社区 小区中间 近中心广场 满五唯一出售必看好房,345万,62331元/平,中楼层 (共6层) | 1981年 | 2室1厅 | 55.35平米 | 东南,https://ke-image.ljcdn.com/110000-inspection/bc187b9c-becf-4a2c-852f-8b397ca8a319_1000.jpg!m_fill,w_280,h_210,f_jpg?from=ke.com
20240306,朝阳,亮马桥,101122873812,老业主委托星源汇一居保养好视野好随时可看急售必看好房,699万,89731元/平,中楼层 (共18层) | 2009年 | 1室1厅 | 77.9平米 | 西,https://ke-image.ljcdn.com/110000-inspection/d7d03bdc-10a0-4d33-b85c-936ff74bc45d_1000.jpg!m_fill,w_280,h_210,f_jpg?from=ke.com
20240306,朝阳,亮马桥,101122432797,三元桥 亮马桥 十号线 双南向两居  诚意出售必看好房,349万,70434元/平,中楼层 (共6层) | 1980年 | 2室1厅 | 49.55平米 | 南,https://ke-image.ljcdn.com/110000-inspection/a11e3989-b3b3-4c34-a077-99b753466b31_1000.jpg!m_fill,w_280,h_210,f_jpg?from=ke.com
20240306,朝阳,亮马桥,101122377143,亮马河畔 高层南向两居 满五唯一 看房随时,468万,74286元/平,中楼层 (共17层) 2室1厅 | 63平米 | 南,https://ke-image.ljcdn.com/110000-inspection/708a70f9-2985-4a8a-b7d5-156ddf8c33f2_1000.jpg!m_fill,w_280,h_210,f_jpg?from=ke.com
20240306,朝阳,亮马桥,101121681211,嘉里星源汇 中间层品质一居 满五唯一 无遮挡,700万,97889元/平,低楼层 (共16层) 1室1厅 | 71.51平米 | 西,https://ke-image.ljcdn.com/110000-inspection/47892f56-7d67-4193-9688-07b551852297_1000.jpg!m_fill,w_280,h_210,f_jpg?from=ke.com
20240306,朝阳,亮马桥,101120981798,顺源里 一居一厅 近地铁 近亮马河必看好房,306万,92587元/平,底层 (共6层) 1室1厅 | 33.05平米 | 南 北,https://ke-image.ljcdn.com/110000-inspection/4fe390f2-a296-4d67-b75a-d49365c73d7a_1000.jpg!m_fill,w_280,h_210,f_jpg?from=ke.com
20240306,朝阳,亮马桥,101116124397,燕莎区域  08年商品房  全景落地窗 高楼层 视野好,2200万,74327元/平,中楼层 (共29层) | 2008年 | 3室1厅 | 295.99平米 | 东 西 北,https://ke-image.ljcdn.com/110000-inspection/pc1_fCJWyHG0v_2.jpg!m_fill,w_280,h_210,f_jpg?from=ke.com
20240306,朝阳,亮马桥,101115389784,北京公馆  高层 精装  两室  带大阳台房主自荐,1650万,106390元/平,中楼层 (共29层) | 2008年 | 2室1厅 | 155.09平米 | 西,https://ke-image.ljcdn.com/110000-inspection/pc1_ckUKoI5Dr_2.jpg!m_fill,w_280,h_210,f_jpg?from=ke.com
20240306,朝阳,亮马桥,101114857178,北京公馆 超大平层 居住舒适 精装修 一层一户房主自荐,2700万,118261元/平,高楼层 (共29层) | 2008年 | 3室2厅 | 228.31平米 | 东 南 西,https://ke-image.ljcdn.com/110000-inspection/pc1_xoE3tE9v1.jpg!m_fill,w_280,h_210,f_jpg?from=ke.com
20240306,朝阳,亮马桥,101114743010,北京公馆 大两居室 落地窗  大阳台,1600万,101062元/平,低楼层 (共29层) | 2008年 | 2室1厅 | 158.32平米 | 西,https://ke-image.ljcdn.com/110000-inspection/a81fa02b-f688-4f13-9469-b5841e57e2a7_1000.jpg!m_fill,w_280,h_210,f_jpg?from=ke.com
20240306,朝阳,亮马桥,101123063001,钢混结构只有契税精装修东南向采光好房主自荐,262万,69644元/平,顶层 (共6层) | 1983年 | 1室1厅 | 37.62平米 | 东南,https://ke-image.ljcdn.com/110000-inspection/pc1_9FaHWaFBM_1.jpg!m_fill,w_280,h_210,f_jpg?from=ke.com
20240306,朝阳,亮马桥,101123047055,三源里南小街 精装朝南 满五年,299万,65299元/平,中楼层 (共16层) | 1984年 | 1室1厅 | 45.79平米 | 南,https://ke-image.ljcdn.com/110000-inspection/4925121b-dd85-418b-8ea5-6e1c9381ea1c_1000.jpg!m_fill,w_280,h_210,f_jpg?from=ke.com
20240306,朝阳,亮马桥,101122969199,新源里西 1室1厅 西南 东北,390万,82192元/平,顶层 (共6层) | 1991年 | 1室1厅 | 47.45平米 | 西南 东北,https://ke-image.ljcdn.com/110000-inspection/d4b17efe-08ce-40af-9760-0fb501f0ed55_1000.jpg!m_fill,w_280,h_210,f_jpg?from=ke.com
20240306,朝阳,亮马桥,101122941512,三源里街小区 商务部家属楼 南北两居室 有钥匙,418万,69924元/平,高楼层 (共6层) 2室1厅 | 59.78平米 | 南 北,https://ke-image.ljcdn.com/110000-inspection/b2fab8f2-3df2-456a-93da-a73003a1ac1c_1000.jpg!m_fill,w_280,h_210,f_jpg?from=ke.com
20240306,朝阳,亮马桥,101122861955,牛王庙 3室1厅 南 北,610万,61936元/平,中楼层 (共4层) | 1961年 | 3室1厅 | 98.49平米 | 南 北,https://ke-image.ljcdn.com/110000-inspection/pc1_w9plDcWdL_2.jpg!m_fill,w_280,h_210,f_jpg?from=ke.com
20240306,朝阳,亮马桥,101122841186,新源街 南北通透 小区中间不临街,330万,60607元/平,顶层 (共6层) 2室1厅 | 54.45平米 | 南 北,https://ke-image.ljcdn.com/110000-inspection/fde25c3a-4a1f-487c-8224-a71a05829b1e_1000.jpg!m_fill,w_280,h_210,f_jpg?from=ke.com
20240306,朝阳,亮马桥,101122817708,顺源里 精装修 钢混结构 视野开阔两居室,423万,80803元/平,中楼层 (共12层) | 1984年 | 2室1厅 | 52.35平米 | 东南,https://ke-image.ljcdn.com/110000-inspection/pc1_iK7a8MDm9_2.jpg!m_fill,w_280,h_210,f_jpg?from=ke.com
20240306,朝阳,亮马桥,101122814163,顺源里 正南正北 近地铁 近亮马河,440万,76669元/平,低楼层 (共6层) | 1982年 | 2室1厅 | 57.39平米 | 南 北,https://ke-image.ljcdn.com/110000-inspection/58570f43-dd00-43be-8b13-a0f8197e4b35_1000.jpg!m_fill,w_280,h_210,f_jpg?from=ke.com
20240306,朝阳,亮马桥,101122741184,新源里东南北通透两居室 满五年有装修 采光无遮挡房主自荐,399万,69187元/平,顶层 (共5层) 2室1厅 | 57.67平米 | 南 北,https://ke-image.ljcdn.com/110000-inspection/20560580-5569-4dfa-95f3-2e5a44d74c05_1000.jpg!m_fill,w_280,h_210,f_jpg?from=ke.com
20240306,朝阳,亮马桥,101122734948,新源街 精装修 田字格三居室 带车位,550万,78967元/平,中楼层 (共6层) 3室1厅 | 69.65平米 | 南 北,https://ke-image.ljcdn.com/110000-inspection/573fe23f-7d74-4fb0-a0fb-55792c08c221_1000.jpg!m_fill,w_280,h_210,f_jpg?from=ke.com
20240306,朝阳,亮马桥,101122718578,琨莎中心 1室0厅 东,580万,49782元/平,高楼层 (共24层) | 2006年 | 1室0厅 | 116.51平米 | 东,https://ke-image.ljcdn.com/110000-inspection/b3127bca-5740-4e9f-b55b-239e6ee389f8_1000.jpg!m_fill,w_280,h_210,f_jpg?from=ke.com
20240306,朝阳,亮马桥,101122696898,新源南路 2室1厅 东南,460万,74098元/平,顶层 (共16层) 2室1厅 | 62.08平米 | 东南,https://ke-image.ljcdn.com/110000-inspection/pc1_94le6v3GY_2.jpg!m_fill,w_280,h_210,f_jpg?from=ke.com
20240306,朝阳,亮马桥,101122683356,新源南路  北向三居 大客厅 不临街 视野好 配套齐全,480万,74155元/平,高楼层 (共17层) | 1985年 | 2室1厅 | 64.73平米 | 东 西 北,https://ke-image.ljcdn.com/110000-inspection/2af75af6-8042-430f-86c1-89b653918a2e_1000.jpg!m_fill,w_280,h_210,f_jpg?from=ke.com
20240306,朝阳,亮马桥,101122679956,三源里街两居高层观景房带电梯 双卧朝南看房方便房主自荐,350万,65790元/平,高楼层 (共12层) 2室1厅 | 53.2平米 | 南 北,https://ke-image.ljcdn.com/110000-inspection/4b6cf710-41ee-43e0-a0c0-a426f29526b4_1000.jpg!m_fill,w_280,h_210,f_jpg?from=ke.com
20240306,朝阳,亮马桥,101122639562,新源街 精装修 南北通透 三层 不临街,429万,73826元/平,中楼层 (共6层) 2室1厅 | 58.11平米 | 东南 西北,https://ke-image.ljcdn.com/110000-inspection/7bf91fb3-8937-4a4c-9cd8-47a626d6f831_1000.jpg!m_fill,w_280,h_210,f_jpg?from=ke.com
20240306,朝阳,亮马桥,101122591602,三源里南小街双南眼镜房钢混结构配套齐全,362万,69456元/平,底层 (共5层) | 1982年 | 2室1厅 | 52.12平米 | 东南,https://ke-image.ljcdn.com/110000-inspection/1fa2078c-b82e-4ac1-ab65-8c2e805b96f3_1000.jpg!m_fill,w_280,h_210,f_jpg?from=ke.com
20240306,朝阳,亮马桥,101122581003,三源里街小区 电梯房 视野开阔,310万,67115元/平,中楼层 (共16层) | 1983年 | 1室1厅 | 46.19平米 | 东南,https://ke-image.ljcdn.com/110000-inspection/e3fcc724-1f9f-4679-8d9a-1c682451aaf7_1000.jpg!m_fill,w_280,h_210,f_jpg?from=ke.com
20240306,朝阳,亮马桥,101122563131,新源南路 电梯中层南向一居室 精装修,355万,83648元/平,中楼层 (共16层) | 1985年 | 1室1厅 | 42.44平米 | 南,https://ke-image.ljcdn.com/110000-inspection/41c1bfcd-d9a6-4b36-9a39-8916f2e44109_1000.jpg!m_fill,w_280,h_210,f_jpg?from=ke.com
20240306,朝阳,亮马桥,101122562177,新源里东南北通透两居室 中间楼层满五年 看房方便,425万,74970元/平,中楼层 (共5层) 2室1厅 | 56.69平米 | 南 北,https://ke-image.ljcdn.com/110000-inspection/pc1_ISCuwX3SZ_2.jpg!m_fill,w_280,h_210,f_jpg?from=ke.com
20240306,朝阳,亮马桥,101122476999,三源里生态小区南向一居室！采光好！楼层好！,295万,69806元/平,中楼层 (共6层) | 1994年 | 1室1厅 | 42.26平米 | 东南 西北,https://ke-image.ljcdn.com/110000-inspection/3be26d76-faf0-4664-acf9-349702934aa7_1000.jpg!m_fill,w_280,h_210,f_jpg?from=ke.com
20240306,朝阳,亮马桥,101122463140,顺源里眼镜户型两居室 高楼层视野开阔 看房方便,309万,60923元/平,顶层 (共6层) | 1984年 | 2室1厅 | 50.72平米 | 东,https://ke-image.ljcdn.com/110000-inspection/b064296e-91dd-4c02-8dcd-cc7c522648c2_1000.jpg!m_fill,w_280,h_210,f_jpg?from=ke.com
20240306,朝阳,亮马桥,101122364025,三源里街小区*带电梯两居室*居住舒适,370万,72266元/平,低楼层 (共12层) 2室1厅 | 51.2平米 | 东南,https://ke-image.ljcdn.com/110000-inspection/pc1_VtfRKUftD_1.jpg!m_fill,w_280,h_210,f_jpg?from=ke.com
20240306,朝阳,亮马桥,101122337626,顺源里精装修一居室地铁10号线亮马桥房主自荐,320万,96010元/平,底层 (共6层) 1室1厅 | 33.33平米 | 南,https://ke-image.ljcdn.com/110000-inspection/pc1_E5U749UPn_2.jpg!m_fill,w_280,h_210,f_jpg?from=ke.com
20240306,朝阳,亮马桥,101122331639,三源里南小街 朝南一居室 带电梯 居住舒适,318万,70230元/平,低楼层 (共16层) 1室1厅 | 45.28平米 | 南,https://ke-image.ljcdn.com/110000-inspection/04d62ec7-1c53-4b58-af56-4fbbf14b2901_1000.jpg!m_fill,w_280,h_210,f_jpg?from=ke.com
20240306,朝阳,亮马桥,101122318698,亮马桥地铁300米好出租满5唯一无抵押随时看房,245万,72939元/平,底层 (共6层) | 1984年 | 1室1厅 | 33.59平米 | 东,https://ke-image.ljcdn.com/110000-inspection/473da712-83e7-492a-8a43-33b4063d1c07_1000.jpg!m_fill,w_280,h_210,f_jpg?from=ke.com
20240306,朝阳,亮马桥,101122317406,三源里街小区 精装修南北通透两居室,485万,79509元/平,中楼层 (共6层) | 1981年 | 2室1厅 | 61平米 | 南 北,https://ke-image.ljcdn.com/110000-inspection/519b60e1-21f0-4e5a-82ea-091905dd557d_1000.jpg!m_fill,w_280,h_210,f_jpg?from=ke.com
20240306,朝阳,亮马桥,101122265667,三源里南小街 南北通透 不临街 户型方正,410万,67082元/平,中楼层 (共6层) | 1984年 | 2室1厅 | 61.12平米 | 南 北,https://ke-image.ljcdn.com/110000-inspection/pc1_j0YohfZgB.jpg!m_fill,w_280,h_210,f_jpg?from=ke.com
20240306,朝阳,亮马桥,101122245911,新源里东 2室1厅 东南,400万,73692元/平,顶层 (共5层) | 1979年 | 2室1厅 | 54.28平米 | 东南,https://ke-image.ljcdn.com/110000-inspection/pc1_hhfNqWaAO_2.jpg!m_fill,w_280,h_210,f_jpg?from=ke.com
20240306,朝阳,亮马桥,101122234030,三元桥新源街 不临街 无遮挡 东南两居 钢混结构房主自荐,399万,64148元/平,中楼层 (共16层) 2室1厅 | 62.2平米 | 东南,https://ke-image.ljcdn.com/110000-inspection/pc1_H7QTgKkDi_2.jpg!m_fill,w_280,h_210,f_jpg?from=ke.com
20240306,朝阳,亮马桥,101122233978,航空航天301所两居室有地下室管理好无遮挡房主自荐,382万,68215元/平,底层 (共5层) 2室1厅 | 56平米 | 东南 西北,https://ke-image.ljcdn.com/110000-inspection/a3d3cb3a-6099-40d9-8014-85557a1d8e45_1000.jpg!m_fill,w_280,h_210,f_jpg?from=ke.com
20240306,朝阳,亮马桥,101122176802,新源里东 一层田字格三居室 随时看房 有钥匙,565万,73358元/平,底层 (共5层) 3室1厅 | 77.02平米 | 东南 西北,https://ke-image.ljcdn.com/110000-inspection/7ae45b6f-4bd9-4dd9-b0fd-180114ee070f_1000.jpg!m_fill,w_280,h_210,f_jpg?from=ke.com
20240306,朝阳,亮马桥,101122054666,三源里街小区 电梯 中层 满五唯一,349万,68701元/平,中楼层 (共12层) | 1996年 | 2室1厅 | 50.8平米 | 南,https://ke-image.ljcdn.com/110000-inspection/18b28bdb-9dd8-4b3c-a7ac-6219e10160a9_1000.jpg!m_fill,w_280,h_210,f_jpg?from=ke.com
20240306,朝阳,亮马桥,101122043962,三源里南小街 南向两居 有电梯 满五唯一 视野采光好,416万,69975元/平,高楼层 (共16层) | 1984年 | 2室1厅 | 59.45平米 | 东南,https://ke-image.ljcdn.com/110000-inspection/06d929b1-9210-44b3-b298-425f75ae3ac4_1000.jpg!m_fill,w_280,h_210,f_jpg?from=ke.com
20240306,朝阳,亮马桥,101122001812,三源里街小区满五唯一南向大一居室中间楼层,405万,61179元/平,中楼层 (共6层) | 1994年 | 1室1厅 | 66.2平米 | 东南,https://ke-image.ljcdn.com/110000-inspection/9f36ec77-1e18-4b31-bcbf-1fc46d5ece5a_1000.jpg!m_fill,w_280,h_210,f_jpg?from=ke.com
20240306,朝阳,亮马桥,101121812306,满五年唯一带电梯南向高层采光视野好化工部管理,430万,73030元/平,中楼层 (共16层) | 1985年 | 2室1厅 | 58.88平米 | 南,https://ke-image.ljcdn.com/110000-inspection/pc1_5Y0knHKdX_3.jpg!m_fill,w_280,h_210,f_jpg?from=ke.com
20240306,朝阳,亮马桥,101121795006,新源街 南北通透两居室 满五年,400万,69566元/平,顶层 (共6层) | 1983年 | 2室1厅 | 57.5平米 | 南 北,https://ke-image.ljcdn.com/110000-inspection/f37de41e-3ebf-4661-a4e9-fb72b00b5e1d_1000.jpg!m_fill,w_280,h_210,f_jpg?from=ke.com
20240306,朝阳,亮马桥,101121746642,双南朝向格局采光好视野宽阔配套设施齐全。,360万,70741元/平,中楼层 (共12层) | 1983年 | 2室1厅 | 50.89平米 | 南,https://ke-image.ljcdn.com/110000-inspection/979bf5f7-4323-4585-aa24-64ed17952387_1000.jpg!m_fill,w_280,h_210,f_jpg?from=ke.com
20240306,朝阳,亮马桥,101121738423,三源里街小区南北通透中间层大三居,480万,66946元/平,高楼层 (共6层) | 1994年 | 3室1厅 | 71.7平米 | 东南 西北,https://ke-image.ljcdn.com/110000-inspection/f36d4f8e-7e64-4fb3-8af6-57c74b8b532f_1000.jpg!m_fill,w_280,h_210,f_jpg?from=ke.com
20240306,朝阳,亮马桥,101121698760,采光充足配套设施齐全交通便利楼层高,335万,74181元/平,高楼层 (共12层) | 1983年 | 1室1厅 | 45.16平米 | 西南 东北,https://ke-image.ljcdn.com/110000-inspection/de74e90d-eda5-4b59-b8ef-bc96708d063e_1000.jpg!m_fill,w_280,h_210,f_jpg?from=ke.com
20240306,朝阳,亮马桥,101121581048,琨莎中心70年办公用房！中高层！视野开阔！单价低！,575万,35477元/平,高楼层 (共24层) | 2006年 | 3室1厅 | 162.08平米 | 西南,https://ke-image.ljcdn.com/110000-inspection/4726feb7-2bed-4f06-9966-1aa52aa59c61_1000.jpg!m_fill,w_280,h_210,f_jpg?from=ke.com
20240306,朝阳,亮马桥,101121567319,新源里东 南北通透两居 中间楼层 安静采光好 全明格局,416万,73382元/平,中楼层 (共5层) | 1966年 | 2室1厅 | 56.69平米 | 南 北,https://ke-image.ljcdn.com/110000-inspection/pc1_x5OxZw1P6.jpg!m_fill,w_280,h_210,f_jpg?from=ke.com
20240306,朝阳,亮马桥,101121531039,新源里东 2室1厅 南,415万,69213元/平,中楼层 (共5层) | 1965年 | 2室1厅 | 59.96平米 | 南,https://ke-image.ljcdn.com/110000-inspection/6dcd51f7-69b2-47de-883c-623d38dd1d34_1000.jpg!m_fill,w_280,h_210,f_jpg?from=ke.com
20240306,朝阳,亮马桥,101121491342,三源里街 南向一居 高楼层 有电梯 视野采光好,330万,71445元/平,高楼层 (共16层) 1室1厅 | 46.19平米 | 东南,https://ke-image.ljcdn.com/110000-inspection/pc1_hMUXOiIM8.jpg!m_fill,w_280,h_210,f_jpg?from=ke.com
20240306,朝阳,亮马桥,101121440506,三元桥化工部一居满五年唯一化工部家属楼环境好,300万,74926元/平,中楼层 (共6层) 1室1厅 | 40.04平米 | 南 北,https://ke-image.ljcdn.com/110000-inspection/pc1_3CIIfqN4A.jpg!m_fill,w_280,h_210,f_jpg?from=ke.com
20240306,朝阳,亮马桥,101121437677,采光充足配套设施齐全交通便利,430万,72489元/平,中楼层 (共16层) | 1984年 | 2室1厅 | 59.32平米 | 东南,https://ke-image.ljcdn.com/110000-inspection/fffadac4-8c1b-400a-accf-98f59f430e76_1000.jpg!m_fill,w_280,h_210,f_jpg?from=ke.com
20240306,朝阳,亮马桥,101121427198,本房中间楼层双南朝向小区3栋楼单独物业管理,425万,83827元/平,低楼层 (共16层) | 1982年 | 2室1厅 | 50.7平米 | 南,https://ke-image.ljcdn.com/110000-inspection/pc1_9lNy3AvIw.jpg!m_fill,w_280,h_210,f_jpg?from=ke.com
20240306,朝阳,亮马桥,101121399815,三源里方正两居精装修采光好钢混不临街近公园,409万,74068元/平,中楼层 (共6层) | 1981年 | 2室1厅 | 55.22平米 | 东南,https://ke-image.ljcdn.com/110000-inspection/344a6b07-3876-4aeb-9f4a-43137572f8b5_1000.jpg!m_fill,w_280,h_210,f_jpg?from=ke.com
20240306,朝阳,亮马桥,101121369249,新源街 1室1厅 南,312万,67155元/平,低楼层 (共16层) | 1984年 | 1室1厅 | 46.46平米 | 南,https://ke-image.ljcdn.com/110000-inspection/aad6b693-9e29-4dfd-8ed1-14c9c8bbd370_1000.jpg!m_fill,w_280,h_210,f_jpg?from=ke.com
20240306,朝阳,亮马桥,101121330534,新源街小区 南北四居室 小区安静 居住舒适,650万,81291元/平,中楼层 (共6层) 4室1厅 | 79.96平米 | 南 北,https://ke-image.ljcdn.com/110000-inspection/10a2d1b6-bd4b-4588-ba5a-7d4a0cd766c7_1000.jpg!m_fill,w_280,h_210,f_jpg?from=ke.com
20240306,朝阳,亮马桥,101121328967,三源里95后小两居精装修带明厅花园式社区房主自荐,345万,68021元/平,顶层 (共6层) | 1995年 | 2室1厅 | 50.72平米 | 西南,https://ke-image.ljcdn.com/110000-inspection/3fc5de7b-9447-4b7f-bc2f-9bb906967528_1000.jpg!m_fill,w_280,h_210,f_jpg?from=ke.com
20240306,朝阳,亮马桥,101121265565,新源街 不临街电梯三居室 小区中间高楼层,568万,74718元/平,中楼层 (共16层) | 1984年 | 3室1厅 | 76.02平米 | 东 北,https://ke-image.ljcdn.com/110000-inspection/c222f163-cb6a-4cde-bd27-ea9e101d7525_1000.jpg!m_fill,w_280,h_210,f_jpg?from=ke.com
20240306,朝阳,亮马桥,101121194396,新源里西 2室1厅 东南,395万,69482元/平,高楼层 (共6层) | 1965年 | 2室1厅 | 56.85平米 | 东南,https://ke-image.ljcdn.com/110000-inspection/pc1_dgBxRydIj.jpg!m_fill,w_280,h_210,f_jpg?from=ke.com
20240306,朝阳,亮马桥,101121165067,三源里街 2室1厅 南 北,390万,70627元/平,低楼层 (共6层) | 1981年 | 2室1厅 | 55.22平米 | 南 北,https://ke-image.ljcdn.com/110000-inspection/1316f0ac-d1be-401f-9d5b-0f3384c35f50_1000.jpg!m_fill,w_280,h_210,f_jpg?from=ke.com
20240306,朝阳,亮马桥,101121165102,老业主委托低楼层南北两居钢混结构小区中间,450万,73783元/平,低楼层 (共6层) | 1981年 | 2室1厅 | 60.99平米 | 南 北,https://ke-image.ljcdn.com/110000-inspection/aaec83d6-3321-4ea7-9142-9778a9f2626a_1000.jpg!m_fill,w_280,h_210,f_jpg?from=ke.com
20240306,朝阳,亮马桥,101121164532,三源里街小两居有电梯视野采光好看房方便,350万,65852元/平,中楼层 (共12层) 2室1厅 | 53.15平米 | 东南,https://ke-image.ljcdn.com/110000-inspection/37d0c969-97ed-4a4e-8a06-9b507f909fe0_1000.jpg!m_fill,w_280,h_210,f_jpg?from=ke.com
20240306,朝阳,亮马桥,101121128655,顺源里 南北向两居室 采光好 近地铁 近亮马河,430万,75452元/平,中楼层 (共6层) | 1982年 | 2室1厅 | 56.99平米 | 南 北,https://ke-image.ljcdn.com/110000-inspection/37866676-539b-4b7d-8c34-e36db27ca029_1000.jpg!m_fill,w_280,h_210,f_jpg?from=ke.com
20240306,朝阳,亮马桥,101121121895,采光充足配套设施齐全交通便利,436万,66647元/平,低楼层 (共12层) | 1993年 | 2室1厅 | 65.42平米 | 西南 东北,https://ke-image.ljcdn.com/110000-inspection/pc1_FvoWKx5KS.jpg!m_fill,w_280,h_210,f_jpg?from=ke.com
20240306,朝阳,亮马桥,101121072574,三源里街小区 南北两居室小区安静房主自荐,420万,68864元/平,高楼层 (共6层) | 1981年 | 2室1厅 | 60.99平米 | 南 北,https://ke-image.ljcdn.com/110000-inspection/95b20a77-6f1d-415e-b6fc-6f2260489b61_1000.jpg!m_fill,w_280,h_210,f_jpg?from=ke.com
20240306,朝阳,亮马桥,101121054928,三元桥 新源里 接地气一层 清朝 平安示范社区房主自荐,604万,82379元/平,底层 (共5层) | 1980年 | 3室1厅 | 73.32平米 | 南,https://ke-image.ljcdn.com/110000-inspection/3075c88c-4372-4449-991c-c05375f6af87_1000.jpg!m_fill,w_280,h_210,f_jpg?from=ke.com
20240306,朝阳,亮马桥,101121032937,三元桥、亮马桥、新源街南北通透3居室、中间楼层,430万,74757元/平,中楼层 (共6层) 3室1厅 | 57.52平米 | 南 北,https://ke-image.ljcdn.com/110000-inspection/d83a8819-e356-437a-9b26-260515460e89_1000.jpg!m_fill,w_280,h_210,f_jpg?from=ke.com
20240306,朝阳,亮马桥,101120965721,三源里 物业管理没有更好的了 中间楼层 不临三环,498万,81506元/平,中楼层 (共6层) 2室1厅 | 61.1平米 | 东南 西北,https://ke-image.ljcdn.com/110000-inspection/670d63dd-832f-46ee-a3c0-26185ba7af55_1000.jpg!m_fill,w_280,h_210,f_jpg?from=ke.com
20240306,朝阳,亮马桥,101120940416,满五年唯一住房楼层高采光充足配套设施齐全,345万,79202元/平,中楼层 (共12层) | 1980年 | 1室1厅 | 43.56平米 | 南 北,https://ke-image.ljcdn.com/110000-inspection/pc1_E2Xgc5lnI_2.jpg!m_fill,w_280,h_210,f_jpg?from=ke.com
20240306,朝阳,亮马桥,101120936630,新源里小区低楼层方正一居室东南向不临街无遮挡！,270万,74197元/平,低楼层 (共6层) | 1981年 | 1室1厅 | 36.39平米 | 东南,https://ke-image.ljcdn.com/110000-inspection/pc1_ORClau5A3.jpg!m_fill,w_280,h_210,f_jpg?from=ke.com
20240306,朝阳,亮马桥,101120927774,三源里街小区朝南一居室 视野好 小区安静房主自荐,338万,73177元/平,高楼层 (共16层) | 1983年 | 1室1厅 | 46.19平米 | 南,https://ke-image.ljcdn.com/110000-inspection/08d77ac5-cadb-4a8d-92da-6705a649f40c_1000.jpg!m_fill,w_280,h_210,f_jpg?from=ke.com
20240306,朝阳,亮马桥,101120876240,三源里街小区 朝南两居室 小区安静,397万,66926元/平,低楼层 (共16层) | 1982年 | 2室1厅 | 59.32平米 | 南,https://ke-image.ljcdn.com/110000-inspection/pc1_MwIKT2Hs6.jpg!m_fill,w_280,h_210,f_jpg?from=ke.com
20240306,朝阳,亮马桥,101120873706,顺源里 双南向两居室 钢混结构 采光充足,364.5万,81145元/平,底层 (共12层) | 1984年 | 2室1厅 | 44.92平米 | 东南,https://ke-image.ljcdn.com/110000-inspection/cc27abf4-d7fc-4abd-8d71-18f82010b4a9_1000.jpg!m_fill,w_280,h_210,f_jpg?from=ke.com
20240306,朝阳,亮马桥,101120855971,顺源里两居室 小区安静居住舒适 交通便利,425万,74759元/平,高楼层 (共6层) | 1984年 | 2室1厅 | 56.85平米 | 南 北,https://ke-image.ljcdn.com/110000-inspection/a0cb55c4-e7a2-4526-ba1f-032e42f2aacf_1000.jpg!m_fill,w_280,h_210,f_jpg?from=ke.com
20240306,朝阳,亮马桥,101120831418,三元桥、亮马桥、带电梯双南2居室、满五唯一,438万,66687元/平,低楼层 (共12层) | 1983年 | 2室1厅 | 65.68平米 | 南 北,https://ke-image.ljcdn.com/110000-inspection/ce424d66-8162-4d47-ad93-739626856315_1000.jpg!m_fill,w_280,h_210,f_jpg?from=ke.com
20240306,朝阳,亮马桥,101120780895,亮马桥 顺源里 南北通透3居室 近地铁,420万,74048元/平,高楼层 (共6层) | 1984年 | 3室1厅 | 56.72平米 | 南 北,https://ke-image.ljcdn.com/110000-inspection/pc1_qXf8X01gm.jpg!m_fill,w_280,h_210,f_jpg?from=ke.com
20240306,朝阳,亮马桥,101120770340,三元桥 亮马桥 新源街南北通透2居室 采光视野好,399万,70013元/平,高楼层 (共6层) | 1982年 | 2室1厅 | 56.99平米 | 南 北,https://ke-image.ljcdn.com/110000-inspection/pc1_DD7ctUEcJ.jpg!m_fill,w_280,h_210,f_jpg?from=ke.com
20240306,朝阳,亮马桥,101120709144,房子满五唯一东西通透精装修临地铁,390万,68063元/平,顶层 (共6层) 2室1厅 | 57.3平米 | 东 西,https://ke-image.ljcdn.com/110000-inspection/f7353cce-fde0-4d42-9ecb-8aa95700639a_1000.jpg!m_fill,w_280,h_210,f_jpg?from=ke.com
20240306,朝阳,亮马桥,101120661753,精装修南北通透视野好采光好明厨明卫,450万,78398元/平,中楼层 (共5层) | 1966年 | 2室1厅 | 57.4平米 | 东南 西北,https://ke-image.ljcdn.com/110000-inspection/3f754dfe-9369-4d1c-b84c-5ae231744b34_1000.jpg!m_fill,w_280,h_210,f_jpg?from=ke.com
20240306,朝阳,亮马桥,101120654693,新源街 3室1厅 南 北房主自荐,445万,77662元/平,低楼层 (共6层) | 1983年 | 3室1厅 | 57.3平米 | 南 北,https://ke-image.ljcdn.com/110000-inspection/26d2b074-38af-41ac-a459-bad61e13df3b_1000.jpg!m_fill,w_280,h_210,f_jpg?from=ke.com
20240306,朝阳,亮马桥,101120636570,三元东桥 三源里商务部南北两居室 诚心卖,425万,71095元/平,低楼层 (共6层) | 1981年 | 2室1厅 | 59.78平米 | 南 北,https://ke-image.ljcdn.com/110000-inspection/pc1_3GKUxgi2t.jpg!m_fill,w_280,h_210,f_jpg?from=ke.com
20240306,朝阳,亮马桥,101120572466,三元桥新源街钢混三居前后不临街花园式社区,650万,81200元/平,高楼层 (共6层) 3室1厅 | 80.05平米 | 南 北,https://ke-image.ljcdn.com/110000-inspection/6f604b3b-52c1-424c-99e4-bb7240fb1535_1000.jpg!m_fill,w_280,h_210,f_jpg?from=ke.com
20240306,朝阳,亮马桥,101120572447,三元桥 新源里 清朝 通透户型 满五唯一 2层 诚心出售房主自荐,366万,72476元/平,中楼层 (共5层) 2室1厅 | 50.5平米 | 西南 东北,https://ke-image.ljcdn.com/110000-inspection/083bde38-da87-4fd6-8eb4-c52f37f5f7cf_1000.jpg!m_fill,w_280,h_210,f_jpg?from=ke.com
20240306,朝阳,亮马桥,101120565374,三源里生态小区电梯两居室满五唯一采光佳！,373万,70113元/平,中楼层 (共12层) 2室1厅 | 53.2平米 | 南,https://ke-image.ljcdn.com/110000-inspection/3624698f-3c7e-4f42-957a-bdb89fd30033_1000.jpg!m_fill,w_280,h_210,f_jpg?from=ke.com
20240306,朝阳,亮马桥,101120500317,东直门附近1994年 清朝九年 17号线 农业部央产,399万,74219元/平,中楼层 (共6层) 1室1厅 | 53.76平米 | 东南 西北,https://ke-image.ljcdn.com/110000-inspection/0254b459-2517-4b90-89d1-48268394c162_1000.jpg!m_fill,w_280,h_210,f_jpg?from=ke.com
20240306,朝阳,亮马桥,101120409273,顺源里 1室1厅 东,256万,69946元/平,高楼层 (共6层) | 1984年 | 1室1厅 | 36.6平米 | 东,https://ke-image.ljcdn.com/110000-inspection/a5fb26bc-bd1b-4826-957b-f1c9fb36b4dd_1000.jpg!m_fill,w_280,h_210,f_jpg?from=ke.com
20240306,朝阳,亮马桥,101120361021,顺源里南北通透三居室 中间层满五年 可以看房,450万,80660元/平,中楼层 (共6层) | 1980年 | 3室1厅 | 55.79平米 | 南 北,https://ke-image.ljcdn.com/110000-inspection/6902f826-86eb-44c9-a9ab-44a0af570a67_1000.jpg!m_fill,w_280,h_210,f_jpg?from=ke.com
20240306,朝阳,亮马桥,101120136630,房子满五年唯一高楼层采光好满五年有装修能签约,289万,81021元/平,顶层 (共6层) | 1980年 | 1室1厅 | 35.67平米 | 南,https://ke-image.ljcdn.com/110000-inspection/6dc58e56-cb8f-4265-83d3-3fcee021bdbd_1000.jpg!m_fill,w_280,h_210,f_jpg?from=ke.com
20240306,朝阳,亮马桥,101120008781,新源街 低楼层三居室  配套齐全 交通便利,361万,66544元/平,底层 (共6层) | 1982年 | 3室1厅 | 54.25平米 | 东北 西南,https://ke-image.ljcdn.com/110000-inspection/pc1_p0P2GK5DX.jpg!m_fill,w_280,h_210,f_jpg?from=ke.com
20240306,朝阳,亮马桥,101119882570,新源街小区 小区安静 居住舒适 小区管理好,890万,66221元/平,顶层 (共6层) | 2000年 | 3室1厅 | 134.4平米 | 南 北,https://ke-image.ljcdn.com/110000-inspection/f978e924-faa9-4c26-99a2-1de9182f8588_1000.jpg!m_fill,w_280,h_210,f_jpg?from=ke.com
20240306,朝阳,亮马桥,101119790223,三源里街 南北通透3居室  满五年 靠谱出售,470万,66188元/平,底层 (共6层) | 1982年 | 3室1厅 | 71.01平米 | 南 北,https://ke-image.ljcdn.com/110000-inspection/9af1a52e-da36-497e-9314-ed9cef4e86b7_1000.jpg!m_fill,w_280,h_210,f_jpg?from=ke.com
20240306,朝阳,亮马桥,101119736008,三源里南小街 带电梯一居室 管理好 配套齐全,310万,68554元/平,高楼层 (共16层) | 1985年 | 1室1厅 | 45.22平米 | 西北,https://ke-image.ljcdn.com/110000-inspection/pc1_CdKMOTPVI_2.jpg!m_fill,w_280,h_210,f_jpg?from=ke.com
20240306,朝阳,亮马桥,101119688630,新源南路大两居亮马河边满五年,450万,73302元/平,底层 (共16层) | 1982年 | 2室1厅 | 61.39平米 | 南 西,https://ke-image.ljcdn.com/110000-inspection/7d336d94-e1c5-4fe7-a1af-ce319d642c5b_1000.jpg!m_fill,w_280,h_210,f_jpg?from=ke.com
20240306,朝阳,亮马桥,101119619226,三元桥 新源街 花园式社区 满五唯一全南两居 诚意出售,405万,79428元/平,顶层 (共6层) 2室1厅 | 50.99平米 | 东南,https://ke-image.ljcdn.com/110000-inspection/c8ffe666-64fb-45fe-8c1d-2f396fa795b9_1000.jpg!m_fill,w_280,h_210,f_jpg?from=ke.com
20240306,朝阳,亮马桥,101119531578,亮马河畔新源南路精装修大客厅看房方便,510万,78366元/平,低楼层 (共16层) | 1982年 | 3室1厅 | 65.08平米 | 东北,https://ke-image.ljcdn.com/110000-inspection/95a48dbf-43e5-46c1-b2bc-70f966f98f88_1000.jpg!m_fill,w_280,h_210,f_jpg?from=ke.com
20240306,朝阳,亮马桥,101119515394,燕莎亮马桥 顺源里小区一居室近地铁交通方便,260万,78622元/平,底层 (共6层) | 1980年 | 1室1厅 | 33.07平米 | 南,https://ke-image.ljcdn.com/110000-inspection/649de083-56bd-4aba-a4ab-d06c4787189f_1000.jpg!m_fill,w_280,h_210,f_jpg?from=ke.com
20240306,朝阳,亮马桥,101119448099,一层南北三居室配套设施齐全交通便利,595万,76963元/平,底层 (共6层) | 1983年 | 3室1厅 | 77.31平米 | 南 北,https://ke-image.ljcdn.com/110000-inspection/4d86c699-cd47-4094-92d5-8ce4b16c2e83_1000.jpg!m_fill,w_280,h_210,f_jpg?from=ke.com
20240306,朝阳,亮马桥,101119447174,三源里街小区 南北两居室 小区安静 居住舒适,403万,68503元/平,顶层 (共6层) | 1983年 | 2室1厅 | 58.83平米 | 南 北,https://ke-image.ljcdn.com/110000-inspection/pc1_zOIpFP7oe.jpg!m_fill,w_280,h_210,f_jpg?from=ke.com
20240306,朝阳,亮马桥,101119318696,三源里南小街 中粮家属楼 精装修满五年房主自荐,433万,69203元/平,高楼层 (共6层) | 1983年 | 2室1厅 | 62.57平米 | 南 北,https://ke-image.ljcdn.com/110000-inspection/29152905-c592-468a-a036-389bab4ad0ed_1000.jpg!m_fill,w_280,h_210,f_jpg?from=ke.com
20240306,朝阳,亮马桥,101119303846,双南向采光充足交通配套齐全。,418万,74790元/平,中楼层 (共6层) | 1983年 | 2室1厅 | 55.89平米 | 南,https://ke-image.ljcdn.com/110000-inspection/64e741cb-d3b9-49f4-a9d7-0b2d3d0c925f_1000.jpg!m_fill,w_280,h_210,f_jpg?from=ke.com
20240306,朝阳,亮马桥,101119263120,三源里街小区 交通便利 居住舒适,375万,73819元/平,低楼层 (共12层) 2室1厅 | 50.8平米 | 南 北,https://ke-image.ljcdn.com/110000-inspection/pc1_5TTEN1rtO_1.jpg!m_fill,w_280,h_210,f_jpg?from=ke.com
20240306,朝阳,亮马桥,101119173963,顺源里南向一居室 低楼层采光无遮挡 满五年有装修,285万,85586元/平,底层 (共6层) | 1982年 | 1室1厅 | 33.3平米 | 南,https://ke-image.ljcdn.com/110000-inspection/7f3cdf15-9c58-4af0-beb9-6c26625845c2_1000.jpg!m_fill,w_280,h_210,f_jpg?from=ke.com
20240306,朝阳,亮马桥,101119169991,三元桥 三源里街小区商务部家属楼一居室 看房方便,295万,86714元/平,底层 (共6层) | 1981年 | 1室1厅 | 34.02平米 | 东南,https://ke-image.ljcdn.com/110000-inspection/pc1_J2EF2kWeI_1.jpg!m_fill,w_280,h_210,f_jpg?from=ke.com
20240306,朝阳,亮马桥,101119168874,顺源里小区南向一居室 满五年中间层 可以看房,307万,85635元/平,中楼层 (共6层) 1室1厅 | 35.85平米 | 南,https://ke-image.ljcdn.com/110000-inspection/b4ffff47-4dae-4940-8388-a5c25899a2a4_1000.jpg!m_fill,w_280,h_210,f_jpg?from=ke.com
20240306,朝阳,亮马桥,101119107879,顺源里东西通透三居室 满五年 高楼层采光无遮挡,529万,77137元/平,顶层 (共6层) | 1984年 | 3室1厅 | 68.58平米 | 东 西,https://ke-image.ljcdn.com/110000-inspection/5390e9dd-f97a-4c66-9b65-571e87c86ba9_1000.jpg!m_fill,w_280,h_210,f_jpg?from=ke.com
20240306,朝阳,亮马桥,101119048624,牛王庙南区环境优美 三环里 双朝南两居室,338万,66641元/平,顶层 (共5层) 2室1厅 | 50.72平米 | 东南,https://ke-image.ljcdn.com/110000-inspection/pc1_UA5kH76PM.jpg!m_fill,w_280,h_210,f_jpg?from=ke.com
20240306,朝阳,亮马桥,101119009781,顺源里通透三居室 满五年 高楼层看房有钥匙房主自荐,439万,77948元/平,顶层 (共6层) | 1984年 | 3室1厅 | 56.32平米 | 东 西,https://ke-image.ljcdn.com/110000-inspection/pc1_IZkDLjmOF_2.jpg!m_fill,w_280,h_210,f_jpg?from=ke.com
20240306,朝阳,亮马桥,101118980783,新源里东 明厨明卫 南北通透 低楼层,415万,74081元/平,中楼层 (共5层) 2室1厅 | 56.02平米 | 南 北,https://ke-image.ljcdn.com/110000-inspection/ee15b6cc-363a-4641-9c2d-915ef3074ccd_1000.jpg!m_fill,w_280,h_210,f_jpg?from=ke.com
20240306,朝阳,亮马桥,101118889549,三源里南小街南北通透两居室 高楼层有装修 采光无遮挡,465万,75586元/平,高楼层 (共6层) | 1983年 | 2室1厅 | 61.52平米 | 南 北,https://ke-image.ljcdn.com/110000-inspection/pc1_qBNeSEFuq.jpg!m_fill,w_280,h_210,f_jpg?from=ke.com
20240306,朝阳,亮马桥,101118756804,楼层高视野开阔配套设施齐全交通便利,433万,71844元/平,顶层 (共6层) 2室1厅 | 60.27平米 | 南 北,https://ke-image.ljcdn.com/110000-inspection/9a36017d-a6c1-4528-89da-c7e472d83fc0_1000.jpg!m_fill,w_280,h_210,f_jpg?from=ke.com
20240306,朝阳,亮马桥,101118670475,三源里南小街 带电梯通透两居室 配套齐全 交通便利,345万,64607元/平,中楼层 (共12层) 2室1厅 | 53.4平米 | 西南,https://ke-image.ljcdn.com/110000-inspection/pc1_C6Ne7RFhH_2.jpg!m_fill,w_280,h_210,f_jpg?from=ke.com
20240306,朝阳,亮马桥,101118356472,三源里南小街 精装修双南两居室 中楼层,399万,71737元/平,中楼层 (共6层) | 1983年 | 2室1厅 | 55.62平米 | 南,https://ke-image.ljcdn.com/110000-inspection/pc1_SjlH8wSDU_2.jpg!m_fill,w_280,h_210,f_jpg?from=ke.com
20240306,朝阳,亮马桥,101118291680,南向一居室采光充足配套设施齐全交通便利,290万,79257元/平,低楼层 (共6层) 1室1厅 | 36.59平米 | 南,https://ke-image.ljcdn.com/110000-inspection/9dd6dc38-77cf-4b43-b5e1-74df7c0a0061_1000.jpg!m_fill,w_280,h_210,f_jpg?from=ke.com
20240306,朝阳,亮马桥,101118253008,三源里街 精装 钢混结构 满五年唯一 全南一居室房主自荐,269万,72273元/平,顶层 (共6层) | 1982年 | 1室1厅 | 37.22平米 | 东南,https://ke-image.ljcdn.com/110000-inspection/25977166-acbf-449a-97cb-5238fd0efe94_1000.jpg!m_fill,w_280,h_210,f_jpg?from=ke.com
20240306,朝阳,亮马桥,101118041378,新源南路低层南北通透两居周边配套齐全亮马河边,399万,70733元/平,底层 (共6层) | 1982年 | 2室1厅 | 56.41平米 | 南 北,https://ke-image.ljcdn.com/110000-inspection/9151c0fa-d64c-4484-900c-93f9dc846b3d_1000.jpg!m_fill,w_280,h_210,f_jpg?from=ke.com
20240306,朝阳,亮马桥,101117996895,世方豪庭 正南正北 三居室 满五家庭一套房主自荐,1400万,80069元/平,低楼层 (共22层) | 2000年 | 3室2厅 | 174.85平米 | 南 北,https://ke-image.ljcdn.com/110000-inspection/e9b9f83a-87b6-4965-9eb1-c54d705c10c7_1000.jpg!m_fill,w_280,h_210,f_jpg?from=ke.com
20240306,朝阳,亮马桥,101117931232,新源南路  高楼层 两居室 可直观国贸 亮马河,485万,82751元/平,高楼层 (共17层) 2室1厅 | 58.61平米 | 南,https://ke-image.ljcdn.com/110000-inspection/pc1_URMUk9le3.jpg!m_fill,w_280,h_210,f_jpg?from=ke.com
20240306,朝阳,亮马桥,101117773882,三源里街 满五唯一 带客厅两居室房主自荐,418万,70312元/平,顶层 (共6层) | 1983年 | 2室1厅 | 59.45平米 | 南 北,https://ke-image.ljcdn.com/110000-inspection/pc1_uRNUvVIeS_2.jpg!m_fill,w_280,h_210,f_jpg?from=ke.com
20240306,朝阳,亮马桥,101117733905,新源街 南北通透 两居 低楼层 不临街 配套齐全,440万,81709元/平,底层 (共6层) | 1984年 | 2室1厅 | 53.85平米 | 东南 西北,https://ke-image.ljcdn.com/110000-inspection/pc1_DPOFnhUyJ.jpg!m_fill,w_280,h_210,f_jpg?from=ke.com
20240306,朝阳,亮马桥,101117084422,满五年唯一住房南北通透格局采光充足交通便利。,410万,63468元/平,顶层 (共6层) | 1994年 | 2室1厅 | 64.6平米 | 南 北,https://ke-image.ljcdn.com/110000-inspection/e6d2c87d-5e84-457f-984f-6ea73f0bcdfd_1000.jpg!m_fill,w_280,h_210,f_jpg?from=ke.com
20240306,朝阳,亮马桥,101116923340,亮马河畔 满五年 低楼层南向一居室近地铁,270万,74401元/平,低楼层 (共6层) | 1981年 | 1室1厅 | 36.29平米 | 南,https://ke-image.ljcdn.com/110000-inspection/pc1_n4xzKR35o_2.jpg!m_fill,w_280,h_210,f_jpg?from=ke.com
20240306,朝阳,亮马桥,101116923310,亮马河畔 满五年 低楼层通透三居近地铁,520万,77289元/平,低楼层 (共6层) | 1981年 | 3室1厅 | 67.28平米 | 南 北,https://ke-image.ljcdn.com/110000-inspection/1f192754-0a66-4c0b-91c9-95f54c809556_1000.jpg!m_fill,w_280,h_210,f_jpg?from=ke.com
20240306,朝阳,亮马桥,101116727505,三元桥、亮马桥、钢混结构2居室 随时签约房主自荐,399万,70883元/平,顶层 (共6层) | 1982年 | 2室1厅 | 56.29平米 | 南,https://ke-image.ljcdn.com/110000-inspection/pc1_CeFop6JAD.jpg!m_fill,w_280,h_210,f_jpg?from=ke.com
20240306,朝阳,亮马桥,101116704866,南北朝向采光充足面对公园交通便利。,470万,83393元/平,高楼层 (共6层) 3室1厅 | 56.36平米 | 南 北,https://ke-image.ljcdn.com/110000-inspection/8a6f7a41-8f5a-42ca-8b7b-dacbf1c7035b_1000.jpg!m_fill,w_280,h_210,f_jpg?from=ke.com
20240306,朝阳,亮马桥,101116666013,新源街  南北通透小三居  满五年  次顶层不临街,420万,73019元/平,高楼层 (共6层) | 1982年 | 3室1厅 | 57.52平米 | 东南 西北,https://ke-image.ljcdn.com/110000-inspection/30dbdcd4-b05d-41c9-ad09-ce27e049b157_1000.jpg!m_fill,w_280,h_210,f_jpg?from=ke.com
20240306,朝阳,亮马桥,101116661116,世方豪庭  南向双卫 卫生间带窗户,1030万,80526元/平,低楼层 (共22层) | 2000年 | 2室1厅 | 127.91平米 | 南 东南,https://ke-image.ljcdn.com/110000-inspection/d4fc9f36-af06-4b1b-ac3b-a50f5d308a23_1000.jpg!m_fill,w_280,h_210,f_jpg?from=ke.com
20240306,朝阳,亮马桥,101116582503,三源里南北通透田字格三居室 高楼层采光无遮挡房主自荐,599万,75054元/平,高楼层 (共6层) | 1982年 | 3室1厅 | 79.81平米 | 南 北,https://ke-image.ljcdn.com/110000-inspection/pc1_D13RxtiA1.jpg!m_fill,w_280,h_210,f_jpg?from=ke.com
20240306,朝阳,亮马桥,101116543219,1995年三源里街精装修1居室、采光视野好、靠谱卖,308万,60918元/平,顶层 (共6层) | 1995年 | 1室1厅 | 50.56平米 | 南,https://ke-image.ljcdn.com/110000-inspection/ca194daf-0e27-4d2f-9269-7621ce11d452_1000.jpg!m_fill,w_280,h_210,f_jpg?from=ke.com
20240306,朝阳,亮马桥,101116359332,新源街 小区中间位置两居室 拐角阳台房主自荐,400万,63604元/平,低楼层 (共16层) | 1983年 | 2室1厅 | 62.89平米 | 西南,https://ke-image.ljcdn.com/110000-inspection/pc1_1bb4y20kS.jpg!m_fill,w_280,h_210,f_jpg?from=ke.com
20240306,朝阳,亮马桥,101116255565,楼龄新7层板楼带电梯一梯两户小区有车位。,1320万,70442元/平,中楼层 (共7层) 3室2厅 | 187.39平米 | 南 北,https://ke-image.ljcdn.com/110000-inspection/prod-60e27253-448f-44de-bc93-c5f5aba179e7.jpg!m_fill,w_280,h_210,f_jpg?from=ke.com
20240306,朝阳,亮马桥,101116114151,南向套间户型楼层高有电梯采光好。,389万,73675元/平,顶层 (共12层) 2室1厅 | 52.8平米 | 西南,https://ke-image.ljcdn.com/110000-inspection/pc1_RI5cZjBRg_2.jpg!m_fill,w_280,h_210,f_jpg?from=ke.com
20240306,朝阳,亮马桥,101115936182,三源里街 1995年 东南西南  明厨明卫 双阳台 满五唯一房主自荐,515万,63487元/平,顶层 (共6层) | 1995年 | 2室1厅 | 81.12平米 | 东南 西南,https://ke-image.ljcdn.com/110000-inspection/pc1_CXKY80BXZ_2.jpg!m_fill,w_280,h_210,f_jpg?from=ke.com
20240306,朝阳,亮马桥,101114503249,儒林苑 总高七层 带电梯 一梯两户 通透户型,1110万,84540元/平,高楼层 (共7层) | 2003年 | 2室1厅 | 131.3平米 | 东南 西北,https://ke-image.ljcdn.com/110000-inspection/f1e51b58-c495-4716-b9a8-83e32293874e_1000.jpg!m_fill,w_280,h_210,f_jpg?from=ke.com
20240306,朝阳,亮马桥,101112310826,满五年唯一住房南北通透楼层好配套设施齐全。,1389万,74294元/平,高楼层 (共7层) | 2008年 | 3室2厅 | 186.96平米 | 南 北,https://ke-image.ljcdn.com/110000-inspection/87619bf7-3b2f-4b5b-ab11-fd4d9209ab3e_1000.jpg!m_fill,w_280,h_210,f_jpg?from=ke.com
20240306,朝阳,亮马桥,101123218579,满五年唯一住房南北通透格局采光充足交通便利新上,338万,62651元/平,高楼层 (共6层) 2室1厅 | 53.95平米 | 南 北,https://ke-image.ljcdn.com/110000-inspection/e3d12a8c-fd49-4912-a0e0-328170f9f489_1000.jpg!m_fill,w_280,h_210,f_jpg?from=ke.com
20240306,朝阳,亮马桥,101123184298,SOHO北京公馆 3室2厅 南新上,2000万,76450元/平,中楼层 (共26层) | 2008年 | 3室2厅 | 261.61平米 | 南,https://ke-image.ljcdn.com/110000-inspection/77f0f094-7880-4801-8c15-41560e7349fd_1000.jpg!m_fill,w_280,h_210,f_jpg?from=ke.com
20240306,朝阳,亮马桥,101123156762,三源里南小街 精装修 南北通透 靠谱卖新上,425万,69536元/平,高楼层 (共6层) | 1984年 | 2室1厅 | 61.12平米 | 东南 西北,https://ke-image.ljcdn.com/110000-inspection/bf66309f-29d2-441e-97c0-afe85a41bb24_1000.jpg!m_fill,w_280,h_210,f_jpg?from=ke.com
20240306,朝阳,亮马桥,101123085982,三源里小区 中间楼层南北通透两居室 满五唯一新上,399万,66589元/平,中楼层 (共6层) 2室1厅 | 59.92平米 | 南 北,https://ke-image.ljcdn.com/110000-inspection/f8f24249-2776-4773-9ad4-4385e2ffc57d_1000.jpg!m_fill,w_280,h_210,f_jpg?from=ke.com
20240306,朝阳,亮马桥,101123037631,满五年唯一南向采光视野好明厨明卫,365万,60986元/平,高楼层 (共6层) 2室1厅 | 59.85平米 | 东南,https://ke-image.ljcdn.com/110000-inspection/pc1_wd1NoK5rh.jpg!m_fill,w_280,h_210,f_jpg?from=ke.com
20240306,朝阳,亮马桥,101123028611,喜欢中低层的看过来 世方豪庭 西南向 精装两居室,950万,74271元/平,低楼层 (共20层) | 2000年 | 2室1厅 | 127.91平米 | 西南,https://ke-image.ljcdn.com/110000-inspection/pc1_QwrHVWYYj_2.jpg!m_fill,w_280,h_210,f_jpg?from=ke.com
20240306,朝阳,亮马桥,101123010126,星源汇 精装修 采光好   视野好,770万,104762元/平,低楼层 (共18层) | 2009年 | 1室1厅 | 73.5平米 | 东,https://ke-image.ljcdn.com/110000-inspection/pc1_P1cv1VuwH.jpg!m_fill,w_280,h_210,f_jpg?from=ke.com
20240306,朝阳,亮马桥,101123009598,新源里西南北通透两居室 低楼层无遮挡看房方便,440万,75602元/平,底层 (共6层) | 1966年 | 2室0厅 | 58.2平米 | 东南 西北,https://ke-image.ljcdn.com/110000-inspection/pc1_t0Z7qVT0d.jpg!m_fill,w_280,h_210,f_jpg?from=ke.com
20240306,朝阳,亮马桥,101122998050,星源汇南向一居大面宽客厅看房随时,848万,99718元/平,低楼层 (共18层) 1室1厅 | 85.04平米 | 南 西,https://ke-image.ljcdn.com/110000-inspection/854b2930-98ec-465e-b351-89850c39c688_1000.jpg!m_fill,w_280,h_210,f_jpg?from=ke.com
20240306,朝阳,亮马桥,101122988109,牛王庙 明厨明卫两居室 低楼层,325万,65432元/平,中楼层 (共5层) | 1977年 | 2室1厅 | 49.67平米 | 南,https://ke-image.ljcdn.com/110000-inspection/e8952763-3589-4d58-9f1b-eee5a809f378_1000.jpg!m_fill,w_280,h_210,f_jpg?from=ke.com
20240306,朝阳,亮马桥,101122986248,顺源里南北通透两居室 满两年有装修看房方便,405万,71898元/平,顶层 (共6层) | 1982年 | 2室1厅 | 56.33平米 | 南 北,https://ke-image.ljcdn.com/110000-inspection/bced9d51-0214-449c-89a1-604590f9008a_1000.jpg!m_fill,w_280,h_210,f_jpg?from=ke.com
20240306,朝阳,亮马桥,101122983992,新源街小区 南北通透三居室 小区安静居住舒适,412万,72985元/平,中楼层 (共6层) | 1982年 | 3室1厅 | 56.45平米 | 南 北,https://ke-image.ljcdn.com/110000-inspection/bf301ebd-7afd-4286-9df3-48417dbb0150_1000.jpg!m_fill,w_280,h_210,f_jpg?from=ke.com
20240306,朝阳,亮马桥,101122983012,三源里南小街南北通透两居室 高楼层采光无遮挡,388万,61735元/平,顶层 (共6层) | 1983年 | 2室1厅 | 62.85平米 | 东南 西北,https://ke-image.ljcdn.com/110000-inspection/pc1_4iAurhAsH_2.jpg!m_fill,w_280,h_210,f_jpg?from=ke.com
20240306,朝阳,亮马桥,101122982912,中间楼层采光充足配套设施齐全交通便利,378万,67153元/平,中楼层 (共6层) | 1982年 | 2室1厅 | 56.29平米 | 南,https://ke-image.ljcdn.com/110000-inspection/25918b90-d7a0-4110-85b9-6e4f55e5c008_1000.jpg!m_fill,w_280,h_210,f_jpg?from=ke.com
20240306,朝阳,亮马桥,101122978763,三源里南小街 3室1厅 南 北,445万,70804元/平,高楼层 (共6层) | 1983年 | 3室1厅 | 62.85平米 | 南 北,https://ke-image.ljcdn.com/110000-inspection/82210804-7633-4a2c-960d-932727a6cf8f_1000.jpg!m_fill,w_280,h_210,f_jpg?from=ke.com
20240306,朝阳,亮马桥,101122976389,新源南路 东北两居 满五年 配套成熟 交通便利,432万,67259元/平,低楼层 (共16层) 2室1厅 | 64.23平米 | 东 北,https://ke-image.ljcdn.com/110000-inspection/fbea609d-93ea-4fe0-b2b5-cf13101ca3c0_1000.jpg!m_fill,w_280,h_210,f_jpg?from=ke.com
20240306,朝阳,亮马桥,101122967491,新源里东 中间楼层两居室 管理好 配套齐全房主自荐,410万,75535元/平,中楼层 (共5层) 2室1厅 | 54.28平米 | 东南,https://ke-image.ljcdn.com/110000-inspection/5c292cf4-018f-422d-9c97-8125934fb0b0_1000.jpg!m_fill,w_280,h_210,f_jpg?from=ke.com
20240306,朝阳,亮马桥,101122966409,三源里街小区 三居室农业部管理居住舒适,535万,71774元/平,低楼层 (共16层) | 1981年 | 3室1厅 | 74.54平米 | 西南 西北,https://ke-image.ljcdn.com/110000-inspection/pc1_NrHlsPigB_2.jpg!m_fill,w_280,h_210,f_jpg?from=ke.com
20240306,朝阳,亮马桥,101122964881,新源里西精装修南北通透视野好采光好房主自荐,435万,74131元/平,顶层 (共5层) | 1965年 | 2室1厅 | 58.68平米 | 南 北,https://ke-image.ljcdn.com/110000-inspection/pc1_tybiIYEZj_2.jpg!m_fill,w_280,h_210,f_jpg?from=ke.com
20240306,朝阳,亮马桥,101122963087,琨莎中心 70年产权  户型方正,660万,40885元/平,中楼层 (共24层) 3室1厅 | 161.43平米 | 东,https://ke-image.ljcdn.com/110000-inspection/pc1_SZnglXfGS_2.jpg!m_fill,w_280,h_210,f_jpg?from=ke.com
20240306,朝阳,亮马桥,101122959990,新源街 南向两居 满五年 高楼层 林业部管理好 配套好,408万,79393元/平,高楼层 (共12层) | 1980年 | 2室1厅 | 51.39平米 | 东南,https://ke-image.ljcdn.com/110000-inspection/pc1_nOD2ESVbI_2.jpg!m_fill,w_280,h_210,f_jpg?from=ke.com
20240306,朝阳,亮马桥,101122958828,新源里东 田字格三居中间楼层诚心卖不临街,550万,71802元/平,中楼层 (共5层) | 1965年 | 3室1厅 | 76.6平米 | 东南 西北,https://ke-image.ljcdn.com/110000-inspection/pc1_xRF9vOi2r.jpg!m_fill,w_280,h_210,f_jpg?from=ke.com
20240306,朝阳,亮马桥,101122957979,顺源里南北通透两居室 满五年中间楼层 采光无遮挡,448万,82475元/平,中楼层 (共6层) | 1982年 | 2室1厅 | 54.32平米 | 南 北,https://ke-image.ljcdn.com/110000-inspection/pc1_lnwBh6mKJ.jpg!m_fill,w_280,h_210,f_jpg?from=ke.com
20240306,朝阳,亮马桥,101122954840,三元桥 花园式社区 非直接顶层 带坡顶 满五唯一出售,380万,65631元/平,顶层 (共5层) | 1984年 | 2室1厅 | 57.9平米 | 西南 东北,https://ke-image.ljcdn.com/110000-inspection/pc1_wduJV0thp.jpg!m_fill,w_280,h_210,f_jpg?from=ke.com
20240306,朝阳,亮马桥,101122919782,三源里街 3室1厅 西北,540万,70792元/平,高楼层 (共16层) | 1983年 | 3室1厅 | 76.28平米 | 西北,https://ke-image.ljcdn.com/110000-inspection/pc1_ojv9wNhy6_2.jpg!m_fill,w_280,h_210,f_jpg?from=ke.com
20240306,朝阳,亮马桥,101122874921,三源里街小区朝南两居室 小区安静居住舒适,418万,70466元/平,低楼层 (共16层) | 1982年 | 2室1厅 | 59.32平米 | 南,https://ke-image.ljcdn.com/110000-inspection/pc1_lb1qHDZLd_1.jpg!m_fill,w_280,h_210,f_jpg?from=ke.com
20240306,朝阳,亮马桥,101122871375,亮马河畔理想家园 SOHO北京公关 平层大宅 三居可住房主自荐,2450万,76953元/平,中楼层 (共26层) | 2008年 | 3室2厅 | 318.38平米 | 东 西北,https://ke-image.ljcdn.com/110000-inspection/b965890a-88f8-4d6e-af78-396ca5eed9b1_1000.jpg!m_fill,w_280,h_210,f_jpg?from=ke.com
20240306,朝阳,亮马桥,101122846309,西塔朝西精装一居中间层无遮挡视野开阔采光好,700万,95720元/平,中楼层 (共16层) 1室1厅 | 73.13平米 | 西,https://ke-image.ljcdn.com/110000-inspection/3abf544c-1340-48f4-9af2-501d09203a8e_1000.jpg!m_fill,w_280,h_210,f_jpg?from=ke.com
20240306,朝阳,亮马桥,101122838136,新源里东 航空部301所单独管理 一层小三居室,392万,69063元/平,底层 (共5层) | 1979年 | 3室1厅 | 56.76平米 | 南 北,https://ke-image.ljcdn.com/110000-inspection/pc1_pQleQZMfZ.jpg!m_fill,w_280,h_210,f_jpg?from=ke.com
20240306,朝阳,亮马桥,101122829906,世方豪庭 舒适三居 尊享繁华创造品质生活,1460万,83501元/平,中楼层 (共22层) 3室2厅 | 174.85平米 | 东南 西北,https://ke-image.ljcdn.com/110000-inspection/pc1_jodYdlHRi_2.jpg!m_fill,w_280,h_210,f_jpg?from=ke.com
20240306,朝阳,亮马桥,101122721692,星源汇 1室1厅 东,710万,91613元/平,低楼层 (共16层) | 2009年 | 1室1厅 | 77.5平米 | 东,https://ke-image.ljcdn.com/110000-inspection/pc1_kLx8ZhUkB.jpg!m_fill,w_280,h_210,f_jpg?from=ke.com
20240306,朝阳,亮马桥,101122699347,新源里东小区方正三居室精装南北通透有阳台！,645万,84557元/平,底层 (共5层) | 1966年 | 3室1厅 | 76.28平米 | 东南 西北,https://ke-image.ljcdn.com/110000-inspection/pc1_DLZIcXDTg.jpg!m_fill,w_280,h_210,f_jpg?from=ke.com
20240306,朝阳,亮马桥,101122645839,新源里东  南北两居室 小区安静 居住舒适,432万,71205元/平,顶层 (共5层) | 1979年 | 2室1厅 | 60.67平米 | 南 北,https://ke-image.ljcdn.com/110000-inspection/pc1_ir2aPNzrr.jpg!m_fill,w_280,h_210,f_jpg?from=ke.com
20240306,朝阳,亮马桥,101122634101,新源街小区南北通透三居室业主诚意出售,488万,69795元/平,顶层 (共6层) 3室1厅 | 69.92平米 | 南 北,https://ke-image.ljcdn.com/110000-inspection/pc1_PiS61dGZo_2.jpg!m_fill,w_280,h_210,f_jpg?from=ke.com
20240306,朝阳,亮马桥,101122633608,新源街 2室1厅 南 北房主自荐,365万,64047元/平,顶层 (共6层) | 1982年 | 2室1厅 | 56.99平米 | 南 北,https://ke-image.ljcdn.com/110000-inspection/929fe51f-a17b-442c-ab76-6eabefb1502f_1000.jpg!m_fill,w_280,h_210,f_jpg?from=ke.com
20240306,朝阳,亮马桥,101122620649,顺源里 正南正北朝向 中间层 独门独院 管理好,439万,82011元/平,中楼层 (共6层) | 1982年 | 2室1厅 | 53.53平米 | 南 北,https://ke-image.ljcdn.com/110000-inspection/513967df-74b4-4804-80c4-5c2116779dca_1000.jpg!m_fill,w_280,h_210,f_jpg?from=ke.com
20240306,朝阳,亮马桥,101122619173,三源里南小街 2室1厅 东南 西北房主自荐,455万,73984元/平,中楼层 (共6层) | 1983年 | 2室1厅 | 61.5平米 | 东南 西北,https://ke-image.ljcdn.com/110000-inspection/445d446a-1d68-46f2-8afe-b523fd0d3175_1000.jpg!m_fill,w_280,h_210,f_jpg?from=ke.com
20240306,朝阳,亮马桥,101122598719,此房满五唯一商品房仅契税小区中间诚心出售,400万,70114元/平,中楼层 (共6层) | 1966年 | 2室0厅 | 57.05平米 | 南,https://ke-image.ljcdn.com/110000-inspection/fb26af9d-253d-4a6d-9625-cd38e3b7ce89_1000.jpg!m_fill,w_280,h_210,f_jpg?from=ke.com
20240306,朝阳,亮马桥,101122595320,牛王庙 双南向两居室 采光视野好,350万,69007元/平,中楼层 (共5层) | 1980年 | 2室1厅 | 50.72平米 | 南,https://ke-image.ljcdn.com/110000-inspection/5bc863c3-f14d-4d88-bacb-64076bc3309b_1000.jpg!m_fill,w_280,h_210,f_jpg?from=ke.com
20240306,朝阳,亮马桥,101122594163,新源街 3室1厅 东南 西北,427万,74926元/平,中楼层 (共6层) | 1982年 | 3室1厅 | 56.99平米 | 东南 西北,https://ke-image.ljcdn.com/110000-inspection/6f000522-0f30-4704-b70b-148412014213_1000.jpg!m_fill,w_280,h_210,f_jpg?from=ke.com
20240306,朝阳,亮马桥,101122536465,新源街 林业部家属楼 电梯 单独管理,350万,68107元/平,低楼层 (共12层) | 1980年 | 2室1厅 | 51.39平米 | 东南,https://ke-image.ljcdn.com/110000-inspection/pc1_ADTqcXhL3.jpg!m_fill,w_280,h_210,f_jpg?from=ke.com
20240306,朝阳,亮马桥,101122536230,三元桥三源里南小街南北朝向带电梯满五唯一,460万,70499元/平,中楼层 (共12层) | 1983年 | 2室1厅 | 65.25平米 | 南 西南 北,https://ke-image.ljcdn.com/110000-inspection/b6278daa-1189-437d-9123-15c01db29644_1000.jpg!m_fill,w_280,h_210,f_jpg?from=ke.com
20240306,朝阳,亮马桥,101122533387,此房南北通透带东窗采光好不遮挡楼下花园,448万,71225元/平,顶层 (共6层) | 1983年 | 3室1厅 | 62.9平米 | 东南 西北,https://ke-image.ljcdn.com/110000-inspection/pc1_x45PJRmJ3_2.jpg!m_fill,w_280,h_210,f_jpg?from=ke.com
20240306,朝阳,亮马桥,101122533217,三源里街小区 一居室农业部家属楼 管理好,335万,73385元/平,低楼层 (共16层) | 1981年 | 1室1厅 | 45.65平米 | 南,https://ke-image.ljcdn.com/110000-inspection/612ceb3e-a7df-4bea-a9e3-78db4e20ebb5_1000.jpg!m_fill,w_280,h_210,f_jpg?from=ke.com
20240306,朝阳,亮马桥,101122523493,顺源里 电梯钢混结构 三居室 采光好,460万,73612元/平,顶层 (共12层) | 1984年 | 3室1厅 | 62.49平米 | 西南 东北,https://ke-image.ljcdn.com/110000-inspection/25de6732-2507-4a20-b348-fbd7dd2a69c3_1000.jpg!m_fill,w_280,h_210,f_jpg?from=ke.com
20240306,朝阳,亮马桥,101122510026,星源汇 东向大一居 视野开阔 中间楼层,805万,99383元/平,中楼层 (共16层) | 2009年 | 1室1厅 | 81平米 | 东,https://ke-image.ljcdn.com/110000-inspection/b60b85c6-433a-4dac-9403-57758b4d6eb3_1000.jpg!m_fill,w_280,h_210,f_jpg?from=ke.com
20240306,朝阳,亮马桥,101122496249,三源里生态小区中高层电梯南向两居室满五唯一！,420万,70329元/平,中楼层 (共16层) | 1983年 | 2室1厅 | 59.72平米 | 东南,https://ke-image.ljcdn.com/110000-inspection/pc1_YEwJxf9cc_2.jpg!m_fill,w_280,h_210,f_jpg?from=ke.com
20240306,朝阳,亮马桥,101122433276,三元桥 十号线亮马桥 南北通透两居室  中高层房主自荐,416万,77714元/平,中楼层 (共6层) | 1982年 | 2室1厅 | 53.53平米 | 南 北,https://ke-image.ljcdn.com/110000-inspection/c3f79521-d20c-4552-b35b-0d2e573c5c1d_1000.jpg!m_fill,w_280,h_210,f_jpg?from=ke.com
20240306,朝阳,亮马桥,101122433212,新源街一居室精装户型好看房方便,265万,77965元/平,底层 (共5层) | 1995年 | 1室1厅 | 33.99平米 | 东北,https://ke-image.ljcdn.com/110000-inspection/a7f141d9-4f95-4524-9761-2c500a7ee569_1000.jpg!m_fill,w_280,h_210,f_jpg?from=ke.com
20240306,朝阳,亮马桥,101122432472,三元桥 亮马桥 东南向 中高层 视野好 满五两居室,405万,64542元/平,中楼层 (共16层) | 1984年 | 2室1厅 | 62.75平米 | 东南,https://ke-image.ljcdn.com/110000-inspection/pc1_TRwhewJAg_1.jpg!m_fill,w_280,h_210,f_jpg?from=ke.com
20240306,朝阳,亮马桥,101122257084,星源汇东塔朝东观景一居室视野好独立厨房,900万,107733元/平,低楼层 (共18层) 1室1厅 | 83.54平米 | 东,https://ke-image.ljcdn.com/110000-inspection/0f893a31-7568-4622-b556-c617d881ef9f_1000.jpg!m_fill,w_280,h_210,f_jpg?from=ke.com
20240306,朝阳,亮马桥,101122236651,三源里街小区南北通透低楼层采光视野无遮挡,425万,69072元/平,低楼层 (共6层) | 1995年 | 2室1厅 | 61.53平米 | 北 南,https://ke-image.ljcdn.com/110000-inspection/2c9d3016-2c35-4741-a8bc-217e56f4fabc_1000.jpg!m_fill,w_280,h_210,f_jpg?from=ke.com
20240306,朝阳,亮马桥,101122236107,星源汇全明一居室户型好视野开阔无遮挡诚意出售房主自荐,825万,95964元/平,低楼层 (共18层) | 2009年 | 1室1厅 | 85.97平米 | 东 北,https://ke-image.ljcdn.com/110000-inspection/ebb381c0-1b0c-464d-b669-f96b3041e34c_1000.jpg!m_fill,w_280,h_210,f_jpg?from=ke.com
20240306,朝阳,亮马桥,101122215787,三源里街 满五唯一 采光视野好楼下就是公园房主自荐,305万,76174元/平,低楼层 (共6层) 1室1厅 | 40.04平米 | 南,https://ke-image.ljcdn.com/110000-inspection/pc1_LrFfBZl6z_2.jpg!m_fill,w_280,h_210,f_jpg?from=ke.com
20240306,朝阳,亮马桥,101122022104,燕莎 亮马桥 十号线亮马河 东南两居 满五唯一 中高层,950万,74271元/平,中楼层 (共22层) 2室2厅 | 127.91平米 | 南 东南,https://ke-image.ljcdn.com/110000-inspection/d1516fba-dd98-4405-88c3-06cdfc74e324_1000.jpg!m_fill,w_280,h_210,f_jpg?from=ke.com
20240306,朝阳,亮马桥,101121963906,化工部家属楼管理好精装南北两居钢混正对公园房主自荐,378万,64374元/平,顶层 (共6层) 2室1厅 | 58.72平米 | 南 北,https://ke-image.ljcdn.com/110000-inspection/pc1_Vg2eecaVk_2.jpg!m_fill,w_280,h_210,f_jpg?from=ke.com
20240306,朝阳,亮马桥,101121958636,重推荐星源汇明卫一居无对视景观棒楼层好,775万,90148元/平,中楼层 (共18层) 1室1厅 | 85.97平米 | 东北,https://ke-image.ljcdn.com/110000-inspection/36cfd3f1-121a-4f2f-9dc3-c3acf9178049_1000.jpg!m_fill,w_280,h_210,f_jpg?from=ke.com
20240306,朝阳,亮马桥,101121947141,亮马桥  世方豪庭 精装三居室 2000年商品房房主自荐,1190万,75146元/平,中楼层 (共20层) | 2000年 | 3室1厅 | 158.36平米 | 西南,https://ke-image.ljcdn.com/110000-inspection/pc1_d0qWKRiGn.jpg!m_fill,w_280,h_210,f_jpg?from=ke.com
20240306,朝阳,亮马桥,101121937351,亮马桥 三元桥 北京公馆 西南全景落地窗 高楼层,1700万,77982元/平,高楼层 (共29层) | 2008年 | 2室1厅 | 218平米 | 西,https://ke-image.ljcdn.com/110000-inspection/36664236-1287-4815-9ec3-4e1b86a26059_1000.jpg!m_fill,w_280,h_210,f_jpg?from=ke.com
20240306,朝阳,亮马桥,101121848065,燕莎星源汇 品质社区 高层观景免费会所,2680万,104358元/平,顶层 (共18层) | 2009年 | 3室2厅 | 256.81平米 | 东北,https://ke-image.ljcdn.com/110000-inspection/pc1_pbvRHMMWu.jpg!m_fill,w_280,h_210,f_jpg?from=ke.com
20240306,朝阳,亮马桥,101121832724,此房精装两居室 餐厨一体 户型好楼层好采光好房主自荐,435万,76693元/平,低楼层 (共6层) | 1982年 | 2室1厅 | 56.72平米 | 东南 西北,https://ke-image.ljcdn.com/110000-inspection/pc1_RmvXAYTan.jpg!m_fill,w_280,h_210,f_jpg?from=ke.com
20240306,朝阳,亮马桥,101121831619,新源南路  大三居 有电梯 视野好 配套齐全 诚意出售,508万,67626元/平,中楼层 (共16层) | 1984年 | 3室1厅 | 75.12平米 | 东北,https://ke-image.ljcdn.com/110000-inspection/b05b084a-2f78-44fc-aa3a-4c832ed2ec4f_1000.jpg!m_fill,w_280,h_210,f_jpg?from=ke.com
20240306,朝阳,亮马桥,101121815226,嘉里星源汇 西向大一居 安静不临街 采光充足,795万,95657元/平,低楼层 (共16层) | 2009年 | 1室1厅 | 83.11平米 | 西,https://ke-image.ljcdn.com/110000-inspection/pc1_GixxFTgbx.jpg!m_fill,w_280,h_210,f_jpg?from=ke.com
20240306,朝阳,亮马桥,101121637723,嘉里星源汇 全明格局大一居 户型方正 随时签约,768万,89334元/平,低楼层 (共18层) 1室1厅 | 85.97平米 | 东 北,https://ke-image.ljcdn.com/110000-inspection/9079fe43-45e8-4057-b9fa-713b480c72c3_1000.jpg!m_fill,w_280,h_210,f_jpg?from=ke.com
20240306,朝阳,亮马桥,101121593923,南北通透三居室采光充足配套设施齐全交通便利房主自荐,560万,70176元/平,顶层 (共6层) 3室1厅 | 79.8平米 | 南 北,https://ke-image.ljcdn.com/110000-inspection/8dbcdd0c-ca86-45ce-8473-7b7279e418fb_1000.jpg!m_fill,w_280,h_210,f_jpg?from=ke.com
20240306,朝阳,亮马桥,101121541388,三元桥亮马桥 正南正北 田字格户型 满五年 诚意出售房主自荐,528万,78479元/平,低楼层 (共6层) | 1981年 | 3室1厅 | 67.28平米 | 南 北,https://ke-image.ljcdn.com/110000-inspection/bdc4d7da-af98-407c-95eb-ea6cdbcce532_1000.jpg!m_fill,w_280,h_210,f_jpg?from=ke.com
20240306,朝阳,亮马桥,101121453946,星源汇高层两居东南角视野开阔大面宽客厅房主自荐,1750万,102083元/平,高楼层 (共18层) | 2009年 | 2室1厅 | 171.43平米 | 东南,https://ke-image.ljcdn.com/110000-inspection/268e11f5-0164-4f35-be90-8fc6c57ea5e0_1000.jpg!m_fill,w_280,h_210,f_jpg?from=ke.com
20240306,朝阳,亮马桥,101121238331,牛王庙南北通透楼层好采光充足配套设施齐全房主自荐,307万,64537元/平,顶层 (共5层) 2室1厅 | 47.57平米 | 南 北,https://ke-image.ljcdn.com/110000-inspection/pc1_4lwXS9AR2_1.jpg!m_fill,w_280,h_210,f_jpg?from=ke.com
20240306,朝阳,亮马桥,101121103227,星源汇 1室1厅 东,799万,98642元/平,低楼层 (共16层) | 2009年 | 1室1厅 | 81平米 | 东,https://s1.ljcdn.com/pegasus/redskull/images/common/default_house_list.png?_v=20240222174411
20240306,朝阳,亮马桥,101120873318,新源里东 中间楼层 南北通透4居室 配套齐全,765万,78030元/平,中楼层 (共5层) 4室1厅 | 98.04平米 | 南 北,https://ke-image.ljcdn.com/110000-inspection/pc1_cbpQnU6j2.jpg!m_fill,w_280,h_210,f_jpg?from=ke.com
20240306,朝阳,亮马桥,101120681699,亮马桥 新源街 南北通透两居室 双阳台 采光好,417万,65361元/平,高楼层 (共6层) | 1980年 | 2室1厅 | 63.8平米 | 南 北,https://ke-image.ljcdn.com/110000-inspection/pc1_Oai8y9nCG.jpg!m_fill,w_280,h_210,f_jpg?from=ke.com
20240306,朝阳,亮马桥,101120665194,三源里街小区 大一居室 小区安静居住舒适,327万,64472元/平,高楼层 (共6层) | 1995年 | 1室1厅 | 50.72平米 | 西南,https://ke-image.ljcdn.com/110000-inspection/pc1_hdmK1Gtlc_2.jpg!m_fill,w_280,h_210,f_jpg?from=ke.com
20240306,朝阳,亮马桥,101120643180,北京公馆 精装修三居室 全景落地窗 看房方便,1900万,64192元/平,中楼层 (共29层) 3室1厅 | 295.99平米 | 东 西 北,https://ke-image.ljcdn.com/110000-inspection/ae8a469a-3b06-4b07-9f65-4c81d1f754b6_1000.jpg!m_fill,w_280,h_210,f_jpg?from=ke.com
20240306,朝阳,亮马桥,101120616020,顺源里亮马桥地铁电梯房南向两居室,395万,75642元/平,中楼层 (共12层) | 1984年 | 2室1厅 | 52.22平米 | 东南,https://ke-image.ljcdn.com/110000-inspection/pc1_ugf5onmQ4_2.jpg!m_fill,w_280,h_210,f_jpg?from=ke.com
20240306,朝阳,亮马桥,101120549377,北京公馆 东向大一居室   精装修,1100万,83568元/平,低楼层 (共26层) 1室1厅 | 131.63平米 | 东,https://ke-image.ljcdn.com/110000-inspection/pc1_rmqmv6qGN_2.jpg!m_fill,w_280,h_210,f_jpg?from=ke.com
20240306,朝阳,亮马桥,101120353331,三源里街南北通透三居室 满五年田字格 看房方便,563万,69524元/平,顶层 (共6层) | 1981年 | 3室1厅 | 80.98平米 | 南 北,https://ke-image.ljcdn.com/110000-inspection/pc1_nVCPWz9h6.jpg!m_fill,w_280,h_210,f_jpg?from=ke.com
20240306,朝阳,亮马桥,101120321509,嘉里星源汇 亮马河畔 品质一居  看房随时,750万,96775元/平,低楼层 (共16层) | 2009年 | 1室1厅 | 77.5平米 | 东,https://ke-image.ljcdn.com/110000-inspection/pc1_Z95BVRmHt.jpg!m_fill,w_280,h_210,f_jpg?from=ke.com
20240306,朝阳,亮马桥,101120311949,西塔朝东无对视无遮挡视野景观好楼层好,805万,99383元/平,中楼层 (共16层) | 2009年 | 1室1厅 | 81平米 | 东,https://ke-image.ljcdn.com/110000-inspection/0b40ffba-ff19-454c-9d24-43f3bc0149ac_1000.jpg!m_fill,w_280,h_210,f_jpg?from=ke.com
20240306,朝阳,亮马桥,101120228062,南北通透格局满五年唯一采光充足视野开阔,680万,88982元/平,底层 (共5层) | 1966年 | 3室1厅 | 76.42平米 | 南 北,https://ke-image.ljcdn.com/110000-inspection/7d0b000c-fa36-4864-a623-e6c9be60ee79_1000.jpg!m_fill,w_280,h_210,f_jpg?from=ke.com
20240306,朝阳,亮马桥,101120108746,西塔东南角一居大面宽客厅精装修视野棒,880万,104007元/平,中楼层 (共16层) | 2009年 | 1室1厅 | 84.61平米 | 东南 南,https://ke-image.ljcdn.com/110000-inspection/ff16fc7c-b20c-44d0-b645-bfb2d66cf620_1000.jpg!m_fill,w_280,h_210,f_jpg?from=ke.com
20240306,朝阳,亮马桥,101120024789,星源汇 1室1厅 东,765万,100328元/平,中楼层 (共16层) | 2009年 | 1室1厅 | 76.25平米 | 东,https://ke-image.ljcdn.com/110000-inspection/pc1_L3c9OHJB5.jpg!m_fill,w_280,h_210,f_jpg?from=ke.com
20240306,朝阳,亮马桥,101119729864,东直门外 中间楼层 大阳台 净层高2.79米房主自荐,455万,77632元/平,中楼层 (共16层) | 1985年 | 2室1厅 | 58.61平米 | 南,https://ke-image.ljcdn.com/110000-inspection/pc1_ET7tLEjMn_1.jpg!m_fill,w_280,h_210,f_jpg?from=ke.com
20240306,朝阳,亮马桥,101119562533,老业主委托星源汇高层观景一居品质社区免费会所。,735万,94352元/平,中楼层 (共18层) 1室1厅 | 77.9平米 | 西,https://ke-image.ljcdn.com/110000-inspection/pc1_KNjeVdeGW.jpg!m_fill,w_280,h_210,f_jpg?from=ke.com
20240306,朝阳,亮马桥,101119398610,三环内使馆区亮马河畔品质小区免费会所。房主自荐,760万,99165元/平,低楼层 (共18层) | 2009年 | 1室1厅 | 76.64平米 | 东,https://ke-image.ljcdn.com/110000-inspection/02970046-2da5-49cc-9b08-d98973ee8254_1000.jpg!m_fill,w_280,h_210,f_jpg?from=ke.com
20240306,朝阳,亮马桥,101119344745,星源汇高层一居保养好视野开阔靠谱出售,750万,96775元/平,中楼层 (共16层) | 2009年 | 1室1厅 | 77.5平米 | 东,https://ke-image.ljcdn.com/110000-inspection/pc1_AgrzsiTSo.jpg!m_fill,w_280,h_210,f_jpg?from=ke.com
20240306,朝阳,亮马桥,101119046793,老业主委托星源汇保养新管理好免费会所,725万,94599元/平,低楼层 (共18层) | 2009年 | 1室1厅 | 76.64平米 | 西,https://ke-image.ljcdn.com/110000-inspection/2232d7d2-c8d9-45b6-979d-6ee7e9ee2f34_1000.jpg!m_fill,w_280,h_210,f_jpg?from=ke.com
20240306,朝阳,亮马桥,101118601399,三源里南小街 南北通透两居室 配套齐全 交通方便。,418万,68694元/平,顶层 (共5层) | 1982年 | 2室1厅 | 60.85平米 | 南 北,https://ke-image.ljcdn.com/110000-inspection/pc1_d2V4c78xg.jpg!m_fill,w_280,h_210,f_jpg?from=ke.com
20240306,朝阳,亮马桥,101118460588,全新装修一层全南向看房方便小区中间位置。,450万,86789元/平,底层 (共6层) | 1984年 | 2室1厅 | 51.85平米 | 南,https://ke-image.ljcdn.com/110000-inspection/pc1_iLmFF6HK2.jpg!m_fill,w_280,h_210,f_jpg?from=ke.com
20240306,朝阳,亮马桥,101118451610,三源里街小区 南北两居室 采光通风好,380万,62583元/平,顶层 (共6层) | 1982年 | 2室1厅 | 60.72平米 | 南 北,https://ke-image.ljcdn.com/110000-inspection/6250d494-bc40-4e78-904d-b032ac6124ed_1000.jpg!m_fill,w_280,h_210,f_jpg?from=ke.com
20240306,朝阳,亮马桥,101118109291,星源汇 高楼层视野开阔 品质物业 满五年唯一,1660万,103511元/平,高楼层 (共16层) 2室1厅 | 160.37平米 | 东北,https://ke-image.ljcdn.com/110000-inspection/4ca8f2c2-9bca-49d5-a74b-926a9a278be8_1000.jpg!m_fill,w_280,h_210,f_jpg?from=ke.com
20240306,朝阳,亮马桥,101117983843,三源里南小街南向两居室视野佳采光好带电梯！,405万,68297元/平,顶层 (共16层) | 1984年 | 2室1厅 | 59.3平米 | 南 东,https://ke-image.ljcdn.com/110000-inspection/pc1_fK1QqAr8W_2.jpg!m_fill,w_280,h_210,f_jpg?from=ke.com
20240306,朝阳,亮马桥,101117748018,新源街小区 朝南两居室 小区安静,401万,73714元/平,底层 (共16层) 2室1厅 | 54.4平米 | 南,https://ke-image.ljcdn.com/110000-inspection/01ed3148-59b4-461f-87a4-f20e8e95569f_1000.jpg!m_fill,w_280,h_210,f_jpg?from=ke.com
20240306,朝阳,亮马桥,101117615242,房子朝南向满五年、高楼层采光通风好无遮挡,343万,69972元/平,顶层 (共12层) | 1984年 | 2室1厅 | 49.02平米 | 东南,https://ke-image.ljcdn.com/110000-inspection/38a27535-45c2-4def-bedc-ee06ee4ac008_1000.jpg!m_fill,w_280,h_210,f_jpg?from=ke.com
20240306,朝阳,亮马桥,101117263522,三元桥 亮马桥 新源街 低楼层3居室房主自荐,316万,58857元/平,底层 (共6层) | 1981年 | 3室0厅 | 53.69平米 | 东南,https://ke-image.ljcdn.com/110000-inspection/pc1_lQTqWRLeH_1.jpg!m_fill,w_280,h_210,f_jpg?from=ke.com
20240306,朝阳,亮马桥,101117036752,小区管理严格配套齐全下沉式花园车位充足。房主自荐,745万,103660元/平,低楼层 (共18层) 1室1厅 | 71.87平米 | 东,https://ke-image.ljcdn.com/110000-inspection/pc1_gBlYjpnfn.jpg!m_fill,w_280,h_210,f_jpg?from=ke.com
20240306,朝阳,亮马桥,101116975506,新源里东 南北通透两居室 满五年 随时签约房主自荐,415万,72414元/平,顶层 (共5层) | 1965年 | 2室1厅 | 57.31平米 | 南 北,https://ke-image.ljcdn.com/110000-inspection/1e40d6aa-a3fc-41b5-bcd1-ba406a21f48c_1000.jpg!m_fill,w_280,h_210,f_jpg?from=ke.com
20240306,朝阳,亮马桥,101116375721,高楼层无遮挡采光好楼龄新独立管理,1660万,103511元/平,高楼层 (共16层) | 2009年 | 2室2厅 | 160.37平米 | 东 北,https://ke-image.ljcdn.com/110000-inspection/pc1_Z8bUT54rB.jpg!m_fill,w_280,h_210,f_jpg?from=ke.com
20240306,朝阳,亮马桥,101115967400,嘉里星源汇 朝小区外 满五唯一 开发商精装 有会所,718万,98182元/平,低楼层 (共16层) | 2009年 | 1室1厅 | 73.13平米 | 西,https://ke-image.ljcdn.com/110000-inspection/pc1_KhZPUX0FB.jpg!m_fill,w_280,h_210,f_jpg?from=ke.com
20240306,朝阳,亮马桥,101114857288,北京公馆整层打通出售 全新精装 看房方便 有大阳台,1550万,99717元/平,高楼层 (共29层) 2室1厅 | 155.44平米 | 西,https://ke-image.ljcdn.com/110000-inspection/pc1_NwKXOTRBT.jpg!m_fill,w_280,h_210,f_jpg?from=ke.com
20240306,朝阳,亮马桥,101114857084,东三环 亮马桥 平层大宅 居住舒适房主自荐,3050万,108310元/平,高楼层 (共29层) 3室1厅 | 281.6平米 | 东 西 北,https://ke-image.ljcdn.com/110000-inspection/1d2655da-54cb-4e1c-ab3c-a65796bab64f_1000.jpg!m_fill,w_280,h_210,f_jpg?from=ke.com
20240306,朝阳,亮马桥,101123237089,三源里南小街 2室1厅 东南 西北,399万,66790元/平,顶层 (共6层) | 1981年 | 2室1厅 | 59.74平米 | 东南 西北,https://s1.ljcdn.com/pegasus/redskull/images/common/default_house_list.png?_v=20240222174411
20240306,朝阳,亮马桥,101123180084,新源街 3室1厅 南 北新上,518万,76054元/平,高楼层 (共6层) | 1981年 | 3室1厅 | 68.11平米 | 南 北,https://s1.ljcdn.com/pegasus/redskull/images/common/default_house_list.png?_v=20240222174411
20240306,朝阳,亮马桥,101123135251,新源里西 2室1厅 东南 西北新上,400万,70547元/平,顶层 (共5层) 2室1厅 | 56.7平米 | 东南 西北,https://s1.ljcdn.com/pegasus/redskull/images/common/default_house_list.png?_v=20240222174411
20240306,朝阳,亮马桥,101123099698,牛王庙 2室1厅 东南 西北新上,335万,70795元/平,底层 (共5层) | 1977年 | 2室1厅 | 47.32平米 | 东南 西北,https://s1.ljcdn.com/pegasus/redskull/images/common/default_house_list.png?_v=20240222174411
20240306,朝阳,亮马桥,101123068874,老业主委托新源里南北四室两卫楼龄新低楼层新上,1098万,86594元/平,中楼层 (共5层) 4室2厅 | 126.8平米 | 南 北,https://s1.ljcdn.com/pegasus/redskull/images/common/default_house_list.png?_v=20240222174411
20240306,朝阳,亮马桥,101122918612,新源里东 中楼层南北通透  小区中间,400万,70361元/平,中楼层 (共5层) | 1970年 | 2室1厅 | 56.85平米 | 南 北,https://s1.ljcdn.com/pegasus/redskull/images/common/default_house_list.png?_v=20240222174411
20240306,朝阳,亮马桥,101122855313,老业主委托东塔朝西一居视野好管家式物业服务,725万,94599元/平,中楼层 (共18层) 1室1厅 | 76.64平米 | 西,https://s1.ljcdn.com/pegasus/redskull/images/common/default_house_list.png?_v=20240222174411
20240306,朝阳,亮马桥,101122713481,顺源里小区亮马河一路之隔一层小三居地铁站300米,390万,73171元/平,底层 (共6层) 3室1厅 | 53.3平米 | 东,https://s1.ljcdn.com/pegasus/redskull/images/common/default_house_list.png?_v=20240222174411
20240306,朝阳,亮马桥,101122200648,新源里 三居室明厨明卫 中楼层,520万,66856元/平,中楼层 (共5层) 3室1厅 | 77.78平米 | 南 北,https://s1.ljcdn.com/pegasus/redskull/images/common/default_house_list.png?_v=20240222174411
