20230618,丰台,草桥,101119478677,玺萌公馆 南北三居 小区中间 采光没遮挡 格局方正必看好房,909万,73030元/平,底层 (共6层) | 2008年建 | 3室2厅 | 124.47平米 | 南 北,https://ke-image.ljcdn.com/110000-inspection/9a05e5d5-3b1a-4e23-8274-ca547018e68d_1000.jpg!m_fill,w_280,h_210,f_jpg?from=ke.com
20230618,丰台,草桥,101119100669,恋日嘉园二期 2室2厅 南 北必看好房,898万,81995元/平,中楼层 (共17层) | 2003年建 | 2室2厅 | 109.52平米 | 南 北,https://ke-image.ljcdn.com/110000-inspection/0372b4be-2922-47f2-8c3b-a9bd34253118_1000.jpg!m_fill,w_280,h_210,f_jpg?from=ke.com
20230618,丰台,草桥,101118841933,玺萌鹏苑中楼层 三居室 此房户型方正商品房住宅必看好房,720万,62187元/平,中楼层 (共24层) 3室2厅 | 115.78平米 | 东,https://ke-image.ljcdn.com/110000-inspection/09f946b5-4235-4846-b4a6-d1366787d73c_1000.jpg!m_fill,w_280,h_210,f_jpg?from=ke.com
20230618,丰台,草桥,101118651542,草桥地铁站 欣园小区 六层板楼 带电梯 精装两居必看好房,567万,71937元/平,低楼层 (共6层) 2室1厅 | 78.82平米 | 南 北,https://ke-image.ljcdn.com/110000-inspection/d093ce56-3161-4d7e-9c20-3abb63dc6b06_1000.jpg!m_fill,w_280,h_210,f_jpg?from=ke.com
20230618,丰台,草桥,101118355277,玺萌公馆 南北通透四居 6层洋房带电梯 正对小区花园必看好房,1480万,97897元/平,中楼层 (共6层) 4室2厅 | 151.18平米 | 南 北,https://ke-image.ljcdn.com/110000-inspection/d95d5ce2-b56a-476d-a327-ab3ad565f953_1000.jpg!m_fill,w_280,h_210,f_jpg?from=ke.com
20230618,丰台,草桥,101119561065,草桥欣园四区 上半层 南北通透 有电梯 19号线10号线,560万,72380元/平,低楼层 (共18层) 2室1厅 | 77.37平米 | 南 北,https://ke-image.ljcdn.com/110000-inspection/02e21579-a6ee-49b1-9e27-cfc6a456fd61_1000.jpg!m_fill,w_280,h_210,f_jpg?from=ke.com
20230618,丰台,草桥,101119552666,草桥欣园三区把边三居室双通透户型有钥匙可看房,770万,77818元/平,中楼层 (共12层) 3室1厅 | 98.95平米 | 南 北,https://ke-image.ljcdn.com/110000-inspection/pc1_0oSBEHzVa_1.jpg!m_fill,w_280,h_210,f_jpg?from=ke.com
20230618,丰台,草桥,101119468564,此房满五年唯一南北通透 不临街房主自荐,919万,73816元/平,底层 (共6层) | 2009年建 | 3室2厅 | 124.5平米 | 南 北,https://ke-image.ljcdn.com/110000-inspection/88bad07b-62c8-4a01-8977-d8dd7024206f_1000.jpg!m_fill,w_280,h_210,f_jpg?from=ke.com
20230618,丰台,草桥,101119428916,风景club 满五年 无抵押户口 小区中间位置前后不临街,1045万,73836元/平,中楼层 (共11层) | 2007年建 | 3室2厅 | 141.53平米 | 南 北,https://ke-image.ljcdn.com/110000-inspection/pc1_NrqMlVSSj_1.jpg!m_fill,w_280,h_210,f_jpg?from=ke.com
20230618,丰台,草桥,101119426061,草桥19号线 三居室 满五唯一 南北通透,651万,74906元/平,中楼层 (共6层) 3室2厅 | 86.91平米 | 南 北,https://ke-image.ljcdn.com/110000-inspection/dca73ed2-9f36-4d2a-9936-da103cd4355b_1000.jpg!m_fill,w_280,h_210,f_jpg?from=ke.com
20230618,丰台,草桥,101119283360,风景club南北通透满五唯一三居室房主自荐,980万,81872元/平,中楼层 (共12层) | 2007年建 | 3室1厅 | 119.7平米 | 南 北,https://ke-image.ljcdn.com/110000-inspection/pc1_OwOW15Stm_1.jpg!m_fill,w_280,h_210,f_jpg?from=ke.com
20230618,丰台,草桥,101119254208,南珠苑 草桥地铁 满五年唯一 随时看房房主自荐,409万,54087元/平,高楼层 (共18层) 2室1厅 | 75.62平米 | 西南,https://ke-image.ljcdn.com/110000-inspection/72222823-7d8b-431a-a784-bef6be403662_1000.jpg!m_fill,w_280,h_210,f_jpg?from=ke.com
20230618,丰台,草桥,101119055039,满五年唯一六层板楼有电梯南北通透业主诚意出售必看好房,1290万,97095元/平,高楼层 (共6层) | 2009年建 | 3室2厅 | 132.86平米 | 南 北,https://ke-image.ljcdn.com/110000-inspection/86769dbe-6082-441d-99ac-44ccf639f908_1000.jpg!m_fill,w_280,h_210,f_jpg?from=ke.com
20230618,丰台,草桥,101118982568,玺萌丽苑 方正两居 精装修 满五年唯一 落地大阳台,599万,66630元/平,中楼层 (共24层) | 2003年建 | 2室1厅 | 89.9平米 | 西,https://ke-image.ljcdn.com/110000-inspection/pc1_qO3eYyhWa_2.jpg!m_fill,w_280,h_210,f_jpg?from=ke.com
20230618,丰台,草桥,101118929702,草桥地铁站 南北两居 卧室全南 精装修 有车位,550万,55787元/平,高楼层 (共16层) | 1999年建 | 2室1厅 | 98.59平米 | 南 北,https://ke-image.ljcdn.com/110000-inspection/6e3c54a4-39a8-41ad-8317-f4f0945147fa_1000.jpg!m_fill,w_280,h_210,f_jpg?from=ke.com
20230618,丰台,草桥,101118678731,恋日花都 南北通透三居两卫 不临街 花园小区 有车位,1420万,89845元/平,高楼层 (共19层) | 2006年建 | 3室2厅 | 158.05平米 | 南 北,https://ke-image.ljcdn.com/110000-inspection/pc1_FbxQuBYdo_1.jpg!m_fill,w_280,h_210,f_jpg?from=ke.com
20230618,丰台,草桥,101118659844,恋日花都 南北三居室  高楼层必看好房,1130万,79567元/平,高楼层 (共19层) | 2006年建 | 3室2厅 | 142.02平米 | 南 北,https://ke-image.ljcdn.com/110000-inspection/pc1_CSSoaFDc3_1.jpg!m_fill,w_280,h_210,f_jpg?from=ke.com
20230618,丰台,草桥,101118561604,未来上层 2室2厅 南 北必看好房,760万,81572元/平,高楼层 (共13层) 2室2厅 | 93.17平米 | 南 北,https://ke-image.ljcdn.com/110000-inspection/67402047-b287-4c9a-b66b-7b1d112526a3_1000.jpg!m_fill,w_280,h_210,f_jpg?from=ke.com
20230618,丰台,草桥,101118234145,草桥欣园三区南北通透两居室。采光好无遮挡。必看好房,484万,66935元/平,高楼层 (共6层) 2室1厅 | 72.31平米 | 南 北,https://ke-image.ljcdn.com/110000-inspection/955ceae4-68c9-4bf2-986f-916cfd83f3e3_1000.jpg!m_fill,w_280,h_210,f_jpg?from=ke.com
20230618,丰台,草桥,101118212146,04年商品房满5唯一落地窗楼道贴砖配套成熟必看好房,420万,60493元/平,中楼层 (共22层) 2室1厅 | 69.43平米 | 西北,https://ke-image.ljcdn.com/110000-inspection/pc1_BHOim6crR_1.jpg!m_fill,w_280,h_210,f_jpg?from=ke.com
20230618,丰台,草桥,101118202505,草桥欣园四区  南北通透全明一居  精装修北面没有遮挡必看好房,415万,66667元/平,低楼层 (共18层) | 2003年建 | 1室1厅 | 62.25平米 | 南 北,https://ke-image.ljcdn.com/110000-inspection/pc1_9ED5qxJqI_1.jpg!m_fill,w_280,h_210,f_jpg?from=ke.com
20230618,丰台,草桥,101118127116,南三环草桥社区南向正规一室一厅 中间楼层 采光很好必看好房,456万,89430元/平,低楼层 (共19层) | 2006年建 | 1室1厅 | 50.99平米 | 南,https://ke-image.ljcdn.com/110000-inspection/055023e3-aa9d-4869-bdc8-4566dff8c187_1000.jpg!m_fill,w_280,h_210,f_jpg?from=ke.com
20230618,丰台,草桥,101117533623,南三环丰台草桥矿冶小区 正规两居室 小区环境好,463万,64965元/平,低楼层 (共6层) 2室1厅 | 71.27平米 | 南 北,https://ke-image.ljcdn.com/110000-inspection/48464a60-de02-4e01-b1d1-8a6ce5a1c3cd_1000.jpg!m_fill,w_280,h_210,f_jpg?from=ke.com
20230618,丰台,草桥,101117274371,南北通透两居室离地铁近看房方便,486万,67211元/平,底层 (共6层) 2室1厅 | 72.31平米 | 南 北,https://ke-image.ljcdn.com/110000-inspection/pc1_CVEMM4myq_2.jpg!m_fill,w_280,h_210,f_jpg?from=ke.com
20230618,丰台,草桥,101117166422,南三环草桥 地铁10-19-大兴新机场新线 南北通透一居室必看好房,455万,66745元/平,中楼层 (共11层) | 2007年建 | 1室1厅 | 68.17平米 | 南 北,https://ke-image.ljcdn.com/110000-inspection/pc1_m57DGMqek_1.jpg!m_fill,w_280,h_210,f_jpg?from=ke.com
20230618,丰台,草桥,101119728764,草桥欣园四区南北通透 一居室前面无遮挡视线好必看好房,420万,67115元/平,底层 (共16层) 1室1厅 | 62.58平米 | 南 北,https://ke-image.ljcdn.com/110000-inspection/pc1_uAmeo1ENp_1.jpg!m_fill,w_280,h_210,f_jpg?from=ke.com
20230618,丰台,草桥,101119672146,草桥 南珠苑 西南三居室 两个卫生间必看好房,618万,58863元/平,中楼层 (共18层) | 2000年建 | 3室1厅 | 104.99平米 | 西 南,https://ke-image.ljcdn.com/110000-inspection/pc1_3S4RMmplF_1.jpg!m_fill,w_280,h_210,f_jpg?from=ke.com
20230618,丰台,草桥,101119626092,玉安园 户型方正  满五唯一 高楼层 草桥,395万,45439元/平,中楼层 (共17层) | 1998年建 | 2室1厅 | 86.93平米 | 西,https://ke-image.ljcdn.com/110000-inspection/b613a13f-e9bf-44e4-bb3e-a3f020425772_1000.jpg!m_fill,w_280,h_210,f_jpg?from=ke.com
20230618,丰台,草桥,101119625258,南珠苑 南三环 南向两居室 满五唯一 草桥地铁口房主自荐,399万,52764元/平,低楼层 (共18层) | 1998年建 | 2室1厅 | 75.62平米 | 西南,https://ke-image.ljcdn.com/110000-inspection/6aef6220-443d-4f39-bf03-7445a3fb05fe_1000.jpg!m_fill,w_280,h_210,f_jpg?from=ke.com
20230618,丰台,草桥,101119531257,恋日嘉园一期 草桥地铁站 南北三居室 价格美丽,899万,68050元/平,低楼层 (共12层) | 2001年建 | 3室1厅 | 132.11平米 | 南 北,https://ke-image.ljcdn.com/110000-inspection/pc1_IUTo2uM3e_1.jpg!m_fill,w_280,h_210,f_jpg?from=ke.com
20230618,丰台,草桥,101119483758,草桥欣园三区 南北通透小两居 中间楼层 满五年唯一,512万,78903元/平,中楼层 (共6层) 2室1厅 | 64.89平米 | 南 北,https://ke-image.ljcdn.com/110000-inspection/pc1_36oN94to1_1.jpg!m_fill,w_280,h_210,f_jpg?from=ke.com
20230618,丰台,草桥,101119288068,草桥欣园四区精装南北三居室 满五唯一商品房房主自荐,746万,69831元/平,高楼层 (共14层) 3室1厅 | 106.83平米 | 南 北,https://ke-image.ljcdn.com/110000-inspection/pc1_0zfKha9wJ_2.jpg!m_fill,w_280,h_210,f_jpg?from=ke.com
20230618,丰台,草桥,101119277932,草桥欣园四区 精装修 满五唯一 草桥地铁三线交汇,556万,71863元/平,低楼层 (共18层) 2室1厅 | 77.37平米 | 南 北,https://ke-image.ljcdn.com/110000-inspection/pc1_28TFTJMGe.jpg!m_fill,w_280,h_210,f_jpg?from=ke.com
20230618,丰台,草桥,101119162424,北甲地路九号院 玉安园 东向 采光好必看好房,396万,53062元/平,中楼层 (共17层) 2室1厅 | 74.63平米 | 东,https://ke-image.ljcdn.com/110000-inspection/pc1_ejFo6CRpH_1.jpg!m_fill,w_280,h_210,f_jpg?from=ke.com
20230618,丰台,草桥,101118583366,玺萌丽苑 3室2厅 南必看好房,900万,43950元/平,低楼层 (共24层) 3室2厅 | 204.78平米 | 南,https://ke-image.ljcdn.com/110000-inspection/pc1_FRUkaJfi8_1.jpg!m_fill,w_280,h_210,f_jpg?from=ke.com
20230618,丰台,草桥,101118369698,南三环草桥马家堡全明格局一居电梯房高楼层拎包入住必看好房,259万,60472元/平,高楼层 (共22层) | 2004年建 | 1室0厅 | 42.83平米 | 东,https://ke-image.ljcdn.com/110000-inspection/f8ea1a18-e41f-40d1-9045-0dde68fdc883_1000.jpg!m_fill,w_280,h_210,f_jpg?from=ke.com
20230618,丰台,草桥,101117966988,南北通透户型方正花园社区业主诚意卖必看好房,1330万,90656元/平,低楼层 (共6层) | 2008年建 | 3室2厅 | 146.71平米 | 南 北,https://ke-image.ljcdn.com/110000-inspection/dbd22796-2277-4f7c-a424-3a50e64599e6_1000.jpg!m_fill,w_280,h_210,f_jpg?from=ke.com
20230618,丰台,草桥,101119749737,满五年唯一全明格局绿化40%得房92.19%。新上,1019万,82125元/平,中楼层 (共6层) | 2005年建 | 3室2厅 | 124.08平米 | 南 北,https://ke-image.ljcdn.com/110000-inspection/7a072714-63a5-4c44-b92b-987a0416cdc1_1000.jpg!m_fill,w_280,h_210,f_jpg?from=ke.com
20230618,丰台,草桥,101119749730,南三环 草桥欣园三区  南北通透 满五年 带电梯新上,445万,70002元/平,中楼层 (共12层) 1室1厅 | 63.57平米 | 南 北,https://ke-image.ljcdn.com/110000-inspection/698833f5-59a4-4fcd-8cae-bba9282a666d_1000.jpg!m_fill,w_280,h_210,f_jpg?from=ke.com
20230618,丰台,草桥,101119731417,草桥东路16号楼 2室1厅 南 北新上,535万,71002元/平,高楼层 (共13层) | 1999年建 | 2室1厅 | 75.35平米 | 南 北,https://ke-image.ljcdn.com/110000-inspection/pc1_1FOP2ksEk_1.jpg!m_fill,w_280,h_210,f_jpg?from=ke.com
20230618,丰台,草桥,101119724954,南珠苑 2室1厅 东 南新上,638万,62550元/平,中楼层 (共22层) 2室1厅 | 102平米 | 东 南,https://ke-image.ljcdn.com/110000-inspection/1eb9bb00-7970-4962-97a9-9787cc13b006_1000.jpg!m_fill,w_280,h_210,f_jpg?from=ke.com
20230618,丰台,草桥,101119702145,玺萌丽苑 正规三居室 高楼层 视野开阔 安静不临街新上,770万,65723元/平,高楼层 (共24层) | 2004年建 | 3室1厅 | 117.16平米 | 东,https://ke-image.ljcdn.com/110000-inspection/pc1_0znXFbZ1h_1.jpg!m_fill,w_280,h_210,f_jpg?from=ke.com
20230618,丰台,草桥,101119611789,草桥欣园三区南向正规一居室带电梯采光好,430万,72944元/平,低楼层 (共6层) 1室1厅 | 58.95平米 | 南,https://ke-image.ljcdn.com/110000-inspection/pc1_8xtVulXS4_2.jpg!m_fill,w_280,h_210,f_jpg?from=ke.com
20230618,丰台,草桥,101119609417,玺萌公馆大四居南北通透 间距宽 无遮挡带地下车位诚售房主自荐,1750万,89204元/平,低楼层 (共6层) | 2008年建 | 4室2厅 | 196.18平米 | 南 北,https://ke-image.ljcdn.com/110000-inspection/fcced690-a733-454e-a2f0-560650dd76db_1000.jpg!m_fill,w_280,h_210,f_jpg?from=ke.com
20230618,丰台,草桥,101119577317,草桥欣园四区南北通透三居室诚心出售,760万,80981元/平,低楼层 (共13层) 3室1厅 | 93.85平米 | 南 北,https://ke-image.ljcdn.com/110000-inspection/pc1_DLdk5ydEZ_1.jpg!m_fill,w_280,h_210,f_jpg?from=ke.com
20230618,丰台,草桥,101119549417,未来上层南北通透精装两居室 草桥地铁,782万,81163元/平,低楼层 (共13层) 2室1厅 | 96.35平米 | 南 北,https://ke-image.ljcdn.com/110000-inspection/pc1_wNtY4huU8_1.jpg!m_fill,w_280,h_210,f_jpg?from=ke.com
20230618,丰台,草桥,101119547903,草桥欣园一区全南向两居户型是真好价格可谈,930万,98706元/平,中楼层 (共19层) | 2007年建 | 2室2厅 | 94.22平米 | 南,https://ke-image.ljcdn.com/110000-inspection/pc1_2JlEvOb6b_1.jpg!m_fill,w_280,h_210,f_jpg?from=ke.com
20230618,丰台,草桥,101119481784,恋日嘉园二期 满五唯一 视野好 南北通透,1166万,87022元/平,中楼层 (共19层) | 2007年建 | 3室2厅 | 133.99平米 | 南 北,https://ke-image.ljcdn.com/110000-inspection/pc1_ca6p4VPnQ_2.jpg!m_fill,w_280,h_210,f_jpg?from=ke.com
20230618,丰台,草桥,101119458904,恋日嘉园一期 3室1厅 南 北,910万,77335元/平,低楼层 (共13层) | 2001年建 | 3室1厅 | 117.67平米 | 南 北,https://ke-image.ljcdn.com/110000-inspection/f0a16951-6f6d-4e07-b863-69318e95080a_1000.jpg!m_fill,w_280,h_210,f_jpg?from=ke.com
20230618,丰台,草桥,101119454996,玺萌鹏苑 3室2厅 南 西,780万,67242元/平,中楼层 (共24层) 3室2厅 | 116平米 | 南 西,https://ke-image.ljcdn.com/110000-inspection/724153e2-e184-4db3-a497-a5034aeefacf_1000.jpg!m_fill,w_280,h_210,f_jpg?from=ke.com
20230618,丰台,草桥,101119454940,玺萌丽苑 西北向 首层 随时可看,540万,65218元/平,底层 (共24层) | 2003年建 | 2室1厅 | 82.8平米 | 西 北,https://ke-image.ljcdn.com/110000-inspection/94f20e5e-ccac-4c78-8077-5975a59fa85c_1000.jpg!m_fill,w_280,h_210,f_jpg?from=ke.com
20230618,丰台,草桥,101119381810,恋日花都南向一居满五唯一临近草桥地铁,462万,94965元/平,中楼层 (共19层) | 2006年建 | 1室1厅 | 48.65平米 | 南,https://ke-image.ljcdn.com/110000-inspection/c9f0956a-a420-48e3-88ba-7ffcf2ab7504_1000.jpg!m_fill,w_280,h_210,f_jpg?from=ke.com
20230618,丰台,草桥,101119379781,马家堡玺萌丽苑优质好房社区成熟,195万,68832元/平,低楼层 (共24层) 1室0厅 | 28.33平米 | 北,https://ke-image.ljcdn.com/110000-inspection/pc1_5aZcmZ7Fe_1.jpg!m_fill,w_280,h_210,f_jpg?from=ke.com
20230618,丰台,草桥,101119377957,春季星空 3室2厅 南 北,850万,87494元/平,顶层 (共6层) | 2005年建 | 3室2厅 | 97.15平米 | 南 北,https://ke-image.ljcdn.com/110000-inspection/11a54581-5f1d-47de-8ccb-676d8564aab8_1000.jpg!m_fill,w_280,h_210,f_jpg?from=ke.com
20230618,丰台,草桥,101119377086,草桥南珠苑 交通便利 业主诚意出售,518万,53886元/平,低楼层 (共18层) | 1998年建 | 3室1厅 | 96.13平米 | 南 西北,https://ke-image.ljcdn.com/110000-inspection/pc1_ZMCjsLQAt_1.jpg!m_fill,w_280,h_210,f_jpg?from=ke.com
20230618,丰台,草桥,101119349087,草桥地铁站 10号线+19号线+机场线 精装修三居室,730万,77801元/平,高楼层 (共15层) | 2003年建 | 3室1厅 | 93.83平米 | 南 北,https://ke-image.ljcdn.com/110000-inspection/pc1_T80uJJdOM_1.jpg!m_fill,w_280,h_210,f_jpg?from=ke.com
20230618,丰台,草桥,101119348347,玉安园 3室1厅 南 西 北,980万,53511元/平,底层 (共18层) | 2003年建 | 3室1厅 | 183.14平米 | 南 西 北,https://ke-image.ljcdn.com/110000-inspection/c183737c-ed49-4b7f-acb9-9276caa6c13d_1000.jpg!m_fill,w_280,h_210,f_jpg?from=ke.com
20230618,丰台,草桥,101119340517,草桥南珠苑 正规两居室 交通便利 诚意出售,509万,55769元/平,低楼层 (共18层) 2室1厅 | 91.27平米 | 西,https://ke-image.ljcdn.com/110000-inspection/f151505d-4f18-445b-9384-a0b4d104f840_1000.jpg!m_fill,w_280,h_210,f_jpg?from=ke.com
20230618,丰台,草桥,101119336230,草桥 地铁10号线、19号线、机场线、花园式社区,928万,74701元/平,中楼层 (共15层) | 2001年建 | 2室2厅 | 124.23平米 | 南 北,https://ke-image.ljcdn.com/110000-inspection/pc1_OQf5iy5La_1.jpg!m_fill,w_280,h_210,f_jpg?from=ke.com
20230618,丰台,草桥,101119315734,草桥电梯直达南北三居满五唯一高层视野好。,805万,66911元/平,顶层 (共12层) | 2007年建 | 3室1厅 | 120.31平米 | 南 北,https://ke-image.ljcdn.com/110000-inspection/pc1_hWdTJCGAU_2.jpg!m_fill,w_280,h_210,f_jpg?from=ke.com
20230618,丰台,草桥,101119299467,玺萌丽苑 满五唯一 设备齐全 交通便利 三居室,690万,60890元/平,底层 (共24层) | 2002年建 | 3室1厅 | 113.32平米 | 西北,https://ke-image.ljcdn.com/110000-inspection/pc1_Ms2XV6khA_1.jpg!m_fill,w_280,h_210,f_jpg?from=ke.com
20230618,丰台,草桥,101119298876,南珠苑 西南向三居室 精装修 业主自住 户型方正房主自荐,585万,63740元/平,高楼层 (共18层) | 1998年建 | 3室1厅 | 91.78平米 | 西南,https://ke-image.ljcdn.com/110000-inspection/pc1_ZSmz7au7v_2.jpg!m_fill,w_280,h_210,f_jpg?from=ke.com
20230618,丰台,草桥,101119282378,南三环草桥玉安园商品房方正两居室,450万,54198元/平,低楼层 (共20层) 2室1厅 | 83.03平米 | 东北,https://ke-image.ljcdn.com/110000-inspection/pc1_54YVLNIkc_2.jpg!m_fill,w_280,h_210,f_jpg?from=ke.com
20230618,丰台,草桥,101119253171,风景club草桥欣园四区大两居2007年商品房,900万,76460元/平,顶层 (共15层) | 2007年建 | 2室2厅 | 117.71平米 | 南 北,https://ke-image.ljcdn.com/110000-inspection/pc1_dVnLD0AfJ_1.jpg!m_fill,w_280,h_210,f_jpg?from=ke.com
20230618,丰台,草桥,101119246337,南珠苑 满五唯一 只有契税 草桥 东向无遮挡 视野好,278万,64908元/平,高楼层 (共22层) | 2004年建 | 1室0厅 | 42.83平米 | 东,https://ke-image.ljcdn.com/110000-inspection/00289a44-0c42-4a21-93be-a1283860325c_1000.jpg!m_fill,w_280,h_210,f_jpg?from=ke.com
20230618,丰台,草桥,101119234333,草桥地铁3线交汇  小区中间位置 满五年唯一,505万,70531元/平,高楼层 (共6层) 2室1厅 | 71.6平米 | 南 北,https://ke-image.ljcdn.com/110000-inspection/pc1_DvvthaxCB_1.jpg!m_fill,w_280,h_210,f_jpg?from=ke.com
20230618,丰台,草桥,101119222090,草桥欣园四区南北通透全明格局一居室,485万,70209元/平,中楼层 (共14层) 1室1厅 | 69.08平米 | 南 北,https://ke-image.ljcdn.com/110000-inspection/e567ccfd-a7c7-4480-b77c-31c7736bd254_1000.jpg!m_fill,w_280,h_210,f_jpg?from=ke.com
20230618,丰台,草桥,101119212377,风景club 3室2厅 南 北,1216万,84940元/平,高楼层 (共12层) | 2007年建 | 3室2厅 | 143.16平米 | 南 北,https://ke-image.ljcdn.com/110000-inspection/pc1_HriabK0NV_1.jpg!m_fill,w_280,h_210,f_jpg?from=ke.com
20230618,丰台,草桥,101119194886,草桥欣园四区精装一居室南北通透 三条地铁线路,485万,69465元/平,高楼层 (共14层) 1室1厅 | 69.82平米 | 南 北,https://ke-image.ljcdn.com/110000-inspection/caa5ee49-57b5-4ef1-b4cd-8ddb60cd3382_1000.jpg!m_fill,w_280,h_210,f_jpg?from=ke.com
20230618,丰台,草桥,101119185897,地铁三轨交汇 带车位  有大面积可种花草,980万,91146元/平,底层 (共13层) | 2001年建 | 2室2厅 | 107.52平米 | 南 北,https://ke-image.ljcdn.com/110000-inspection/ebe32c2b-817c-43af-a2d8-05e71a2e4350_1000.jpg!m_fill,w_280,h_210,f_jpg?from=ke.com
20230618,丰台,草桥,101119185245,玺萌鹏苑 1室1厅 西,380万,56819元/平,顶层 (共24层) 1室1厅 | 66.88平米 | 西,https://ke-image.ljcdn.com/110000-inspection/ec3070ad-ef62-47eb-ab35-d57f0a5cbc77_1000.jpg!m_fill,w_280,h_210,f_jpg?from=ke.com
20230618,丰台,草桥,101119158490,草桥玺萌鹏苑三环一居业主诚心出售,225万,67065元/平,顶层 (共24层) 1室0厅 | 33.55平米 | 北,https://ke-image.ljcdn.com/110000-inspection/324f42c0-3649-4971-9ec7-c71e563b8481_1000.jpg!m_fill,w_280,h_210,f_jpg?from=ke.com
20230618,丰台,草桥,101119115900,草桥欣园20号院 3室2厅 南 北,723万,79696元/平,底层 (共6层) | 1998年建 | 3室2厅 | 90.72平米 | 南 北,https://ke-image.ljcdn.com/110000-inspection/d9fb2151-15e8-4ca3-8f22-03eead8582c8_1000.jpg!m_fill,w_280,h_210,f_jpg?from=ke.com
20230618,丰台,草桥,101119058331,草桥地铁10+19号线 南北通透三居室 低密度板楼社区,1196万,79174元/平,低楼层 (共16层) | 2001年建 | 3室1厅 | 151.06平米 | 南 北,https://ke-image.ljcdn.com/110000-inspection/fa2f375c-9024-4e40-9d5d-65ca2a5aa4f6_1000.jpg!m_fill,w_280,h_210,f_jpg?from=ke.com
20230618,丰台,草桥,101119029223,草桥欣园四区南北一居室 全明格局满五年唯一 随时可看,430万,63078元/平,顶层 (共11层) 1室1厅 | 68.17平米 | 南 北,https://ke-image.ljcdn.com/110000-inspection/pc1_VOwBwUgeN_1.jpg!m_fill,w_280,h_210,f_jpg?from=ke.com
20230618,丰台,草桥,101119017769,今日草桥二期2019年社区近地铁200米草桥站,890万,82362元/平,底层 (共30层) 2室1厅 | 108.06平米 | 东北,https://ke-image.ljcdn.com/110000-inspection/b0ffd663-cdfa-4d9a-a6fc-553d444f1cad_1000.jpg!m_fill,w_280,h_210,f_jpg?from=ke.com
20230618,丰台,草桥,101119012775,南三环丰台草桥花香丽舍一居室诚心出售,255万,58100元/平,高楼层 (共22层) | 2004年建 | 1室1厅 | 43.89平米 | 西,https://ke-image.ljcdn.com/110000-inspection/d4ae9763-7475-49c0-9e4a-a09551285b28_1000.jpg!m_fill,w_280,h_210,f_jpg?from=ke.com
20230618,丰台,草桥,101119002110,草桥东路南北通透2居室客厅主卧朝南带阳台满5年,550万,55787元/平,高楼层 (共16层) | 1999年建 | 2室1厅 | 98.59平米 | 南 北,https://ke-image.ljcdn.com/110000-inspection/prod-26e10f2f-6861-40c7-be00-178680034a06.jpg!m_fill,w_280,h_210,f_jpg?from=ke.com
20230618,丰台,草桥,101118976764,玉安园 2室1厅 东南,620万,65388元/平,高楼层 (共18层) | 2003年建 | 2室1厅 | 94.82平米 | 东南,https://ke-image.ljcdn.com/110000-inspection/9e2bb891-4edb-4720-b6cd-02e38ed9db8a_1000.jpg!m_fill,w_280,h_210,f_jpg?from=ke.com
20230618,丰台,草桥,101118957788,今日草桥离地铁100米楼龄新的经典一居,338万,69980元/平,低楼层 (共21层) 1室1厅 | 48.3平米 | 西,https://ke-image.ljcdn.com/110000-inspection/pc1_hZ8YsO6o4_1.jpg!m_fill,w_280,h_210,f_jpg?from=ke.com
20230618,丰台,草桥,101118953909,草桥南北通透 精装优质  满五唯一 高楼层视野采光好,590万,79558元/平,高楼层 (共15层) | 2003年建 | 2室1厅 | 74.16平米 | 南 北,https://ke-image.ljcdn.com/110000-inspection/pc1_cERPvZj6e_1.jpg!m_fill,w_280,h_210,f_jpg?from=ke.com
20230618,丰台,草桥,101118936612,南三环丰台马家堡精装小户型随时可看,235万,69920元/平,中楼层 (共24层) | 2002年建 | 1室0厅 | 33.61平米 | 北,https://ke-image.ljcdn.com/110000-inspection/f67a74ac-21c4-454a-9d07-037de622038b_1000.jpg!m_fill,w_280,h_210,f_jpg?from=ke.com
20230618,丰台,草桥,101118927652,南三环丰台草桥物业小区满五唯一南向一居室诚意出售,322万,62953元/平,中楼层 (共17层) 1室1厅 | 51.15平米 | 南,https://ke-image.ljcdn.com/110000-inspection/pc1_SOhkC8OzK_1.jpg!m_fill,w_280,h_210,f_jpg?from=ke.com
20230618,丰台,草桥,101118926926,玺萌公馆 高楼层无遮挡 落地窗 大三居 六层板楼带电梯,1480万,96430元/平,高楼层 (共6层) 3室2厅 | 153.48平米 | 南 北,https://ke-image.ljcdn.com/110000-inspection/1e9b2012-2ecc-4083-a5b9-1bc405d99ff8_1000.jpg!m_fill,w_280,h_210,f_jpg?from=ke.com
20230618,丰台,草桥,101118905324,南三环 草桥欣园三区 南北通透两居室 高楼层 视野好,585万,77814元/平,高楼层 (共12层) | 1999年建 | 2室1厅 | 75.18平米 | 南 北,https://ke-image.ljcdn.com/110000-inspection/pc1_oFqHsXZco_1.jpg!m_fill,w_280,h_210,f_jpg?from=ke.com
20230618,丰台,草桥,101118889266,草桥欣园三区 两居 小区中间位置,526万,82252元/平,中楼层 (共6层) 2室1厅 | 63.95平米 | 南 北,https://ke-image.ljcdn.com/110000-inspection/pc1_UuWgY3XKO_1.jpg!m_fill,w_280,h_210,f_jpg?from=ke.com
20230618,丰台,草桥,101118866777,风景club 满五唯一 中间楼层 落地阳台 南北通透,1280万,93322元/平,中楼层 (共12层) | 2007年建 | 3室2厅 | 137.16平米 | 南 北,https://ke-image.ljcdn.com/110000-inspection/c2e4b341-e8bb-4198-a361-f1cfa5ead59a_1000.jpg!m_fill,w_280,h_210,f_jpg?from=ke.com
20230618,丰台,草桥,101118862383,春季星空 2室1厅 南 北,650万,82856元/平,顶层 (共6层) | 2005年建 | 2室1厅 | 78.45平米 | 南 北,https://ke-image.ljcdn.com/110000-inspection/pc1_wUkIZakyu_1.jpg!m_fill,w_280,h_210,f_jpg?from=ke.com
20230618,丰台,草桥,101118854653,南三环草桥 地铁10号线-19号线-大兴新机场始发站 两居,568万,70324元/平,低楼层 (共18层) 2室1厅 | 80.77平米 | 南 北,https://ke-image.ljcdn.com/110000-inspection/936d283e-f437-4327-aec9-13f8b7bc35b1_1000.jpg!m_fill,w_280,h_210,f_jpg?from=ke.com
20230618,丰台,草桥,101118851769,地铁10号线19号线 2016年小区 全明格局人车分流小区,690万,73296元/平,中楼层 (共21层) 2室1厅 | 94.14平米 | 西北,https://ke-image.ljcdn.com/110000-inspection/pc1_PsJmvNsIb_2.jpg!m_fill,w_280,h_210,f_jpg?from=ke.com
20230618,丰台,草桥,101118828313,三环边满五唯一南向大阳台配套成熟,355万,63575元/平,中楼层 (共18层) | 1997年建 | 1室1厅 | 55.84平米 | 南 北,https://ke-image.ljcdn.com/110000-inspection/pc1_PCrIMxUg2_1.jpg!m_fill,w_280,h_210,f_jpg?from=ke.com
20230618,丰台,草桥,101118826403,草桥欣园四区 高楼层 南北通透大一居 精装修 拎包入住,465万,74305元/平,顶层 (共16层) 1室1厅 | 62.58平米 | 南 北,https://ke-image.ljcdn.com/110000-inspection/0731ba20-2760-4562-9210-fadf239f1793_1000.jpg!m_fill,w_280,h_210,f_jpg?from=ke.com
20230618,丰台,草桥,101118788457,草桥 南北两居室 满五唯一 商品房,520万,80696元/平,高楼层 (共6层) | 1999年建 | 2室1厅 | 64.44平米 | 南 北,https://ke-image.ljcdn.com/110000-inspection/69e1d458-8028-4559-ad58-616f38a960fc_1000.jpg!m_fill,w_280,h_210,f_jpg?from=ke.com
20230618,丰台,草桥,101118776294,草桥南北精装正规一居 业主换房 看房随时,460万,67262元/平,中楼层 (共12层) 1室1厅 | 68.39平米 | 南 北,https://ke-image.ljcdn.com/110000-inspection/pc1_rjFmE9Nyi_1.jpg!m_fill,w_280,h_210,f_jpg?from=ke.com
20230618,丰台,草桥,101118763969,南珠苑 东南西北三居室 通透十足,540万,53067元/平,低楼层 (共18层) 3室1厅 | 101.76平米 | 西 北,https://ke-image.ljcdn.com/110000-inspection/38254c5e-46c0-431a-be7f-7962d88cf0ff_1000.jpg!m_fill,w_280,h_210,f_jpg?from=ke.com
20230618,丰台,草桥,101118762847,南北通透 明厨明卫有电梯 10、19、机场线草桥地铁,465万,74699元/平,中楼层 (共18层) 1室1厅 | 62.25平米 | 南 北,https://ke-image.ljcdn.com/110000-inspection/a21671e9-cf20-47e9-bc5b-4dd14cbab36e_1000.jpg!m_fill,w_280,h_210,f_jpg?from=ke.com
20230618,丰台,草桥,101118761281,南北通透两居室 满五年唯一 全明格局随时签约,585万,77249元/平,中楼层 (共12层) 2室1厅 | 75.73平米 | 南 北,https://ke-image.ljcdn.com/110000-inspection/pc1_WkodBszwA_1.jpg!m_fill,w_280,h_210,f_jpg?from=ke.com
20230618,丰台,草桥,101118757252,南珠苑商品房满5唯一落地窗楼道贴砖配套成熟,610万,71337元/平,高楼层 (共22层) 2室1厅 | 85.51平米 | 东 东南 南,https://ke-image.ljcdn.com/110000-inspection/pc1_hVTEqqonG_2.jpg!m_fill,w_280,h_210,f_jpg?from=ke.com
20230618,丰台,草桥,101118747636,玺萌丽苑 满五唯一商品房集中供暖,800万,66286元/平,高楼层 (共24层) 3室1厅 | 120.69平米 | 西,https://ke-image.ljcdn.com/110000-inspection/pc1_17mYM9H7v_2.jpg!m_fill,w_280,h_210,f_jpg?from=ke.com
20230618,丰台,草桥,101118742337,草桥欣园一区 南北三居 满五年唯一 带车位 明卫近地铁,1420万,84842元/平,高楼层 (共19层) | 2005年建 | 3室2厅 | 167.37平米 | 南 北,https://ke-image.ljcdn.com/110000-inspection/56a4e1f5-2e77-4c97-ab56-144e2e3210e0_1000.jpg!m_fill,w_280,h_210,f_jpg?from=ke.com
20230618,丰台,草桥,101118719244,玺萌丽苑东南朝向四居室满五唯一电梯直达,999万,65690元/平,低楼层 (共24层) | 2003年建 | 4室2厅 | 152.08平米 | 东南,https://ke-image.ljcdn.com/110000-inspection/pc1_dA9kCSStH_1.jpg!m_fill,w_280,h_210,f_jpg?from=ke.com
20230618,丰台,草桥,101118714657,2004年玺萌鹏苑商品房社区带电梯一居室,230万,68555元/平,低楼层 (共24层) 1室0厅 | 33.55平米 | 北,https://ke-image.ljcdn.com/110000-inspection/b098b211-ba89-420a-bc89-c121b735af90_1000.jpg!m_fill,w_280,h_210,f_jpg?from=ke.com
20230618,丰台,草桥,101118710088,城市间 2011年新小区 精装一居 总价合适 好户型房主自荐,309万,80532元/平,中楼层 (共11层) | 2011年建 | 1室1厅 | 38.37平米 | 西北,https://ke-image.ljcdn.com/110000-inspection/pc1_BvtNn6CP6_1.jpg!m_fill,w_280,h_210,f_jpg?from=ke.com
20230618,丰台,草桥,101118685215,2019年新小区  地铁机场线、19号线10号线3线交汇 明卫,1060万,79556元/平,低楼层 (共30层) 3室2厅 | 133.24平米 | 东南,https://ke-image.ljcdn.com/110000-inspection/7f8f6c05-965e-45de-9278-ffc165f024ee_1000.jpg!m_fill,w_280,h_210,f_jpg?from=ke.com
20230618,丰台,草桥,101118673184,恋日花都 东南朝向 满五唯一10/19/机场线三轨交汇,880万,72209元/平,低楼层 (共16层) | 2006年建 | 2室2厅 | 121.87平米 | 东南,https://ke-image.ljcdn.com/110000-inspection/7e48d49d-1e73-4a9a-852a-c0acd1f54b16_1000.jpg!m_fill,w_280,h_210,f_jpg?from=ke.com
20230618,丰台,草桥,101118592100,南三环草桥东路16号楼南北一居室明厨明卫采光好,455万,71711元/平,低楼层 (共16层) | 1999年建 | 2室1厅 | 63.45平米 | 南 北,https://ke-image.ljcdn.com/110000-inspection/pc1_ny4qEcWPW_1.jpg!m_fill,w_280,h_210,f_jpg?from=ke.com
20230618,丰台,草桥,101118590546,玺萌丽苑正规四居室楼层高无遮挡业主诚心出售,990万,65076元/平,中楼层 (共24层) | 2003年建 | 4室1厅 | 152.13平米 | 东南,https://ke-image.ljcdn.com/110000-inspection/3d0f6119-e1af-4c21-918e-ae01daa5205f_1000.jpg!m_fill,w_280,h_210,f_jpg?from=ke.com
20230618,丰台,草桥,101118588775,草桥三线交汇   出行方便   南北通透 随时可签,524万,81875元/平,底层 (共6层) | 1998年建 | 2室1厅 | 64平米 | 南 北,https://ke-image.ljcdn.com/110000-inspection/pc1_HStJR6H6G_1.jpg!m_fill,w_280,h_210,f_jpg?from=ke.com
20230618,丰台,草桥,101118574190,草桥欣园四区 南北通透 明厨明卫 有电梯草桥地铁,465万,77372元/平,低楼层 (共15层) 1室1厅 | 60.1平米 | 南 北,https://ke-image.ljcdn.com/110000-inspection/d3461f22-d06c-45d5-bb28-1846ff36816b_1000.jpg!m_fill,w_280,h_210,f_jpg?from=ke.com
20230618,丰台,草桥,101118562776,满五唯一02年商品房高楼层无任何遮挡随时可签,382万,57007元/平,中楼层 (共24层) 1室1厅 | 67.01平米 | 西,https://ke-image.ljcdn.com/110000-inspection/pc1_LAUXbA94d_2.jpg!m_fill,w_280,h_210,f_jpg?from=ke.com
20230618,丰台,草桥,101118556866,恋日花都 10、19和大型机场草桥站 2006年新小区,585万,86030元/平,低楼层 (共17层) | 2006年建 | 2室1厅 | 68平米 | 东北,https://ke-image.ljcdn.com/110000-inspection/pc1_RSZRMUPie_2.jpg!m_fill,w_280,h_210,f_jpg?from=ke.com
20230618,丰台,草桥,101118532136,大平层4居使用率84% 楼间距95米 采光好 位置好 不临街,1398万,79401元/平,低楼层 (共18层) | 2003年建 | 4室2厅 | 176.07平米 | 南 北,https://ke-image.ljcdn.com/110000-inspection/pc1_TPjRkOfcB_1.jpg!m_fill,w_280,h_210,f_jpg?from=ke.com
20230618,丰台,草桥,101118531786,草桥欣园三区全明三居室南北通透采光好,638万,70882元/平,中楼层 (共12层) 3室1厅 | 90.01平米 | 南 北,https://ke-image.ljcdn.com/110000-inspection/3bab7aee-3bd3-4e52-9525-077018ec225a_1000.jpg!m_fill,w_280,h_210,f_jpg?from=ke.com
20230618,丰台,草桥,101118531322,草桥  地铁三线交汇  精装修 随时看房 签约,945万,78346元/平,高楼层 (共12层) | 2001年建 | 2室1厅 | 120.62平米 | 南 北,https://ke-image.ljcdn.com/110000-inspection/pc1_4uZw4raEa_1.jpg!m_fill,w_280,h_210,f_jpg?from=ke.com
20230618,丰台,草桥,101118529149,恋日嘉园二期 南北通透 满五唯一 采光充足,1130万,84335元/平,中楼层 (共19层) | 2007年建 | 3室2厅 | 133.99平米 | 南 北,https://ke-image.ljcdn.com/110000-inspection/7fdeafa2-2237-4579-8909-379fbba61210_1000.jpg!m_fill,w_280,h_210,f_jpg?from=ke.com
20230618,丰台,草桥,101118503268,城市间 南北通透两居室 一梯两户 中间楼层 采光充足,705万,85269元/平,中楼层 (共9层) | 2011年建 | 2室1厅 | 82.68平米 | 南 北,https://ke-image.ljcdn.com/110000-inspection/pc1_XoEjdUtXq_1.jpg!m_fill,w_280,h_210,f_jpg?from=ke.com
20230618,丰台,草桥,101118500797,草桥欣园三区 4室1厅 南 西 北,960万,70202元/平,低楼层 (共18层) | 2001年建 | 4室1厅 | 136.75平米 | 南 西 北,https://ke-image.ljcdn.com/110000-inspection/pc1_VS9rKXkWj_1.jpg!m_fill,w_280,h_210,f_jpg?from=ke.com
20230618,丰台,草桥,101118485476,19号线三区新的板楼 落地窗 三轨交汇 装修好拎包住,440万,77438元/平,高楼层 (共6层) | 1999年建 | 1室1厅 | 56.82平米 | 南 北,https://ke-image.ljcdn.com/110000-inspection/5e39c62b-ef7c-459c-a46b-95664f0d92fb_1000.jpg!m_fill,w_280,h_210,f_jpg?from=ke.com
20230618,丰台,草桥,101118466349,草桥物业小区 草桥 马家堡 东向两居室 无遮挡房主自荐,410万,54968元/平,低楼层 (共17层) 2室1厅 | 74.59平米 | 东,https://ke-image.ljcdn.com/110000-inspection/2d56f1f3-ee04-4d92-8090-b5fef28346ad_1000.jpg!m_fill,w_280,h_210,f_jpg?from=ke.com
20230618,丰台,草桥,101118451273,草桥 未来上层 满五年唯一   一梯两户南北通透两居,810万,84808元/平,高楼层 (共12层) | 2005年建 | 2室1厅 | 95.51平米 | 南 北,https://ke-image.ljcdn.com/110000-inspection/3fafd2f1-46e6-45f3-bb96-b4aacb356686_1000.jpg!m_fill,w_280,h_210,f_jpg?from=ke.com
20230618,丰台,草桥,101118430258,未来上层满五唯一南北通透精装修优质两居室,799万,83657元/平,中楼层 (共12层) | 2005年建 | 2室1厅 | 95.51平米 | 南 北,https://ke-image.ljcdn.com/110000-inspection/80dbc2ca-0e5e-478c-be8e-a47691644a9b_1000.jpg!m_fill,w_280,h_210,f_jpg?from=ke.com
20230618,丰台,草桥,101118425894,恋日嘉园二期 不临街 无遮挡 满五唯一,1360万,82948元/平,中楼层 (共15层) | 2005年建 | 3室2厅 | 163.96平米 | 南 北,https://ke-image.ljcdn.com/110000-inspection/pc1_yRPJ096a1_1.jpg!m_fill,w_280,h_210,f_jpg?from=ke.com
20230618,丰台,草桥,101118404552,恋日嘉园二期 正规一居 满五年唯一 三面采光,580万,88120元/平,中楼层 (共19层) | 2007年建 | 1室1厅 | 65.82平米 | 西北 东,https://ke-image.ljcdn.com/110000-inspection/pc1_QJfAga9cR_1.jpg!m_fill,w_280,h_210,f_jpg?from=ke.com
20230618,丰台,草桥,101118400525,今日草桥 看房方便 业主诚心出售,1450万,83699元/平,中楼层 (共28层) 3室2厅 | 173.24平米 | 南,https://ke-image.ljcdn.com/110000-inspection/pc1_UfGiFhIF0_2.jpg!m_fill,w_280,h_210,f_jpg?from=ke.com
20230618,丰台,草桥,101118386509,南珠苑 西北向 正规三居室 满五年唯一,558万,58047元/平,低楼层 (共18层) 3室1厅 | 96.13平米 | 南 西 北,https://ke-image.ljcdn.com/110000-inspection/a2333775-1550-4ad1-b13c-48dc38825782_1000.jpg!m_fill,w_280,h_210,f_jpg?from=ke.com
20230618,丰台,草桥,101118382616,玺萌丽苑小区   东向一居   看房方便,380万,56802元/平,低楼层 (共24层) | 2003年建 | 1室1厅 | 66.9平米 | 东 南,https://ke-image.ljcdn.com/110000-inspection/20e716cf-a0bf-40b3-aff9-13f8097727a5_1000.jpg!m_fill,w_280,h_210,f_jpg?from=ke.com
20230618,丰台,草桥,101118368848,北甲地路2号院 满五唯一 精装修 全明格局 玺萌鹏苑房主自荐,525万,63452元/平,高楼层 (共24层) 2室1厅 | 82.74平米 | 西北,https://ke-image.ljcdn.com/110000-inspection/pc1_LTCH6K1Dx_1.jpg!m_fill,w_280,h_210,f_jpg?from=ke.com
20230618,丰台,草桥,101118362826,南三环 草桥 玉芳园 南向 满五唯一房主自荐,330万,67128元/平,中楼层 (共16层) | 1999年建 | 1室1厅 | 49.16平米 | 南,https://ke-image.ljcdn.com/110000-inspection/pc1_ZHnSD1iDK.jpg!m_fill,w_280,h_210,f_jpg?from=ke.com
20230618,丰台,草桥,101118349705,夏季星空南北3居满五年唯一明厨明卫装修保持好,1050万,84952元/平,中楼层 (共6层) 3室2厅 | 123.6平米 | 南 北,https://ke-image.ljcdn.com/110000-inspection/pc1_rSSKx7bkC.jpg!m_fill,w_280,h_210,f_jpg?from=ke.com
20230618,丰台,草桥,101118325949,玺萌公馆 低密度改善社区 小三阳大三居,1245万,90003元/平,底层 (共6层) | 2009年建 | 3室2厅 | 138.33平米 | 南 北,https://ke-image.ljcdn.com/110000-inspection/36582fe3-8aec-4cd8-a6f0-1c574a03be74_1000.jpg!m_fill,w_280,h_210,f_jpg?from=ke.com
20230618,丰台,草桥,101118321171,南三环 春季星空 南北通透 花园洋房社区,1119.9万,87302元/平,中楼层 (共5层) 3室2厅 | 128.28平米 | 南 北,https://ke-image.ljcdn.com/110000-inspection/4f1cd2ca-b8b3-474b-ae12-46ec6af91726_1000.jpg!m_fill,w_280,h_210,f_jpg?from=ke.com
20230618,丰台,草桥,101118311734,玺萌苑新上西南向两居室2年前精心装修看房有惊喜房主自荐,589万,63525元/平,高楼层 (共26层) | 2001年建 | 2室1厅 | 92.72平米 | 西南,https://ke-image.ljcdn.com/110000-inspection/pc1_PcRiMCZ3t.jpg!m_fill,w_280,h_210,f_jpg?from=ke.com
20230618,丰台,草桥,101118286061,春季星空新上两居室业主诚意出售无遮挡,645万,79200元/平,底层 (共6层) 2室1厅 | 81.44平米 | 南 北,https://ke-image.ljcdn.com/110000-inspection/pc1_u5UTNWu3J_1.jpg!m_fill,w_280,h_210,f_jpg?from=ke.com
20230618,丰台,草桥,101118276373,草桥欣园三区  商品房  双卧朝南 高楼层,573万,75654元/平,高楼层 (共12层) 2室2厅 | 75.74平米 | 南 北,https://ke-image.ljcdn.com/110000-inspection/a3b0eebe-27a5-4d96-8d41-f2c8ab3b75a6_1000.jpg!m_fill,w_280,h_210,f_jpg?from=ke.com
20230618,丰台,草桥,101118275947,风景club 3室2厅 南 北,1060万,88555元/平,中楼层 (共12层) | 2007年建 | 3室2厅 | 119.7平米 | 南 北,https://ke-image.ljcdn.com/110000-inspection/5ed33e24-13d1-4089-890e-a334c6ad4096_1000.jpg!m_fill,w_280,h_210,f_jpg?from=ke.com
20230618,丰台,草桥,101118240860,北甲地路九号院 满五唯一  动静分离,595万,53078元/平,高楼层 (共20层) 3室1厅 | 112.1平米 | 东北,https://ke-image.ljcdn.com/110000-inspection/pc1_2F6pBhaQp_1.jpg!m_fill,w_280,h_210,f_jpg?from=ke.com
20230618,丰台,草桥,101118226122,草桥地铁站南北三居通透户型精装修有车位,795万,61638元/平,低楼层 (共16层) | 1999年建 | 3室2厅 | 128.98平米 | 南 北,https://ke-image.ljcdn.com/110000-inspection/5aedc197-64bb-472a-9521-bff4bbd4d6ff_1000.jpg!m_fill,w_280,h_210,f_jpg?from=ke.com
20230618,丰台,草桥,101118209344,满五年唯一南北通透两居室 采光充足配套齐全,750万,66378元/平,中楼层 (共9层) | 2001年建 | 2室1厅 | 112.99平米 | 南 北,https://ke-image.ljcdn.com/110000-inspection/10c0c07f-ed92-4ac8-a63d-3b371cffd906_1000.jpg!m_fill,w_280,h_210,f_jpg?from=ke.com
20230618,丰台,草桥,101118197763,满五唯一商品房精装月租5390元随时可签,215万,64084元/平,低楼层 (共24层) 1室1厅 | 33.55平米 | 北,https://ke-image.ljcdn.com/110000-inspection/pc1_YpMt8JscQ_1.jpg!m_fill,w_280,h_210,f_jpg?from=ke.com
20230618,丰台,草桥,101118192190,玺萌公馆 6层板楼带电梯 三居,1248万,95289元/平,低楼层 (共6层) | 2008年建 | 3室2厅 | 130.97平米 | 南 北,https://ke-image.ljcdn.com/110000-inspection/pc1_lTL7udi6J.jpg!m_fill,w_280,h_210,f_jpg?from=ke.com
20230618,丰台,草桥,101118179030,北甲地路九号院玉安园正规东向两居,430万,57618元/平,中楼层 (共17层) 2室1厅 | 74.63平米 | 东,https://ke-image.ljcdn.com/110000-inspection/e5ecead4-5a8d-461f-aebe-71c4bcc5fa27_1000.jpg!m_fill,w_280,h_210,f_jpg?from=ke.com
20230618,丰台,草桥,101118151408,未来上层南北通透两居满五唯一草桥地铁,799万,83657元/平,中楼层 (共12层) 2室2厅 | 95.51平米 | 南 北,https://ke-image.ljcdn.com/110000-inspection/pc1_w8DHI1nzo_1.jpg!m_fill,w_280,h_210,f_jpg?from=ke.com
20230618,丰台,草桥,101118151060,草桥 恋日花都南北通透三居双卫 满五唯一商品房,1140万,80271元/平,中楼层 (共19层) | 2006年建 | 3室2厅 | 142.02平米 | 南 北,https://ke-image.ljcdn.com/110000-inspection/pc1_eBlbZBjza_1.jpg!m_fill,w_280,h_210,f_jpg?from=ke.com
20230618,丰台,草桥,101118142443,北甲地路2号院 玺萌鹏苑小开间房主自荐,228万,67959元/平,低楼层 (共24层) | 2002年建 | 1室0厅 | 33.55平米 | 北,https://ke-image.ljcdn.com/110000-inspection/32cbdd18-670d-4239-b4e5-86877caa2bf6_1000.jpg!m_fill,w_280,h_210,f_jpg?from=ke.com
20230618,丰台,草桥,101118132374,玉安园 南向一居室 采光好 视野无遮挡,310万,60512元/平,中楼层 (共17层) 1室1厅 | 51.23平米 | 南,https://ke-image.ljcdn.com/110000-inspection/dc659ed9-2029-4d85-a6eb-4a8dcaf43bd7_1000.jpg!m_fill,w_280,h_210,f_jpg?from=ke.com
20230618,丰台,草桥,101118124188,南三环  低密度花园洋房 南北三居室,986万,82263元/平,中楼层 (共6层) 3室2厅 | 119.86平米 | 南 北,https://ke-image.ljcdn.com/110000-inspection/697daa44-dc03-4126-a6aa-7dafcdb03f50_1000.jpg!m_fill,w_280,h_210,f_jpg?from=ke.com
20230618,丰台,草桥,101118122333,今日草桥 精装修 视野开阔 有车位,1400万,82030元/平,中楼层 (共28层) 3室2厅 | 170.67平米 | 西南,https://ke-image.ljcdn.com/110000-inspection/e13aa45a-1a2a-4403-b3af-1ea016c6a772_1000.jpg!m_fill,w_280,h_210,f_jpg?from=ke.com
20230618,丰台,草桥,101118095512,南三环马家堡草桥两居室电梯房集中供暖中间层房主自荐,418万,46224元/平,中楼层 (共17层) 2室1厅 | 90.43平米 | 西北,https://ke-image.ljcdn.com/110000-inspection/pc1_MokRBDa0H_1.jpg!m_fill,w_280,h_210,f_jpg?from=ke.com
20230618,丰台,草桥,101118094801,2019年新小区 机场线、19号线10号线 3线交汇 全明格局,735万,78501元/平,低楼层 (共30层) 2室1厅 | 93.63平米 | 西南,https://ke-image.ljcdn.com/110000-inspection/c7e74028-64d8-44ce-b207-6bf1e162189d_1000.jpg!m_fill,w_280,h_210,f_jpg?from=ke.com
20230618,丰台,草桥,101118086050,地铁四号线玺萌丽苑正规三居室业主诚心出售,945万,58598元/平,低楼层 (共24层) 3室2厅 | 161.27平米 | 东南,https://ke-image.ljcdn.com/110000-inspection/pc1_pXbEp0RJf_1.jpg!m_fill,w_280,h_210,f_jpg?from=ke.com
20230618,丰台,草桥,101118069280,草桥 恋日花都小区南向正规一居室 满五唯一,510万,99300元/平,中楼层 (共19层) | 2006年建 | 1室1厅 | 51.36平米 | 南,https://ke-image.ljcdn.com/110000-inspection/0653d45e-483b-4b0c-84b2-411fb6435c0d_1000.jpg!m_fill,w_280,h_210,f_jpg?from=ke.com
20230618,丰台,草桥,101118033301,草桥欣园四区 南北2居 带落地阳台,585万,67405元/平,中楼层 (共11层) 2室1厅 | 86.79平米 | 南 北,https://ke-image.ljcdn.com/110000-inspection/562e6810-9be8-49a7-8090-1783377cf788_1000.jpg!m_fill,w_280,h_210,f_jpg?from=ke.com
20230618,丰台,草桥,101118027887,草桥物业小区  草桥东路6号楼 满五唯一 业主自住,420万,56308元/平,高楼层 (共17层) 2室1厅 | 74.59平米 | 西,https://ke-image.ljcdn.com/110000-inspection/6d1a7964-7770-4f2b-a285-7c74fd6bdea5_1000.jpg!m_fill,w_280,h_210,f_jpg?from=ke.com
20230618,丰台,草桥,101118018757,草桥东路  商品房  满五年  南北通透  高楼层,688万,60891元/平,高楼层 (共9层) | 2001年建 | 3室1厅 | 112.99平米 | 南 北,https://ke-image.ljcdn.com/110000-inspection/18bd9f08-1e22-4c8b-87a2-31b9b7edcdaa_1000.jpg!m_fill,w_280,h_210,f_jpg?from=ke.com
20230618,丰台,草桥,101118013164,玉安园 草桥 马家堡 满五年唯一 朝南客厅有窗户,338万,57057元/平,低楼层 (共20层) 1室1厅 | 59.24平米 | 南,https://ke-image.ljcdn.com/110000-inspection/361e57d5-a424-41f6-b6bc-523a0da101e4_1000.jpg!m_fill,w_280,h_210,f_jpg?from=ke.com
20230618,丰台,草桥,101117947855,南北通透 两居室 格局合理 业主诚心出售中间楼层房主自荐,545万,60368元/平,低楼层 (共16层) | 1999年建 | 2室2厅 | 90.28平米 | 南 北,https://ke-image.ljcdn.com/110000-inspection/3bd47f1e-9ffa-4817-8bec-ff82d673df07_1000.jpg!m_fill,w_280,h_210,f_jpg?from=ke.com
20230618,丰台,草桥,101117944678,户型方正南北通透位于上半层无遮挡,463万,66314元/平,中楼层 (共14层) | 2004年建 | 1室1厅 | 69.82平米 | 南 北,https://ke-image.ljcdn.com/110000-inspection/780d7e36-723f-4aac-8708-e4fd8d21136e_1000.jpg!m_fill,w_280,h_210,f_jpg?from=ke.com
20230618,丰台,草桥,101117943982,南珠苑 西南三居 满五年唯一 看房随时,580万,55244元/平,底层 (共18层) 3室1厅 | 104.99平米 | 西南,https://ke-image.ljcdn.com/110000-inspection/c1c0353f-7540-4b52-98af-192aa0903063_1000.jpg!m_fill,w_280,h_210,f_jpg?from=ke.com
20230618,丰台,草桥,101117907449,马家堡玺萌苑西北三居 满五唯一,765万,60792元/平,中楼层 (共22层) | 2001年建 | 3室1厅 | 125.84平米 | 西北,https://ke-image.ljcdn.com/110000-inspection/d9ab441d-cab6-4c7e-a34c-c29bb0cd4c9c_1000.jpg!m_fill,w_280,h_210,f_jpg?from=ke.com
20230618,丰台,草桥,101117897660,草桥欣园四区 全明格局 近地铁 南北1居,470万,78203元/平,中楼层 (共15层) 1室1厅 | 60.1平米 | 南 北,https://ke-image.ljcdn.com/110000-inspection/0abe7317-d454-4812-bb9a-c253264157f2_1000.jpg!m_fill,w_280,h_210,f_jpg?from=ke.com
20230618,丰台,草桥,101117880714,玺萌公馆南北通透两居室精装修满五唯一带租赁车位,895万,81231元/平,底层 (共6层) 2室2厅 | 110.18平米 | 南 北,https://ke-image.ljcdn.com/110000-inspection/c8f0b6dc-706a-4d6b-b936-42545e26183b_1000.jpg!m_fill,w_280,h_210,f_jpg?from=ke.com
20230618,丰台,草桥,101117864442,满五年 个1% 业主诚心出售 全明格局 随时可以签约房主自荐,410万,68220元/平,顶层 (共15层) 1室1厅 | 60.1平米 | 南 北,https://ke-image.ljcdn.com/110000-inspection/pc1_aZRVryy5K_1.jpg!m_fill,w_280,h_210,f_jpg?from=ke.com
20230618,丰台,草桥,101117864136,地铁10 19 机场线 南北两居室 中间位置 不临街,479万,74903元/平,高楼层 (共6层) 2室1厅 | 63.95平米 | 南 北,https://ke-image.ljcdn.com/110000-inspection/e75991df-2126-4438-9264-570c0138175e_1000.jpg!m_fill,w_280,h_210,f_jpg?from=ke.com
20230618,丰台,草桥,101117757144,夏季星空新上三居室明厨明卫满五唯一,1020万,84242元/平,低楼层 (共6层) 3室1厅 | 121.08平米 | 南 北,https://ke-image.ljcdn.com/110000-inspection/pc1_CEu7RRs0j.jpg!m_fill,w_280,h_210,f_jpg?from=ke.com
20230618,丰台,草桥,101117719753,玺萌公馆 南北通透三居室 满5年唯一,1350万,94618元/平,顶层 (共6层) | 2009年建 | 3室2厅 | 142.68平米 | 南 北,https://ke-image.ljcdn.com/110000-inspection/pc1_dnY8C7lFU_1.jpg!m_fill,w_280,h_210,f_jpg?from=ke.com
20230618,丰台,草桥,101117704045,北甲地路九号院  玉安园  精装修 东南两居室,640万,71557元/平,低楼层 (共20层) | 2000年建 | 2室2厅 | 89.44平米 | 东 南,https://ke-image.ljcdn.com/110000-inspection/pc1_S6eEac3Zb_1.jpg!m_fill,w_280,h_210,f_jpg?from=ke.com
20230618,丰台,草桥,101117696669,南三环 草桥 东南二居 满五年,456万,63246元/平,低楼层 (共18层) 2室1厅 | 72.1平米 | 东南,https://ke-image.ljcdn.com/110000-inspection/pc1_R5eDtpPuB_1.jpg!m_fill,w_280,h_210,f_jpg?from=ke.com
20230618,丰台,草桥,101117695026,玺萌丽苑北向一居室业主诚心出售看房方便,198万,69891元/平,中楼层 (共24层) 1室0厅 | 28.33平米 | 西北,https://ke-image.ljcdn.com/110000-inspection/pc1_2sYOHFCFT_1.jpg!m_fill,w_280,h_210,f_jpg?from=ke.com
20230618,丰台,草桥,101117689866,南北通透满5年唯一不临街明厨明卫三轨交汇,675万,71832元/平,中楼层 (共6层) | 1998年建 | 3室2厅 | 93.97平米 | 南 北,https://ke-image.ljcdn.com/110000-inspection/45d02b7a-ef5c-425d-b2f1-7474aa4eec64_1000.jpg!m_fill,w_280,h_210,f_jpg?from=ke.com
20230618,丰台,草桥,101117689313,玉安园满五年唯一 大客厅带阳台 草桥地铁单价低,585万,53396元/平,中楼层 (共17层) 3室1厅 | 109.56平米 | 西南,https://ke-image.ljcdn.com/110000-inspection/pc1_Hwy2XDO94_1.jpg!m_fill,w_280,h_210,f_jpg?from=ke.com
20230618,丰台,草桥,101117675688,央产房 户型方正 没有浪费面积 三轨交汇 满五年唯一,580万,73801元/平,中楼层 (共6层) | 1999年建 | 2室1厅 | 78.59平米 | 南 北,https://ke-image.ljcdn.com/110000-inspection/pc1_6c0MaMxON_1.jpg!m_fill,w_280,h_210,f_jpg?from=ke.com
20230618,丰台,草桥,101117674543,南三环 草桥欣园三区 南北通透两居室 高楼层 视野好,583万,76985元/平,中楼层 (共12层) 2室1厅 | 75.73平米 | 南 北,https://ke-image.ljcdn.com/110000-inspection/pc1_zXwegeYiB_1.jpg!m_fill,w_280,h_210,f_jpg?from=ke.com
20230618,丰台,草桥,101117623702,满五年唯一 带电梯 3条地铁10号线19号线大兴机场线,450万,76336元/平,中楼层 (共6层) 1室1厅 | 58.95平米 | 南,https://ke-image.ljcdn.com/110000-inspection/f04980cf-4052-4f37-a211-b3be6c43d00a_1000.jpg!m_fill,w_280,h_210,f_jpg?from=ke.com
20230618,丰台,草桥,101117616206,春季星空 格局合理 双卧室客厅南向 全明格局 看房方便房主自荐,1098万,73284元/平,高楼层 (共6层) | 2005年建 | 4室2厅 | 149.83平米 | 南 西 北,https://ke-image.ljcdn.com/110000-inspection/f9798aee-453c-4177-b6c1-e4ed053308fc_1000.jpg!m_fill,w_280,h_210,f_jpg?from=ke.com
20230618,丰台,草桥,101117595869,南三环 草桥东路16号楼 南北通透三居室 高楼层 视野好房主自荐,678万,74654元/平,高楼层 (共13层) | 1999年建 | 3室1厅 | 90.82平米 | 南 北,https://ke-image.ljcdn.com/110000-inspection/e2571d18-e36e-4e3b-8139-e951ebcf60cb_1000.jpg!m_fill,w_280,h_210,f_jpg?from=ke.com
20230618,丰台,草桥,101117573035,三环边满五唯一南向大阳台低层配套成熟房主自荐,312万,70050元/平,底层 (共18层) 1室1厅 | 44.54平米 | 南 北,https://ke-image.ljcdn.com/110000-inspection/294bc79b-0864-46c6-a0e9-b32a218167c0_1000.jpg!m_fill,w_280,h_210,f_jpg?from=ke.com
20230618,丰台,草桥,101117517255,恋日嘉园二期 满五年唯一精装三居 南北双通透 近地铁,1080万,90719元/平,中楼层 (共17层) | 2003年建 | 3室1厅 | 119.05平米 | 南 北,https://ke-image.ljcdn.com/110000-inspection/ee4ac115-664a-470d-8773-91b901208c20_1000.jpg!m_fill,w_280,h_210,f_jpg?from=ke.com
20230618,丰台,草桥,101117409769,草桥19号线 正规一室一厅 有电梯 板楼,420万,71247元/平,高楼层 (共7层) 1室1厅 | 58.95平米 | 南,https://ke-image.ljcdn.com/110000-inspection/pc1_BM5lL9rLj_1.jpg!m_fill,w_280,h_210,f_jpg?from=ke.com
20230618,丰台,草桥,101117388423,春季星空 低楼层 全明两居室  满五年唯一,655万,80428元/平,低楼层 (共6层) | 2005年建 | 2室1厅 | 81.44平米 | 西南 北,https://ke-image.ljcdn.com/110000-inspection/pc1_CT8o2xiys_1.jpg!m_fill,w_280,h_210,f_jpg?from=ke.com
20230618,丰台,草桥,101117386818,恋日嘉园一期 南北通透 客厅带落地观景阳台 格局方正,830万,75032元/平,高楼层 (共16层) | 2001年建 | 2室1厅 | 110.62平米 | 南 北,https://ke-image.ljcdn.com/110000-inspection/2ad82374-98e7-4c01-b610-55716ca5e800_1000.jpg!m_fill,w_280,h_210,f_jpg?from=ke.com
20230618,丰台,草桥,101117336748,精装两居房本写的小实际为72平边单元采光好房主自荐,520万,81314元/平,中楼层 (共6层) | 1998年建 | 2室1厅 | 63.95平米 | 南 北,https://ke-image.ljcdn.com/110000-inspection/1724b95d-26ea-423a-8de3-838028cadf72_1000.jpg!m_fill,w_280,h_210,f_jpg?from=ke.com
20230618,丰台,草桥,101117324188,草桥欣园商品房社区 南北通透户型 改善 3条地铁交汇,1350万,69249元/平,低楼层 (共10层) | 2001年建 | 5室2厅 | 194.95平米 | 南 北,https://ke-image.ljcdn.com/110000-inspection/pc1_0TY3qXyDN_1.jpg!m_fill,w_280,h_210,f_jpg?from=ke.com
20230618,丰台,草桥,101117324090,草桥正规三居室南北通透格局精装修交通便利,950万,79366元/平,低楼层 (共12层) | 2007年建 | 3室1厅 | 119.7平米 | 南 北,https://ke-image.ljcdn.com/110000-inspection/2ede1000-27df-4f30-8ff2-76525e6f6c8e_1000.jpg!m_fill,w_280,h_210,f_jpg?from=ke.com
20230618,丰台,草桥,101117282126,南三环马家堡草桥 南北通透大两居 满五年唯一 近地铁,585万,66667元/平,低楼层 (共14层) 2室1厅 | 87.75平米 | 南 北,https://ke-image.ljcdn.com/110000-inspection/1924083b-eba6-453b-82b9-7dc9cb2c545a_1000.jpg!m_fill,w_280,h_210,f_jpg?from=ke.com
20230618,丰台,草桥,101117277408,草桥 满五唯一 两居室 南北通透 户型方正 无斜角房主自荐,902万,82443元/平,高楼层 (共17层) | 2003年建 | 2室2厅 | 109.41平米 | 南 北,https://ke-image.ljcdn.com/110000-inspection/pc1_I0SLx9bX5_1.jpg!m_fill,w_280,h_210,f_jpg?from=ke.com
20230618,丰台,草桥,101117176174,三环 草桥 正规两居室 南北通透,488万,67089元/平,高楼层 (共6层) | 1998年建 | 2室1厅 | 72.74平米 | 南 北,https://ke-image.ljcdn.com/110000-inspection/a7cdd69b-cb84-48b2-82b4-6c35f2920a3a_1000.jpg!m_fill,w_280,h_210,f_jpg?from=ke.com
20230618,丰台,草桥,101117165469,地铁19号线 草桥欣园三区  精装修 有电梯 满五年唯一房主自荐,445万,76238元/平,低楼层 (共6层) 1室1厅 | 58.37平米 | 南 北,https://ke-image.ljcdn.com/110000-inspection/c13cb7a4-04f3-4030-8a81-2e745a4209d7_1000.jpg!m_fill,w_280,h_210,f_jpg?from=ke.com
20230618,丰台,草桥,101117154242,玺萌鹏苑 南向一居室 满五年唯一,329万,57548元/平,顶层 (共24层) | 2002年建 | 1室1厅 | 57.17平米 | 南,https://ke-image.ljcdn.com/110000-inspection/a3c95158-8bde-4c73-af30-b065bf077776_1000.jpg!m_fill,w_280,h_210,f_jpg?from=ke.com
20230618,丰台,草桥,101117145577,19号线 观景阳台三轨交汇 大两居 有45平米不算面积,920万,74555元/平,低楼层 (共19层) | 2001年建 | 2室1厅 | 123.4平米 | 南 北,https://ke-image.ljcdn.com/110000-inspection/ad4e6617-4c7e-43c1-81eb-159ba86ae8c2_1000.jpg!m_fill,w_280,h_210,f_jpg?from=ke.com
20230618,丰台,草桥,101117063464,花园洋房低密度社区全明格局落地窗无遮挡。,650万,78903元/平,中楼层 (共6层) | 2004年建 | 2室1厅 | 82.38平米 | 南 西北,https://ke-image.ljcdn.com/110000-inspection/c50be6dc-7eda-4a21-809f-1b855a1bae6a_1000.jpg!m_fill,w_280,h_210,f_jpg?from=ke.com
20230618,丰台,草桥,101117044370,玺萌苑全南向三居大面宽双卫生间,928万,65000元/平,低楼层 (共22层) | 2001年建 | 3室2厅 | 142.77平米 | 南 西 北,https://ke-image.ljcdn.com/110000-inspection/prod-1592de34-0d8f-4110-b833-5cd13e721279.jpg!m_fill,w_280,h_210,f_jpg?from=ke.com
20230618,丰台,草桥,101116999974,草桥地铁站 10+19号线 南北通透全明格局,455万,73093元/平,低楼层 (共18层) | 2003年建 | 1室1厅 | 62.25平米 | 南 北,https://ke-image.ljcdn.com/110000-inspection/pc1_OuLv2tKzD_1.jpg!m_fill,w_280,h_210,f_jpg?from=ke.com
20230618,丰台,草桥,101116965837,草桥地铁口三站交汇 恋日花都 东南朝向,510万,76336元/平,底层 (共17层) | 2006年建 | 2室1厅 | 66.81平米 | 东 南,https://ke-image.ljcdn.com/110000-inspection/2d632d21-c336-46c7-9b1b-61e5cfdb12ac_1000.jpg!m_fill,w_280,h_210,f_jpg?from=ke.com
20230618,丰台,草桥,101116957194,草桥马家堡南珠苑满五年唯一商品房落地窗集中供暖房主自荐,519万,69228元/平,高楼层 (共22层) | 2003年建 | 2室1厅 | 74.97平米 | 西北,https://ke-image.ljcdn.com/110000-inspection/1b2307ca-43ce-455c-991b-ad3fe4c3a5ff_1000.jpg!m_fill,w_280,h_210,f_jpg?from=ke.com
20230618,丰台,草桥,101116934104,风景club 南北通透三居室 诚心出售,965万,80350元/平,低楼层 (共11层) | 2007年建 | 3室1厅 | 120.1平米 | 南 北,https://ke-image.ljcdn.com/110000-inspection/ba546b1e-84a1-4f28-95d2-5d624fac7c11_1000.jpg!m_fill,w_280,h_210,f_jpg?from=ke.com
20230618,丰台,草桥,101116899810,玉安园草桥马家堡 正规两居 业主自住 保持好 看房方便,425万,48907元/平,低楼层 (共17层) | 1998年建 | 2室1厅 | 86.9平米 | 东北,https://ke-image.ljcdn.com/110000-inspection/b8432ee4-a480-4058-af6c-7d47d583414c_1000.jpg!m_fill,w_280,h_210,f_jpg?from=ke.com
20230618,丰台,草桥,101116830425,玉安园 满五年 草桥 角门 正规两居室,410万,53532元/平,低楼层 (共17层) 2室1厅 | 76.59平米 | 西北,https://ke-image.ljcdn.com/110000-inspection/02661f4c-596f-405b-872e-76f3c74e1c84_1000.jpg!m_fill,w_280,h_210,f_jpg?from=ke.com
20230618,丰台,草桥,101116818819,南三环草桥次新小区 正规一室一厅 中高楼层 采光好,455万,85947元/平,中楼层 (共12层) | 2007年建 | 1室1厅 | 52.94平米 | 西北,https://ke-image.ljcdn.com/110000-inspection/pc1_JH3Eq6Mam_1.jpg!m_fill,w_280,h_210,f_jpg?from=ke.com
20230618,丰台,草桥,101116810461,楼层高 采光充足中间楼层配套设施齐全交通便利房主自荐,445万,64094元/平,高楼层 (共22层) | 2004年建 | 2室1厅 | 69.43平米 | 西北,https://ke-image.ljcdn.com/110000-inspection/pc1_Ajvysg9IY_1.jpg!m_fill,w_280,h_210,f_jpg?from=ke.com
20230618,丰台,草桥,101116710739,草桥地铁口 正规两居室 西南向 业主诚售,730万,80000元/平,底层 (共30层) 2室1厅 | 91.25平米 | 西南,https://ke-image.ljcdn.com/110000-inspection/pc1_mQ9i5ltWD_1.jpg!m_fill,w_280,h_210,f_jpg?from=ke.com
20230618,丰台,草桥,101116684111,地铁19号线 草桥站 05年商品房朝南大一居 满五年唯一,450万,76336元/平,高楼层 (共17层) | 2003年建 | 1室0厅 | 58.95平米 | 南,https://ke-image.ljcdn.com/110000-inspection/28284cd7-5e11-4b4c-9032-0334480e6232_1000.jpg!m_fill,w_280,h_210,f_jpg?from=ke.com
20230618,丰台,草桥,101116674097,南珠苑 2室1厅 东南,640万,77258元/平,顶层 (共22层) | 2004年建 | 2室1厅 | 82.84平米 | 东南,https://ke-image.ljcdn.com/110000-inspection/15fa167d-fdcd-4f72-819e-157ed3d7558d_1000.jpg!m_fill,w_280,h_210,f_jpg?from=ke.com
20230618,丰台,草桥,101116647220,草桥欣园三区 南北四居 全明格局 两厅两卫 带电梯,880万,71615元/平,顶层 (共12层) 4室2厅 | 122.88平米 | 南 北,https://ke-image.ljcdn.com/110000-inspection/pc1_GxRvIgvVN_1.jpg!m_fill,w_280,h_210,f_jpg?from=ke.com
20230618,丰台,草桥,101116643147,草桥欣园四区南北朝向两居室前后不临街,573万,71985元/平,低楼层 (共15层) 2室1厅 | 79.6平米 | 南 北,https://ke-image.ljcdn.com/110000-inspection/bd57fec2-ecb6-4a55-9def-35157b428304_1000.jpg!m_fill,w_280,h_210,f_jpg?from=ke.com
20230618,丰台,草桥,101116624552,玺萌城市间  南北通透  低楼层  干净整洁  不临街,515万,76387元/平,底层 (共9层) | 2011年建 | 2室1厅 | 67.42平米 | 南 北,https://ke-image.ljcdn.com/110000-inspection/pc1_Fi6BSQMIP_1.jpg!m_fill,w_280,h_210,f_jpg?from=ke.com
20230618,丰台,草桥,101116614709,南三环  04年商品房  精装两居室  周边配套齐全房主自荐,402万,60406元/平,底层 (共22层) | 2003年建 | 2室1厅 | 66.55平米 | 东北,https://ke-image.ljcdn.com/110000-inspection/pc1_hT04qZJpL_1.jpg!m_fill,w_280,h_210,f_jpg?from=ke.com
20230618,丰台,草桥,101116556045,19号线 南北两居室 改造合理 三轨交汇 看房随时,510万,69530元/平,底层 (共6层) 2室1厅 | 73.35平米 | 南 北,https://ke-image.ljcdn.com/110000-inspection/pc1_1qdSHrRBj_1.jpg!m_fill,w_280,h_210,f_jpg?from=ke.com
20230618,丰台,草桥,101116520669,风景club挑高厅三居室满五年,958万,68916元/平,中楼层 (共15层) | 2007年建 | 3室2厅 | 139.01平米 | 西北,https://ke-image.ljcdn.com/110000-inspection/pc1_5aC3nL7iU_2.jpg!m_fill,w_280,h_210,f_jpg?from=ke.com
20230618,丰台,草桥,101116505626,草桥地铁站 正规两居室 精装修 无遮挡 价格低,387.5万,59224元/平,低楼层 (共16层) | 2000年建 | 2室1厅 | 65.43平米 | 西,https://ke-image.ljcdn.com/110000-inspection/pc1_GUfVuMkbr_1.jpg!m_fill,w_280,h_210,f_jpg?from=ke.com
20230618,丰台,草桥,101116491868,马家堡玺萌丽苑满五年一居室楼层高视野好,210万,74127元/平,中楼层 (共23层) | 2001年建 | 1室0厅 | 28.33平米 | 北,https://ke-image.ljcdn.com/110000-inspection/pc1_71M4jsv5J_1.jpg!m_fill,w_280,h_210,f_jpg?from=ke.com
20230618,丰台,草桥,101116470894,草桥欣园四区南北通透三居室精装修高层看房方便房主自荐,765万,81444元/平,中楼层 (共18层) 3室1厅 | 93.93平米 | 南 北,https://ke-image.ljcdn.com/110000-inspection/pc1_S0UALZAmO_1.jpg!m_fill,w_280,h_210,f_jpg?from=ke.com
20230618,丰台,草桥,101116464610,三环边5条地铁双卫超大阳台环保精装三代同堂房主自荐,928万,67482元/平,中楼层 (共24层) | 2003年建 | 3室1厅 | 137.52平米 | 西南,https://ke-image.ljcdn.com/110000-inspection/a7f3f86c-b009-4f87-a113-e837f9f2285b_1000.jpg!m_fill,w_280,h_210,f_jpg?from=ke.com
20230618,丰台,草桥,101116461885,此房满五年唯一业主售房诚意度高楼层高视野好,208万,73421元/平,高楼层 (共24层) 1室0厅 | 28.33平米 | 北,https://ke-image.ljcdn.com/110000-inspection/pc1_FgbvaugUM_1.jpg!m_fill,w_280,h_210,f_jpg?from=ke.com
20230618,丰台,草桥,101116422216,草桥高品质社区 改善大两居 客厅4米高,938万,79688元/平,中楼层 (共15层) | 2007年建 | 2室2厅 | 117.71平米 | 东南,https://ke-image.ljcdn.com/110000-inspection/4e7503e2-b85d-4041-9f15-ae178ade2f9a_1000.jpg!m_fill,w_280,h_210,f_jpg?from=ke.com
20230618,丰台,草桥,101116368363,次顶层玉安园 草桥满五唯一 户型方正 满五唯一 高楼层房主自荐,435万,58288元/平,高楼层 (共17层) 2室1厅 | 74.63平米 | 西,https://ke-image.ljcdn.com/110000-inspection/6b5003c4-c560-4f61-a8f4-687e6cd23118_1000.jpg!m_fill,w_280,h_210,f_jpg?from=ke.com
20230618,丰台,草桥,101116193653,南三环丰台草桥玺萌丽苑东向大两居室满五唯一诚意售,588万,66486元/平,高楼层 (共23层) | 2001年建 | 2室1厅 | 88.44平米 | 东,https://ke-image.ljcdn.com/110000-inspection/7c356f57-dd4b-4b2f-a946-3d8013cb666f_1000.jpg!m_fill,w_280,h_210,f_jpg?from=ke.com
20230618,丰台,草桥,101116092829,南三环 02年商品房  精装修  高楼层,225万,66945元/平,中楼层 (共24层) | 2002年建 | 1室0厅 | 33.61平米 | 北,https://ke-image.ljcdn.com/110000-inspection/a387c0ae-7839-4d60-89b9-c49401759f24_1000.jpg!m_fill,w_280,h_210,f_jpg?from=ke.com
20230618,丰台,草桥,101116021791,草桥城市间 2011年社区 采光视野好,389万,74223元/平,高楼层 (共9层) | 2011年建 | 1室0厅 | 52.41平米 | 南,https://ke-image.ljcdn.com/110000-inspection/7a18f2ce-4ab6-42cd-8276-cb7732ee6bba_1000.jpg!m_fill,w_280,h_210,f_jpg?from=ke.com
20230618,丰台,草桥,101115957455,南三环丰台草桥物业小区正规一居室电梯直达价格可谈房主自荐,350万,62456元/平,低楼层 (共18层) 1室1厅 | 56.04平米 | 南,https://ke-image.ljcdn.com/110000-inspection/2e99fc7e-511b-4e8f-8855-f6a7c161c388_1000.jpg!m_fill,w_280,h_210,f_jpg?from=ke.com
20230618,丰台,草桥,101115928962,城市间 南北通透两居室 满五年唯一 2011年社区,600万,73189元/平,底层 (共11层) | 2011年建 | 2室1厅 | 81.98平米 | 南 北,https://ke-image.ljcdn.com/110000-inspection/pc1_anoG4ksDv_1.jpg!m_fill,w_280,h_210,f_jpg?from=ke.com
20230618,丰台,草桥,101115640977,南三环丰台草桥玺萌丽苑正规一居室随时可看诚心出售,385万,61257元/平,高楼层 (共24层) | 2001年建 | 1室1厅 | 62.85平米 | 西,https://ke-image.ljcdn.com/110000-inspection/pc1_tGaaNlDL7_2.jpg!m_fill,w_280,h_210,f_jpg?from=ke.com
20230618,丰台,草桥,101115630251,精装修 南向一居 带飘窗 板楼 满五唯一房主自荐,455万,77185元/平,高楼层 (共17层) | 2003年建 | 1室0厅 | 58.95平米 | 南,https://ke-image.ljcdn.com/110000-inspection/pc1_TtlCMWD39_1.jpg!m_fill,w_280,h_210,f_jpg?from=ke.com
20230618,丰台,草桥,101115616439,玺萌公馆南北通透四居室户型方正,1550万,80257元/平,底层 (共6层) | 2008年建 | 4室2厅 | 193.13平米 | 南 北,https://ke-image.ljcdn.com/110000-inspection/cee28b0d-f1c3-4bb4-8a23-991ef42770a4_1000.jpg!m_fill,w_280,h_210,f_jpg?from=ke.com
20230618,丰台,草桥,101115516999,南三环 2000年商品房  满五年唯一  方正两居室,435万,56028元/平,底层 (共20层) | 2000年建 | 2室1厅 | 77.64平米 | 东,https://ke-image.ljcdn.com/110000-inspection/28366874-212c-4630-b6ae-8e368eca6a1e_1000.jpg!m_fill,w_280,h_210,f_jpg?from=ke.com
20230618,丰台,草桥,101115433511,南北向一居室 带电梯 3条地铁10号线19号线大兴机场线房主自荐,430万,75678元/平,底层 (共6层) | 2000年建 | 1室1厅 | 56.82平米 | 南 北,https://ke-image.ljcdn.com/110000-inspection/83e20b3a-f821-4f1a-be21-3bb14e9ff2b8_1000.jpg!m_fill,w_280,h_210,f_jpg?from=ke.com
20230618,丰台,草桥,101115057222,草桥欣园三区 3室2厅 南 北房主自荐,577万,57758元/平,顶层 (共6层) | 1998年建 | 3室2厅 | 99.9平米 | 南 北,https://ke-image.ljcdn.com/110000-inspection/pc1_tr1HdsSCE_1.jpg!m_fill,w_280,h_210,f_jpg?from=ke.com
20230618,丰台,草桥,101114989907,地铁10号线 19号线 机场线 满五年唯一 大平层 精装修,1200万,74996元/平,低楼层 (共10层) | 2001年建 | 3室2厅 | 160.01平米 | 南 北,https://ke-image.ljcdn.com/110000-inspection/pc1_iqCnyCvDE_1.jpg!m_fill,w_280,h_210,f_jpg?from=ke.com
20230618,丰台,草桥,101114930549,南三环草桥 南珠苑 小三居 满五年唯一房主自荐,540万,53067元/平,中楼层 (共18层) 3室1厅 | 101.76平米 | 东南 东北,https://ke-image.ljcdn.com/110000-inspection/pc1_AVN21CEQA_1.jpg!m_fill,w_280,h_210,f_jpg?from=ke.com
20230618,丰台,草桥,101114896041,满五唯一 草桥欣园四区 南北通透两居带电梯房主自荐,588万,67009元/平,低楼层 (共14层) | 2004年建 | 2室1厅 | 87.75平米 | 南 北,https://ke-image.ljcdn.com/110000-inspection/pc1_ecWa7jaB9_1.jpg!m_fill,w_280,h_210,f_jpg?from=ke.com
20230618,丰台,草桥,101114889603,房子是南北通透明厨明卫通透性好精装修。,460万,66658元/平,顶层 (共12层) | 2007年建 | 1室1厅 | 69.01平米 | 南 北,https://ke-image.ljcdn.com/110000-inspection/91fd60a3-cf52-4d83-b124-fe5f36194561_1000.jpg!m_fill,w_280,h_210,f_jpg?from=ke.com
20230618,丰台,草桥,101114874324,草桥欣园四区 满五唯一 无遮挡 南北通透 2007年房主自荐,818万,67997元/平,低楼层 (共12层) | 2007年建 | 3室1厅 | 120.3平米 | 南 北,https://ke-image.ljcdn.com/110000-inspection/3eda5452-34aa-44c7-b582-9a6fd6c2a44c_1000.jpg!m_fill,w_280,h_210,f_jpg?from=ke.com
20230618,丰台,草桥,101114864940,未来上层满五年唯一两居室只有契税,798万,85696元/平,高楼层 (共13层) 2室2厅 | 93.12平米 | 南 北,https://ke-image.ljcdn.com/110000-inspection/32c0f8a1-3141-4dae-b49c-94c58d177899_1000.jpg!m_fill,w_280,h_210,f_jpg?from=ke.com
20230618,丰台,草桥,101114678541,草桥 玺萌丽苑 精装修两居  看房方便,575万,65016元/平,低楼层 (共24层) | 2002年建 | 2室1厅 | 88.44平米 | 西,https://ke-image.ljcdn.com/110000-inspection/71f05119-2a9d-49f7-bc48-75377890660c_1000.jpg!m_fill,w_280,h_210,f_jpg?from=ke.com
20230618,丰台,草桥,101114678214,南三环草桥东路16号楼 南北向一居房主自荐,412万,64934元/平,低楼层 (共14层) | 1999年建 | 1室1厅 | 63.45平米 | 南 北,https://ke-image.ljcdn.com/110000-inspection/f98505aa-9c75-443b-ace7-caa5ee532508_1000.jpg!m_fill,w_280,h_210,f_jpg?from=ke.com
20230618,丰台,草桥,101114533345,草桥恋日花都纯商品房社区 环境优美 封闭式管理,470万,68614元/平,底层 (共16层) | 2006年建 | 1室1厅 | 68.5平米 | 东北,https://ke-image.ljcdn.com/110000-inspection/758df59c-d901-4b84-b85e-9537d5c74ae9_1000.jpg!m_fill,w_280,h_210,f_jpg?from=ke.com
20230618,丰台,草桥,101114517906,今日草桥人车分流全明格局新小区环境好,735万,78076元/平,低楼层 (共21层) | 2017年建 | 2室1厅 | 94.14平米 | 东 西 北,https://ke-image.ljcdn.com/110000-inspection/pc1_36zsUvdIC_1.jpg!m_fill,w_280,h_210,f_jpg?from=ke.com
20230618,丰台,草桥,101114447880,草桥东路 南北两居 高楼层视野好 带电梯 采光好,561万,74453元/平,高楼层 (共13层) | 1999年建 | 2室1厅 | 75.35平米 | 南 北,https://ke-image.ljcdn.com/110000-inspection/3daed11b-5649-4606-b79a-20faaaea1043_1000.jpg!m_fill,w_280,h_210,f_jpg?from=ke.com
20230618,丰台,草桥,101114348807,玺萌苑 满五唯一精装修两居室 西南朝向高楼层 视野佳,608万,65574元/平,中楼层 (共26层) | 2001年建 | 2室1厅 | 92.72平米 | 西南,https://ke-image.ljcdn.com/110000-inspection/94b55342-a11a-4352-a92e-ddfcbf64857f_1000.jpg!m_fill,w_280,h_210,f_jpg?from=ke.com
20230618,丰台,草桥,101114324893,恋日花都 精装1居 近地铁 产权清晰,410万,75202元/平,低楼层 (共16层) | 2006年建 | 1室1厅 | 54.52平米 | 东北,https://ke-image.ljcdn.com/110000-inspection/5fb6a87c-f19b-44b0-9f75-deb18bf19e98_1000.jpg!m_fill,w_280,h_210,f_jpg?from=ke.com
20230618,丰台,草桥,101114153691,草桥欣园三区 正规1居室 南北通透 房本已满5年,480万,75555元/平,低楼层 (共12层) | 1999年建 | 2室1厅 | 63.53平米 | 南 北,https://ke-image.ljcdn.com/110000-inspection/pc1_7I50Gy8WY_1.jpg!m_fill,w_280,h_210,f_jpg?from=ke.com
20230618,丰台,草桥,101113804044,未来上层   满五唯一  南北通透,808万,89699元/平,低楼层 (共12层) | 2005年建 | 2室1厅 | 90.08平米 | 南 北,https://ke-image.ljcdn.com/110000-inspection/ad1a4827-3135-4776-aea3-0cb5f95bd134_1000.jpg!m_fill,w_280,h_210,f_jpg?from=ke.com
20230618,丰台,草桥,101113588677,南三环草桥大两居 地铁10号19号线 南北通透 满五唯一,583万,74696元/平,高楼层 (共12层) | 1999年建 | 2室1厅 | 78.05平米 | 南 北,https://ke-image.ljcdn.com/110000-inspection/pc1_Fhfq08jqZ_1.jpg!m_fill,w_280,h_210,f_jpg?from=ke.com
20230618,丰台,草桥,101111533901,恋日花都 西南两居 近地铁 满五唯一 看房方便近地铁房主自荐,708万,67021元/平,底层 (共17层) | 2006年建 | 2室2厅 | 105.64平米 | 西南,https://ke-image.ljcdn.com/110000-inspection/pc1_pveywOLe0_1.jpg!m_fill,w_280,h_210,f_jpg?from=ke.com
20230618,丰台,草桥,101111459922,南三环草桥 南珠苑  南北向一居室,390万,67103元/平,低楼层 (共18层) 1室1厅 | 58.12平米 | 南 北,https://ke-image.ljcdn.com/110000-inspection/pc1_1xFArOBkN_1.jpg!m_fill,w_280,h_210,f_jpg?from=ke.com
20230618,丰台,草桥,101107059295,草桥欣园三区南北通透带电梯满五年唯一,930万,68008元/平,中楼层 (共18层) | 2002年建 | 4室1厅 | 136.75平米 | 东 南 北,https://ke-image.ljcdn.com/110000-inspection/7fffa3e2-b07f-4bba-9acf-7ad5ed009015_1000.jpg!m_fill,w_280,h_210,f_jpg?from=ke.com
20230618,丰台,草桥,101119770315,草桥东路 南北全明格局楼层高视野宽阔采光充足新上,420万,66194元/平,中楼层 (共14层) | 1999年建 | 2室1厅 | 63.45平米 | 南 北,https://ke-image.ljcdn.com/110000-inspection/pc1_0w1yhIab8_1.jpg!m_fill,w_280,h_210,f_jpg?from=ke.com
20230618,丰台,草桥,101119743458,玉安园 2室1厅 南 西新上,573万,64066元/平,低楼层 (共20层) | 2000年建 | 2室1厅 | 89.44平米 | 南 西,https://ke-image.ljcdn.com/110000-inspection/pc1_5rI8dUmyd_1.jpg!m_fill,w_280,h_210,f_jpg?from=ke.com
20230618,丰台,草桥,101119713904,风景club 挑高客厅 满五唯一 落地窗 价格可谈新上,625万,75420元/平,中楼层 (共15层) | 2007年建 | 2室2厅 | 82.87平米 | 东 北,https://ke-image.ljcdn.com/110000-inspection/pc1_Amy41XZb3_1.jpg!m_fill,w_280,h_210,f_jpg?from=ke.com
20230618,丰台,草桥,101119603328,玺萌丽苑 售房诚意度高楼层高视野好,355万,53057元/平,底层 (共24层) | 2003年建 | 1室1厅 | 66.91平米 | 东,https://ke-image.ljcdn.com/110000-inspection/45289cf7-2da5-4c24-86ff-b4b5bd16c321_1000.jpg!m_fill,w_280,h_210,f_jpg?from=ke.com
20230618,丰台,草桥,101119603074,马家堡玺萌丽苑东北两居 满五年,518万,62591元/平,底层 (共24层) | 2003年建 | 2室1厅 | 82.76平米 | 东 北,https://ke-image.ljcdn.com/110000-inspection/pc1_l7TBENC88_1.jpg!m_fill,w_280,h_210,f_jpg?from=ke.com
20230618,丰台,草桥,101119584427,草桥欣园三区 4室2厅 南 北,870万,70486元/平,顶层 (共12层) | 1999年建 | 4室2厅 | 123.43平米 | 南 北,https://ke-image.ljcdn.com/110000-inspection/pc1_EZJesiYS9_1.jpg!m_fill,w_280,h_210,f_jpg?from=ke.com
20230618,丰台,草桥,101119515897,满五年唯一 一梯两户 南北通透 无遮挡 诚意出售,1130万,95407元/平,低楼层 (共6层) 2室2厅 | 118.44平米 | 南 北,https://ke-image.ljcdn.com/110000-inspection/pc1_sIbHwHjqj_1.jpg!m_fill,w_280,h_210,f_jpg?from=ke.com
20230618,丰台,草桥,101119489942,南三环边 玺萌鹏苑 北向 一居室 正对公园,199万,59315元/平,中楼层 (共24层) 1室0厅 | 33.55平米 | 北,https://ke-image.ljcdn.com/110000-inspection/pc1_EFdOwX5ep_1.jpg!m_fill,w_280,h_210,f_jpg?from=ke.com
20230618,丰台,草桥,101119486527,南三环  草桥欣园  南北通透复式,876万,54038元/平,顶层 (共6层) | 1998年建 | 3室3厅 | 162.11平米 | 南 北,https://ke-image.ljcdn.com/110000-inspection/pc1_tdp14cG9n_1.jpg!m_fill,w_280,h_210,f_jpg?from=ke.com
20230618,丰台,草桥,101119471050,草桥欣园20号院  南北通透 带电梯  精装修房主自荐,768万,80251元/平,高楼层 (共6层) 3室2厅 | 95.7平米 | 南 北,https://ke-image.ljcdn.com/110000-inspection/7edb37c3-078b-4486-bd75-871a1ced89df_1000.jpg!m_fill,w_280,h_210,f_jpg?from=ke.com
20230618,丰台,草桥,101119453849,经典复式采光好离地铁口200米三条地铁线,1580万,66524元/平,高楼层 (共15层) 5室2厅 | 237.51平米 | 南 北,https://ke-image.ljcdn.com/110000-inspection/f09b0256-9190-4444-85da-d553a71c5877_1000.jpg!m_fill,w_280,h_210,f_jpg?from=ke.com
20230618,丰台,草桥,101119445787,风景club 东南向2居室 楼层合适 视野采光好,960万,81239元/平,高楼层 (共15层) | 2007年建 | 2室2厅 | 118.17平米 | 东 南,https://ke-image.ljcdn.com/110000-inspection/pc1_hbe4CaYbc_1.jpg!m_fill,w_280,h_210,f_jpg?from=ke.com
20230618,丰台,草桥,101119428525,风景club 客厅挑高三居室 错层设计 诚心出售,1150万,83546元/平,高楼层 (共15层) | 2007年建 | 3室2厅 | 137.65平米 | 东北,https://ke-image.ljcdn.com/110000-inspection/056a9445-f551-4d49-bfdb-a8008d9d8a47_1000.jpg!m_fill,w_280,h_210,f_jpg?from=ke.com
20230618,丰台,草桥,101119425826,风景club 3室2厅 西南,1200万,75076元/平,中楼层 (共15层) | 2007年建 | 3室2厅 | 159.84平米 | 西南,https://ke-image.ljcdn.com/110000-inspection/c22aa959-85b4-40f0-96ea-11ccbcfe4b41_1000.jpg!m_fill,w_280,h_210,f_jpg?from=ke.com
20230618,丰台,草桥,101119424325,马家堡玺萌丽苑小区视野开阔无遮挡,217万,64815元/平,中楼层 (共24层) | 2003年建 | 1室0厅 | 33.48平米 | 北,https://ke-image.ljcdn.com/110000-inspection/65b60280-aee5-48f4-b1d8-2677d0e4788f_1000.jpg!m_fill,w_280,h_210,f_jpg?from=ke.com
20230618,丰台,草桥,101119418032,玺萌公馆 6层板楼电梯 南北通透,915万,73512元/平,底层 (共6层) | 2008年建 | 3室1厅 | 124.47平米 | 南 北,https://ke-image.ljcdn.com/110000-inspection/670a6e85-93b8-4415-a350-552f3b692424_1000.jpg!m_fill,w_280,h_210,f_jpg?from=ke.com
20230618,丰台,草桥,101119411756,未来上层 3室1厅 南 北,938万,79790元/平,低楼层 (共12层) 3室1厅 | 117.56平米 | 南 北,https://ke-image.ljcdn.com/110000-inspection/c0b54eee-403e-4a10-8a58-534e54c2fce9_1000.jpg!m_fill,w_280,h_210,f_jpg?from=ke.com
20230618,丰台,草桥,101119385560,三环500米4地铁站5条线路集中供暖电梯直达,698万,55530元/平,中楼层 (共24层) | 2001年建 | 2室2厅 | 125.7平米 | 西,https://ke-image.ljcdn.com/110000-inspection/dfb03a45-dc45-4317-99da-32c09a1b3db4_1000.jpg!m_fill,w_280,h_210,f_jpg?from=ke.com
20230618,丰台,草桥,101119355700,南三环丰台草桥花香丽舍南向大两居随时签约,630万,63785元/平,低楼层 (共22层) | 2004年建 | 2室1厅 | 98.77平米 | 南,https://ke-image.ljcdn.com/110000-inspection/pc1_u4KmmFoOX_2.jpg!m_fill,w_280,h_210,f_jpg?from=ke.com
20230618,丰台,草桥,101119337910,2011年商品房封闭小区板楼南三环城市间,1100万,81901元/平,中楼层 (共11层) | 2010年建 | 3室2厅 | 134.31平米 | 南 北,https://ke-image.ljcdn.com/110000-inspection/2f3c30dd-f9f0-4942-9be9-03850bceed61_1000.jpg!m_fill,w_280,h_210,f_jpg?from=ke.com
20230618,丰台,草桥,101119336174,玉安园 1室1厅 南,395万,58131元/平,中楼层 (共18层) | 2003年建 | 1室1厅 | 67.95平米 | 南,https://ke-image.ljcdn.com/110000-inspection/pc1_80USAbBe4_1.jpg!m_fill,w_280,h_210,f_jpg?from=ke.com
20230618,丰台,草桥,101119334409,草桥物业小区 西向 两居室 中间楼层,400万,53627元/平,中楼层 (共17层) 2室1厅 | 74.59平米 | 西,https://ke-image.ljcdn.com/110000-inspection/pc1_y8jzKSg5p_1.jpg!m_fill,w_280,h_210,f_jpg?from=ke.com
20230618,丰台,草桥,101119332731,北甲地路2号院玺萌鹏苑精装开间,215万,63970元/平,低楼层 (共24层) | 2002年建 | 1室0厅 | 33.61平米 | 北,https://ke-image.ljcdn.com/110000-inspection/91ed2d19-2d14-4fa0-a847-8d80c7313980_1000.jpg!m_fill,w_280,h_210,f_jpg?from=ke.com
20230618,丰台,草桥,101119325391,草桥欣园三区南北通透两居室采光好无遮挡房主自荐,529万,73158元/平,中楼层 (共6层) | 1998年建 | 2室1厅 | 72.31平米 | 南 北,https://ke-image.ljcdn.com/110000-inspection/9ab2b7e3-6f92-4d53-86d6-1a1eff535465_1000.jpg!m_fill,w_280,h_210,f_jpg?from=ke.com
20230618,丰台,草桥,101119289693,南三环 南珠苑 新楼 西向两居室,530万,51397元/平,低楼层 (共22层) | 2003年建 | 2室1厅 | 103.12平米 | 西,https://ke-image.ljcdn.com/110000-inspection/pc1_Ffr9dsqSq.jpg!m_fill,w_280,h_210,f_jpg?from=ke.com
20230618,丰台,草桥,101119285002,恋日嘉园一期 3室2厅 南 北,968万,74830元/平,底层 (共13层) | 2001年建 | 3室2厅 | 129.36平米 | 南 北,https://ke-image.ljcdn.com/110000-inspection/pc1_5YIPG0f2c_1.jpg!m_fill,w_280,h_210,f_jpg?from=ke.com
20230618,丰台,草桥,101119246980,玺萌鹏苑北甲地路2号院正南向正规一居室,340万,59358元/平,高楼层 (共24层) | 2002年建 | 1室1厅 | 57.28平米 | 南,https://ke-image.ljcdn.com/110000-inspection/e1db2065-1197-46c3-a7ef-b0b70e9afe8c_1000.jpg!m_fill,w_280,h_210,f_jpg?from=ke.com
20230618,丰台,草桥,101119246879,玉安园 东西通透两居室  满五年唯一,398万,53011元/平,低楼层 (共6层) | 1998年建 | 2室2厅 | 75.08平米 | 东 西,https://ke-image.ljcdn.com/110000-inspection/pc1_av0ZdgS7k_1.jpg!m_fill,w_280,h_210,f_jpg?from=ke.com
20230618,丰台,草桥,101119226780,恋日花都 3室1厅 东 南 西,1098万,76495元/平,低楼层 (共16层) | 2006年建 | 3室1厅 | 143.54平米 | 东 南 西,https://ke-image.ljcdn.com/110000-inspection/pc1_vhlvnuzNB_1.jpg!m_fill,w_280,h_210,f_jpg?from=ke.com
20230618,丰台,草桥,101119207529,北甲地路九号院  玉安园 右安门北甲地路9号院,435万,58288元/平,顶层 (共17层) 2室2厅 | 74.63平米 | 西,https://ke-image.ljcdn.com/110000-inspection/60cb0a08-e56f-4d13-886d-313c697b9a15_1000.jpg!m_fill,w_280,h_210,f_jpg?from=ke.com
20230618,丰台,草桥,101119200644,地铁4+10号线角门西站正规三居室诚心出售,752万,61574元/平,低楼层 (共22层) | 2001年建 | 3室2厅 | 122.13平米 | 东北,https://ke-image.ljcdn.com/110000-inspection/pc1_hwjaJ7hM3_1.jpg!m_fill,w_280,h_210,f_jpg?from=ke.com
20230618,丰台,草桥,101119192559,南三环丰台草桥花香丽舍南向正规一居室随时可看,406万,58952元/平,高楼层 (共18层) | 2000年建 | 1室1厅 | 68.87平米 | 南,https://ke-image.ljcdn.com/110000-inspection/419729e5-dc60-4739-aa70-82b8bbcbbdbc_1000.jpg!m_fill,w_280,h_210,f_jpg?from=ke.com
20230618,丰台,草桥,101119190502,南珠苑   花香丽舍  精装两居  全明格局 可以恢复三居,548万,57007元/平,高楼层 (共18层) 2室2厅 | 96.13平米 | 东 南 北,https://ke-image.ljcdn.com/110000-inspection/pc1_oaFoG8M81_1.jpg!m_fill,w_280,h_210,f_jpg?from=ke.com
20230618,丰台,草桥,101119172048,草桥南珠苑中间楼层视野好诚意出售,539万,57580元/平,中楼层 (共18层) 3室1厅 | 93.61平米 | 东 南 北,https://ke-image.ljcdn.com/110000-inspection/5ebc8019-0832-4615-bdf6-99e73cbf7cc3_1000.jpg!m_fill,w_280,h_210,f_jpg?from=ke.com
20230618,丰台,草桥,101119151497,未来上层满五年唯一两居室正对世界大观园,788万,82505元/平,中楼层 (共12层) | 2005年建 | 2室2厅 | 95.51平米 | 南 北,https://ke-image.ljcdn.com/110000-inspection/05fe6a5a-ec1d-4a55-8dc8-2e93aceeccbb_1000.jpg!m_fill,w_280,h_210,f_jpg?from=ke.com
20230618,丰台,草桥,101119142683,玺萌丽苑  楼层高视野好 满五年唯一,218万,65114元/平,高楼层 (共24层) 1室0厅 | 33.48平米 | 北,https://ke-image.ljcdn.com/110000-inspection/pc1_BCn2flyOb_1.jpg!m_fill,w_280,h_210,f_jpg?from=ke.com
20230618,丰台,草桥,101119135616,地铁19号线 草桥南北通透大三居 满五年唯一 有车位房主自荐,1145万,79981元/平,中楼层 (共17层) 3室1厅 | 143.16平米 | 南 北,https://ke-image.ljcdn.com/110000-inspection/pc1_tcZlDUQPV.jpg!m_fill,w_280,h_210,f_jpg?from=ke.com
20230618,丰台,草桥,101119132582,草桥欣园四区 南北通透 一室一厅 花园社区 不临街,465万,74305元/平,高楼层 (共16层) | 2003年建 | 1室1厅 | 62.58平米 | 南 北,https://ke-image.ljcdn.com/110000-inspection/ef59538d-b9bb-4cc5-80ec-ee6054849d04_1000.jpg!m_fill,w_280,h_210,f_jpg?from=ke.com
20230618,丰台,草桥,101119119414,南三环草桥物业小区方正两居室满五唯一房主自荐,410万,54968元/平,中楼层 (共17层) 2室1厅 | 74.59平米 | 西,https://ke-image.ljcdn.com/110000-inspection/9d966616-1bbe-4e33-9b19-e911e99601f7_1000.jpg!m_fill,w_280,h_210,f_jpg?from=ke.com
20230618,丰台,草桥,101119055244,草桥地铁站 南北两居 满五年唯一 有车位,538万,71042元/平,低楼层 (共13层) | 1999年建 | 2室1厅 | 75.73平米 | 南 北,https://ke-image.ljcdn.com/110000-inspection/pc1_z86kRW3N3_1.jpg!m_fill,w_280,h_210,f_jpg?from=ke.com
20230618,丰台,草桥,101119018049,草桥欣园南向三居 精装修 客厅挑高4.05米 满五年唯一,1160万,83949元/平,中楼层 (共15层) | 2007年建 | 3室3厅 | 138.18平米 | 南,https://ke-image.ljcdn.com/110000-inspection/83c8022e-6c4c-4ac3-9e32-589da243ef83_1000.jpg!m_fill,w_280,h_210,f_jpg?from=ke.com
20230618,丰台,草桥,101118989606,草桥东路正规2居高楼层视野好满5年看房方便,450万,58050元/平,高楼层 (共16层) | 1999年建 | 2室1厅 | 77.52平米 | 东北,https://ke-image.ljcdn.com/110000-inspection/pc1_A8gcTLegV_1.jpg!m_fill,w_280,h_210,f_jpg?from=ke.com
20230618,丰台,草桥,101118987233,恋日嘉园一期 顶层复式 满五唯一 通透敞亮,1598万,68996元/平,高楼层 (共11层) | 2001年建 | 4室2厅 | 231.61平米 | 南 北,https://ke-image.ljcdn.com/110000-inspection/e75506b9-4d16-4330-837c-f4dfc4c252c9_1000.jpg!m_fill,w_280,h_210,f_jpg?from=ke.com
20230618,丰台,草桥,101118973855,玉安园 3室1厅 南,740万,55926元/平,高楼层 (共18层) | 2003年建 | 3室1厅 | 132.32平米 | 南,https://ke-image.ljcdn.com/110000-inspection/pc1_u0BVQQmfB_1.jpg!m_fill,w_280,h_210,f_jpg?from=ke.com
20230618,丰台,草桥,101118963354,玉安园朝东向带电梯商品房两居室,430万,57618元/平,低楼层 (共17层) | 1998年建 | 2室1厅 | 74.63平米 | 东,https://ke-image.ljcdn.com/110000-inspection/6ef5055c-f87f-4491-8975-da28f2f829cc_1000.jpg!m_fill,w_280,h_210,f_jpg?from=ke.com
20230618,丰台,草桥,101118928036,草桥欣园四区精装修南北三居满五唯一高楼层,750万,79847元/平,高楼层 (共18层) | 2003年建 | 3室1厅 | 93.93平米 | 南 北,https://ke-image.ljcdn.com/110000-inspection/ac60081a-d05b-4291-96a2-31dfccfef97f_1000.jpg!m_fill,w_280,h_210,f_jpg?from=ke.com
20230618,丰台,草桥,101118920214,南三环草桥 南北通透大三居 中间楼层 采光视野很好,950万,80810元/平,中楼层 (共12层) 3室2厅 | 117.56平米 | 南 北,https://ke-image.ljcdn.com/110000-inspection/7c523c35-cab7-4212-b23c-a28c09011ba4_1000.jpg!m_fill,w_280,h_210,f_jpg?from=ke.com
20230618,丰台,草桥,101118883653,19号线 复式 南北四居室 一梯两户 满五年唯一,1270万,74023元/平,顶层 (共18层) | 2003年建 | 4室2厅 | 171.57平米 | 南 北,https://ke-image.ljcdn.com/110000-inspection/184eb998-f724-4910-a1bd-70d2cac420c9_1000.jpg!m_fill,w_280,h_210,f_jpg?from=ke.com
20230618,丰台,草桥,101118878393,风景club 全南向 错层3居室  动静分离 适合三代人居住,1100万,80392元/平,低楼层 (共15层) | 2007年建 | 3室2厅 | 136.83平米 | 南,https://ke-image.ljcdn.com/110000-inspection/pc1_je4LE0p0d_1.jpg!m_fill,w_280,h_210,f_jpg?from=ke.com
20230618,丰台,草桥,101118876263,草桥地铁站 南北四居 上下复式 全明格局 视野好房主自荐,782万,57978元/平,顶层 (共6层) 4室2厅 | 134.88平米 | 南 北,https://ke-image.ljcdn.com/110000-inspection/pc1_u4a4UMJPb.jpg!m_fill,w_280,h_210,f_jpg?from=ke.com
20230618,丰台,草桥,101118769041,南珠苑 1室0厅 东,329万,58604元/平,中楼层 (共22层) | 2004年建 | 1室0厅 | 56.14平米 | 东,https://ke-image.ljcdn.com/110000-inspection/pc1_GC7kp1kAF_1.jpg!m_fill,w_280,h_210,f_jpg?from=ke.com
20230618,丰台,草桥,101118756962,南三环 南珠苑 精装修 西向一居室,280万,63796元/平,高楼层 (共22层) | 2004年建 | 1室0厅 | 43.89平米 | 西,https://ke-image.ljcdn.com/110000-inspection/pc1_oIeRLaOSP_1.jpg!m_fill,w_280,h_210,f_jpg?from=ke.com
20230618,丰台,草桥,101118744213,精装修商品房集中供暖电梯直达配成成熟,207万,73249元/平,高楼层 (共24层) | 2001年建 | 1室0厅 | 28.26平米 | 北,https://ke-image.ljcdn.com/110000-inspection/pc1_3raFexT8h_1.jpg!m_fill,w_280,h_210,f_jpg?from=ke.com
20230618,丰台,草桥,101118695977,玉安园 南向一居室 精装修拎包入住 无遮挡 采光充足房主自荐,345万,58238元/平,顶层 (共20层) | 2000年建 | 1室1厅 | 59.24平米 | 南,https://ke-image.ljcdn.com/110000-inspection/47f6df81-90ff-47f5-a7b4-72e3d17317e4_1000.jpg!m_fill,w_280,h_210,f_jpg?from=ke.com
20230618,丰台,草桥,101118640876,南北通透一层下跃户型满5年唯一三轨交汇。,1390万,51264元/平,底层 (共12层) | 2001年建 | 5室2厅 | 271.15平米 | 南 北,https://ke-image.ljcdn.com/110000-inspection/pc1_0XaHrYx1c_1.jpg!m_fill,w_280,h_210,f_jpg?from=ke.com
20230618,丰台,草桥,101118637741,恋日花都 两室两厅两卫精装修 10、19和机场线草桥站房主自荐,860万,70567元/平,低楼层 (共17层) | 2006年建 | 2室1厅 | 121.87平米 | 西南,https://ke-image.ljcdn.com/110000-inspection/pc1_b4W2vjL0Z_1.jpg!m_fill,w_280,h_210,f_jpg?from=ke.com
20230618,丰台,草桥,101118589814,城市间 3室1厅 东 西,678万,68980元/平,底层 (共11层) | 2010年建 | 3室1厅 | 98.29平米 | 东 西,https://ke-image.ljcdn.com/110000-inspection/7b541a65-cc04-4fff-a232-7dc695102f28_1000.jpg!m_fill,w_280,h_210,f_jpg?from=ke.com
20230618,丰台,草桥,101118564180,南三环草桥 夏季星空 南北通透四居室 高楼层 视野好,1400万,81410元/平,高楼层 (共6层) | 2004年建 | 4室2厅 | 171.97平米 | 南 北,https://ke-image.ljcdn.com/110000-inspection/pc1_zlOP3mORH_1.jpg!m_fill,w_280,h_210,f_jpg?from=ke.com
20230618,丰台,草桥,101118539513,风景club 挑高厅 视野开阔 近地铁,635万,77364元/平,高楼层 (共15层) | 2007年建 | 2室2厅 | 82.08平米 | 东 北,https://ke-image.ljcdn.com/110000-inspection/pc1_tTHKsLkfL_1.jpg!m_fill,w_280,h_210,f_jpg?from=ke.com
20230618,丰台,草桥,101118530547,玺萌鹏苑 精装修 草桥 角门 马家堡 全明格局 业主自住,515万,62251元/平,低楼层 (共24层) | 2002年建 | 2室1厅 | 82.73平米 | 西北,https://ke-image.ljcdn.com/110000-inspection/pc1_yoaF4SFJQ_1.jpg!m_fill,w_280,h_210,f_jpg?from=ke.com
20230618,丰台,草桥,101118509974,恋日嘉园一期 3室2厅 南 北,1250万,78365元/平,中楼层 (共17层) | 2001年建 | 3室2厅 | 159.51平米 | 南 北,https://ke-image.ljcdn.com/110000-inspection/60bf0f14-5bab-49b7-9343-b9dd7432bb8f_1000.jpg!m_fill,w_280,h_210,f_jpg?from=ke.com
20230618,丰台,草桥,101118431779,草桥 地铁3线交汇  精装修复式  拎包入住,810万,58270元/平,顶层 (共6层) | 1998年建 | 4室3厅 | 139.01平米 | 南 北,https://ke-image.ljcdn.com/110000-inspection/pc1_YNk6Pv1aC_1.jpg!m_fill,w_280,h_210,f_jpg?from=ke.com
20230618,丰台,草桥,101118414442,南三环 草桥欣园三区 南北通透复式 带电梯,950万,76967元/平,顶层 (共12层) 3室2厅 | 123.43平米 | 南 北,https://ke-image.ljcdn.com/110000-inspection/pc1_Llz0iERsf_1.jpg!m_fill,w_280,h_210,f_jpg?from=ke.com
20230618,丰台,草桥,101118410120,风景club 十号线十九号线大兴机场线精装三居,975万,81183元/平,低楼层 (共11层) | 2007年建 | 3室1厅 | 120.1平米 | 南 北,https://ke-image.ljcdn.com/110000-inspection/8ad0897f-d524-411b-b0b8-a970ad3d66fc_1000.jpg!m_fill,w_280,h_210,f_jpg?from=ke.com
20230618,丰台,草桥,101118403084,南三环 03年社区 西南两居室 满五年唯一 视野采光好,596万,63942元/平,高楼层 (共18层) | 2003年建 | 2室1厅 | 93.21平米 | 西南,https://ke-image.ljcdn.com/110000-inspection/4664ce52-dd26-4194-921e-e01121a34b0c_1000.jpg!m_fill,w_280,h_210,f_jpg?from=ke.com
20230618,丰台,草桥,101118378514,风景club小区客厅挑高4.05米满五唯一商品房,615万,74213元/平,低楼层 (共15层) | 2007年建 | 2室2厅 | 82.87平米 | 东北,https://ke-image.ljcdn.com/110000-inspection/pc1_MyUpoBt3a_1.jpg!m_fill,w_280,h_210,f_jpg?from=ke.com
20230618,丰台,草桥,101118346152,三环 低密度花园洋房 南北通透复式,1208万,71168元/平,顶层 (共5层) | 2004年建 | 4室2厅 | 169.74平米 | 南 北,https://ke-image.ljcdn.com/110000-inspection/pc1_N1uT84yA6_1.jpg!m_fill,w_280,h_210,f_jpg?from=ke.com
20230618,丰台,草桥,101118340868,草桥地铁站 南北三居 格局方正 两卫精装修 有地铁,810万,57841元/平,中楼层 (共16层) | 1999年建 | 3室2厅 | 140.04平米 | 南 北,https://ke-image.ljcdn.com/110000-inspection/pc1_bNDnnqNxd_1.jpg!m_fill,w_280,h_210,f_jpg?from=ke.com
20230618,丰台,草桥,101118339530,电梯大三居业主婚房装修全屋地暖净水新风系统,772万,61261元/平,高楼层 (共26层) | 2001年建 | 3室1厅 | 126.02平米 | 西北,https://ke-image.ljcdn.com/110000-inspection/5eefd03f-72b4-4937-b000-dde3d0d77210_1000.jpg!m_fill,w_280,h_210,f_jpg?from=ke.com
20230618,丰台,草桥,101118332735,北甲地路2号院 玺萌鹏苑 满五唯一 小开间,225万,67065元/平,高楼层 (共24层) | 2002年建 | 1室0厅 | 33.55平米 | 北,https://ke-image.ljcdn.com/110000-inspection/pc1_gy7KiIMwU_1.jpg!m_fill,w_280,h_210,f_jpg?from=ke.com
20230618,丰台,草桥,101118312893,草桥欣园四区  上半层   精装修  南北通透全明一居室,480万,76702元/平,中楼层 (共16层) | 2003年建 | 1室1厅 | 62.58平米 | 南 北,https://ke-image.ljcdn.com/110000-inspection/0a7308b4-737d-4e83-941b-b95253bcab6d_1000.jpg!m_fill,w_280,h_210,f_jpg?from=ke.com
20230618,丰台,草桥,101118311751,草桥  地铁三线交汇  南北通透3居  随时看房,1250万,82749元/平,中楼层 (共16层) | 2001年建 | 3室2厅 | 151.06平米 | 南 北,https://ke-image.ljcdn.com/110000-inspection/pc1_vVNUcBd8c_1.jpg!m_fill,w_280,h_210,f_jpg?from=ke.com
20230618,丰台,草桥,101118252148,南珠苑 2室2厅 西南 北,525万,54614元/平,低楼层 (共18层) 2室2厅 | 96.13平米 | 西南 北,https://ke-image.ljcdn.com/110000-inspection/a260b49a-1fc8-4412-af0d-8f7805c21da9_1000.jpg!m_fill,w_280,h_210,f_jpg?from=ke.com
20230618,丰台,草桥,101118240306,风景club 东向两居室 客厅挑高 满五年唯一 看房随时,950万,81183元/平,低楼层 (共15层) | 2007年建 | 2室1厅 | 117.02平米 | 东南,https://ke-image.ljcdn.com/110000-inspection/cf64b7a8-5874-485f-9b59-3999177799ed_1000.jpg!m_fill,w_280,h_210,f_jpg?from=ke.com
20230618,丰台,草桥,101118240188,玺萌丽苑 满五唯一 视野开阔 交通便利,899万,43901元/平,中楼层 (共24层) | 2002年建 | 3室2厅 | 204.78平米 | 南,https://ke-image.ljcdn.com/110000-inspection/pc1_A5z7FRfaP_1.jpg!m_fill,w_280,h_210,f_jpg?from=ke.com
20230618,丰台,草桥,101118195900,1998年满五唯一商品房配套成熟交通好电梯直达,545万,53558元/平,高楼层 (共18层) | 1998年建 | 3室1厅 | 101.76平米 | 南 西北,https://ke-image.ljcdn.com/110000-inspection/8545bc75-b546-4a7a-839c-339465cb1232_1000.jpg!m_fill,w_280,h_210,f_jpg?from=ke.com
20230618,丰台,草桥,101118143897,春季星空满五唯一 南北通透 全明格局 楼层好采光充足房主自荐,965万,78963元/平,高楼层 (共6层) | 2005年建 | 3室2厅 | 122.21平米 | 南 北,https://ke-image.ljcdn.com/110000-inspection/9d93ddc4-3641-44ee-8a2c-db3bcd4e63ae_1000.jpg!m_fill,w_280,h_210,f_jpg?from=ke.com
20230618,丰台,草桥,101118143672,草桥欣园三区南北通透两居满5年唯一采光好,509万,78927元/平,底层 (共6层) | 1998年建 | 2室1厅 | 64.49平米 | 南 北,https://ke-image.ljcdn.com/110000-inspection/7848c380-6ac9-4300-ae19-d4db910fbc29_1000.jpg!m_fill,w_280,h_210,f_jpg?from=ke.com
20230618,丰台,草桥,101118123985,南三环  草桥欣园三区 南北四居,1200万,87752元/平,低楼层 (共18层) | 2002年建 | 4室1厅 | 136.75平米 | 南 北,https://ke-image.ljcdn.com/110000-inspection/pc1_gvYF0Y4Aq.jpg!m_fill,w_280,h_210,f_jpg?from=ke.com
20230618,丰台,草桥,101118118264,南三环 夏季星空 花园洋房社区房主自荐,1350万,78635元/平,高楼层 (共6层) | 2004年建 | 4室2厅 | 171.68平米 | 南 北,https://ke-image.ljcdn.com/110000-inspection/a461139b-adfd-45ee-80c5-ad1b5d979625_1000.jpg!m_fill,w_280,h_210,f_jpg?from=ke.com
20230618,丰台,草桥,101118088086,19号线10号线 复式楼 有20平米不算面积 满五年唯一房主自荐,568万,56642元/平,顶层 (共6层) | 1998年建 | 3室2厅 | 100.28平米 | 南 北,https://ke-image.ljcdn.com/110000-inspection/5e8c4cdd-c1a3-45d8-aaa7-a0015f4ad3e6_1000.jpg!m_fill,w_280,h_210,f_jpg?from=ke.com
20230618,丰台,草桥,101118067912,环境好 户型好 采光棒 19号线,670万,78805元/平,高楼层 (共6层) 3室2厅 | 85.02平米 | 南 北,https://ke-image.ljcdn.com/110000-inspection/584c43dc-9c68-46d8-8a19-5092c79d66c0_1000.jpg!m_fill,w_280,h_210,f_jpg?from=ke.com
20230618,丰台,草桥,101118045704,地铁19号线 大兴机场线 10号线 恋日嘉园一期商品房,350万,80757元/平,中楼层 (共13层) | 2001年建 | 1室1厅 | 43.34平米 | 南,https://ke-image.ljcdn.com/110000-inspection/dd0f4e3b-72e6-4724-870d-8a73a2f730c3_1000.jpg!m_fill,w_280,h_210,f_jpg?from=ke.com
20230618,丰台,草桥,101118006487,玺萌壹號院 别墅社区 二手上叠出售,4500万,91327元/平,中楼层 (共5层) 6室3厅 | 492.74平米 | 东 南 北,https://ke-image.ljcdn.com/110000-inspection/699db427-e494-4e34-a981-5ab243445a25_1000.jpg!m_fill,w_280,h_210,f_jpg?from=ke.com
20230618,丰台,草桥,101117979351,地铁19号草桥站 商品房 南北三居 一梯两户 满五年唯一房主自荐,1160万,82095元/平,低楼层 (共18层) | 2003年建 | 3室2厅 | 141.3平米 | 南 北,https://ke-image.ljcdn.com/110000-inspection/pc1_ACE5NeDpQ_1.jpg!m_fill,w_280,h_210,f_jpg?from=ke.com
20230618,丰台,草桥,101117967447,草桥东路  双卧朝南  全明户型  高楼层  视野好,545万,72330元/平,中楼层 (共13层) | 1999年建 | 2室1厅 | 75.35平米 | 南 北,https://ke-image.ljcdn.com/110000-inspection/1eb06cf4-77ae-48d8-a508-89ae28bb7a30_1000.jpg!m_fill,w_280,h_210,f_jpg?from=ke.com
20230618,丰台,草桥,101117929579,城市间 南向大开间 精装修 楼层好 采光充足 诚心出售,399万,76584元/平,高楼层 (共11层) | 2011年建 | 1室1厅 | 52.1平米 | 南,https://ke-image.ljcdn.com/110000-inspection/24b434cf-f514-48d0-b9de-fa482e757b39_1000.jpg!m_fill,w_280,h_210,f_jpg?from=ke.com
20230618,丰台,草桥,101117893657,满五年唯一 东南朝向 前后无遮挡 业主诚心出售。房主自荐,750万,72144元/平,高楼层 (共16层) | 2003年建 | 3室1厅 | 103.96平米 | 东南,https://ke-image.ljcdn.com/110000-inspection/pc1_sxDgBmMd7_1.jpg!m_fill,w_280,h_210,f_jpg?from=ke.com
20230618,丰台,草桥,101117883421,草桥欣园三区 南北向四居室 自住看房方便,817万,60573元/平,顶层 (共6层) 4室2厅 | 134.88平米 | 南 北,https://ke-image.ljcdn.com/110000-inspection/d9334cf0-2bc3-4320-bce9-591c7bf6066f_1000.jpg!m_fill,w_280,h_210,f_jpg?from=ke.com
20230618,丰台,草桥,101117882875,草桥玺萌苑 正规二室 采光视野好带电梯,560万,56836元/平,低楼层 (共22层) | 2001年建 | 2室1厅 | 98.53平米 | 西南,https://ke-image.ljcdn.com/110000-inspection/pc1_pTxUcNms5_1.jpg!m_fill,w_280,h_210,f_jpg?from=ke.com
20230618,丰台,草桥,101117857808,三环低密度花园洋房  错层南北四居房主自荐,1350万,79661元/平,中楼层 (共5层) | 2004年建 | 4室2厅 | 169.47平米 | 南 北,https://ke-image.ljcdn.com/110000-inspection/4f9d2813-803d-4ab1-8f19-05526720ba7f_1000.jpg!m_fill,w_280,h_210,f_jpg?from=ke.com
20230618,丰台,草桥,101117794524,2019年新小区 人车分流 采光好 视野开阔,1060万,76896元/平,中楼层 (共30层) 3室2厅 | 137.85平米 | 西南 北,https://ke-image.ljcdn.com/110000-inspection/pc1_IUGcvCNyi_1.jpg!m_fill,w_280,h_210,f_jpg?from=ke.com
20230618,丰台,草桥,101117731716,草桥欣园三区南北通透复式满5年唯一采光好,746万,53666元/平,顶层 (共6层) | 1998年建 | 4室2厅 | 139.01平米 | 南 北,https://ke-image.ljcdn.com/110000-inspection/5559ac9d-fc09-45df-a94e-d78aa481c3e2_1000.jpg!m_fill,w_280,h_210,f_jpg?from=ke.com
20230618,丰台,草桥,101117672049,南三环 草桥欣园三区 南北通透两居室 有电梯 出入方便,562万,73436元/平,底层 (共6层) 2室1厅 | 76.53平米 | 南 北,https://ke-image.ljcdn.com/110000-inspection/b3e8c734-7d09-49b5-9b0d-e332dd41e5b3_1000.jpg!m_fill,w_280,h_210,f_jpg?from=ke.com
20230618,丰台,草桥,101117562646,玺萌丽苑 西南三居室 满五年不唯一房改房 前后无遮挡,925万,69237元/平,低楼层 (共24层) | 2003年建 | 3室1厅 | 133.6平米 | 西南,https://ke-image.ljcdn.com/110000-inspection/9f5cbcc0-8ea9-4e5f-bf5e-5da8ea25bf3d_1000.jpg!m_fill,w_280,h_210,f_jpg?from=ke.com
20230618,丰台,草桥,101117526063,南三环 草桥 玺萌城市间南向一居室满五年唯一,350万,67037元/平,底层 (共9层) | 2011年建 | 1室0厅 | 52.21平米 | 南,https://ke-image.ljcdn.com/110000-inspection/pc1_BXtyPYalH_1.jpg!m_fill,w_280,h_210,f_jpg?from=ke.com
20230618,丰台,草桥,101117514922,南三环草桥 春季星空 南北通透三居室 中楼层 视野好,1228万,80817元/平,中楼层 (共6层) | 2005年建 | 3室2厅 | 151.95平米 | 南 北,https://ke-image.ljcdn.com/110000-inspection/c52ffadd-c20a-4def-9cbb-aec73b244267_1000.jpg!m_fill,w_280,h_210,f_jpg?from=ke.com
20230618,丰台,草桥,101117438050,草桥恋日嘉园二期 南北双通透 精装两居室 满五年唯一,920万,84003元/平,高楼层 (共17层) | 2003年建 | 2室2厅 | 109.52平米 | 南 北,https://ke-image.ljcdn.com/110000-inspection/09bce987-ba09-4040-b48b-f5a1e582374f_1000.jpg!m_fill,w_280,h_210,f_jpg?from=ke.com
20230618,丰台,草桥,101117276665,玺萌苑 东南向复式  中间层  采光无遮挡 视野开阔,920万,50334元/平,中楼层 (共26层) | 2001年建 | 4室2厅 | 182.78平米 | 东南,https://ke-image.ljcdn.com/110000-inspection/pc1_kgYI8fgTP.jpg!m_fill,w_280,h_210,f_jpg?from=ke.com
20230618,丰台,草桥,101117239017,南北通透格局 全明户型厨房卫生间都带窗户 采光充足,418万,58667元/平,顶层 (共14层) | 2004年建 | 1室1厅 | 71.25平米 | 南 北,https://ke-image.ljcdn.com/110000-inspection/pc1_3xTfEZ3d7_1.jpg!m_fill,w_280,h_210,f_jpg?from=ke.com
20230618,丰台,草桥,101117080080,恋日嘉园一期 上下两层 满五唯一 没有抵押,1400万,50934元/平,底层 (共11层) | 2001年建 | 5室3厅 | 274.87平米 | 南 北,https://ke-image.ljcdn.com/110000-inspection/pc1_iFCgZN6sT_1.jpg!m_fill,w_280,h_210,f_jpg?from=ke.com
20230618,丰台,草桥,101116866332,草桥三居室三错层全明格局视野好诚心出售。,980万,70499元/平,低楼层 (共15层) | 2007年建 | 3室2厅 | 139.01平米 | 西北,https://ke-image.ljcdn.com/110000-inspection/pc1_Ncd2snMB6_1.jpg!m_fill,w_280,h_210,f_jpg?from=ke.com
20230618,丰台,草桥,101116570744,三环边19号线有120平米不算面积95米楼距层高3.3米5居,1400万,46489元/平,底层 (共19层) | 2007年建 | 5室4厅 | 301.15平米 | 南 北,https://ke-image.ljcdn.com/110000-inspection/pc1_t2hbMBjjO_1.jpg!m_fill,w_280,h_210,f_jpg?from=ke.com
20230618,丰台,草桥,101116178860,草桥欣园 南北通透 6层板楼带电梯,765万,75118元/平,顶层 (共6层) 3室1厅 | 101.84平米 | 南 北,https://ke-image.ljcdn.com/110000-inspection/pc1_xWQdQpmED.jpg!m_fill,w_280,h_210,f_jpg?from=ke.com
20230618,丰台,草桥,101114704496,玺萌公馆 南北向跃层 双层空间 正对小区花园 看房方便,1520万,90801元/平,顶层 (共6层) | 2009年建 | 4室3厅 | 167.4平米 | 南 北,https://ke-image.ljcdn.com/110000-inspection/pc1_qpSfkCQWU_1.jpg!m_fill,w_280,h_210,f_jpg?from=ke.com
20230618,丰台,草桥,101114530242,草桥欣园四区 正规1居 南北 通透,456万,66011元/平,中楼层 (共14层) | 2004年建 | 1室1厅 | 69.08平米 | 南 北,https://ke-image.ljcdn.com/110000-inspection/4dd8d051-8649-470b-ac3e-d1509880a6b6_1000.jpg!m_fill,w_280,h_210,f_jpg?from=ke.com
20230618,丰台,草桥,101114341967,下跃户型 满五唯一 南北通透 看房方便,1350万,54872元/平,底层 (共18层) | 2003年建 | 4室2厅 | 246.03平米 | 南 北,https://ke-image.ljcdn.com/110000-inspection/pc1_AjB7q10Lm.jpg!m_fill,w_280,h_210,f_jpg?from=ke.com
20230618,丰台,草桥,101113353512,南三环 满五年唯一 复式结构 南北通透,670万,64343元/平,顶层 (共6层) | 1998年建 | 3室1厅 | 104.13平米 | 南 北,https://ke-image.ljcdn.com/110000-inspection/pc1_yFPIg2tq4_1.jpg!m_fill,w_280,h_210,f_jpg?from=ke.com
20230618,丰台,草桥,101119733734,草桥南珠苑 满五唯一两居室 看房方便新上,415万,60093元/平,高楼层 (共22层) 2室1厅 | 69.06平米 | 东 北,https://s1.ljcdn.com/pegasus/redskull/images/common/default_house_list.png?_v=20230605162645687
20230618,丰台,草桥,101119628400,一层下跃复式  有80平米不算面积三条地铁线,1199万,48734元/平,底层 (共18层) | 2003年建 | 4室2厅 | 246.03平米 | 南 北,https://s1.ljcdn.com/pegasus/redskull/images/common/default_house_list.png?_v=20230605162645687
20230618,丰台,草桥,101119478542,玺萌公馆南北双卧朝南格局 采光没遮挡 户型方正,1066万,77342元/平,底层 (共6层) | 2008年建 | 3室2厅 | 137.83平米 | 南 北,https://s1.ljcdn.com/pegasus/redskull/images/common/default_house_list.png?_v=20230605162645687
20230618,丰台,草桥,101119392786,丰台区草桥东路8号院花香丽舍南珠苑东向开间,275万,64208元/平,中楼层 (共22层) 1室0厅 | 42.83平米 | 东,https://s1.ljcdn.com/pegasus/redskull/images/common/default_house_list.png?_v=20230605162645687
20230618,丰台,草桥,101119295261,玺萌丽苑正规三居室业主诚心出售,820万,64395元/平,高楼层 (共24层) | 2001年建 | 3室2厅 | 127.34平米 | 东,https://s1.ljcdn.com/pegasus/redskull/images/common/default_house_list.png?_v=20230605162645687
20230618,丰台,草桥,101119251125,城市间 南北两居室 满五唯一 板楼 角门西 草桥,688万,83213元/平,中楼层 (共9层) | 2011年建 | 2室1厅 | 82.68平米 | 南 北,https://s1.ljcdn.com/pegasus/redskull/images/common/default_house_list.png?_v=20230605162645687
20230618,丰台,草桥,101119069612,玺萌鹏苑南三环草桥三居 户型好 客厅和两个卧室南向,945万,68296元/平,高楼层 (共24层) | 2002年建 | 3室1厅 | 138.37平米 | 西南,https://s1.ljcdn.com/pegasus/redskull/images/common/default_house_list.png?_v=20230605162645687
20230618,丰台,草桥,101118924731,风景club 地下车位 随时能看 位置方便停车,40万,12049元/平,地下室 (共1层) 1室0厅 | 33.2平米 | 东,https://ke-image.ljcdn.com/110000-inspection/45eaeaaf66d79474e68f0e11142617c7-072.jpg!m_fill,w_280,h_210,f_jpg?from=ke.com
20230618,丰台,草桥,101118770263,南三环丰台草桥南珠苑方正三居室诚意出售房主自荐,548万,62665元/平,中楼层 (共18层) 3室1厅 | 87.45平米 | 东 南,https://s1.ljcdn.com/pegasus/redskull/images/common/default_house_list.png?_v=20230605162645687
20230618,丰台,草桥,101118746796,春季星空 花园小区 顶层大阳台 南北两居 面积大,630万,80286元/平,顶层 (共6层) | 2005年建 | 2室1厅 | 78.47平米 | 南 北,https://ke-image.ljcdn.com/110000-inspection/52046614-0896-4b3c-90e7-548e0f7e125d.jpg!m_fill,w_280,h_210,f_jpg?from=ke.com
20230618,丰台,草桥,101118565713,南三环草桥 南北通透两室两厅两卫两居 一梯两户带电梯房主自荐,799万,83657元/平,高楼层 (共12层) 2室2厅 | 95.51平米 | 南 北,https://ke-image.ljcdn.com/110000-inspection/529315a3-2819-492a-b39a-70e3edf5273f.jpeg!m_fill,w_280,h_210,f_jpg?from=ke.com
20230618,丰台,草桥,101118216255,玉芳园 南北通透两居室 业主诚心出售 前后无遮挡,538万,54570元/平,低楼层 (共16层) | 1999年建 | 2室1厅 | 98.59平米 | 北 南,https://s1.ljcdn.com/pegasus/redskull/images/common/default_house_list.png?_v=20230605162645687
20230618,丰台,草桥,101117956548,风景club 三错层结构 全向阳 无遮挡 空中别墅居住感房主自荐,1200万,87688元/平,低楼层 (共15层) | 2007年建 | 3室2厅 | 136.85平米 | 南,https://ke-image.ljcdn.com/110000-inspection/c749b2be-0b72-4bfc-8bcb-ea6eb88cda72_1000.jpg!m_fill,w_280,h_210,f_jpg?from=ke.com
20230618,丰台,草桥,101117386864,南三环  西南三居室  满五年唯一  大阳台  采光好,566万,51662元/平,中楼层 (共17层) 3室1厅 | 109.56平米 | 西南,https://s1.ljcdn.com/pegasus/redskull/images/common/default_house_list.png?_v=20230605162645687
