20230824,朝阳,团结湖,101120667487,团结湖北里 3室1厅 南 北必看好房,650万,80536元/平,中楼层 (共6层) 3室1厅 | 80.71平米 | 南 北,https://ke-image.ljcdn.com/110000-inspection/d08772c4-26b5-489f-8a0a-a658af2416f7_1000.jpg!m_fill,w_280,h_210,f_jpg?from=ke.com
20230824,朝阳,团结湖,101119709189,东三环团结湖 南向2居 前后花园 钢混结构 满五年必看好房,398万,72509元/平,中楼层 (共6层) 2室1厅 | 54.89平米 | 南,https://ke-image.ljcdn.com/110000-inspection/c7905015-2671-433e-aac6-97e81f78c751_1000.jpg!m_fill,w_280,h_210,f_jpg?from=ke.com
20230824,朝阳,团结湖,101118620451,团结湖公园 地铁10号6号线中楼层 采光好  随时看房必看好房,339万,69198元/平,中楼层 (共6层) 2室1厅 | 48.99平米 | 东南,https://ke-image.ljcdn.com/110000-inspection/pc1_aFN3UdLEO_1.jpg!m_fill,w_280,h_210,f_jpg?from=ke.com
20230824,朝阳,团结湖,101120514905,团结湖北五条三居 高楼层 大客厅 97年钢混 电梯直达必看好房,735万,75907元/平,高楼层 (共18层) 3室1厅 | 96.83平米 | 东 北 南,https://ke-image.ljcdn.com/110000-inspection/e71522d4-63f0-4c44-84eb-d18e8ec8a751_1000.jpg!m_fill,w_280,h_210,f_jpg?from=ke.com
20230824,朝阳,团结湖,101120253689,团结湖中路南一条 精装修中间层 南北通透,460万,82556元/平,中楼层 (共6层) 2室1厅 | 55.72平米 | 南 北,https://ke-image.ljcdn.com/110000-inspection/01074d2a-ef03-4145-940a-0c429236b367_1000.jpg!m_fill,w_280,h_210,f_jpg?from=ke.com
20230824,朝阳,团结湖,101119216875,白家庄东里西南三居室全明格局地铁近配套成熟,715万,81297元/平,低楼层 (共16层) | 1998年建 | 3室1厅 | 87.95平米 | 西南 北,https://ke-image.ljcdn.com/110000-inspection/pc1_W8oKSLKlv.jpg!m_fill,w_280,h_210,f_jpg?from=ke.com
20230824,朝阳,团结湖,101119172254,东三环 团结湖中路南三条 南北通透两居室 中间层房主自荐,435万,71056元/平,中楼层 (共6层) | 1981年建 | 2室1厅 | 61.22平米 | 南 北,https://ke-image.ljcdn.com/110000-inspection/pc1_YR24i7Dns_1.jpg!m_fill,w_280,h_210,f_jpg?from=ke.com
20230824,朝阳,团结湖,101118876992,团结湖北五条 中间层 满五年 南北通透,353万,61887元/平,中楼层 (共6层) | 1979年建 | 2室1厅 | 57.04平米 | 南 北,https://ke-image.ljcdn.com/110000-inspection/pc1_OFD6ifKee_1.jpg!m_fill,w_280,h_210,f_jpg?from=ke.com
20230824,朝阳,团结湖,101118036000,团结湖水碓西里高层南向两居室满五年看房有钥匙,410万,70629元/平,高楼层 (共12层) 2室1厅 | 58.05平米 | 西南,https://ke-image.ljcdn.com/110000-inspection/pc1_NKnoYZOxo_1.jpg!m_fill,w_280,h_210,f_jpg?from=ke.com
20230824,朝阳,团结湖,101120337549,白家庄东里 田字格三居室 中间楼层 前后不临街,550万,67776元/平,中楼层 (共4层) | 1965年建 | 3室1厅 | 81.15平米 | 南 北,https://ke-image.ljcdn.com/110000-inspection/pc1_hju7ZRYeO_1.jpg!m_fill,w_280,h_210,f_jpg?from=ke.com
20230824,朝阳,团结湖,101120182643,团结湖南里精装修中间层满五年。房主自荐,298万,74575元/平,中楼层 (共5层) | 1982年建 | 1室1厅 | 39.96平米 | 南,https://ke-image.ljcdn.com/110000-inspection/pc1_IhSX4hmfS_1.jpg!m_fill,w_280,h_210,f_jpg?from=ke.com
20230824,朝阳,团结湖,101118366212,直观CBD全景满五年唯一住房带电梯两室一厅。,518万,84627元/平,高楼层 (共16层) | 1992年建 | 2室1厅 | 61.21平米 | 西南,https://ke-image.ljcdn.com/110000-inspection/pc1_5DC9GfiDI.jpg!m_fill,w_280,h_210,f_jpg?from=ke.com
20230824,朝阳,团结湖,101120691016,团结湖北二条 电梯朝南向两居室精装修新上,420万,74271元/平,中楼层 (共12层) | 1983年建 | 2室1厅 | 56.55平米 | 南 北,https://ke-image.ljcdn.com/110000-inspection/c7d435a5-8cdc-4998-bf04-bf26997c0466_1000.jpg!m_fill,w_280,h_210,f_jpg?from=ke.com
20230824,朝阳,团结湖,101120618101,水碓子西里 3室1厅 西南 北新上,510万,77449元/平,高楼层 (共6层) 3室1厅 | 65.85平米 | 西南 北,https://ke-image.ljcdn.com/110000-inspection/47a08aeb-2497-40df-9895-a4a3b3a36e59_1000.jpg!m_fill,w_280,h_210,f_jpg?from=ke.com
20230824,朝阳,团结湖,101120617481,水碓子西里高楼层朝南两居视野开阔采光充足新上,436万,79869元/平,中楼层 (共12层) 2室1厅 | 54.59平米 | 南,https://ke-image.ljcdn.com/110000-inspection/6d6d87e7-a2e5-48dd-aa04-0c0fcd1ab9a4_1000.jpg!m_fill,w_280,h_210,f_jpg?from=ke.com
20230824,朝阳,团结湖,101120611248,公园旁公交地铁全有满五唯一产权清晰随时签新上,350万,71009元/平,顶层 (共6层) 2室1厅 | 49.29平米 | 南,https://ke-image.ljcdn.com/110000-inspection/92aa9480-4a19-48dd-bd31-8ccb6fa197f0_1000.jpg!m_fill,w_280,h_210,f_jpg?from=ke.com
20230824,朝阳,团结湖,101120583205,团结湖北里 2室1厅 南 西南,612万,88825元/平,中楼层 (共12层) 2室1厅 | 68.9平米 | 南 西南,https://ke-image.ljcdn.com/110000-inspection/pc1_8cWHJ7dkc_1.jpg!m_fill,w_280,h_210,f_jpg?from=ke.com
20230824,朝阳,团结湖,101120567578,东三环团结湖 2室1厅 精装修 全南向 采光好 钢混结构,399万,73051元/平,顶层 (共6层) | 1979年建 | 2室1厅 | 54.62平米 | 南,https://ke-image.ljcdn.com/110000-inspection/f6828bfc-66ee-4061-950e-6c76e3f53128_1000.jpg!m_fill,w_280,h_210,f_jpg?from=ke.com
20230824,朝阳,团结湖,101120564463,东三环团结湖 小3居 电梯房 满五年 钢混结构 满五年,470万,73381元/平,中楼层 (共12层) | 1982年建 | 3室1厅 | 64.05平米 | 西北,https://ke-image.ljcdn.com/110000-inspection/pc1_aS3yZ6hJY_1.jpg!m_fill,w_280,h_210,f_jpg?from=ke.com
20230824,朝阳,团结湖,101120482341,白家庄东里 设计院家属楼 高层视野采光好安静不临街,429万,65158元/平,顶层 (共14层) | 1986年建 | 2室1厅 | 65.84平米 | 南,https://ke-image.ljcdn.com/110000-inspection/pc1_89Z1BSolE.jpg!m_fill,w_280,h_210,f_jpg?from=ke.com
20230824,朝阳,团结湖,101120436560,团结湖公寓70年产权 民水民电有燃气 龙湖物业管理好,385万,70903元/平,低楼层 (共21层) 1室1厅 | 54.3平米 | 东,https://ke-image.ljcdn.com/110000-inspection/c64047e3-700a-4f01-a0d1-93e1af1bda06_1000.jpg!m_fill,w_280,h_210,f_jpg?from=ke.com
20230824,朝阳,团结湖,101120407396,团结湖中路南一条中间层双南两居室,368万,73512元/平,中楼层 (共6层) | 1980年建 | 2室1厅 | 50.06平米 | 南,https://ke-image.ljcdn.com/110000-inspection/3201a8ac-fca1-427a-85cd-f379527ffbad_1000.jpg!m_fill,w_280,h_210,f_jpg?from=ke.com
20230824,朝阳,团结湖,101120407151,团结湖南里 正规电梯楼精装三居,528万,64953元/平,低楼层 (共15层) | 1985年建 | 3室1厅 | 81.29平米 | 西北,https://ke-image.ljcdn.com/110000-inspection/pc1_gdgNXfYVS.jpg!m_fill,w_280,h_210,f_jpg?from=ke.com
20230824,朝阳,团结湖,101120405016,团结湖北四条 南北通透两居室 精装修 拎包入住,498万,79872元/平,低楼层 (共6层) 2室1厅 | 62.35平米 | 南 北,https://ke-image.ljcdn.com/110000-inspection/92dabf72-885c-4dd7-83f2-92fd878802a4_1000.jpg!m_fill,w_280,h_210,f_jpg?from=ke.com
20230824,朝阳,团结湖,101120382348,团结湖公寓 3室1厅 西南,999万,69400元/平,中楼层 (共20层) 3室1厅 | 143.95平米 | 西南,https://ke-image.ljcdn.com/110000-inspection/2363acbd-eebc-4132-800f-a9ccf95f3dc0_1000.jpg!m_fill,w_280,h_210,f_jpg?from=ke.com
20230824,朝阳,团结湖,101120355348,团结湖北二条 南北朝向两居室 近地铁近公园近商场,430万,75373元/平,底层 (共10层) | 1981年建 | 2室1厅 | 57.05平米 | 南 北,https://ke-image.ljcdn.com/110000-inspection/aca52737-390a-43ca-8b05-af8fe0179a8a_1000.jpg!m_fill,w_280,h_210,f_jpg?from=ke.com
20230824,朝阳,团结湖,101120349235,全国政协宿舍家属楼双南两居室采光好管理好24保安,580万,82976元/平,中楼层 (共18层) 2室1厅 | 69.9平米 | 南,https://ke-image.ljcdn.com/110000-inspection/494a175a-6ab9-48c8-8548-509d766a52c8_1000.jpg!m_fill,w_280,h_210,f_jpg?from=ke.com
20230824,朝阳,团结湖,101120335091,团结湖公园  3条地铁沿线  小区中间两居,378万,70405元/平,顶层 (共5层) | 1979年建 | 2室1厅 | 53.69平米 | 南 北,https://ke-image.ljcdn.com/110000-inspection/test-2555be33-385f-4309-85f8-0015349be053.png!m_fill,w_280,h_210,f_jpg?from=ke.com
20230824,朝阳,团结湖,101120290203,满五年唯一房子南北通透视野开阔采光充足,385万,63333元/平,顶层 (共6层) | 1980年建 | 2室1厅 | 60.79平米 | 南 北,https://ke-image.ljcdn.com/110000-inspection/8cee0218-5eae-4484-bbea-2f82b63944ce_1000.jpg!m_fill,w_280,h_210,f_jpg?from=ke.com
20230824,朝阳,团结湖,101120255934,团结湖路双阳台田字格三居通透好户型近地铁出行方便,530万,63390元/平,低楼层 (共6层) 3室1厅 | 83.61平米 | 东 西,https://ke-image.ljcdn.com/110000-inspection/pc1_AYYnL4OaR.jpg!m_fill,w_280,h_210,f_jpg?from=ke.com
20230824,朝阳,团结湖,101120248101,团结湖南里正规三居观团结湖公园,550万,67659元/平,中楼层 (共15层) 3室1厅 | 81.29平米 | 西北,https://ke-image.ljcdn.com/110000-inspection/fb962506-7af4-4168-a588-17046bbccc64_1000.jpg!m_fill,w_280,h_210,f_jpg?from=ke.com
20230824,朝阳,团结湖,101120243441,东三环10号线团结湖精装修两居采光视野好满五年唯一房主自荐,353万,64311元/平,高楼层 (共6层) | 1981年建 | 2室1厅 | 54.89平米 | 东,https://ke-image.ljcdn.com/110000-inspection/pc1_BKrVcmFsT_1.jpg!m_fill,w_280,h_210,f_jpg?from=ke.com
20230824,朝阳,团结湖,101120236612,东三环东西双阳台邻团结湖公园精装修视野好无遮挡,410万,63744元/平,顶层 (共6层) | 1979年建 | 2室1厅 | 64.32平米 | 东 西 北,https://ke-image.ljcdn.com/110000-inspection/pc1_ckSq1fA11_1.jpg!m_fill,w_280,h_210,f_jpg?from=ke.com
20230824,朝阳,团结湖,101120235596,楼龄新带电梯直达朝南采光好视野好房主自荐,449万,76064元/平,中楼层 (共15层) | 1991年建 | 2室1厅 | 59.03平米 | 南,https://ke-image.ljcdn.com/110000-inspection/b20ffaf9-a522-4bfa-b9b0-eb20172e86c7_1000.jpg!m_fill,w_280,h_210,f_jpg?from=ke.com
20230824,朝阳,团结湖,101120225822,东三环团结湖 全南2居 无遮挡 采光好 满五年唯一,395万,71494元/平,高楼层 (共6层) 2室1厅 | 55.25平米 | 南,https://ke-image.ljcdn.com/110000-inspection/1bf86de0-fe3c-4b15-a18e-5aa632c8d044_1000.jpg!m_fill,w_280,h_210,f_jpg?from=ke.com
20230824,朝阳,团结湖,101120202393,团结湖公寓70年产权住宅 民水民电有燃气 龙湖物业房主自荐,1180万,69811元/平,高楼层 (共21层) | 2000年建 | 3室2厅 | 169.03平米 | 南,https://ke-image.ljcdn.com/110000-inspection/pc1_FFzwwwexw.jpg!m_fill,w_280,h_210,f_jpg?from=ke.com
20230824,朝阳,团结湖,101120164448,政协家属院24小时保安管理好高楼层视野开阔精装修,498万,74596元/平,高楼层 (共18层) 3室1厅 | 66.76平米 | 东北,https://ke-image.ljcdn.com/110000-inspection/pc1_HY3xIiLA2.jpg!m_fill,w_280,h_210,f_jpg?from=ke.com
20230824,朝阳,团结湖,101120083385,六里屯西里 2室1厅 南 北,359万,65993元/平,高楼层 (共6层) | 1983年建 | 2室1厅 | 54.4平米 | 南 北,https://ke-image.ljcdn.com/110000-inspection/pc1_5vYwhv2QI.jpg!m_fill,w_280,h_210,f_jpg?from=ke.com
20230824,朝阳,团结湖,101120068123,楼龄新视野开阔采光采光充足两室一厅精装修房主自荐,560万,72446元/平,顶层 (共6层) | 1995年建 | 2室1厅 | 77.3平米 | 南 北,https://ke-image.ljcdn.com/110000-inspection/pc1_Lrha6uswC.jpg!m_fill,w_280,h_210,f_jpg?from=ke.com
20230824,朝阳,团结湖,101120064003,团结湖东里劳动部家属楼南向一居 92年建成楼龄新,379万,85922元/平,中楼层 (共16层) | 1992年建 | 1室1厅 | 44.11平米 | 南,https://ke-image.ljcdn.com/110000-inspection/pc1_8noOX1mIw_1.jpg!m_fill,w_280,h_210,f_jpg?from=ke.com
20230824,朝阳,团结湖,101120049514,朝南向两居采光好楼龄新近地铁管理好,323万,71746元/平,底层 (共6层) | 1992年建 | 2室1厅 | 45.02平米 | 西南,https://ke-image.ljcdn.com/110000-inspection/pc1_TGS7g07Jt.jpg!m_fill,w_280,h_210,f_jpg?from=ke.com
20230824,朝阳,团结湖,101120022225,团结湖北里 团结湖公园 电梯房南向一居,315万,78320元/平,低楼层 (共12层) 1室1厅 | 40.22平米 | 南,https://ke-image.ljcdn.com/110000-inspection/pc1_AwDI7NchQ.jpg!m_fill,w_280,h_210,f_jpg?from=ke.com
20230824,朝阳,团结湖,101120015167,团结湖北头条小区 两居室 无遮挡 双南向,375万,68071元/平,低楼层 (共6层) | 1985年建 | 2室1厅 | 55.09平米 | 南,https://ke-image.ljcdn.com/110000-inspection/pc1_IDNBuxY8N_1.jpg!m_fill,w_280,h_210,f_jpg?from=ke.com
20230824,朝阳,团结湖,101119952092,团结湖中路南二条南北向中间楼层带客厅两居临公园,509万,74112元/平,中楼层 (共6层) | 1986年建 | 2室1厅 | 68.68平米 | 东 南 西 北,https://ke-image.ljcdn.com/110000-inspection/773ba999-14ce-43e2-833a-35f41c3f50be_1000.jpg!m_fill,w_280,h_210,f_jpg?from=ke.com
20230824,朝阳,团结湖,101119924424,团结湖北二条 中间楼层双南向 交通便利 诚意出售。房主自荐,289万,76415元/平,中楼层 (共6层) | 1979年建 | 1室1厅 | 37.82平米 | 南,https://ke-image.ljcdn.com/110000-inspection/pc1_Lk3ONccaf.jpg!m_fill,w_280,h_210,f_jpg?from=ke.com
20230824,朝阳,团结湖,101119924271,团结湖北头条 有地铁 交通便利 诚意出售房主自荐,375万,68071元/平,高楼层 (共6层) 2室1厅 | 55.09平米 | 南,https://ke-image.ljcdn.com/110000-inspection/pc1_c1lIIvRS8_1.jpg!m_fill,w_280,h_210,f_jpg?from=ke.com
20230824,朝阳,团结湖,101119908209,团结湖北五条 2室1厅 南 北房主自荐,389万,76832元/平,底层 (共6层) | 1994年建 | 2室1厅 | 50.63平米 | 南 北,https://ke-image.ljcdn.com/110000-inspection/pc1_jia91sfle.jpg!m_fill,w_280,h_210,f_jpg?from=ke.com
20230824,朝阳,团结湖,101119885761,团结湖公寓2000年商品房社区民水民电有燃气龙湖物业房主自荐,368万,58238元/平,低楼层 (共21层) 1室0厅 | 63.19平米 | 北,https://ke-image.ljcdn.com/110000-inspection/pc1_W7hTYkFuy.jpg!m_fill,w_280,h_210,f_jpg?from=ke.com
20230824,朝阳,团结湖,101119863210,水碓子社区  观景房  明厨明卫  精装修房主自荐,395万,60491元/平,顶层 (共5层) 2室1厅 | 65.3平米 | 南 北,https://ke-image.ljcdn.com/110000-inspection/pc1_Q7VogaClg.jpg!m_fill,w_280,h_210,f_jpg?from=ke.com
20230824,朝阳,团结湖,101119848029,团结湖中路南一条3层南北通透2居室,469万,77240元/平,中楼层 (共6层) 2室1厅 | 60.72平米 | 南 北,https://ke-image.ljcdn.com/110000-inspection/pc1_FAV1Bd6oK_1.jpg!m_fill,w_280,h_210,f_jpg?from=ke.com
20230824,朝阳,团结湖,101119842894,团结湖东里 满五年唯一 精装修 拎包入住 有电梯房主自荐,450万,77520元/平,低楼层 (共16层) | 1987年建 | 2室1厅 | 58.05平米 | 西北,https://ke-image.ljcdn.com/110000-inspection/2a8b7ba7-e681-4911-9ac8-d42990c92f96_1000.jpg!m_fill,w_280,h_210,f_jpg?from=ke.com
20230824,朝阳,团结湖,101119838530,电梯直达环境好配套齐全 看房方便 近地铁房主自荐,369万,70420元/平,低楼层 (共12层) 2室1厅 | 52.4平米 | 南,https://ke-image.ljcdn.com/110000-inspection/pc1_1jplZu8AR.jpg!m_fill,w_280,h_210,f_jpg?from=ke.com
20230824,朝阳,团结湖,101119828279,团结湖地铁口 三里屯  南北通透 精装修 两居室,468万,76722元/平,中楼层 (共6层) 2室1厅 | 61平米 | 南 北,https://ke-image.ljcdn.com/110000-inspection/pc1_kcpY3raWU_1.jpg!m_fill,w_280,h_210,f_jpg?from=ke.com
20230824,朝阳,团结湖,101119825845,东三环  团结湖南社区 南北两居,399万,65197元/平,顶层 (共6层) | 1981年建 | 2室1厅 | 61.2平米 | 南 北,https://ke-image.ljcdn.com/110000-inspection/8d491058-9428-4649-92bc-0646018ad581_1000.jpg!m_fill,w_280,h_210,f_jpg?from=ke.com
20230824,朝阳,团结湖,101119813627,团结湖北五条朝南向满五年唯一一居室采光好视野好,290万,79934元/平,顶层 (共6层) 1室1厅 | 36.28平米 | 南,https://ke-image.ljcdn.com/110000-inspection/7fd76637-d165-41d5-b05e-0e6cd283aa59_1000.jpg!m_fill,w_280,h_210,f_jpg?from=ke.com
20230824,朝阳,团结湖,101119809835,团结湖公寓民水民电有燃气 70年产权 龙湖物业管理好房主自荐,396万,75660元/平,高楼层 (共21层) 1室0厅 | 52.34平米 | 东,https://ke-image.ljcdn.com/110000-inspection/pc1_F2yiKnt6b_1.jpg!m_fill,w_280,h_210,f_jpg?from=ke.com
20230824,朝阳,团结湖,101119808260,团结湖北二条南向带电梯两居室诚意出售,485万,74444元/平,中楼层 (共10层) 2室1厅 | 65.15平米 | 南,https://ke-image.ljcdn.com/110000-inspection/pc1_E4tpHxPCr.jpg!m_fill,w_280,h_210,f_jpg?from=ke.com
20230824,朝阳,团结湖,101119785852,团结湖北二条 南北小三居 诚意出售 交通便利,460万,74797元/平,中楼层 (共6层) | 1981年建 | 3室1厅 | 61.5平米 | 南 北,https://ke-image.ljcdn.com/110000-inspection/pc1_6sGSExtY3_1.jpg!m_fill,w_280,h_210,f_jpg?from=ke.com
20230824,朝阳,团结湖,101119779417,水碓子西里带客厅钢混南向两居室精装修带充电桩车位房主自荐,469万,80793元/平,低楼层 (共12层) | 1981年建 | 2室1厅 | 58.05平米 | 西南,https://ke-image.ljcdn.com/110000-inspection/pc1_L1ur2WZyW.jpg!m_fill,w_280,h_210,f_jpg?from=ke.com
20230824,朝阳,团结湖,101119750217,团结湖公园 双地铁10号6号线 东西通透三居 随时看房,530万,69272元/平,底层 (共6层) 3室1厅 | 76.51平米 | 东 西,https://ke-image.ljcdn.com/110000-inspection/b5f7bc28-2c85-454b-b9bf-87eecf4ec2e8_1000.jpg!m_fill,w_280,h_210,f_jpg?from=ke.com
20230824,朝阳,团结湖,101119740582,东三环白家庄楼龄新带电体高楼层明厨明卫。,553万,86732元/平,高楼层 (共15层) | 1991年建 | 2室1厅 | 63.76平米 | 南,https://ke-image.ljcdn.com/110000-inspection/pc1_S4WYjDD3D.jpg!m_fill,w_280,h_210,f_jpg?from=ke.com
20230824,朝阳,团结湖,101119736416,摩码大厦金台路地铁口 朝东向满五年一居室钢混楼龄新,255万,49952元/平,低楼层 (共20层) | 2003年建 | 1室0厅 | 51.05平米 | 东,https://ke-image.ljcdn.com/110000-inspection/pc1_d3v1pjP6O.jpg!m_fill,w_280,h_210,f_jpg?from=ke.com
20230824,朝阳,团结湖,101119725480,团结湖北三条小区南北通透两居室看房方便诚意出售,432万,69903元/平,中楼层 (共5层) 2室1厅 | 61.8平米 | 南 北,https://ke-image.ljcdn.com/110000-inspection/pc1_VxYG36ZvB_1.jpg!m_fill,w_280,h_210,f_jpg?from=ke.com
20230824,朝阳,团结湖,101119711662,团结湖中路北二条中间层南北三居 精装修 采光好,490万,77057元/平,中楼层 (共5层) 3室1厅 | 63.59平米 | 南 北,https://ke-image.ljcdn.com/110000-inspection/pc1_gCUciAdzL_1.jpg!m_fill,w_280,h_210,f_jpg?from=ke.com
20230824,朝阳,团结湖,101119708631,团结湖中路南社区  中间楼层  南北通透两居室,469万,76572元/平,中楼层 (共6层) 2室1厅 | 61.25平米 | 南 北,https://ke-image.ljcdn.com/110000-inspection/078a17b1-8269-4204-a13e-c21b949474a6_1000.jpg!m_fill,w_280,h_210,f_jpg?from=ke.com
20230824,朝阳,团结湖,101119689715,东三环 水碓子西里 带电梯  东南两室一厅,450万,77333元/平,低楼层 (共12层) | 1981年建 | 2室1厅 | 58.19平米 | 东南,https://ke-image.ljcdn.com/110000-inspection/pc1_f1ZwQNwIw_1.jpg!m_fill,w_280,h_210,f_jpg?from=ke.com
20230824,朝阳,团结湖,101119687306,东三环团结湖2居 双卧朝南 电梯房 满五年唯一 地铁,438万,78934元/平,中楼层 (共12层) | 1983年建 | 2室1厅 | 55.49平米 | 南,https://ke-image.ljcdn.com/110000-inspection/pc1_rrrfiKa7e.jpg!m_fill,w_280,h_210,f_jpg?from=ke.com
20230824,朝阳,团结湖,101119673613,团结湖公园旁  视野开阔  观景两居 交通方便房主自荐,399万,79705元/平,高楼层 (共6层) | 1980年建 | 2室1厅 | 50.06平米 | 南,https://ke-image.ljcdn.com/110000-inspection/pc1_sv44odzck_1.jpg!m_fill,w_280,h_210,f_jpg?from=ke.com
20230824,朝阳,团结湖,101119672806,东三环 团结湖北三条 中间层 精装修可拎包入住,480万,77270元/平,中楼层 (共5层) | 1979年建 | 2室1厅 | 62.12平米 | 南 北,https://ke-image.ljcdn.com/110000-inspection/pc1_zQiutfPgc.jpg!m_fill,w_280,h_210,f_jpg?from=ke.com
20230824,朝阳,团结湖,101119637014,团结湖北里低密度社区民航家属楼管理好有电梯非底层,390万,78788元/平,低楼层 (共12层) 2室1厅 | 49.5平米 | 东北,https://ke-image.ljcdn.com/110000-inspection/pc1_lbzKe3Gxa.jpg!m_fill,w_280,h_210,f_jpg?from=ke.com
20230824,朝阳,团结湖,101119635338,团结湖水碓西里朝南两居室电梯房。,390万,70525元/平,低楼层 (共12层) | 1981年建 | 2室1厅 | 55.3平米 | 南,https://ke-image.ljcdn.com/110000-inspection/dd03f949-a3ee-4123-9f66-5c6f8d1429ae_1000.jpg!m_fill,w_280,h_210,f_jpg?from=ke.com
20230824,朝阳,团结湖,101119599368,团结湖北三条 朝南向两居室 采光好 配套成熟,388万,78226元/平,低楼层 (共12层) 2室1厅 | 49.6平米 | 南,https://ke-image.ljcdn.com/110000-inspection/pc1_neaWpTVZz_1.jpg!m_fill,w_280,h_210,f_jpg?from=ke.com
20230824,朝阳,团结湖,101119566105,东三环白家庄东里采光视野好诚意出售,436万,76492元/平,顶层 (共5层) | 1979年建 | 2室1厅 | 57平米 | 南 北,https://ke-image.ljcdn.com/110000-inspection/pc1_hSbWqVqp8.jpg!m_fill,w_280,h_210,f_jpg?from=ke.com
20230824,朝阳,团结湖,101119565876,团结湖地铁10号 朝阳公园地铁14号 南北通透 明厨明卫房主自荐,345万,57896元/平,顶层 (共6层) | 1984年建 | 2室1厅 | 59.59平米 | 南 北,https://ke-image.ljcdn.com/110000-inspection/pc1_aTHLEWdr0.jpg!m_fill,w_280,h_210,f_jpg?from=ke.com
20230824,朝阳,团结湖,101119561715,团结湖路 南北两居 精装修 诚意出售,490万,79224元/平,中楼层 (共6层) | 1981年建 | 2室1厅 | 61.85平米 | 南 西 北,https://ke-image.ljcdn.com/110000-inspection/a030467a-5811-41b4-992f-7b5dc97112ee_1000.jpg!m_fill,w_280,h_210,f_jpg?from=ke.com
20230824,朝阳,团结湖,101119505378,团结湖北头条通透户型两居精装可拎包入住近地铁环境好房主自荐,448万,71463元/平,低楼层 (共6层) 2室1厅 | 62.69平米 | 东 西,https://ke-image.ljcdn.com/110000-inspection/pc1_W2b4lEVyo.jpg!m_fill,w_280,h_210,f_jpg?from=ke.com
20230824,朝阳,团结湖,101119413156,满5年唯一采光视野很好 中间层 安静小区环境好,279万,75021元/平,高楼层 (共6层) 1室1厅 | 37.19平米 | 东,https://ke-image.ljcdn.com/110000-inspection/pc1_z7urFlu3i.jpg!m_fill,w_280,h_210,f_jpg?from=ke.com
20230824,朝阳,团结湖,101119408673,团结湖水利局宿舍地铁10号线楼龄新精装修一居室。房主自荐,326万,79513元/平,低楼层 (共6层) | 1991年建 | 1室1厅 | 41平米 | 西,https://ke-image.ljcdn.com/110000-inspection/pc1_T0zgaMJkK_1.jpg!m_fill,w_280,h_210,f_jpg?from=ke.com
20230824,朝阳,团结湖,101119399303,金台路地铁摩码大厦东向2003年小区,270万,62141元/平,中楼层 (共20层) | 2003年建 | 1室0厅 | 43.45平米 | 东,https://ke-image.ljcdn.com/110000-inspection/c15ac75e-d03f-4d02-9fda-bc8aec7a319a_1000.jpg!m_fill,w_280,h_210,f_jpg?from=ke.com
20230824,朝阳,团结湖,101119398969,团结湖公园对面两居室  国贸附近 呼家楼地铁,398万,76805元/平,中楼层 (共6层) | 1981年建 | 2室1厅 | 51.82平米 | 南,https://ke-image.ljcdn.com/110000-inspection/30ce549a-4406-4e8b-a545-6320a55fe939_1000.jpg!m_fill,w_280,h_210,f_jpg?from=ke.com
20230824,朝阳,团结湖,101119392825,团结湖北口小区全南向两居室高层视野好采光充足,488万,76586元/平,高楼层 (共16层) 2室1厅 | 63.72平米 | 西南,https://ke-image.ljcdn.com/110000-inspection/b4c443ec-2117-4a67-b223-94f1409b16fe_1000.jpg!m_fill,w_280,h_210,f_jpg?from=ke.com
20230824,朝阳,团结湖,101119392369,东三环  团结湖路  双朝东两居  带电梯   近公园,371万,71278元/平,中楼层 (共10层) 2室1厅 | 52.05平米 | 东,https://ke-image.ljcdn.com/110000-inspection/c767b443-a43a-4ed0-8b3d-b88b6a1d0af4_1000.jpg!m_fill,w_280,h_210,f_jpg?from=ke.com
20230824,朝阳,团结湖,101119391046,团结湖南向一居室 地铁10号线 户型方正利用率高 钢混,268万,77930元/平,底层 (共6层) | 1982年建 | 1室1厅 | 34.39平米 | 南,https://ke-image.ljcdn.com/110000-inspection/pc1_u8ifEUYCZ_1.jpg!m_fill,w_280,h_210,f_jpg?from=ke.com
20230824,朝阳,团结湖,101119349693,团结湖非底层两居室公园附近小区中间朝南采光好,396万,71714元/平,低楼层 (共6层) 2室1厅 | 55.22平米 | 南,https://ke-image.ljcdn.com/110000-inspection/pc1_0ww79FNNB_1.jpg!m_fill,w_280,h_210,f_jpg?from=ke.com
20230824,朝阳,团结湖,101119345538,团结湖路临团结湖公园单价低通透两居诚意出售,380万,62552元/平,高楼层 (共6层) 2室1厅 | 60.75平米 | 东 西,https://ke-image.ljcdn.com/110000-inspection/pc1_3Vwq5LaXQ_1.jpg!m_fill,w_280,h_210,f_jpg?from=ke.com
20230824,朝阳,团结湖,101119332195,团结湖东里 东向一居室 精装修 小区管理好,320万,73462元/平,中楼层 (共15层) | 1984年建 | 1室1厅 | 43.56平米 | 东,https://ke-image.ljcdn.com/110000-inspection/pc1_k7Pzn3Bug_1.jpg!m_fill,w_280,h_210,f_jpg?from=ke.com
20230824,朝阳,团结湖,101119309152,双朝向采光无遮挡视野开阔单独物业管理房主自荐,428万,59944元/平,低楼层 (共20层) | 2003年建 | 1室1厅 | 71.4平米 | 西,https://ke-image.ljcdn.com/110000-inspection/pc1_JMJIOYHtn_1.jpg!m_fill,w_280,h_210,f_jpg?from=ke.com
20230824,朝阳,团结湖,101119300565,团结湖北三条小区带电梯一居室交通便利诚意出售。,355万,78854元/平,低楼层 (共12层) 1室1厅 | 45.02平米 | 南,https://ke-image.ljcdn.com/110000-inspection/637bd1be-71fd-4a23-b54a-99dce067867b_1000.jpg!m_fill,w_280,h_210,f_jpg?from=ke.com
20230824,朝阳,团结湖,101119230642,团结湖北口双南向两居采光好 地铁10号线 满五年,380万,77457元/平,中楼层 (共16层) 2室1厅 | 49.06平米 | 南,https://ke-image.ljcdn.com/110000-inspection/f7982582-ed75-44f1-b0c7-73b7007aac5a_1000.jpg!m_fill,w_280,h_210,f_jpg?from=ke.com
20230824,朝阳,团结湖,101119223362,团结湖公园旁南北通透地铁10号线满五年唯一,398万,76173元/平,顶层 (共5层) | 1979年建 | 2室1厅 | 52.25平米 | 南 北,https://ke-image.ljcdn.com/110000-inspection/pc1_uOKsPV4pD.jpg!m_fill,w_280,h_210,f_jpg?from=ke.com
20230824,朝阳,团结湖,101119217396,团结湖北五条楼龄新带电梯正规两居户型方正采光好,640万,79435元/平,低楼层 (共18层) | 1997年建 | 2室1厅 | 80.57平米 | 西南,https://ke-image.ljcdn.com/110000-inspection/pc1_nblapi1Uz.jpg!m_fill,w_280,h_210,f_jpg?from=ke.com
20230824,朝阳,团结湖,101119169819,满五年团结湖北三条南北通透两居室低楼层,405万,70929元/平,底层 (共6层) | 1980年建 | 2室1厅 | 57.1平米 | 南 北,https://ke-image.ljcdn.com/110000-inspection/pc1_K2nDbzaUT_1.jpg!m_fill,w_280,h_210,f_jpg?from=ke.com
20230824,朝阳,团结湖,101119154909,团结湖路 东西双阳台 中间楼层 前后无遮挡 满五唯一,445万,69326元/平,中楼层 (共6层) 2室1厅 | 64.19平米 | 东 西,https://ke-image.ljcdn.com/110000-inspection/pc1_qF7GdhzqZ_1.jpg!m_fill,w_280,h_210,f_jpg?from=ke.com
20230824,朝阳,团结湖,101119147840,东三环白家庄3居 精装修 中间层 满五年唯一 东西通透,560万,73309元/平,中楼层 (共6层) | 1979年建 | 3室1厅 | 76.39平米 | 东 西,https://ke-image.ljcdn.com/110000-inspection/pc1_XDKX0Ofo8.jpg!m_fill,w_280,h_210,f_jpg?from=ke.com
20230824,朝阳,团结湖,101119140349,民航局宿舍管理好楼道干净电梯房采光好,350万,73561元/平,低楼层 (共12层) | 1975年建 | 1室1厅 | 47.58平米 | 东 西,https://ke-image.ljcdn.com/110000-inspection/040cd566-375f-4b7b-aaf6-b444b06c7598_1000.jpg!m_fill,w_280,h_210,f_jpg?from=ke.com
20230824,朝阳,团结湖,101119136464,水利局家属院管理好小区干净整洁南北通透明厨明卫,540万,73480元/平,底层 (共5层) 3室1厅 | 73.49平米 | 南 北,https://ke-image.ljcdn.com/110000-inspection/pc1_i8QmKou4r.jpg!m_fill,w_280,h_210,f_jpg?from=ke.com
20230824,朝阳,团结湖,101119128928,团结湖北五条 满五年唯一 低楼层 适合老人孩子居住,380万,79749元/平,底层 (共6层) 2室1厅 | 47.65平米 | 南 北,https://ke-image.ljcdn.com/110000-inspection/pc1_vwI9tkZR9.jpg!m_fill,w_280,h_210,f_jpg?from=ke.com
20230824,朝阳,团结湖,101119123180,精装修南北通透两居视野开阔采光充足近地铁。房主自荐,430万,78842元/平,高楼层 (共6层) 2室1厅 | 54.54平米 | 南 北,https://ke-image.ljcdn.com/110000-inspection/pc1_rmOt95L5V.jpg!m_fill,w_280,h_210,f_jpg?from=ke.com
20230824,朝阳,团结湖,101119072457,此房满五非唯一高楼层配套成熟交通方便,385万,63479元/平,顶层 (共6层) | 1979年建 | 2室1厅 | 60.65平米 | 南 北,https://ke-image.ljcdn.com/110000-inspection/pc1_QjtVgXFIW.jpg!m_fill,w_280,h_210,f_jpg?from=ke.com
20230824,朝阳,团结湖,101119072401,团结湖北三条精装修南北通透不临街,480万,79143元/平,中楼层 (共6层) | 1979年建 | 2室1厅 | 60.65平米 | 南 北,https://ke-image.ljcdn.com/110000-inspection/pc1_fx5nSKT2s.jpg!m_fill,w_280,h_210,f_jpg?from=ke.com
20230824,朝阳,团结湖,101119071699,团结湖北五条满五唯一南北明厨明卫三面采光的两居室房主自荐,399万,66958元/平,高楼层 (共6层) 2室2厅 | 59.59平米 | 南 西 北,https://ke-image.ljcdn.com/110000-inspection/cb9eae6b-8cf2-4786-be7a-058948489072_1000.jpg!m_fill,w_280,h_210,f_jpg?from=ke.com
20230824,朝阳,团结湖,101119044751,团结湖地铁口 精装三居 诚意出售 电梯房房主自荐,468万,74039元/平,低楼层 (共12层) 3室1厅 | 63.21平米 | 东 北,https://ke-image.ljcdn.com/110000-inspection/f32a90d0-0123-405d-969d-b404e69ae34f_1000.jpg!m_fill,w_280,h_210,f_jpg?from=ke.com
20230824,朝阳,团结湖,101119035453,团结湖北四条南北通透三居室明厨明卫户型方正无遮挡,650万,84438元/平,低楼层 (共6层) | 1985年建 | 3室1厅 | 76.98平米 | 南 北,https://ke-image.ljcdn.com/110000-inspection/pc1_lStCUjB2y.jpg!m_fill,w_280,h_210,f_jpg?from=ke.com
20230824,朝阳,团结湖,101119009341,团结湖北里  电梯两居室 带电梯近公园,400万,79224元/平,中楼层 (共12层) | 1981年建 | 2室1厅 | 50.49平米 | 东 北,https://ke-image.ljcdn.com/110000-inspection/pc1_spRNW9zHN.jpg!m_fill,w_280,h_210,f_jpg?from=ke.com
20230824,朝阳,团结湖,101118968657,团结湖公寓70年产权 民水民电有燃气 采光好 视野好,1350万,79868元/平,中楼层 (共21层) 3室2厅 | 169.03平米 | 南,https://ke-image.ljcdn.com/110000-inspection/b50d606f-93da-47dd-9700-8a35dd00985e_1000.jpg!m_fill,w_280,h_210,f_jpg?from=ke.com
20230824,朝阳,团结湖,101118950705,双南眼睛房钢混采光好板楼近地铁房主自荐,338万,61321元/平,顶层 (共6层) | 1979年建 | 2室1厅 | 55.12平米 | 南,https://ke-image.ljcdn.com/110000-inspection/23858896-8e49-4d70-97c6-c54f96623092_1000.jpg!m_fill,w_280,h_210,f_jpg?from=ke.com
20230824,朝阳,团结湖,101118947467,团结湖中路北二条 2室1厅 南 北,375万,70107元/平,低楼层 (共6层) 2室1厅 | 53.49平米 | 南 北,https://ke-image.ljcdn.com/110000-inspection/pc1_m8eO9GXdf.jpg!m_fill,w_280,h_210,f_jpg?from=ke.com
20230824,朝阳,团结湖,101118918923,团结湖北二条南北户型通透两居采光好近地铁出行方便,425万,69764元/平,顶层 (共6层) | 1979年建 | 2室1厅 | 60.92平米 | 南 北,https://ke-image.ljcdn.com/110000-inspection/pc1_zPyc34jYZ_1.jpg!m_fill,w_280,h_210,f_jpg?from=ke.com
20230824,朝阳,团结湖,101118878848,团结湖北口新上高楼层三居室业主诚意出售,448万,69620元/平,顶层 (共16层) 3室1厅 | 64.35平米 | 南 北,https://ke-image.ljcdn.com/110000-inspection/pc1_TVWVc4ZMa_1.jpg!m_fill,w_280,h_210,f_jpg?from=ke.com
20230824,朝阳,团结湖,101118830179,白家庄东里 三层 双南两居室 双卫 前后不临街,387万,60056元/平,中楼层 (共4层) | 1962年建 | 2室1厅 | 64.44平米 | 南,https://ke-image.ljcdn.com/110000-inspection/577124ce-2f3f-4944-b24e-c0d8dbd1de3f_1000.jpg!m_fill,w_280,h_210,f_jpg?from=ke.com
20230824,朝阳,团结湖,101118825258,东三环团结湖南里近地铁交通便利房主自荐,550万,67659元/平,中楼层 (共15层) 3室1厅 | 81.29平米 | 西北,https://ke-image.ljcdn.com/110000-inspection/8cf64d64-0265-42ac-99a7-9fb6aef6cd7b_1000.jpg!m_fill,w_280,h_210,f_jpg?from=ke.com
20230824,朝阳,团结湖,101118817048,团结湖水利局宿舍 满五唯一 田字格 三居室,565万,72409元/平,底层 (共6层) | 1980年建 | 3室1厅 | 78.03平米 | 南 北,https://ke-image.ljcdn.com/110000-inspection/pc1_wnfZANIOg.jpg!m_fill,w_280,h_210,f_jpg?from=ke.com
20230824,朝阳,团结湖,101118809820,团结湖公园地铁10号 全国政协家属楼 独立物业 采光好,556万,79543元/平,低楼层 (共18层) | 1985年建 | 2室2厅 | 69.9平米 | 南,https://ke-image.ljcdn.com/110000-inspection/pc1_WBfy7U8vu.jpg!m_fill,w_280,h_210,f_jpg?from=ke.com
20230824,朝阳,团结湖,101118801466,水碓子西里高层视野好直观国贸带电梯两居近呼家楼地铁房主自荐,459万,78880元/平,高楼层 (共12层) 2室1厅 | 58.19平米 | 东南,https://ke-image.ljcdn.com/110000-inspection/04e06faa-f4f7-48df-a7d4-3f8427ab7448_1000.jpg!m_fill,w_280,h_210,f_jpg?from=ke.com
20230824,朝阳,团结湖,101118775577,团结湖北里中间层南北两居带客厅 精装修 95年楼龄新,649万,83959元/平,中楼层 (共6层) | 1995年建 | 2室1厅 | 77.3平米 | 南 北,https://ke-image.ljcdn.com/110000-inspection/pc1_ocku8DxVX.jpg!m_fill,w_280,h_210,f_jpg?from=ke.com
20230824,朝阳,团结湖,101118750843,南北通透中间楼层满五年唯一无遮挡无浪费,410万,72554元/平,中楼层 (共5层) | 1977年建 | 3室1厅 | 56.51平米 | 南 北,https://ke-image.ljcdn.com/110000-inspection/pc1_WAZIb2Dii.jpg!m_fill,w_280,h_210,f_jpg?from=ke.com
20230824,朝阳,团结湖,101118749207,团结湖南里 南北通透三居室 精装修 看房方便,460万,81749元/平,中楼层 (共5层) | 1977年建 | 3室1厅 | 56.27平米 | 南 北,https://ke-image.ljcdn.com/110000-inspection/4d2c0272-54bd-4a16-8775-33173defd208_1000.jpg!m_fill,w_280,h_210,f_jpg?from=ke.com
20230824,朝阳,团结湖,101118741570,白家庄东里 东三环 南北朝向三居室  生活交通便利,480万,70135元/平,顶层 (共5层) | 1977年建 | 3室1厅 | 68.44平米 | 南 北,https://ke-image.ljcdn.com/110000-inspection/pc1_mKQtHzPwU_1.jpg!m_fill,w_280,h_210,f_jpg?from=ke.com
20230824,朝阳,团结湖,101118720110,六里屯西里 满五年 采光视野好 楼龄新 全明格局,400万,59935元/平,高楼层 (共6层) | 1993年建 | 2室1厅 | 66.74平米 | 西南,https://ke-image.ljcdn.com/110000-inspection/1ace874b-cc74-4b4b-9c67-dc3782d84cf9_1000.jpg!m_fill,w_280,h_210,f_jpg?from=ke.com
20230824,朝阳,团结湖,101118691093,团结湖公寓70年产权 民水民电有燃气 龙湖物业管理好,377万,83890元/平,中楼层 (共21层) | 2000年建 | 1室1厅 | 44.94平米 | 西南,https://ke-image.ljcdn.com/110000-inspection/pc1_duk7s0adG.jpg!m_fill,w_280,h_210,f_jpg?from=ke.com
20230824,朝阳,团结湖,101118686605,团结湖北三条中间层两居室带客厅 满五年钢混小区好房主自荐,385万,70916元/平,中楼层 (共6层) | 1982年建 | 2室1厅 | 54.29平米 | 东北,https://ke-image.ljcdn.com/110000-inspection/pc1_EOB5FwV5J.jpg!m_fill,w_280,h_210,f_jpg?from=ke.com
20230824,朝阳,团结湖,101118673572,呼家楼地铁口团结湖东里 92年钢混有电梯高层朝南精装,508万,84065元/平,中楼层 (共16层) 2室1厅 | 60.43平米 | 南,https://ke-image.ljcdn.com/110000-inspection/pc1_3Y0TL0pDf_1.jpg!m_fill,w_280,h_210,f_jpg?from=ke.com
20230824,朝阳,团结湖,101118664324,团结湖北一二条南北通透无遮挡近地铁,399万,65314元/平,顶层 (共6层) | 1981年建 | 2室1厅 | 61.09平米 | 南 北,https://ke-image.ljcdn.com/110000-inspection/2f5fa1c4-206c-45c1-ad87-6ec59895c85d_1000.jpg!m_fill,w_280,h_210,f_jpg?from=ke.com
20230824,朝阳,团结湖,101118657911,团结湖南里 南北通透 两居室 近公园地铁,395万,73640元/平,中楼层 (共5层) 2室1厅 | 53.64平米 | 南 北,https://ke-image.ljcdn.com/110000-inspection/2e153640-28df-42e6-9446-bdca88a1b23c_1000.jpg!m_fill,w_280,h_210,f_jpg?from=ke.com
20230824,朝阳,团结湖,101118636923,水碓子西里近团结湖公园东门  呼家楼地铁有电梯西南房主自荐,429万,73902元/平,低楼层 (共12层) | 1981年建 | 2室1厅 | 58.05平米 | 西南,https://ke-image.ljcdn.com/110000-inspection/pc1_4g9VzckIA.jpg!m_fill,w_280,h_210,f_jpg?from=ke.com
20230824,朝阳,团结湖,101118595667,三里屯 团结湖地铁 上边 精装三居室 户型好 带客厅,530万,75531元/平,高楼层 (共16层) 3室1厅 | 70.17平米 | 东北 南,https://ke-image.ljcdn.com/110000-inspection/pc1_6Gz0mbUrm_1.jpg!m_fill,w_280,h_210,f_jpg?from=ke.com
20230824,朝阳,团结湖,101118579136,团结湖北口 2室1厅 南,388万,79476元/平,低楼层 (共16层) | 1982年建 | 2室1厅 | 48.82平米 | 南,https://ke-image.ljcdn.com/110000-inspection/5a3704b8-3f0a-4312-93b0-60f179489c91_1000.jpg!m_fill,w_280,h_210,f_jpg?from=ke.com
20230824,朝阳,团结湖,101118576404,团结湖东里央产单位家属楼双南两居室高楼层采光视野好,550万,74567元/平,中楼层 (共15层) 2室1厅 | 73.76平米 | 南,https://ke-image.ljcdn.com/110000-inspection/pc1_sYsn5izzo.jpg!m_fill,w_280,h_210,f_jpg?from=ke.com
20230824,朝阳,团结湖,101118574019,团结湖水碓西里 三居室 近公园近地铁,460万,72647元/平,中楼层 (共12层) | 1981年建 | 3室1厅 | 63.32平米 | 东 北,https://ke-image.ljcdn.com/110000-inspection/39950abb-2ad2-438e-ad00-40423465b79e_1000.jpg!m_fill,w_280,h_210,f_jpg?from=ke.com
20230824,朝阳,团结湖,101118556306,团结湖公园 南北通透中间层 精装修三居 随时签约,498万,72426元/平,中楼层 (共6层) | 1983年建 | 3室1厅 | 68.76平米 | 南 北,https://ke-image.ljcdn.com/110000-inspection/pc1_nqLmZcSog.jpg!m_fill,w_280,h_210,f_jpg?from=ke.com
20230824,朝阳,团结湖,101118554668,团结湖  双朝南低楼层小两居  正规两居,330万,76231元/平,中楼层 (共5层) 2室1厅 | 43.29平米 | 南,https://ke-image.ljcdn.com/110000-inspection/pc1_pFHTPC6UR.jpg!m_fill,w_280,h_210,f_jpg?from=ke.com
20230824,朝阳,团结湖,101118537934,水碓子西里小区正南向精装修2居室满五年家庭唯一住房,432万,78375元/平,中楼层 (共12层) | 1981年建 | 2室1厅 | 55.12平米 | 南,https://ke-image.ljcdn.com/110000-inspection/a9434a36-5540-46eb-8cc3-484b488a7e3a_1000.jpg!m_fill,w_280,h_210,f_jpg?from=ke.com
20230824,朝阳,团结湖,101118526802,团结湖北三条双南向两居 采光好 交通方便 满五年房主自荐,366万,72304元/平,顶层 (共12层) 2室1厅 | 50.62平米 | 南 北,https://ke-image.ljcdn.com/110000-inspection/pc1_XzD9l9WTv_1.jpg!m_fill,w_280,h_210,f_jpg?from=ke.com
20230824,朝阳,团结湖,101118499442,团结湖北三条低楼层双南两居室房主自荐,400万,75615元/平,低楼层 (共12层) 2室1厅 | 52.9平米 | 南,https://ke-image.ljcdn.com/110000-inspection/pc1_iehxLgQhT_1.jpg!m_fill,w_280,h_210,f_jpg?from=ke.com
20230824,朝阳,团结湖,101118494923,摩码大厦精装修2003年一居室高楼层采光事业好,295万,58625元/平,高楼层 (共20层) | 2003年建 | 1室0厅 | 50.32平米 | 西,https://ke-image.ljcdn.com/110000-inspection/f44a3881-41d5-4074-a995-2c8b53f927ed_1000.jpg!m_fill,w_280,h_210,f_jpg?from=ke.com
20230824,朝阳,团结湖,101118487762,团结湖东西通透精装修三居室 有坡顶看房方便 小区中间,549万,68242元/平,顶层 (共6层) | 1979年建 | 3室1厅 | 80.45平米 | 东 西,https://ke-image.ljcdn.com/110000-inspection/pc1_oWA3hOiyo_1.jpg!m_fill,w_280,h_210,f_jpg?from=ke.com
20230824,朝阳,团结湖,101118479303,南北通透地铁10号线中间楼层满五年唯一,348万,66769元/平,中楼层 (共5层) 2室1厅 | 52.12平米 | 南 北,https://ke-image.ljcdn.com/110000-inspection/5dca143f-4b6e-4638-9197-0096030080d8_1000.jpg!m_fill,w_280,h_210,f_jpg?from=ke.com
20230824,朝阳,团结湖,101118468332,团结湖公寓 1室1厅 北,406万,64251元/平,中楼层 (共21层) | 1999年建 | 1室1厅 | 63.19平米 | 北,https://ke-image.ljcdn.com/110000-inspection/6bae1ed0-4d4d-487c-ae01-62748f69f9b1_1000.jpg!m_fill,w_280,h_210,f_jpg?from=ke.com
20230824,朝阳,团结湖,101118451289,团结湖北四条 东南向三居室 管理好 户型好,645万,86334元/平,底层 (共18层) 3室1厅 | 74.71平米 | 东南,https://ke-image.ljcdn.com/110000-inspection/test-117a7444-8802-4325-9e25-2fac639c1fb8.png!m_fill,w_280,h_210,f_jpg?from=ke.com
20230824,朝阳,团结湖,101118448230,团结湖中路北一条中间层南北通透精装修三居拎包入住房主自荐,485万,75487元/平,中楼层 (共5层) | 1979年建 | 3室1厅 | 64.25平米 | 南 北,https://ke-image.ljcdn.com/110000-inspection/3206b5be-ba03-44d0-b3b8-ed17d0a3d533_1000.jpg!m_fill,w_280,h_210,f_jpg?from=ke.com
20230824,朝阳,团结湖,101118370560,团结湖路 3室1厅 东 西 北,508万,82055元/平,高楼层 (共10层) | 1981年建 | 3室1厅 | 61.91平米 | 东 西 北,https://ke-image.ljcdn.com/110000-inspection/pc1_F8CBtn3Sl_2.jpg!m_fill,w_280,h_210,f_jpg?from=ke.com
20230824,朝阳,团结湖,101118356967,团结湖北二条实用小三居南北户型通透采光好视野好,468万,75790元/平,高楼层 (共6层) 3室1厅 | 61.75平米 | 南 北,https://ke-image.ljcdn.com/110000-inspection/pc1_kvCMU21zJ.jpg!m_fill,w_280,h_210,f_jpg?from=ke.com
20230824,朝阳,团结湖,101118312024,团结湖北口 满五唯一  高楼层 两居室,395万,73339元/平,中楼层 (共16层) 2室1厅 | 53.86平米 | 西,https://ke-image.ljcdn.com/110000-inspection/pc1_aLtulWbIV.jpg!m_fill,w_280,h_210,f_jpg?from=ke.com
20230824,朝阳,团结湖,101118307423,白家庄东里 南向一居室 中间层,273万,75186元/平,中楼层 (共5层) | 1977年建 | 1室1厅 | 36.31平米 | 南,https://ke-image.ljcdn.com/110000-inspection/d9efa642-35d3-4e93-a5dc-9a7e014fee9e_1000.jpg!m_fill,w_280,h_210,f_jpg?from=ke.com
20230824,朝阳,团结湖,101118281432,团结湖北二条 南北两居 精装修看房方便,385万,63479元/平,顶层 (共6层) 2室1厅 | 60.65平米 | 南 北,https://ke-image.ljcdn.com/110000-inspection/pc1_qcXd6hjxw_1.jpg!m_fill,w_280,h_210,f_jpg?from=ke.com
20230824,朝阳,团结湖,101118265315,团结湖公寓70年产权 民水民电有燃气 龙湖物业管理好,370万,82332元/平,高楼层 (共21层) 1室1厅 | 44.94平米 | 东,https://ke-image.ljcdn.com/110000-inspection/c7a1b258-498b-4282-a695-08c8c443ac2c_1000.jpg!m_fill,w_280,h_210,f_jpg?from=ke.com
20230824,朝阳,团结湖,101118259591,团结湖北二条民航家属楼单独管理楼龄新、装修好房主自荐,325万,75723元/平,低楼层 (共6层) 1室1厅 | 42.92平米 | 南,https://ke-image.ljcdn.com/110000-inspection/pc1_Zam1j6J2M.jpg!m_fill,w_280,h_210,f_jpg?from=ke.com
20230824,朝阳,团结湖,101118250216,团结湖北头条中间层南北通透两居靠近地铁房主自荐,440万,72014元/平,中楼层 (共6层) | 1979年建 | 2室1厅 | 61.1平米 | 南 北,https://ke-image.ljcdn.com/110000-inspection/pc1_ruwzfilwH.jpg!m_fill,w_280,h_210,f_jpg?from=ke.com
20230824,朝阳,团结湖,101118222977,团结湖北三条南向两居室视野采光好小区环境好房主自荐,360万,68716元/平,顶层 (共12层) 2室1厅 | 52.39平米 | 南,https://ke-image.ljcdn.com/110000-inspection/51c6fa6f-6410-40e4-a8d6-a421468344a5_1000.jpg!m_fill,w_280,h_210,f_jpg?from=ke.com
20230824,朝阳,团结湖,101118173060,团结湖中路北一条精装三居 95年建成楼龄新房主自荐,745万,71981元/平,底层 (共6层) 3室2厅 | 103.5平米 | 南 北,https://ke-image.ljcdn.com/110000-inspection/pc1_SMwypPs5N.jpg!m_fill,w_280,h_210,f_jpg?from=ke.com
20230824,朝阳,团结湖,101118171297,团结湖中路北二条两居室 业主诚意出售,365万,66100元/平,顶层 (共6层) | 1982年建 | 2室1厅 | 55.22平米 | 西北,https://ke-image.ljcdn.com/110000-inspection/785bbbd4-fe1b-4d5b-8880-bddbe5a3c238_1000.jpg!m_fill,w_280,h_210,f_jpg?from=ke.com
20230824,朝阳,团结湖,101118156613,六里屯西里 采光好 视野无遮挡 观国贸 满五唯一楼龄新房主自荐,560万,71094元/平,高楼层 (共6层) | 1993年建 | 3室1厅 | 78.77平米 | 南 北,https://ke-image.ljcdn.com/110000-inspection/a4ed6efb-16bc-4335-af5b-42f1f234da7c_1000.jpg!m_fill,w_280,h_210,f_jpg?from=ke.com
20230824,朝阳,团结湖,101118134913,团结湖中路南一条精装修团结湖公园南向方正一居室房主自荐,283万,75487元/平,高楼层 (共6层) 1室1厅 | 37.49平米 | 南,https://ke-image.ljcdn.com/110000-inspection/pc1_VXsIjc8fH_1.jpg!m_fill,w_280,h_210,f_jpg?from=ke.com
20230824,朝阳,团结湖,101118113921,东三环团结湖北五条小区中间楼层一居室南向采光好,275万,69568元/平,中楼层 (共6层) 1室1厅 | 39.53平米 | 南,https://ke-image.ljcdn.com/110000-inspection/pc1_AmMHeSiWH.jpg!m_fill,w_280,h_210,f_jpg?from=ke.com
20230824,朝阳,团结湖,101118111912,白家庄东里 民航宿舍 精装修 业主诚意出售房主自荐,499万,64579元/平,顶层 (共12层) | 1976年建 | 3室1厅 | 77.27平米 | 东 北,https://ke-image.ljcdn.com/110000-inspection/pc1_eYPAb8uGe_1.jpg!m_fill,w_280,h_210,f_jpg?from=ke.com
20230824,朝阳,团结湖,101118101808,团结湖中路北二条 3室1厅 南 北,410万,64618元/平,顶层 (共5层) 3室1厅 | 63.45平米 | 南 北,https://ke-image.ljcdn.com/110000-inspection/pc1_7axIXtFE2.jpg!m_fill,w_280,h_210,f_jpg?from=ke.com
20230824,朝阳,团结湖,101118098439,团结湖北三条双南两居小区中间环境好采光好近地铁,379万,70329元/平,中楼层 (共6层) 2室1厅 | 53.89平米 | 南,https://ke-image.ljcdn.com/110000-inspection/pc1_NOIUpZG18.jpg!m_fill,w_280,h_210,f_jpg?from=ke.com
20230824,朝阳,团结湖,101118086648,团结湖公园 小区中间 不临街 中楼层 采光好 无遮挡,353万,70361元/平,中楼层 (共6层) | 1983年建 | 2室1厅 | 50.17平米 | 南,https://ke-image.ljcdn.com/110000-inspection/pc1_y66bPvoaf_1.jpg!m_fill,w_280,h_210,f_jpg?from=ke.com
20230824,朝阳,团结湖,101118074863,朝阳北路199号摩码大厦朝北。,310万,54887元/平,低楼层 (共20层) | 2003年建 | 1室1厅 | 56.48平米 | 北,https://ke-image.ljcdn.com/110000-inspection/1df0139b-2775-474b-9238-1770836b4952_1000.jpg!m_fill,w_280,h_210,f_jpg?from=ke.com
20230824,朝阳,团结湖,101118064145,团结湖北五条 南北向 满五年  近地铁 户型方正,326万,63191元/平,底层 (共6层) 2室1厅 | 51.59平米 | 南 北,https://ke-image.ljcdn.com/110000-inspection/pc1_Yw3EFhB3K_1.jpg!m_fill,w_280,h_210,f_jpg?from=ke.com
20230824,朝阳,团结湖,101118033852,团结湖公寓 70年产权住宅 民水民电有燃气 龙湖物业,369万,58396元/平,低楼层 (共21层) | 2000年建 | 1室0厅 | 63.19平米 | 北,https://ke-image.ljcdn.com/110000-inspection/pc1_6cr54ROPv.jpg!m_fill,w_280,h_210,f_jpg?from=ke.com
20230824,朝阳,团结湖,101118021091,团结湖北二条正规两居带客厅电梯高楼层视野采光好,426万,72425元/平,顶层 (共12层) | 1982年建 | 2室1厅 | 58.82平米 | 东南,https://ke-image.ljcdn.com/110000-inspection/pc1_29Jb3eViu_1.jpg!m_fill,w_280,h_210,f_jpg?from=ke.com
20230824,朝阳,团结湖,101117972485,团结湖公寓精装两居 70年产权民水民电有燃气 龙湖物业,850万,80715元/平,低楼层 (共21层) 2室1厅 | 105.31平米 | 西南,https://ke-image.ljcdn.com/110000-inspection/pc1_WL4lh1PMY.jpg!m_fill,w_280,h_210,f_jpg?from=ke.com
20230824,朝阳,团结湖,101117966513,水碓子西里 公园旁  南北通透三居室,452万,68641元/平,顶层 (共6层) | 1981年建 | 3室1厅 | 65.85平米 | 东 南 北,https://ke-image.ljcdn.com/110000-inspection/31851b62-bc3e-4499-b307-7f8a653194a8_1000.jpg!m_fill,w_280,h_210,f_jpg?from=ke.com
20230824,朝阳,团结湖,101117942899,白家庄东里 东三环 南北朝向明厨明卫 精装修拎包入住房主自荐,543万,68020元/平,顶层 (共6层) | 1981年建 | 3室1厅 | 79.83平米 | 南 北,https://ke-image.ljcdn.com/110000-inspection/pc1_nlFWFyn8A.jpg!m_fill,w_280,h_210,f_jpg?from=ke.com
20230824,朝阳,团结湖,101117920295,团结湖公园满五年家庭唯一住房交通便利诚意出售,380万,70896元/平,中楼层 (共5层) 2室1厅 | 53.6平米 | 南 北,https://ke-image.ljcdn.com/110000-inspection/pc1_GTdE37kyx.jpg!m_fill,w_280,h_210,f_jpg?from=ke.com
20230824,朝阳,团结湖,101117903283,团结湖公园东门水碓子社区田字格三居室,610万,78356元/平,底层 (共5层) | 1965年建 | 3室1厅 | 77.85平米 | 南 北,https://ke-image.ljcdn.com/110000-inspection/pc1_dXJ90YyQb_1.jpg!m_fill,w_280,h_210,f_jpg?from=ke.com
20230824,朝阳,团结湖,101117840091,摩码大厦 2003年商品房交通便利地理位置好,305万,59501元/平,中楼层 (共20层) | 2003年建 | 1室0厅 | 51.26平米 | 西,https://ke-image.ljcdn.com/110000-inspection/pc1_0AH27amCF.jpg!m_fill,w_280,h_210,f_jpg?from=ke.com
20230824,朝阳,团结湖,101117838840,呼家楼  团结湖  南北通透精装两居  采光视野佳,430万,70736元/平,高楼层 (共6层) 2室1厅 | 60.79平米 | 南 北,https://ke-image.ljcdn.com/110000-inspection/pc1_lmyBUnDG4.jpg!m_fill,w_280,h_210,f_jpg?from=ke.com
20230824,朝阳,团结湖,101117803356,团结湖中路北二条 双南两居室 诚意出售 看房方便,360万,67989元/平,顶层 (共6层) | 1982年建 | 2室2厅 | 52.95平米 | 南,https://ke-image.ljcdn.com/110000-inspection/pc1_uAO9Impao.jpg!m_fill,w_280,h_210,f_jpg?from=ke.com
20230824,朝阳,团结湖,101117802879,新上团结湖东里中间楼层两居室双南向,379.6万,63596元/平,中楼层 (共6层) 2室1厅 | 59.69平米 | 南,https://ke-image.ljcdn.com/110000-inspection/pc1_K4tUK70AW.jpg!m_fill,w_280,h_210,f_jpg?from=ke.com
20230824,朝阳,团结湖,101116869565,团结湖东里单独小区管理好带电梯三居室,600万,74212元/平,低楼层 (共15层) | 1984年建 | 3室1厅 | 80.85平米 | 西北,https://ke-image.ljcdn.com/110000-inspection/pc1_nMrAhOPpy_1.jpg!m_fill,w_280,h_210,f_jpg?from=ke.com
20230824,朝阳,团结湖,101116867510,团结湖北头条小区南北通透楼层高视野好,430万,69032元/平,顶层 (共6层) | 1981年建 | 2室1厅 | 62.29平米 | 南 北,https://ke-image.ljcdn.com/110000-inspection/pc1_yxtF4jwxI_1.jpg!m_fill,w_280,h_210,f_jpg?from=ke.com
20230824,朝阳,团结湖,101116722293,白家庄东里南北通透管理好位置好西边户两居室,399万,64647元/平,顶层 (共6层) | 1983年建 | 2室1厅 | 61.72平米 | 西 南 北,https://ke-image.ljcdn.com/110000-inspection/pc1_pPLtk4sZJ_1.jpg!m_fill,w_280,h_210,f_jpg?from=ke.com
20230824,朝阳,团结湖,101116710153,小区环境好交通便利近地铁诚意出售满五唯一,375万,70902元/平,顶层 (共12层) | 1984年建 | 2室0厅 | 52.89平米 | 南 北,https://ke-image.ljcdn.com/110000-inspection/pc1_SgHNb5Wos.jpg!m_fill,w_280,h_210,f_jpg?from=ke.com
20230824,朝阳,团结湖,101116645229,白家庄东里明厨明卫双阳台一居室 采光视野好,332万,68695元/平,顶层 (共6层) | 1981年建 | 1室1厅 | 48.33平米 | 南 北,https://ke-image.ljcdn.com/110000-inspection/pc1_rrXcl7EuT.jpg!m_fill,w_280,h_210,f_jpg?from=ke.com
20230824,朝阳,团结湖,101116602849,团结湖东里海关家属楼管理好高层无遮挡小区干净,325万,74610元/平,高楼层 (共15层) | 1984年建 | 1室1厅 | 43.56平米 | 东,https://ke-image.ljcdn.com/110000-inspection/pc1_Wu1KTCHQO.jpg!m_fill,w_280,h_210,f_jpg?from=ke.com
20230824,朝阳,团结湖,101116283147,摩码大厦 业主诚意出售 满五年唯一,280万,64442元/平,低楼层 (共20层) | 2003年建 | 1室0厅 | 43.45平米 | 东,https://ke-image.ljcdn.com/110000-inspection/pc1_xgYvjVd5e_1.jpg!m_fill,w_280,h_210,f_jpg?from=ke.com
20230824,朝阳,团结湖,101116142727,团结湖路田字格三居室业主诚意出售,518万,67713元/平,底层 (共6层) 3室1厅 | 76.5平米 | 东 西,https://ke-image.ljcdn.com/110000-inspection/pc1_XsCic7eVY_1.jpg!m_fill,w_280,h_210,f_jpg?from=ke.com
20230824,朝阳,团结湖,101115942670,白家庄东里精装修3居室 满五年交易成本低,420万,54489元/平,顶层 (共6层) | 1981年建 | 3室1厅 | 77.08平米 | 东南 西,https://ke-image.ljcdn.com/110000-inspection/4a0a48af-cf3a-472e-bb83-cd43e88e8f1b_1000.jpg!m_fill,w_280,h_210,f_jpg?from=ke.com
20230824,朝阳,团结湖,101115855408,摩码大厦 业主诚意出售 采光好,312万,61117元/平,低楼层 (共20层) | 2003年建 | 1室0厅 | 51.05平米 | 西,https://ke-image.ljcdn.com/110000-inspection/pc1_OzzXTVLSc_1.jpg!m_fill,w_280,h_210,f_jpg?from=ke.com
20230824,朝阳,团结湖,101114155191,团结湖北头条中间层两居室东西通透没有遮挡,442万,71870元/平,中楼层 (共6层) 2室1厅 | 61.5平米 | 西 东,https://ke-image.ljcdn.com/110000-inspection/pc1_PTtMdEOJC_1.jpg!m_fill,w_280,h_210,f_jpg?from=ke.com
20230824,朝阳,团结湖,101113535237,团结湖北三条 南北通透两居室 电梯直达房主自荐,428万,65354元/平,低楼层 (共12层) | 1984年建 | 2室1厅 | 65.49平米 | 南 北,https://ke-image.ljcdn.com/110000-inspection/pc1_M7fhfBCVO_1.jpg!m_fill,w_280,h_210,f_jpg?from=ke.com
20230824,朝阳,团结湖,101112101219,白家庄东里南北两居中间楼层诚意出售房主自荐,410万,62961元/平,中楼层 (共4层) | 1958年建 | 2室1厅 | 65.12平米 | 南 北,https://ke-image.ljcdn.com/110000-inspection/pc1_WIOHHgi4v_1.jpg!m_fill,w_280,h_210,f_jpg?from=ke.com
20230824,朝阳,团结湖,101110740234,CBD金台路地铁口商品房开间,292万,58029元/平,中楼层 (共20层) | 2003年建 | 1室0厅 | 50.32平米 | 西,https://ke-image.ljcdn.com/110000-inspection/pc1_qw0pI7crK_1.jpg!m_fill,w_280,h_210,f_jpg?from=ke.com
20230824,朝阳,团结湖,101110313830,2003年摩码大厦低楼层东向一居室 诚意出售,250万,48972元/平,低楼层 (共20层) | 2003年建 | 1室0厅 | 51.05平米 | 东,https://ke-image.ljcdn.com/110000-inspection/pc1_azFIWupM8_1.jpg!m_fill,w_280,h_210,f_jpg?from=ke.com
20230824,朝阳,团结湖,101108621211,1997年钢混户型方正三室一厅东南北三面采光,649万,66701元/平,低楼层 (共18层) 3室1厅 | 97.3平米 | 东 南 北,https://ke-image.ljcdn.com/110000-inspection/pc1_WPJZN4YGx_1.jpg!m_fill,w_280,h_210,f_jpg?from=ke.com
20230824,朝阳,团结湖,101107123575,地铁10号线团结湖站改善型四居70年产权民水民电有燃气,1280万,61335元/平,低楼层 (共21层) | 2000年建 | 4室1厅 | 208.69平米 | 西北,https://ke-image.ljcdn.com/110000-inspection/pc1_PW3KPOSgG_1.jpg!m_fill,w_280,h_210,f_jpg?from=ke.com
20230824,朝阳,团结湖,101120717407,团结湖路团结湖公园满五年通透一居室,259万,59336元/平,顶层 (共6层) 1室1厅 | 43.65平米 | 东 西,https://ke-image.ljcdn.com/110000-inspection/pc1_XSU5Frly8.jpg!m_fill,w_280,h_210,f_jpg?from=ke.com
20230824,朝阳,团结湖,101120698303,团结湖地铁10号 精装修 南向一居 拎包入住 随时看房新上,286万,76492元/平,顶层 (共6层) | 1979年建 | 1室1厅 | 37.39平米 | 南,https://ke-image.ljcdn.com/110000-inspection/7eded171-0600-4a94-ab64-27fce1f02409_1000.jpg!m_fill,w_280,h_210,f_jpg?from=ke.com
20230824,朝阳,团结湖,101120697464,小区中间不临街 南北通透 精装修 拎包入住 一层小三居新上,456万,78150元/平,底层 (共6层) 3室1厅 | 58.35平米 | 南 北,https://ke-image.ljcdn.com/110000-inspection/pc1_nVxarNTn4.jpg!m_fill,w_280,h_210,f_jpg?from=ke.com
20230824,朝阳,团结湖,101120695594,明厨明卫 93年楼龄新 可公积金贷款 精装修 拎包入住新上,289万,65400元/平,顶层 (共6层) | 1993年建 | 1室1厅 | 44.19平米 | 南,https://ke-image.ljcdn.com/110000-inspection/pc1_1qweEzC9v_1.jpg!m_fill,w_280,h_210,f_jpg?from=ke.com
20230824,朝阳,团结湖,101120694896,满五唯一南北通透田字格3居户型方正视野开阔采光好新上,488万,71765元/平,高楼层 (共6层) 3室1厅 | 68平米 | 南 北,https://ke-image.ljcdn.com/110000-inspection/pc1_QgFxCOj6G.jpg!m_fill,w_280,h_210,f_jpg?from=ke.com
20230824,朝阳,团结湖,101120691230,团结湖中路北一条 2室1厅 南 东 北新上,348万,66425元/平,顶层 (共5层) | 1979年建 | 2室1厅 | 52.39平米 | 南 东 北,https://ke-image.ljcdn.com/110000-inspection/pc1_BZMnOUYpr_1.jpg!m_fill,w_280,h_210,f_jpg?from=ke.com
20230824,朝阳,团结湖,101120668000,团结湖北五条97年高层正规两室一厅采光好视野开阔新上,620万,70081元/平,高楼层 (共18层) | 1997年建 | 2室1厅 | 88.47平米 | 西,https://ke-image.ljcdn.com/110000-inspection/pc1_4YypXVxDv.jpg!m_fill,w_280,h_210,f_jpg?from=ke.com
20230824,朝阳,团结湖,101120665046,团结湖中路北社区 精装两居 拎包入住  近公园地铁新上,415万,79655元/平,中楼层 (共5层) | 1978年建 | 2室1厅 | 52.1平米 | 南 西 北,https://ke-image.ljcdn.com/110000-inspection/pc1_IBi9IDAGP.jpg!m_fill,w_280,h_210,f_jpg?from=ke.com
20230824,朝阳,团结湖,101120637645,中海紫荆豪庭高层观景房交通方便公园是后花园新上,1690万,69266元/平,高楼层 (共30层) | 2000年建 | 5室2厅 | 243.99平米 | 东北,https://ke-image.ljcdn.com/110000-inspection/f6f12e37-75b6-4a28-ae72-86fba08dc86a_1000.jpg!m_fill,w_280,h_210,f_jpg?from=ke.com
20230824,朝阳,团结湖,101120628479,南北通透  挨着公园  3条地铁多条公交 楼顶有平改破新上,368万,60141元/平,顶层 (共6层) | 1979年建 | 2室1厅 | 61.19平米 | 南 北,https://ke-image.ljcdn.com/110000-inspection/pc1_uKRF7lFky.jpg!m_fill,w_280,h_210,f_jpg?from=ke.com
20230824,朝阳,团结湖,101120621837,团结湖路精品东向一居位置好近地铁环境好采光好视野好新上,269万,72138元/平,顶层 (共6层) | 1981年建 | 1室1厅 | 37.29平米 | 东,https://ke-image.ljcdn.com/110000-inspection/pc1_KhR32cXSj_1.jpg!m_fill,w_280,h_210,f_jpg?from=ke.com
20230824,朝阳,团结湖,101120617211,团结湖公园门口 带电梯  南向 两居室 成本少看房随时新上,420万,75826元/平,中楼层 (共12层) | 1981年建 | 2室1厅 | 55.39平米 | 南,https://ke-image.ljcdn.com/110000-inspection/74fab9d3-5265-45d6-b12d-9be8a5d39383_1000.jpg!m_fill,w_280,h_210,f_jpg?from=ke.com
20230824,朝阳,团结湖,101120616321,精装修田字格三居团结湖公园对面看房方便。新上,600万,82509元/平,顶层 (共6层) 3室1厅 | 72.72平米 | 南 北,https://ke-image.ljcdn.com/110000-inspection/pc1_sT764TWpF.jpg!m_fill,w_280,h_210,f_jpg?from=ke.com
20230824,朝阳,团结湖,101120607337,小区中间 不临街 南北通透两居 采光视野好 无遮挡新上,380万,62655元/平,顶层 (共6层) | 1978年建 | 2室1厅 | 60.65平米 | 南 北,https://ke-image.ljcdn.com/110000-inspection/pc1_zQpkfM7RZ.jpg!m_fill,w_280,h_210,f_jpg?from=ke.com
20230824,朝阳,团结湖,101120605576,团结湖地铁口 南北通透 精装一居 带电梯新上,350万,79007元/平,高楼层 (共10层) 1室1厅 | 44.3平米 | 南 北,https://ke-image.ljcdn.com/110000-inspection/pc1_S10udm0yE.jpg!m_fill,w_280,h_210,f_jpg?from=ke.com
20230824,朝阳,团结湖,101120600656,安静小区 独立物业管理 1997年钢混结构 可公积金贷款新上,560万,60443元/平,低楼层 (共18层) | 1998年建 | 2室1厅 | 92.65平米 | 北 南,https://ke-image.ljcdn.com/110000-inspection/pc1_zG9ZCZr8o_1.jpg!m_fill,w_280,h_210,f_jpg?from=ke.com
20230824,朝阳,团结湖,101120597328,团结湖北里 2室0厅 南新上,630万,81596元/平,顶层 (共12层) | 1984年建 | 2室0厅 | 77.21平米 | 南,https://ke-image.ljcdn.com/110000-inspection/pc1_wwKVa2J21_1.jpg!m_fill,w_280,h_210,f_jpg?from=ke.com
20230824,朝阳,团结湖,101120559481,团结湖北五条 全明格局 南北通透采光视野好安静不临街,340万,56781元/平,顶层 (共6层) | 1984年建 | 2室1厅 | 59.88平米 | 南 北,https://ke-image.ljcdn.com/110000-inspection/pc1_AK2SRVBGG.jpg!m_fill,w_280,h_210,f_jpg?from=ke.com
20230824,朝阳,团结湖,101120533125,东三环团结湖 精装修 南北通 钢混结构 独立下水 地铁,445万,77271元/平,底层 (共6层) | 1981年建 | 2室1厅 | 57.59平米 | 南 北,https://ke-image.ljcdn.com/110000-inspection/579f4afe-1948-4df6-90e7-20208899b9e7_1000.jpg!m_fill,w_280,h_210,f_jpg?from=ke.com
20230824,朝阳,团结湖,101120529921,团结湖北二条钢混结构南北两居视野开阔、采光好！,435万,66769元/平,顶层 (共10层) | 1981年建 | 2室1厅 | 65.15平米 | 南 北,https://ke-image.ljcdn.com/110000-inspection/pc1_B2spn7Q8k.jpg!m_fill,w_280,h_210,f_jpg?from=ke.com
20230824,朝阳,团结湖,101120529819,南北通透无遮挡视野宽阔采光充足配套齐全房主自荐,415万,68426元/平,顶层 (共6层) | 1979年建 | 2室1厅 | 60.65平米 | 南 北,https://ke-image.ljcdn.com/110000-inspection/pc1_pbzkzY3Uw.jpg!m_fill,w_280,h_210,f_jpg?from=ke.com
20230824,朝阳,团结湖,101120522313,团结湖北四条 全国政协 东南三居室 采光视野无遮挡,650万,82793元/平,低楼层 (共18层) 3室2厅 | 78.51平米 | 东南,https://ke-image.ljcdn.com/110000-inspection/pc1_Iz2dGntc9.jpg!m_fill,w_280,h_210,f_jpg?from=ke.com
20230824,朝阳,团结湖,101120521750,团结湖南里带电梯高层三居室视野好,529万,65076元/平,高楼层 (共15层) 3室1厅 | 81.29平米 | 西北,https://ke-image.ljcdn.com/110000-inspection/pc1_ZNzLkJbOk.jpg!m_fill,w_280,h_210,f_jpg?from=ke.com
20230824,朝阳,团结湖,101120512852,团结湖北里南北向四居临团结湖公园,695万,69640元/平,顶层 (共6层) 4室1厅 | 99.8平米 | 南 北,https://ke-image.ljcdn.com/110000-inspection/pc1_89xXOGBRa.jpg!m_fill,w_280,h_210,f_jpg?from=ke.com
20230824,朝阳,团结湖,101120512570,团结湖路 中间层 优质两居室  距离10号线地铁站424米,358万,65068元/平,中楼层 (共6层) | 1981年建 | 2室1厅 | 55.02平米 | 东,https://ke-image.ljcdn.com/110000-inspection/pc1_10iTsIEgB.jpg!m_fill,w_280,h_210,f_jpg?from=ke.com
20230824,朝阳,团结湖,101120505818,团结湖北二条 南北三居 小区中间 诚意出售,460万,74676元/平,高楼层 (共6层) 3室0厅 | 61.6平米 | 北 南,https://ke-image.ljcdn.com/110000-inspection/pc1_T2psj8qps.jpg!m_fill,w_280,h_210,f_jpg?from=ke.com
20230824,朝阳,团结湖,101120497498,团结湖公寓70年住宅 民水民电有燃气 明厨明卫一居室,490万,76396元/平,中楼层 (共21层) | 2000年建 | 1室1厅 | 64.14平米 | 东 北,https://ke-image.ljcdn.com/110000-inspection/pc1_hzgXapy9q.jpg!m_fill,w_280,h_210,f_jpg?from=ke.com
20230824,朝阳,团结湖,101120487756,本房中间层东西向田字格三居室小区刚做完环境整改,560万,69992元/平,中楼层 (共6层) | 1981年建 | 3室1厅 | 80.01平米 | 东 西,https://ke-image.ljcdn.com/110000-inspection/pc1_rlvxIp5A9.jpg!m_fill,w_280,h_210,f_jpg?from=ke.com
20230824,朝阳,团结湖,101120487715,钢混结构近团结湖地铁 三里屯 配套齐全 产权清晰,260万,69724元/平,顶层 (共6层) | 1981年建 | 1室1厅 | 37.29平米 | 东,https://ke-image.ljcdn.com/110000-inspection/pc1_Juk0qAp0s.jpg!m_fill,w_280,h_210,f_jpg?from=ke.com
20230824,朝阳,团结湖,101120484406,白家庄东里 中间层 一居室 看房方便,313万,64764元/平,中楼层 (共6层) | 1981年建 | 1室1厅 | 48.33平米 | 南 北,https://ke-image.ljcdn.com/110000-inspection/pc1_8plW1I9E7.jpg!m_fill,w_280,h_210,f_jpg?from=ke.com
20230824,朝阳,团结湖,101120483112,团结湖东里三居室 高楼层 小区管理好,430万,63460元/平,高楼层 (共16层) | 1993年建 | 3室1厅 | 67.76平米 | 东北,https://ke-image.ljcdn.com/110000-inspection/pc1_2JmboXRxB_1.jpg!m_fill,w_280,h_210,f_jpg?from=ke.com
20230824,朝阳,团结湖,101120481616,团结湖公园 地铁10号14号6号 70年产权住宅 民水民电,1298万,62198元/平,高楼层 (共21层) 3室2厅 | 208.69平米 | 南 东 北,https://ke-image.ljcdn.com/110000-inspection/pc1_lR1GXzST0.jpg!m_fill,w_280,h_210,f_jpg?from=ke.com
20230824,朝阳,团结湖,101120481503,团结湖北二条 南向一居 高楼层 视野好,269万,72920元/平,顶层 (共6层) | 1979年建 | 1室1厅 | 36.89平米 | 南,https://ke-image.ljcdn.com/110000-inspection/pc1_E7fjiehRT.jpg!m_fill,w_280,h_210,f_jpg?from=ke.com
20230824,朝阳,团结湖,101120481433,朝阳公园 水利局宿舍家属楼 独立物业管理 采光视野好,275万,73197元/平,中楼层 (共5层) | 1978年建 | 1室1厅 | 37.57平米 | 南,https://ke-image.ljcdn.com/110000-inspection/pc1_xWgx7cfG1.jpg!m_fill,w_280,h_210,f_jpg?from=ke.com
20230824,朝阳,团结湖,101120480283,团结湖北四条 政协宿舍家属楼 管理好 电梯房,460万,77546元/平,高楼层 (共18层) 2室1厅 | 59.32平米 | 南,https://ke-image.ljcdn.com/110000-inspection/pc1_XrNG5cynP.jpg!m_fill,w_280,h_210,f_jpg?from=ke.com
20230824,朝阳,团结湖,101120480284,团结湖北头条 南北朝向 田字格户型三居室 地理位置好,590万,73247元/平,高楼层 (共6层) | 1979年建 | 3室1厅 | 80.55平米 | 南 北,https://ke-image.ljcdn.com/110000-inspection/pc1_Pd2e2vckn.jpg!m_fill,w_280,h_210,f_jpg?from=ke.com
20230824,朝阳,团结湖,101120479575,团结湖公园 小区安静不临街 全南向 采光好 无遮挡,283万,74750元/平,高楼层 (共6层) | 1981年建 | 1室1厅 | 37.86平米 | 南,https://ke-image.ljcdn.com/110000-inspection/94228df9-1ea8-4f5b-969d-24523ed20d6e_1000.jpg!m_fill,w_280,h_210,f_jpg?from=ke.com
20230824,朝阳,团结湖,101120479565,水碓子西里 全南向三居室 近公园地铁,499万,69451元/平,底层 (共12层) 3室0厅 | 71.85平米 | 南,https://ke-image.ljcdn.com/110000-inspection/pc1_fEQHEJ5Wd.jpg!m_fill,w_280,h_210,f_jpg?from=ke.com
20230824,朝阳,团结湖,101120479321,团结湖东里央产房 有电梯 独立物业管理 楼道干净整洁,338万,66958元/平,底层 (共15层) | 1984年建 | 2室1厅 | 50.48平米 | 西,https://ke-image.ljcdn.com/110000-inspection/pc1_es6nmGRzT.jpg!m_fill,w_280,h_210,f_jpg?from=ke.com
20230824,朝阳,团结湖,101120479140,团结湖公园东门 安静小区不临街 小三居 业主诚意出售,568万,83432元/平,低楼层 (共12层) | 1981年建 | 3室1厅 | 68.08平米 | 西南 北,https://ke-image.ljcdn.com/110000-inspection/pc1_3EEbyxYoF.jpg!m_fill,w_280,h_210,f_jpg?from=ke.com
20230824,朝阳,团结湖,101120478670,团结湖东里 南北朝向两居室 90年板楼 生活交通便利,366万,61617元/平,顶层 (共6层) | 1990年建 | 2室1厅 | 59.4平米 | 南 北,https://ke-image.ljcdn.com/110000-inspection/pc1_VwNwgaOLf.jpg!m_fill,w_280,h_210,f_jpg?from=ke.com
20230824,朝阳,团结湖,101120478657,团结湖公园北侧 锦湖园公寓 国企开发物业 精装两居室,670万,70238元/平,低楼层 (共26层) | 2000年建 | 2室1厅 | 95.39平米 | 西北,https://ke-image.ljcdn.com/110000-inspection/pc1_2XHHhoir9.jpg!m_fill,w_280,h_210,f_jpg?from=ke.com
20230824,朝阳,团结湖,101120477026,团结湖公园北侧 1995年 建成南北通透 大客厅 两居室,565万,73092元/平,高楼层 (共6层) | 1995年建 | 2室1厅 | 77.3平米 | 南 北,https://ke-image.ljcdn.com/110000-inspection/pc1_zOhHvTLXn.jpg!m_fill,w_280,h_210,f_jpg?from=ke.com
20230824,朝阳,团结湖,101120468112,团结湖东里 精装修 南北通透两居 90年建成 交通方便房主自荐,550万,61889元/平,中楼层 (共6层) | 1990年建 | 2室1厅 | 88.87平米 | 南 北,https://ke-image.ljcdn.com/110000-inspection/pc1_PUNRAMLuT_1.jpg!m_fill,w_280,h_210,f_jpg?from=ke.com
20230824,朝阳,团结湖,101120463969,中海紫荆豪庭 精装三居 诚意出售,1000万,69147元/平,低楼层 (共30层) | 2000年建 | 3室1厅 | 144.62平米 | 西南,https://ke-image.ljcdn.com/110000-inspection/pc1_cA12il1PV_1.jpg!m_fill,w_280,h_210,f_jpg?from=ke.com
20230824,朝阳,团结湖,101120459120,团结湖北里 南北通透三居室 近地铁公园,408万,64506元/平,顶层 (共6层) 3室1厅 | 63.25平米 | 南 北,https://ke-image.ljcdn.com/110000-inspection/pc1_QHh24R9J0_1.jpg!m_fill,w_280,h_210,f_jpg?from=ke.com
20230824,朝阳,团结湖,101120442130,国贸三里屯 白家庄东里 交通便利  靠谱出售,385万,67544元/平,中楼层 (共5层) | 1979年建 | 2室1厅 | 57平米 | 南 北,https://ke-image.ljcdn.com/110000-inspection/pc1_LuRT4lUAj.jpg!m_fill,w_280,h_210,f_jpg?from=ke.com
20230824,朝阳,团结湖,101120433639,南北通透采光无遮挡视野开阔近地铁出现便利,420万,68628元/平,高楼层 (共6层) | 1981年建 | 2室1厅 | 61.2平米 | 南 北,https://ke-image.ljcdn.com/110000-inspection/pc1_nPV678YXC.jpg!m_fill,w_280,h_210,f_jpg?from=ke.com
20230824,朝阳,团结湖,101120427002,团结湖公寓70年产权 民水民电有燃气 龙湖物业管理好,850万,72273元/平,底层 (共21层) | 2000年建 | 3室1厅 | 117.61平米 | 南,https://ke-image.ljcdn.com/110000-inspection/pc1_NNBYNqWbx.jpg!m_fill,w_280,h_210,f_jpg?from=ke.com
20230824,朝阳,团结湖,101120426086,团结湖大两居 2000年住宅 民水民电  有燃气 龙湖物业,800万,75967元/平,低楼层 (共21层) | 2000年建 | 2室1厅 | 105.31平米 | 西南,https://ke-image.ljcdn.com/110000-inspection/pc1_Hj67AdE0j.jpg!m_fill,w_280,h_210,f_jpg?from=ke.com
20230824,朝阳,团结湖,101120418777,呼家楼非底层南北两居室南北通透两居室小区中间不临街,390万,68747元/平,低楼层 (共6层) 2室1厅 | 56.73平米 | 南 北,https://ke-image.ljcdn.com/110000-inspection/pc1_fmjbn41Gr_1.jpg!m_fill,w_280,h_210,f_jpg?from=ke.com
20230824,朝阳,团结湖,101120405494,团结湖公寓双入户顶层复式 层高2.8米3.2米 采光视野好,1680万,70120元/平,顶层 (共21层) | 2000年建 | 5室3厅 | 239.59平米 | 东 南 西,https://ke-image.ljcdn.com/110000-inspection/pc1_KGWGpnqp4.jpg!m_fill,w_280,h_210,f_jpg?from=ke.com
20230824,朝阳,团结湖,101120402633,精装修拎包住已做坡顶视野开阔采光好朝阳公园南门,508万,74706元/平,顶层 (共6层) 3室1厅 | 68平米 | 南 北,https://ke-image.ljcdn.com/110000-inspection/6bd6d114-5fa6-4469-85db-ce66acac3812_1000.jpg!m_fill,w_280,h_210,f_jpg?from=ke.com
20230824,朝阳,团结湖,101120399154,团结湖北五条非顶层朝南一居室采光好无遮挡团结湖地铁,266万,67291元/平,高楼层 (共6层) | 1984年建 | 1室1厅 | 39.53平米 | 南,https://ke-image.ljcdn.com/110000-inspection/pc1_gSJ3IYGle.jpg!m_fill,w_280,h_210,f_jpg?from=ke.com
20230824,朝阳,团结湖,101120398404,团结湖地铁中间层明厨明卫南北一室一厅采光通风好,328万,67867元/平,中楼层 (共6层) | 1981年建 | 1室1厅 | 48.33平米 | 南 北,https://ke-image.ljcdn.com/110000-inspection/pc1_jxZ5zJ93T.jpg!m_fill,w_280,h_210,f_jpg?from=ke.com
20230824,朝阳,团结湖,101120387912,摩码大厦小区正南向1居室商品房70年产权住宅,335万,60252元/平,低楼层 (共20层) | 2003年建 | 1室1厅 | 55.6平米 | 南,https://ke-image.ljcdn.com/110000-inspection/pc1_56cnvXljU.jpg!m_fill,w_280,h_210,f_jpg?from=ke.com
20230824,朝阳,团结湖,101120385994,东三环 团结湖中路北社区  南北通透  中间楼层 两居室房主自荐,459万,75506元/平,中楼层 (共6层) | 1979年建 | 2室1厅 | 60.79平米 | 南 北,https://ke-image.ljcdn.com/110000-inspection/a9a494cf-aa06-4c84-a536-f3ea322d6a41_1000.jpg!m_fill,w_280,h_210,f_jpg?from=ke.com
20230824,朝阳,团结湖,101120384992,东三环 团结湖中路南社区  精装修 朝南两居室拎包入住,420万,85210元/平,顶层 (共6层) | 1981年建 | 2室1厅 | 49.29平米 | 南,https://ke-image.ljcdn.com/110000-inspection/pc1_atIez3A0j.jpg!m_fill,w_280,h_210,f_jpg?from=ke.com
20230824,朝阳,团结湖,101120384952,团结湖中路南三条南北通透精装修两居室满五年诚意售,420万,69023元/平,高楼层 (共6层) | 1980年建 | 2室1厅 | 60.85平米 | 南 北,https://ke-image.ljcdn.com/110000-inspection/pc1_cSNnF5PET.jpg!m_fill,w_280,h_210,f_jpg?from=ke.com
20230824,朝阳,团结湖,101120382321,团结湖北口小区南北通透下楼有地铁10号线C口,510万,71913元/平,高楼层 (共16层) 3室1厅 | 70.92平米 | 南 北,https://ke-image.ljcdn.com/110000-inspection/pc1_2ydVMgFdH.jpg!m_fill,w_280,h_210,f_jpg?from=ke.com
20230824,朝阳,团结湖,101120382061,团结湖东里南向一居 电梯高层采光视野好 92年建楼龄新,350万,75253元/平,顶层 (共16层) | 1992年建 | 1室1厅 | 46.51平米 | 南,https://ke-image.ljcdn.com/110000-inspection/9b35bd81-3bf5-41f1-be47-f1a9d2f565d0_1000.jpg!m_fill,w_280,h_210,f_jpg?from=ke.com
20230824,朝阳,团结湖,101120381061,团结湖北三条小区 田字格三居室,580万,72320元/平,顶层 (共5层) 3室1厅 | 80.2平米 | 南 北,https://ke-image.ljcdn.com/110000-inspection/ce885bba-4608-4654-9567-29905e0fd2ad_1000.jpg!m_fill,w_280,h_210,f_jpg?from=ke.com
20230824,朝阳,团结湖,101120379874,团结湖东里 西南两居 看房方便,389万,63552元/平,底层 (共16层) | 1992年建 | 2室1厅 | 61.21平米 | 西南,https://ke-image.ljcdn.com/110000-inspection/pc1_nJrOS9FFH_1.jpg!m_fill,w_280,h_210,f_jpg?from=ke.com
20230824,朝阳,团结湖,101120377251,白家庄东里 精装修 两居室 看房方便,415万,70387元/平,中楼层 (共6层) | 1979年建 | 2室1厅 | 58.96平米 | 东 西,https://ke-image.ljcdn.com/110000-inspection/pc1_urzZiythr.jpg!m_fill,w_280,h_210,f_jpg?from=ke.com
20230824,朝阳,团结湖,101120375840,双南向两居室无遮挡不临街安静整洁,254万,50099元/平,底层 (共5层) | 1978年建 | 2室1厅 | 50.7平米 | 南,https://ke-image.ljcdn.com/110000-inspection/pc1_fxoXW9nRz.jpg!m_fill,w_280,h_210,f_jpg?from=ke.com
20230824,朝阳,团结湖,101120364266,团结湖路双卧朝南向两居室中间楼层近地铁,387万,79959元/平,中楼层 (共5层) 2室1厅 | 48.4平米 | 南 北,https://ke-image.ljcdn.com/110000-inspection/2fca3092-1683-4b48-8ceb-f62161197406_1000.jpg!m_fill,w_280,h_210,f_jpg?from=ke.com
20230824,朝阳,团结湖,101120363022,东三环北路30号高层复式业主诚意出售,1400万,48988元/平,高楼层 (共30层) | 2000年建 | 6室3厅 | 285.79平米 | 东 东南 西,https://ke-image.ljcdn.com/110000-inspection/pc1_4z4C9gFqy_1.jpg!m_fill,w_280,h_210,f_jpg?from=ke.com
20230824,朝阳,团结湖,101120362372,团结湖北口南向两居室户型方正居住便利,365万,63380元/平,底层 (共16层) | 1982年建 | 2室1厅 | 57.59平米 | 南,https://ke-image.ljcdn.com/110000-inspection/pc1_EIXAAUtAo.jpg!m_fill,w_280,h_210,f_jpg?from=ke.com
20230824,朝阳,团结湖,101120362039,东三环北路30号优质两居室业主诚意出售,670万,61110元/平,低楼层 (共30层) | 2000年建 | 2室1厅 | 109.64平米 | 西北,https://ke-image.ljcdn.com/110000-inspection/pc1_fvpA5ANdH_1.jpg!m_fill,w_280,h_210,f_jpg?from=ke.com
20230824,朝阳,团结湖,101120358857,东三环团结湖2居 南北向 钢混结构 满五年唯一 地铁站,368万,59596元/平,顶层 (共6层) | 1979年建 | 2室1厅 | 61.75平米 | 南 北,https://ke-image.ljcdn.com/110000-inspection/16073200-9dee-4511-8dd6-a3f6be4e4256_1000.jpg!m_fill,w_280,h_210,f_jpg?from=ke.com
20230824,朝阳,团结湖,101120358774,团结湖全南向小2居 采光好 满五年 配套齐全 交通便利,298万,59900元/平,顶层 (共6层) 2室1厅 | 49.75平米 | 南,https://ke-image.ljcdn.com/110000-inspection/pc1_j1QXpu0s5.jpg!m_fill,w_280,h_210,f_jpg?from=ke.com
20230824,朝阳,团结湖,101120358302,中海紫荆豪庭观景两居三环边公园旁6、10号双地铁,880万,63214元/平,低楼层 (共30层) 2室1厅 | 139.21平米 | 东北,https://ke-image.ljcdn.com/110000-inspection/pc1_ctx4LqxcS_1.jpg!m_fill,w_280,h_210,f_jpg?from=ke.com
20230824,朝阳,团结湖,101120357210,团结湖路采光视野很好 已经平改坡 小区环好,256万,68652元/平,顶层 (共6层) 1室1厅 | 37.29平米 | 东,https://ke-image.ljcdn.com/110000-inspection/dcd45678-5865-49b3-b158-f53ef3305a57_1000.jpg!m_fill,w_280,h_210,f_jpg?from=ke.com
20230824,朝阳,团结湖,101120356415,团结湖东里 精装 两居室 可以直接拎包入住,480万,80416元/平,顶层 (共6层) | 1991年建 | 2室1厅 | 59.69平米 | 南 北,https://ke-image.ljcdn.com/110000-inspection/310bfe8d-18a3-468a-8a4a-1bfc615ed36a_1000.jpg!m_fill,w_280,h_210,f_jpg?from=ke.com
20230824,朝阳,团结湖,101120355718,团结湖北三条 精装修 南北通透两居 带客厅,475万,77590元/平,中楼层 (共6层) | 1979年建 | 2室1厅 | 61.22平米 | 南 北,https://ke-image.ljcdn.com/110000-inspection/pc1_y8gRbp1X7_1.jpg!m_fill,w_280,h_210,f_jpg?from=ke.com
20230824,朝阳,团结湖,101120354761,团结湖水利局宿舍 2室1厅 南 北,380万,74205元/平,中楼层 (共5层) | 1976年建 | 2室1厅 | 51.21平米 | 南 北,https://ke-image.ljcdn.com/110000-inspection/pc1_OSaobXLFt.jpg!m_fill,w_280,h_210,f_jpg?from=ke.com
20230824,朝阳,团结湖,101120354309,团结湖 2室1厅 全南向 采光好 钢混 近地铁,360万,64994元/平,顶层 (共6层) | 1980年建 | 2室1厅 | 55.39平米 | 南,https://ke-image.ljcdn.com/110000-inspection/pc1_fvrQY7WEu.jpg!m_fill,w_280,h_210,f_jpg?from=ke.com
20230824,朝阳,团结湖,101120349044,团结湖北五条 正规两室一厅  楼龄新 1997年的楼,515万,71558元/平,底层 (共18层) | 1997年建 | 2室1厅 | 71.97平米 | 西南,https://ke-image.ljcdn.com/110000-inspection/pc1_n63jfHOJk.jpg!m_fill,w_280,h_210,f_jpg?from=ke.com
20230824,朝阳,团结湖,101120348389,水碓子社区南边通透全明户型到呼家楼地铁站600米,370万,56924元/平,顶层 (共5层) 2室1厅 | 65平米 | 南 北,https://ke-image.ljcdn.com/110000-inspection/1a839eaa-5600-48a9-90ab-35846d7a7d5c_1000.jpg!m_fill,w_280,h_210,f_jpg?from=ke.com
20230824,朝阳,团结湖,101120347426,团结湖公园对面南北通透带客厅两居室视野好,398万,65623元/平,顶层 (共6层) | 1980年建 | 2室1厅 | 60.65平米 | 南 北,https://ke-image.ljcdn.com/110000-inspection/pc1_JGuoOtdeJ.jpg!m_fill,w_280,h_210,f_jpg?from=ke.com
20230824,朝阳,团结湖,101120338942,水碓子社区南向满五年两居室光线视野好诚意出售,385万,60345元/平,顶层 (共5层) | 1965年建 | 2室1厅 | 63.8平米 | 南,https://ke-image.ljcdn.com/110000-inspection/pc1_jcNq7qdcn.jpg!m_fill,w_280,h_210,f_jpg?from=ke.com
20230824,朝阳,团结湖,101120335860,团结湖南里精装修两居室看房方便,379万,67283元/平,顶层 (共5层) | 1977年建 | 2室0厅 | 56.33平米 | 东 西 南,https://ke-image.ljcdn.com/110000-inspection/pc1_lb3mPL7Xd.jpg!m_fill,w_280,h_210,f_jpg?from=ke.com
20230824,朝阳,团结湖,101120322118,东三环团结湖1居 中间楼层 钢混结构 近地铁,280万,74488元/平,中楼层 (共6层) | 1979年建 | 1室1厅 | 37.59平米 | 东,https://ke-image.ljcdn.com/110000-inspection/0a747421-f72a-4609-aca3-80bab300b314_1000.jpg!m_fill,w_280,h_210,f_jpg?from=ke.com
20230824,朝阳,团结湖,101120321756,金台路中间层一居室朝南无遮挡小区中间安静整洁,278万,74352元/平,中楼层 (共6层) 1室1厅 | 37.39平米 | 南,https://ke-image.ljcdn.com/110000-inspection/pc1_GlEOshjoP.jpg!m_fill,w_280,h_210,f_jpg?from=ke.com
20230824,朝阳,团结湖,101120314600,团结湖中路北二条南北通透3居室,197万,38290元/平,地下室 (共5层) | 1979年建 | 3室1厅 | 51.45平米 | 南 北,https://ke-image.ljcdn.com/110000-inspection/pc1_tQUjLTjw1.jpg!m_fill,w_280,h_210,f_jpg?from=ke.com
20230824,朝阳,团结湖,101120313836,70年大产权精装修朝向采光好视野好无遮挡,233万,53625元/平,中楼层 (共20层) | 2003年建 | 1室0厅 | 43.45平米 | 东,https://ke-image.ljcdn.com/110000-inspection/pc1_27W60WXkk.jpg!m_fill,w_280,h_210,f_jpg?from=ke.com
20230824,朝阳,团结湖,101120310118,通透2居水碓子社区  团结湖公园一路之隔,320万,67768元/平,顶层 (共5层) | 1978年建 | 2室0厅 | 47.22平米 | 南 北,https://ke-image.ljcdn.com/110000-inspection/pc1_4A4pMMA4a.jpg!m_fill,w_280,h_210,f_jpg?from=ke.com
20230824,朝阳,团结湖,101120309530,摩码大厦 1室0厅 东,290万,63976元/平,高楼层 (共20层) | 2003年建 | 1室0厅 | 45.33平米 | 东,https://ke-image.ljcdn.com/110000-inspection/pc1_4AfdNQoBI.jpg!m_fill,w_280,h_210,f_jpg?from=ke.com
20230824,朝阳,团结湖,101120309414,团结湖中路南二条朝南一居室。,320万,79091元/平,高楼层 (共6层) | 1981年建 | 1室1厅 | 40.46平米 | 南,https://ke-image.ljcdn.com/110000-inspection/pc1_FXQd2B8Cu.jpg!m_fill,w_280,h_210,f_jpg?from=ke.com
20230824,朝阳,团结湖,101120308924,团结湖中路南三条朝南一居室。,245万,65526元/平,顶层 (共6层) | 1981年建 | 1室1厅 | 37.39平米 | 南,https://ke-image.ljcdn.com/110000-inspection/pc1_0arkax0Tp.jpg!m_fill,w_280,h_210,f_jpg?from=ke.com
20230824,朝阳,团结湖,101120287930,水碓子社区  地铁6号线10号线沿线 精装修两居,369万,78145元/平,中楼层 (共5层) | 1975年建 | 2室0厅 | 47.22平米 | 南 北,https://ke-image.ljcdn.com/110000-inspection/a823a669-43b6-4580-8034-0a11e479d9c5_1000.jpg!m_fill,w_280,h_210,f_jpg?from=ke.com
20230824,朝阳,团结湖,101120282649,团结湖非底层朝南两居室安静 团结湖公园金台路地铁,369万,68473元/平,低楼层 (共6层) | 1981年建 | 2室1厅 | 53.89平米 | 南 北,https://ke-image.ljcdn.com/110000-inspection/pc1_QHQuKhrcb.jpg!m_fill,w_280,h_210,f_jpg?from=ke.com
20230824,朝阳,团结湖,101120281161,此房满五年唯一带电梯随时可看业主诚意售房。,418万,82138元/平,低楼层 (共12层) 2室1厅 | 50.89平米 | 东南,https://ke-image.ljcdn.com/110000-inspection/pc1_PnusJOSfM.jpg!m_fill,w_280,h_210,f_jpg?from=ke.com
20230824,朝阳,团结湖,101120277219,团结湖中路北一条 南北透通三居室 精装修 近公园地铁,460万,72191元/平,底层 (共5层) | 1979年建 | 3室1厅 | 63.72平米 | 南 北,https://ke-image.ljcdn.com/110000-inspection/pc1_Vsc1WEXbG.jpg!m_fill,w_280,h_210,f_jpg?from=ke.com
20230824,朝阳,团结湖,101120271642,团结湖公园 南北一居室 近公园近地铁,290万,66180元/平,顶层 (共6层) | 1981年建 | 1室1厅 | 43.82平米 | 南 北,https://ke-image.ljcdn.com/110000-inspection/01b8f7cd-fee3-4b10-b0a3-4cbad31b6710_1000.jpg!m_fill,w_280,h_210,f_jpg?from=ke.com
20230824,朝阳,团结湖,101120247875,团结湖南里 近呼家楼地铁站 近团结湖公园,510万,62739元/平,低楼层 (共15层) | 1985年建 | 3室1厅 | 81.29平米 | 西北,https://ke-image.ljcdn.com/110000-inspection/pc1_E5l4CRX1Z.jpg!m_fill,w_280,h_210,f_jpg?from=ke.com
20230824,朝阳,团结湖,101120245612,团结湖精装一居室 团结湖南里 呼家楼地铁 团结湖公园,346万,80112元/平,高楼层 (共15层) | 1985年建 | 1室1厅 | 43.19平米 | 东,https://ke-image.ljcdn.com/110000-inspection/45cf3305-5f0f-4802-9dc1-29acdb2f31a4_1000.jpg!m_fill,w_280,h_210,f_jpg?from=ke.com
20230824,朝阳,团结湖,101120241338,团结湖公寓跃层住宅适合两代人居住民水民电有燃气,1890万,68665元/平,顶层 (共21层) 5室3厅 | 275.25平米 | 东南 南,https://ke-image.ljcdn.com/110000-inspection/pc1_nJP7Bw4AL.jpg!m_fill,w_280,h_210,f_jpg?from=ke.com
20230824,朝阳,团结湖,101120236002,东三环团结湖公园小区管理好无遮挡两居室团结湖北里,350万,62079元/平,顶层 (共5层) 2室1厅 | 56.38平米 | 东 西,https://ke-image.ljcdn.com/110000-inspection/pc1_1kCZI1E8s_1.jpg!m_fill,w_280,h_210,f_jpg?from=ke.com
20230824,朝阳,团结湖,101120235078,团结湖水利局宿舍 单独院落 24小时保安 管理好房主自荐,392万,60870元/平,顶层 (共5层) | 1976年建 | 3室1厅 | 64.4平米 | 南 西 北,https://ke-image.ljcdn.com/110000-inspection/pc1_WlHeQ8gkA.jpg!m_fill,w_280,h_210,f_jpg?from=ke.com
20230824,朝阳,团结湖,101120184067,水碓子社区 2室1厅 南 北房主自荐,350万,73903元/平,中楼层 (共5层) | 1975年建 | 2室1厅 | 47.36平米 | 南 北,https://ke-image.ljcdn.com/110000-inspection/pc1_hDVwamswS.jpg!m_fill,w_280,h_210,f_jpg?from=ke.com
20230824,朝阳,团结湖,101120181071,团结湖北头条全南一居室楼层高视野好交通便利,339万,76593元/平,中楼层 (共10层) 1室1厅 | 44.26平米 | 南 北,https://ke-image.ljcdn.com/110000-inspection/pc1_3LFk5Q0jf_1.jpg!m_fill,w_280,h_210,f_jpg?from=ke.com
20230824,朝阳,团结湖,101120141340,白家庄东里 非顶层 精装修 小区中间 不临街 两居室,355万,64394元/平,高楼层 (共6层) | 1979年建 | 2室1厅 | 55.13平米 | 西北,https://ke-image.ljcdn.com/110000-inspection/pc1_0TauWNZX0.jpg!m_fill,w_280,h_210,f_jpg?from=ke.com
20230824,朝阳,团结湖,101120083958,团结湖北头条南北通透两室一厅 地铁10号线,460万,75299元/平,低楼层 (共6层) | 1981年建 | 2室1厅 | 61.09平米 | 南 北,https://ke-image.ljcdn.com/110000-inspection/8a501ecb-73b1-4758-97be-a6a503441023_1000.jpg!m_fill,w_280,h_210,f_jpg?from=ke.com
20230824,朝阳,团结湖,101119892439,中海紫荆豪庭精装修观景公园采光好视野好楼下地铁口房主自荐,810万,74333元/平,低楼层 (共30层) 2室1厅 | 108.97平米 | 东北,https://ke-image.ljcdn.com/110000-inspection/ad215f29-cff2-44a1-b4be-363765e6e101_1000.jpg!m_fill,w_280,h_210,f_jpg?from=ke.com
20230824,朝阳,团结湖,101119826288,水碓子社区满五唯一中间层两居室诚意出售看房方便,480万,72486元/平,中楼层 (共5层) 2室1厅 | 66.22平米 | 东 西,https://ke-image.ljcdn.com/110000-inspection/db68f85c-e283-484c-aae1-6c14014ee53e_1000.jpg!m_fill,w_280,h_210,f_jpg?from=ke.com
20230824,朝阳,团结湖,101119721058,中海紫荆豪庭 2000年商品房小区 出小区东三环位置好房主自荐,720万,65736元/平,中楼层 (共30层) | 2000年建 | 2室1厅 | 109.53平米 | 东北,https://ke-image.ljcdn.com/110000-inspection/pc1_W33fKPQjb_1.jpg!m_fill,w_280,h_210,f_jpg?from=ke.com
20230824,朝阳,团结湖,101119660200,呼家楼地铁团结湖公园落地窗无遮挡 西南满五99年钢混,999万,78792元/平,低楼层 (共20层) 3室1厅 | 126.79平米 | 西南,https://ke-image.ljcdn.com/110000-inspection/pc1_0V5y8WJ2H.jpg!m_fill,w_280,h_210,f_jpg?from=ke.com
20230824,朝阳,团结湖,101119558723,团结湖中路北一条南向满五年小两居室看房有钥匙好房,298万,69529元/平,顶层 (共5层) | 1978年建 | 2室1厅 | 42.86平米 | 南,https://ke-image.ljcdn.com/110000-inspection/pc1_1vUN0DtJ3.jpg!m_fill,w_280,h_210,f_jpg?from=ke.com
20230824,朝阳,团结湖,101119430953,朝南精装修两室一厅有电梯中间层采光无遮挡视野开阔,475万,83173元/平,中楼层 (共12层) | 1984年建 | 2室1厅 | 57.11平米 | 南,https://ke-image.ljcdn.com/110000-inspection/pc1_S5wGIn4wy.jpg!m_fill,w_280,h_210,f_jpg?from=ke.com
20230824,朝阳,团结湖,101119359509,团结湖东里 外交部宿舍 东南三居 有电梯 精装修,990万,78082元/平,低楼层 (共20层) | 1999年建 | 3室1厅 | 126.79平米 | 东南,https://ke-image.ljcdn.com/110000-inspection/b883da99-7fa5-49f9-832a-9c5f260f619f_1000.jpg!m_fill,w_280,h_210,f_jpg?from=ke.com
20230824,朝阳,团结湖,101119358507,团结湖北二条 精装修 南向两居室,439万,71013元/平,顶层 (共10层) | 1981年建 | 2室1厅 | 61.82平米 | 南 北,https://ke-image.ljcdn.com/110000-inspection/b2f41e15-18fa-410c-b04b-4625cc0a2daf_1000.jpg!m_fill,w_280,h_210,f_jpg?from=ke.com
20230824,朝阳,团结湖,101119339867,东三环 白家庄东里 1995年楼龄 精装修房主自荐,450万,79464元/平,底层 (共12层) | 1995年建 | 2室1厅 | 56.63平米 | 南,https://ke-image.ljcdn.com/110000-inspection/5a73d511-153e-4002-b6cd-9d2a405d4ab2_1000.jpg!m_fill,w_280,h_210,f_jpg?from=ke.com
20230824,朝阳,团结湖,101119323785,水碓子社区小区中间1居室小区中间,242万,70637元/平,低楼层 (共3层) | 1980年建 | 1室0厅 | 34.26平米 | 西 东,https://ke-image.ljcdn.com/110000-inspection/pc1_OxTDm7ils_1.jpg!m_fill,w_280,h_210,f_jpg?from=ke.com
20230824,朝阳,团结湖,101119253173,南北通透格局视野宽阔采光好无遮挡,420万,71612元/平,顶层 (共5层) | 1979年建 | 3室1厅 | 58.65平米 | 南 北,https://ke-image.ljcdn.com/110000-inspection/pc1_9DL6TicLx.jpg!m_fill,w_280,h_210,f_jpg?from=ke.com
20230824,朝阳,团结湖,101119120649,水碓子社区  一层精装两居  明厨明卫房主自荐,510万,75000元/平,底层 (共5层) | 1964年建 | 2室0厅 | 68平米 | 南 北,https://ke-image.ljcdn.com/110000-inspection/pc1_CvCB42xTM.jpg!m_fill,w_280,h_210,f_jpg?from=ke.com
20230824,朝阳,团结湖,101119106734,水碓子社区 2室1厅 南 北,385万,77124元/平,顶层 (共5层) 2室1厅 | 49.92平米 | 南 北,https://ke-image.ljcdn.com/110000-inspection/pc1_599KPUxIZ_1.jpg!m_fill,w_280,h_210,f_jpg?from=ke.com
20230824,朝阳,团结湖,101119100018,水碓子社区 3室1厅 南 北,465万,74651元/平,中楼层 (共5层) | 1975年建 | 3室1厅 | 62.29平米 | 南 北,https://ke-image.ljcdn.com/110000-inspection/3934a154-e8a8-4cc3-9f03-be9e95aa206b_1000.jpg!m_fill,w_280,h_210,f_jpg?from=ke.com
20230824,朝阳,团结湖,101119099452,团结湖东里 满五年唯一 交通便利,383万,75887元/平,底层 (共6层) | 1987年建 | 2室1厅 | 50.47平米 | 南 北,https://ke-image.ljcdn.com/110000-inspection/pc1_b67EXB558_1.jpg!m_fill,w_280,h_210,f_jpg?from=ke.com
20230824,朝阳,团结湖,101119059276,团结湖 呼家楼 锦湖园公寓两居 光线好 楼层高,750万,64745元/平,中楼层 (共26层) | 2000年建 | 2室1厅 | 115.84平米 | 北,https://ke-image.ljcdn.com/110000-inspection/pc1_Al0UrCP5D_1.jpg!m_fill,w_280,h_210,f_jpg?from=ke.com
20230824,朝阳,团结湖,101119017634,团结湖南里 电梯直达 单价合适 近公园近地铁,399万,63718元/平,低楼层 (共15层) | 1985年建 | 2室1厅 | 62.62平米 | 东 北,https://ke-image.ljcdn.com/110000-inspection/pc1_tPHm5901H_1.jpg!m_fill,w_280,h_210,f_jpg?from=ke.com
20230824,朝阳,团结湖,101118952944,东三环 呼家楼地铁口 近团结湖公园 双南向两居室房主自荐,524万,70735元/平,高楼层 (共15层) | 1985年建 | 2室1厅 | 74.08平米 | 南,https://ke-image.ljcdn.com/110000-inspection/pc1_nfmWC16aj.jpg!m_fill,w_280,h_210,f_jpg?from=ke.com
20230824,朝阳,团结湖,101118938318,团结湖 白家庄 东西通透 两居室  成本少,339万,58631元/平,顶层 (共6层) | 1979年建 | 2室1厅 | 57.82平米 | 东 北 西,https://ke-image.ljcdn.com/110000-inspection/pc1_gyliSqjCm.jpg!m_fill,w_280,h_210,f_jpg?from=ke.com
20230824,朝阳,团结湖,101118929365,团结湖北五条 满五年 中间楼层 有电梯 楼龄新,538万,64086元/平,中楼层 (共18层) | 1998年建 | 2室1厅 | 83.95平米 | 北,https://ke-image.ljcdn.com/110000-inspection/pc1_PELSaZCxf.jpg!m_fill,w_280,h_210,f_jpg?from=ke.com
20230824,朝阳,团结湖,101118898615,团结湖地铁10号 双南小两居 采光好 无遮挡,350万,69486元/平,高楼层 (共6层) | 1983年建 | 2室1厅 | 50.37平米 | 南,https://ke-image.ljcdn.com/110000-inspection/pc1_pyNGXKvM6_1.jpg!m_fill,w_280,h_210,f_jpg?from=ke.com
20230824,朝阳,团结湖,101118871706,改善大三居楼龄新团结湖公园边上环境好满五唯一,1430万,84153元/平,中楼层 (共26层) | 2000年建 | 3室1厅 | 169.93平米 | 东南,https://ke-image.ljcdn.com/110000-inspection/pc1_dyaqqnNAj_1.jpg!m_fill,w_280,h_210,f_jpg?from=ke.com
20230824,朝阳,团结湖,101118865690,团结湖北口南向高层精装修一居室业主诚意出售,282万,78074元/平,顶层 (共16层) | 1982年建 | 1室1厅 | 36.12平米 | 南 西,https://ke-image.ljcdn.com/110000-inspection/pc1_Ga7SjbLrZ.jpg!m_fill,w_280,h_210,f_jpg?from=ke.com
20230824,朝阳,团结湖,101118863763,东三环 团结湖  南北通透  中间楼层  实用小三居,408万,72728元/平,中楼层 (共5层) 3室1厅 | 56.1平米 | 北 南 西,https://ke-image.ljcdn.com/110000-inspection/pc1_avxMUOtMi.jpg!m_fill,w_280,h_210,f_jpg?from=ke.com
20230824,朝阳,团结湖,101118850137,白家庄东里 电梯房 高层三居室 南北通透,626万,77948元/平,顶层 (共15层) | 1991年建 | 3室1厅 | 80.31平米 | 西南 北,https://ke-image.ljcdn.com/110000-inspection/pc1_SOpip6Fho.jpg!m_fill,w_280,h_210,f_jpg?from=ke.com
20230824,朝阳,团结湖,101118848646,白家庄东里 东西两居室 视野好 看房方便房主自荐,406万,68861元/平,顶层 (共6层) | 1979年建 | 2室1厅 | 58.96平米 | 东 西,https://ke-image.ljcdn.com/110000-inspection/74710983-1abc-425f-8e05-18b11b5f233c_1000.jpg!m_fill,w_280,h_210,f_jpg?from=ke.com
20230824,朝阳,团结湖,101118848526,东三环水利局家属院 管理好 全天门卫 南北通透 2层房主自荐,399万,66038元/平,低楼层 (共6层) | 1980年建 | 2室1厅 | 60.42平米 | 南 北,https://ke-image.ljcdn.com/110000-inspection/pc1_z3LD0Cbq4.jpg!m_fill,w_280,h_210,f_jpg?from=ke.com
20230824,朝阳,团结湖,101118831463,满五唯一南北通透精装修物业管理好24小时保安,455万,74408元/平,高楼层 (共6层) | 1979年建 | 2室1厅 | 61.15平米 | 南 北,https://ke-image.ljcdn.com/110000-inspection/fd34da75-999b-4c5e-b5c4-1cc45c3e162a_1000.jpg!m_fill,w_280,h_210,f_jpg?from=ke.com
20230824,朝阳,团结湖,101118790092,朝阳公园地铁10号14号 双南两居 采光好 无遮挡,329万,65317元/平,顶层 (共6层) | 1983年建 | 2室1厅 | 50.37平米 | 南,https://ke-image.ljcdn.com/110000-inspection/pc1_kQ6TcM0KO.jpg!m_fill,w_280,h_210,f_jpg?from=ke.com
20230824,朝阳,团结湖,101118789374,团结湖公寓70年产权 民水民电有燃气 明厨明卫龙湖物业,508万,79202元/平,中楼层 (共21层) | 2000年建 | 1室1厅 | 64.14平米 | 东 北,https://ke-image.ljcdn.com/110000-inspection/pc1_lcxKoPk5t.jpg!m_fill,w_280,h_210,f_jpg?from=ke.com
20230824,朝阳,团结湖,101118786052,团结湖公寓70年产权 民水民电有燃气 龙湖物业管理好,380万,60137元/平,中楼层 (共21层) | 2000年建 | 1室1厅 | 63.19平米 | 北,https://ke-image.ljcdn.com/110000-inspection/pc1_ytt7Ekm7O.jpg!m_fill,w_280,h_210,f_jpg?from=ke.com
20230824,朝阳,团结湖,101118785988,团结湖东里 精装修 单独管理 采光好 无遮挡 干净整洁,259万,69887元/平,底层 (共15层) | 1984年建 | 1室1厅 | 37.06平米 | 东,https://ke-image.ljcdn.com/110000-inspection/pc1_VPVtVjGz0_1.jpg!m_fill,w_280,h_210,f_jpg?from=ke.com
20230824,朝阳,团结湖,101118785933,团结湖东里87年朝南一居室采光好管理好,320万,75974元/平,底层 (共16层) | 1987年建 | 1室1厅 | 42.12平米 | 南,https://ke-image.ljcdn.com/110000-inspection/pc1_jl6aoLS3T.jpg!m_fill,w_280,h_210,f_jpg?from=ke.com
20230824,朝阳,团结湖,101118779826,70年产权住宅民水民电有燃气龙湖物业人车分流,1239万,59371元/平,中楼层 (共21层) | 2000年建 | 4室1厅 | 208.69平米 | 西北,https://ke-image.ljcdn.com/110000-inspection/pc1_shysPRHyE.jpg!m_fill,w_280,h_210,f_jpg?from=ke.com
20230824,朝阳,团结湖,101118778016,水利局家属院 24小时保安 小区安静 管理好 诚意出售,358万,66113元/平,顶层 (共6层) | 1980年建 | 2室1厅 | 54.15平米 | 东,https://ke-image.ljcdn.com/110000-inspection/f7045275-9386-4a0a-8c03-bf70e4ea4ff9_1000.jpg!m_fill,w_280,h_210,f_jpg?from=ke.com
20230824,朝阳,团结湖,101118778011,东三环团结湖民航局宿舍 南北通透 1992年 独立下水,451万,72637元/平,底层 (共6层) 2室1厅 | 62.09平米 | 南 北,https://ke-image.ljcdn.com/110000-inspection/33190316-c2df-4af8-9ea8-bdee40925666_1000.jpg!m_fill,w_280,h_210,f_jpg?from=ke.com
20230824,朝阳,团结湖,101118778009,东三环团结湖 民航局家属院1居 1992年建成 独立下水,336万,78286元/平,底层 (共6层) 1室1厅 | 42.92平米 | 南,https://ke-image.ljcdn.com/110000-inspection/c962d2f4-3b55-4ff8-9207-1857700329a7_1000.jpg!m_fill,w_280,h_210,f_jpg?from=ke.com
20230824,朝阳,团结湖,101118776641,团结湖中路北一条  南向一居室 精装修,285万,78665元/平,底层 (共5层) | 1979年建 | 1室1厅 | 36.23平米 | 南,https://ke-image.ljcdn.com/110000-inspection/pc1_DMtp3aTy3.jpg!m_fill,w_280,h_210,f_jpg?from=ke.com
20230824,朝阳,团结湖,101118775735,水碓子社区 明厨明卫  产权清晰 满五唯一,398万,61231元/平,顶层 (共5层) 2室1厅 | 65平米 | 南 北,https://ke-image.ljcdn.com/110000-inspection/pc1_khThxNUgE.jpg!m_fill,w_280,h_210,f_jpg?from=ke.com
20230824,朝阳,团结湖,101118682662,团结湖路高楼层视野采光好无遮挡,379万,58989元/平,顶层 (共6层) | 1979年建 | 2室1厅 | 64.25平米 | 东 西,https://ke-image.ljcdn.com/110000-inspection/pc1_oXmsOXbCW_1.jpg!m_fill,w_280,h_210,f_jpg?from=ke.com
20230824,朝阳,团结湖,101118576348,团结湖路  公园旁 精装两居 拎包入住房主自荐,428万,69935元/平,底层 (共10层) | 1981年建 | 2室1厅 | 61.2平米 | 东,https://ke-image.ljcdn.com/110000-inspection/pc1_rTUGbhlUf.jpg!m_fill,w_280,h_210,f_jpg?from=ke.com
20230824,朝阳,团结湖,101118513458,锦湖园公寓高层西北两居 封闭式管理人车分流,730万,74521元/平,高楼层 (共26层) | 2000年建 | 2室2厅 | 97.96平米 | 西北,https://ke-image.ljcdn.com/110000-inspection/203925e5-f60f-4ab7-9f42-fd9aac8e4d79_1000.jpg!m_fill,w_280,h_210,f_jpg?from=ke.com
20230824,朝阳,团结湖,101118436083,中海紫荆豪庭 3室1厅 东南 南,999万,71737元/平,高楼层 (共30层) | 2000年建 | 3室1厅 | 139.26平米 | 东南 南,https://ke-image.ljcdn.com/110000-inspection/62c5d185-8846-4be2-a7a5-7f306700683a_1000.jpg!m_fill,w_280,h_210,f_jpg?from=ke.com
20230824,朝阳,团结湖,101118419169,东三环团结湖3居精装修田字格三居室钢混结构,475万,62084元/平,底层 (共6层) | 1983年建 | 3室1厅 | 76.51平米 | 东 西,https://ke-image.ljcdn.com/110000-inspection/4b8fc913-ab38-4919-b1f3-91559f7cd73a_1000.jpg!m_fill,w_280,h_210,f_jpg?from=ke.com
20230824,朝阳,团结湖,101118319691,团结湖东里12号院 70年产权住宅 满五年唯一,398万,62985元/平,中楼层 (共21层) | 2000年建 | 1室0厅 | 63.19平米 | 北,https://ke-image.ljcdn.com/110000-inspection/8634a4a4-23a3-46e2-a6fd-6a390a494f59_1000.jpg!m_fill,w_280,h_210,f_jpg?from=ke.com
20230824,朝阳,团结湖,101118268601,中海紫荆豪庭 2000年商品房小区 出小区东三环位置好房主自荐,806万,57899元/平,低楼层 (共30层) | 2000年建 | 3室1厅 | 139.21平米 | 东,https://ke-image.ljcdn.com/110000-inspection/8d5cef0c-36fa-4b3f-90d1-66bfc1e36d37_1000.jpg!m_fill,w_280,h_210,f_jpg?from=ke.com
20230824,朝阳,团结湖,101118257738,团结湖路精装修两居 楼层好 满五年费用少 户型方正,355万,62799元/平,中楼层 (共6层) | 1975年建 | 2室1厅 | 56.53平米 | 东北,https://ke-image.ljcdn.com/110000-inspection/pc1_ChULmU3aN.jpg!m_fill,w_280,h_210,f_jpg?from=ke.com
20230824,朝阳,团结湖,101118235988,锦湖园公寓东南三居 可观团结湖公园湖景视野好,1450万,85114元/平,中楼层 (共26层) | 2000年建 | 3室1厅 | 170.36平米 | 西南,https://ke-image.ljcdn.com/110000-inspection/pc1_BXFWwHONE_2.jpg!m_fill,w_280,h_210,f_jpg?from=ke.com
20230824,朝阳,团结湖,101118212234,团结湖中路北二条 视野无遮挡 采光充足 满五年房主自荐,405万,75716元/平,高楼层 (共6层) | 1981年建 | 2室1厅 | 53.49平米 | 南 北,https://ke-image.ljcdn.com/110000-inspection/pc1_U64mh3tua_1.jpg!m_fill,w_280,h_210,f_jpg?from=ke.com
20230824,朝阳,团结湖,101118211769,团结湖北四条 满五年 中间层 朝阳公园,408万,73395元/平,低楼层 (共6层) | 1983年建 | 2室1厅 | 55.59平米 | 南,https://ke-image.ljcdn.com/110000-inspection/pc1_cpihzUOgi.jpg!m_fill,w_280,h_210,f_jpg?from=ke.com
20230824,朝阳,团结湖,101118163985,东三环团结湖 南北向 中间楼层 满五年唯一住房 钢混,310万,77077元/平,中楼层 (共6层) | 1982年建 | 1室1厅 | 40.22平米 | 南 北,https://ke-image.ljcdn.com/110000-inspection/pc1_Cqz8VhncT.jpg!m_fill,w_280,h_210,f_jpg?from=ke.com
20230824,朝阳,团结湖,101118153274,团结湖北口南向一居交通部家属楼中高楼层地铁口,290万,79671元/平,高楼层 (共16层) | 1982年建 | 1室1厅 | 36.4平米 | 南,https://ke-image.ljcdn.com/110000-inspection/bc1f5207-d010-41e3-b32b-4300cb2a80a8_1000.jpg!m_fill,w_280,h_210,f_jpg?from=ke.com
20230824,朝阳,团结湖,101118123682,白家庄东里三居室 层高2.8米 采光好,400万,59818元/平,顶层 (共6层) | 1979年建 | 3室1厅 | 66.87平米 | 西南,https://ke-image.ljcdn.com/110000-inspection/pc1_EyyziYzJR_1.jpg!m_fill,w_280,h_210,f_jpg?from=ke.com
20230824,朝阳,团结湖,101118107236,团结湖公寓70年产权住宅民水民电有燃气龙湖物业,390万,61719元/平,中楼层 (共21层) | 2000年建 | 1室0厅 | 63.19平米 | 北,https://ke-image.ljcdn.com/110000-inspection/pc1_QuVnBFLFz_1.jpg!m_fill,w_280,h_210,f_jpg?from=ke.com
20230824,朝阳,团结湖,101118102377,70年产权住宅民水民电有燃气满五唯一龙湖物业,1250万,59898元/平,高楼层 (共21层) | 2000年建 | 4室1厅 | 208.69平米 | 东北,https://ke-image.ljcdn.com/110000-inspection/pc1_q1ti6hzmj_1.jpg!m_fill,w_280,h_210,f_jpg?from=ke.com
20230824,朝阳,团结湖,101118101303,东三环团结湖东西通透两居室非顶层采光好,420万,69399元/平,高楼层 (共6层) | 1981年建 | 2室1厅 | 60.52平米 | 东 西,https://ke-image.ljcdn.com/110000-inspection/pc1_Ip20d4ogz_1.jpg!m_fill,w_280,h_210,f_jpg?from=ke.com
20230824,朝阳,团结湖,101118085878,团结湖东里外交部家属楼东南两居 99年建成楼龄新,668万,81098元/平,低楼层 (共20层) | 1999年建 | 2室1厅 | 82.37平米 | 东南,https://ke-image.ljcdn.com/110000-inspection/pc1_kHeH1GFuQ.jpg!m_fill,w_280,h_210,f_jpg?from=ke.com
20230824,朝阳,团结湖,101118063469,中海紫荆豪庭观湖复式看房方便。房主自荐,1599万,57102元/平,高楼层 (共30层) | 2000年建 | 4室3厅 | 280.03平米 | 东,https://ke-image.ljcdn.com/110000-inspection/93584ff3-865a-458c-8744-559142a99470_1000.jpg!m_fill,w_280,h_210,f_jpg?from=ke.com
20230824,朝阳,团结湖,101118062682,白家庄东里西南向小三居团结湖三里屯,419万,62659元/平,高楼层 (共6层) | 1979年建 | 3室1厅 | 66.87平米 | 西南,https://ke-image.ljcdn.com/110000-inspection/pc1_6rAwUJ9Gn.jpg!m_fill,w_280,h_210,f_jpg?from=ke.com
20230824,朝阳,团结湖,101118046282,团结湖北口 1室1厅 南,288万,79735元/平,低楼层 (共16层) | 1982年建 | 1室1厅 | 36.12平米 | 南,https://ke-image.ljcdn.com/110000-inspection/pc1_99WwN1GyY_1.jpg!m_fill,w_280,h_210,f_jpg?from=ke.com
20230824,朝阳,团结湖,101117903946,中海紫荆豪庭东南向两居室可观团结湖公园,985万,70732元/平,中楼层 (共30层) | 2000年建 | 3室1厅 | 139.26平米 | 东南,https://ke-image.ljcdn.com/110000-inspection/pc1_WDdVr7cTW.jpg!m_fill,w_280,h_210,f_jpg?from=ke.com
20230824,朝阳,团结湖,101117651794,全南向两居阳光充足户型好诚意出售 近公园地铁房主自荐,380万,69407元/平,顶层 (共6层) | 1981年建 | 2室1厅 | 54.75平米 | 南,https://ke-image.ljcdn.com/110000-inspection/pc1_8flNjEni8.jpg!m_fill,w_280,h_210,f_jpg?from=ke.com
20230824,朝阳,团结湖,101117614115,团结湖北里带电梯一居室南向采光视野好,335万,80048元/平,中楼层 (共12层) | 1984年建 | 1室1厅 | 41.85平米 | 南,https://ke-image.ljcdn.com/110000-inspection/pc1_w7lqtrdvK_1.jpg!m_fill,w_280,h_210,f_jpg?from=ke.com
20230824,朝阳,团结湖,101117601101,团结湖南里 精装 近地铁近公园一居室,305万,80988元/平,中楼层 (共5层) | 1978年建 | 1室1厅 | 37.66平米 | 南,https://ke-image.ljcdn.com/110000-inspection/pc1_22UObttle.jpg!m_fill,w_280,h_210,f_jpg?from=ke.com
20230824,朝阳,团结湖,101117147625,70年产权住宅管理好户型方正高楼层采光好,1250万,59898元/平,高楼层 (共21层) | 2000年建 | 4室2厅 | 208.69平米 | 南 西北,https://ke-image.ljcdn.com/110000-inspection/pc1_UZ4LhfcSh_1.jpg!m_fill,w_280,h_210,f_jpg?from=ke.com
20230824,朝阳,团结湖,101115931846,田字格3居室中楼层 采光好精装修 诚意出售房主自荐,695万,86572元/平,中楼层 (共6层) | 1978年建 | 3室1厅 | 80.28平米 | 南 北,https://ke-image.ljcdn.com/110000-inspection/pc1_ukZn3xwXw.jpg!m_fill,w_280,h_210,f_jpg?from=ke.com
20230824,朝阳,团结湖,101115352918,中海紫荆豪庭 呼家楼地铁B口 复式钢混结构,1850万,66065元/平,高楼层 (共30层) | 2000年建 | 4室2厅 | 280.03平米 | 西 北,https://ke-image.ljcdn.com/110000-inspection/5f4ae77c-da14-4f51-a864-c62de69627d8_1000.jpg!m_fill,w_280,h_210,f_jpg?from=ke.com
20230824,朝阳,团结湖,101120677638,团结湖公寓70年产权住宅民水民电有燃气龙湖物业管理好新上,1038万,71666元/平,底层 (共21层) | 2000年建 | 3室2厅 | 144.84平米 | 南,https://s1.ljcdn.com/pegasus/redskull/images/common/default_house_list.png?_v=20230816111335
20230824,朝阳,团结湖,101120640348,团结湖公寓70年产权住宅民水民电有燃气 龙湖物业新上,350万,77882元/平,高楼层 (共21层) 1室1厅 | 44.94平米 | 西南,https://s1.ljcdn.com/pegasus/redskull/images/common/default_house_list.png?_v=20230816111335
20230824,朝阳,团结湖,101120524404,东三环 团结湖中路南社区 南北通透两居室,395万,64978元/平,顶层 (共6层) 2室1厅 | 60.79平米 | 南 北,https://s1.ljcdn.com/pegasus/redskull/images/common/default_house_list.png?_v=20230816111335
20230824,朝阳,团结湖,101120486968,团结湖东里 外交部家属楼 西南两居室,675万,74760元/平,中楼层 (共20层) 2室1厅 | 90.29平米 | 西南,https://s1.ljcdn.com/pegasus/redskull/images/common/default_house_list.png?_v=20230816111335
20230824,朝阳,团结湖,101120481875,团结湖北里 2室1厅 南 北,530万,68565元/平,顶层 (共6层) | 1995年建 | 2室1厅 | 77.3平米 | 南 北,https://ke-image.ljcdn.com/110000-inspection/589ec3c9-7199-4adb-83cb-dda18b902a54.jpg!m_fill,w_280,h_210,f_jpg?from=ke.com
20230824,朝阳,团结湖,101120460128,白家庄东里 2室1厅 南 北,450万,76414元/平,底层 (共12层) | 1995年建 | 2室1厅 | 58.89平米 | 南 北,https://s1.ljcdn.com/pegasus/redskull/images/common/default_house_list.png?_v=20230816111335
20230824,朝阳,团结湖,101120447172,团结湖中路北一条南北两居带西窗 小区中间不临街,366万,69955元/平,顶层 (共5层) 2室1厅 | 52.32平米 | 南 北,https://s1.ljcdn.com/pegasus/redskull/images/common/default_house_list.png?_v=20230816111335
20230824,朝阳,团结湖,101120421283,团结湖北三条南北通透两居室 近团结湖地铁公园,395万,63587元/平,顶层 (共5层) | 1979年建 | 3室1厅 | 62.12平米 | 南 北,https://s1.ljcdn.com/pegasus/redskull/images/common/default_house_list.png?_v=20230816111335
20230824,朝阳,团结湖,101120371707,团结湖金台路地铁非顶层三居室南北通透户型通风效果好,470万,75991元/平,高楼层 (共6层) 3室1厅 | 61.85平米 | 南 北,https://s1.ljcdn.com/pegasus/redskull/images/common/default_house_list.png?_v=20230816111335
20230824,朝阳,团结湖,101120274618,团结湖北二条 2室1厅 南,408万,77730元/平,低楼层 (共10层) | 1981年建 | 2室1厅 | 52.49平米 | 南,https://s1.ljcdn.com/pegasus/redskull/images/common/default_house_list.png?_v=20230816111335
20230824,朝阳,团结湖,101120181848,东三环团结湖好户型 好楼层南北双阳台钢混结构满五年,480万,73745元/平,中楼层 (共5层) | 1979年建 | 2室1厅 | 65.09平米 | 南 北,https://s1.ljcdn.com/pegasus/redskull/images/common/default_house_list.png?_v=20230816111335
20230824,朝阳,团结湖,101120126146,团结湖 带电梯 南向 两居室 诚意售房 成本少,418万,79468元/平,高楼层 (共10层) 2室1厅 | 52.6平米 | 南,https://s1.ljcdn.com/pegasus/redskull/images/common/default_house_list.png?_v=20230816111335
20230824,朝阳,团结湖,101120081357,此楼1985年建成钢混结构两居室近地铁公园,455万,74627元/平,中楼层 (共15层) | 1989年建 | 2室1厅 | 60.97平米 | 东南,https://s1.ljcdn.com/pegasus/redskull/images/common/default_house_list.png?_v=20230816111335
20230824,朝阳,团结湖,101119792573,团结湖北头条中间层精品三居通透户型近地铁楼前后花园,459万,74635元/平,中楼层 (共6层) | 1985年建 | 3室1厅 | 61.5平米 | 南 北,https://s1.ljcdn.com/pegasus/redskull/images/common/default_house_list.png?_v=20230816111335
20230824,朝阳,团结湖,101119738459,家属院刷卡入小区刷卡入楼楼道铺地砖管理好,470万,78926元/平,中楼层 (共15层) 2室1厅 | 59.55平米 | 东南,https://s1.ljcdn.com/pegasus/redskull/images/common/default_house_list.png?_v=20230816111335
20230824,朝阳,团结湖,101119576754,有物业管理 小区干净整洁 田字格户型  中间层  近公园,530万,74470元/平,中楼层 (共5层) 3室1厅 | 71.17平米 | 南 北,https://s1.ljcdn.com/pegasus/redskull/images/common/default_house_list.png?_v=20230816111335
20230824,朝阳,团结湖,101118874886,高层观景满五唯一业主诚意卖团结湖公园边上,480万,94322元/平,顶层 (共12层) 2室1厅 | 50.89平米 | 东南,https://s1.ljcdn.com/pegasus/redskull/images/common/default_house_list.png?_v=20230816111335
