20230515,丰台,宋家庄,101119221742,政馨园一区  满五唯一商品房 业主诚心出售必看好房,279万,47105元/平,低楼层 (共18层) 1室0厅 | 59.23平米 | 东,https://ke-image.ljcdn.com/110000-inspection/pc1_PzYi6VIoZ_1.jpg!m_fill,w_280,h_210,f_jpg?from=ke.com
20230515,丰台,宋家庄,101119167214,翠庭园正规一居室 高楼层  视野采光好必看好房,390万,61974元/平,高楼层 (共21层) | 2003年建 | 1室1厅 | 62.93平米 | 西,https://ke-image.ljcdn.com/110000-inspection/f1bc7361-3d2b-4523-9882-95d0c3e851ee_1000.jpg!m_fill,w_280,h_210,f_jpg?from=ke.com
20230515,丰台,宋家庄,101119147744,政馨园一区  满五年唯一商品房  正规一居室必看好房,365万,53115元/平,中楼层 (共10层) | 2003年建 | 1室1厅 | 68.72平米 | 西,https://ke-image.ljcdn.com/110000-inspection/7d09f8a7-6378-45a5-a80c-55330b11ac2b_1000.jpg!m_fill,w_280,h_210,f_jpg?from=ke.com
20230515,丰台,宋家庄,101119109658,满五年唯一住房宋家庄5号线刚需之选必看好房,239万,50583元/平,高楼层 (共18层) 1室1厅 | 47.25平米 | 北,https://ke-image.ljcdn.com/110000-inspection/84a29787-5db7-48ab-b3f1-8dce192a0329_1000.jpg!m_fill,w_280,h_210,f_jpg?from=ke.com
20230515,丰台,宋家庄,101119061419,南三环 满五唯一  无遮挡 不临街 交通便利 带电梯三居必看好房,368万,54463元/平,低楼层 (共18层) 3室0厅 | 67.57平米 | 东北,https://ke-image.ljcdn.com/110000-inspection/cd924fa3-ae87-4986-992e-256a6fc1855b_1000.jpg!m_fill,w_280,h_210,f_jpg?from=ke.com
20230515,丰台,宋家庄,101119225440,三环边社区 南向采光好 出行交通方便必看好房,295万,58129元/平,中楼层 (共6层) | 2000年建 | 2室1厅 | 50.75平米 | 南,https://ke-image.ljcdn.com/110000-inspection/pc1_wQ5s4hJh1_1.jpg!m_fill,w_280,h_210,f_jpg?from=ke.com
20230515,丰台,宋家庄,101119041616,方安苑方庄桥西南角封闭式管理商品房大两居,530万,58909元/平,中楼层 (共24层) | 2001年建 | 2室1厅 | 89.97平米 | 东南 北,https://ke-image.ljcdn.com/110000-inspection/94a300f5-0f7a-413c-a079-8b17ada2cf1d_1000.jpg!m_fill,w_280,h_210,f_jpg?from=ke.com
20230515,丰台,宋家庄,101119026302,南北通透三居室无遮挡不临街诚意出售固定车位,765万,62788元/平,低楼层 (共21层) 3室2厅 | 121.84平米 | 南 北,https://ke-image.ljcdn.com/110000-inspection/22eeaff6-2dcf-4e18-986a-d510ea55a987_1000.jpg!m_fill,w_280,h_210,f_jpg?from=ke.com
20230515,丰台,宋家庄,101119014172,政馨园二区 一室一厅 商品房一居室 高楼层必看好房,330万,49602元/平,中楼层 (共20层) | 2004年建 | 1室1厅 | 66.53平米 | 北,https://ke-image.ljcdn.com/110000-inspection/pc1_3tHUHJ52N_1.jpg!m_fill,w_280,h_210,f_jpg?from=ke.com
20230515,丰台,宋家庄,101118982350,南三环 宋家庄 刘家窑 三轨交汇 精装修 无遮挡 采光好必看好房,398万,49626元/平,高楼层 (共6层) 2室1厅 | 80.2平米 | 东 南 西,https://ke-image.ljcdn.com/110000-inspection/pc1_aQyo7ecqG_1.jpg!m_fill,w_280,h_210,f_jpg?from=ke.com
20230515,丰台,宋家庄,101118971350,三环边2居满5年唯一不临街环境优美必看好房,599万,60862元/平,低楼层 (共21层) | 2003年建 | 2室2厅 | 98.42平米 | 南 西,https://ke-image.ljcdn.com/110000-inspection/2aa48b25-9e7d-448a-b141-c106102b7a53_1000.jpg!m_fill,w_280,h_210,f_jpg?from=ke.com
20230515,丰台,宋家庄,101118960281,顶秀金瑞家园 1室0厅 东南,278万,61861元/平,高楼层 (共22层) 1室0厅 | 44.94平米 | 东南,https://ke-image.ljcdn.com/110000-inspection/pc1_uvvwKfZpv_1.jpg!m_fill,w_280,h_210,f_jpg?from=ke.com
20230515,丰台,宋家庄,101118900022,此房朝东两居室户型小区环境优美人车分流房主自荐,498万,80013元/平,中楼层 (共29层) 1室1厅 | 62.24平米 | 东,https://ke-image.ljcdn.com/110000-inspection/b778c089-416a-4a06-88ce-452742cf334e_1000.jpg!m_fill,w_280,h_210,f_jpg?from=ke.com
20230515,丰台,宋家庄,101118895266,三环 08年商品房小区 福臻南向两居 满五唯一阳光满满必看好房,553万,63266元/平,低楼层 (共11层) | 2007年建 | 2室1厅 | 87.41平米 | 南,https://ke-image.ljcdn.com/110000-inspection/2db21f4f-d57c-46a0-af37-b4043e3cd143_1000.jpg!m_fill,w_280,h_210,f_jpg?from=ke.com
20230515,丰台,宋家庄,101118879696,满五唯一只有契税南北通透安静不临街全新精装修必看好房,540万,63823元/平,高楼层 (共6层) | 2003年建 | 2室1厅 | 84.61平米 | 南 北,https://ke-image.ljcdn.com/110000-inspection/5735b069-c347-4919-a065-39cb6ec07e53_1000.jpg!m_fill,w_280,h_210,f_jpg?from=ke.com
20230515,丰台,宋家庄,101118821631,红狮家园南向房源采光好视野无遮挡,525万,58778元/平,高楼层 (共9层) | 2010年建 | 2室1厅 | 89.32平米 | 南,https://ke-image.ljcdn.com/110000-inspection/6c364ec2-ccb0-40d8-b3e1-a978e572c7d7_1000.jpg!m_fill,w_280,h_210,f_jpg?from=ke.com
20230515,丰台,宋家庄,101118819980,三环边 10年小区 满五唯一商品房 全南向必看好房,526万,62934元/平,低楼层 (共18层) | 2010年建 | 2室1厅 | 83.58平米 | 南,https://ke-image.ljcdn.com/110000-inspection/pc1_S2b6TMCvd.jpg!m_fill,w_280,h_210,f_jpg?from=ke.com
20230515,丰台,宋家庄,101118763178,地铁五号线刘家窑精装满五年的有车位必看好房,330万,63462元/平,底层 (共6层) 2室1厅 | 52平米 | 南 北,https://ke-image.ljcdn.com/110000-inspection/b2f1a673-caaf-47ae-940e-a5f5a97566f0_1000.jpg!m_fill,w_280,h_210,f_jpg?from=ke.com
20230515,丰台,宋家庄,101118763056,宋家庄三条地铁人车分流小区高楼层一居室房主自荐,325.9万,60723元/平,中楼层 (共21层) | 2006年建 | 1室1厅 | 53.67平米 | 西,https://ke-image.ljcdn.com/110000-inspection/pc1_iRDeklChs_1.jpg!m_fill,w_280,h_210,f_jpg?from=ke.com
20230515,丰台,宋家庄,101118750509,横一条甲18号院  满五年 格局方正 产权清晰必看好房,439万,49560元/平,低楼层 (共21层) | 2010年建 | 2室1厅 | 88.58平米 | 东南,https://ke-image.ljcdn.com/110000-inspection/45938517-efb2-448a-b60f-5002fca72e32_1000.jpg!m_fill,w_280,h_210,f_jpg?from=ke.com
20230515,丰台,宋家庄,101118727339,翠庭园满五唯一可贷款南北通透两居室前后不临街必看好房,555万,61198元/平,高楼层 (共6层) | 2004年建 | 2室1厅 | 90.69平米 | 南 北,https://ke-image.ljcdn.com/110000-inspection/098c0124-1339-4156-b00e-712c6e3cae1e_1000.jpg!m_fill,w_280,h_210,f_jpg?from=ke.com
20230515,丰台,宋家庄,101118688050,总监推荐 地铁宋家庄站06年社区 满五年唯一东南向必看好房,599万,68030元/平,中楼层 (共21层) | 2006年建 | 2室1厅 | 88.05平米 | 东南,https://ke-image.ljcdn.com/110000-inspection/2967cc5a-4f7c-4334-8854-2d3b3513a9bb_1000.jpg!m_fill,w_280,h_210,f_jpg?from=ke.com
20230515,丰台,宋家庄,101118648171,商品房 人车分流社区 管理好 南北通透 中高楼层,496万,65050元/平,中楼层 (共23层) | 2015年建 | 2室1厅 | 76.25平米 | 南 北,https://ke-image.ljcdn.com/110000-inspection/b66eb681-dbd0-4465-909a-d102e65f6851_1000.jpg!m_fill,w_280,h_210,f_jpg?from=ke.com
20230515,丰台,宋家庄,101118579204,满五年唯一商品房 户型方正 2010年小区 2梯4户房主自荐,415万,58841元/平,高楼层 (共29层) | 2010年建 | 1室1厅 | 70.53平米 | 西,https://ke-image.ljcdn.com/110000-inspection/21e16520-0389-4050-8146-4564c4039181_1000.jpg!m_fill,w_280,h_210,f_jpg?from=ke.com
20230515,丰台,宋家庄,101118577018,商品房房本    无土地出让金    10小区    精装修必看好房,519万,58204元/平,顶层 (共29层) | 2010年建 | 2室1厅 | 89.17平米 | 西,https://ke-image.ljcdn.com/110000-inspection/619f57fd-adc8-4265-83d0-9d0f41fab46b_1000.jpg!m_fill,w_280,h_210,f_jpg?from=ke.com
20230515,丰台,宋家庄,101118552496,红狮家园 中间楼层 满五年唯一,396万,56147元/平,中楼层 (共29层) | 2010年建 | 1室1厅 | 70.53平米 | 西,https://ke-image.ljcdn.com/110000-inspection/ad19a724-c428-4c24-80e8-c0c2ba5fcff8_1000.jpg!m_fill,w_280,h_210,f_jpg?from=ke.com
20230515,丰台,宋家庄,101118548695,翠庭园户型方正无遮挡板楼南北通透两居室,599万,67334元/平,低楼层 (共6层) | 2002年建 | 2室2厅 | 88.96平米 | 南 北,https://ke-image.ljcdn.com/110000-inspection/b09fe299-4919-46ce-ba6d-906daf842d09_1000.jpg!m_fill,w_280,h_210,f_jpg?from=ke.com
20230515,丰台,宋家庄,101118497017,南三环方庄桥  全南3居  满五年唯一房主自荐,499万,64806元/平,中楼层 (共14层) 3室1厅 | 77平米 | 南,https://ke-image.ljcdn.com/110000-inspection/pc1_4ZC5b7pW3_1.jpg!m_fill,w_280,h_210,f_jpg?from=ke.com
20230515,丰台,宋家庄,101118466339,宋家庄地铁 广顺园南北通透两居 户型方正前后不遮挡必看好房,635万,67218元/平,高楼层 (共21层) 2室2厅 | 94.47平米 | 南 北,https://ke-image.ljcdn.com/110000-inspection/90606d92-b689-4e06-bfa3-cef2d49074e5_1000.jpg!m_fill,w_280,h_210,f_jpg?from=ke.com
20230515,丰台,宋家庄,101118462191,总监推荐次新房科技住宅 五恒温系统观花园房主自荐,2250万,108039元/平,中楼层 (共21层) 3室2厅 | 208.26平米 | 南 北,https://ke-image.ljcdn.com/110000-inspection/pc1_tOrDITZu1_1.jpg!m_fill,w_280,h_210,f_jpg?from=ke.com
20230515,丰台,宋家庄,101118451476,刘家窑地铁东铁匠营横一条小区两居室出售必看好房,325万,67964元/平,底层 (共6层) 2室1厅 | 47.82平米 | 南,https://ke-image.ljcdn.com/110000-inspection/4ebd97bb-b226-4884-9476-4f2b7248b26d_1000.jpg!m_fill,w_280,h_210,f_jpg?from=ke.com
20230515,丰台,宋家庄,101118446735,大区推荐 顶秀西苑  大一居室 客厅带阳台  满五唯一必看好房,368万,53272元/平,中楼层 (共22层) 1室1厅 | 69.08平米 | 西北,https://ke-image.ljcdn.com/110000-inspection/f1add2cb-edf5-4760-a1a4-30768cee9fab_1000.jpg!m_fill,w_280,h_210,f_jpg?from=ke.com
20230515,丰台,宋家庄,101118401308,宋家庄地铁！满五年唯一！业主万分诚心卖！房主自荐,715万,54348元/平,高楼层 (共21层) 3室2厅 | 131.56平米 | 东南,https://ke-image.ljcdn.com/110000-inspection/pc1_8Tv35dp6s_1.jpg!m_fill,w_280,h_210,f_jpg?from=ke.com
20230515,丰台,宋家庄,101118366693,南三环 方庄桥 方泽园 朝南 一居室必看好房,265万,58525元/平,底层 (共16层) | 2004年建 | 1室0厅 | 45.28平米 | 南,https://ke-image.ljcdn.com/110000-inspection/81a2a7f7-54a7-4ce2-864c-1d883e253132_1000.jpg!m_fill,w_280,h_210,f_jpg?from=ke.com
20230515,丰台,宋家庄,101118351223,人车分流社区三环方庄桥西朝南必看好房,650万,61212元/平,高楼层 (共21层) 2室1厅 | 106.19平米 | 南,https://ke-image.ljcdn.com/110000-inspection/8e359527-6010-4fce-96ed-a660f9f56457_1000.jpg!m_fill,w_280,h_210,f_jpg?from=ke.com
20230515,丰台,宋家庄,101118349982,此房满五唯一中间楼层南北通透视野开阔诚心卖,548万,61677元/平,高楼层 (共6层) | 2002年建 | 2室1厅 | 88.85平米 | 南 北,https://ke-image.ljcdn.com/110000-inspection/96a3e174-9801-4051-b26f-c1d5f72f358b_1000.jpg!m_fill,w_280,h_210,f_jpg?from=ke.com
20230515,丰台,宋家庄,101118288526,宋家庄地铁站附近优质南北向两居室必看好房,365万,57553元/平,高楼层 (共10层) 2室1厅 | 63.42平米 | 南 北,https://ke-image.ljcdn.com/110000-inspection/8910ce22-797a-4220-a0e7-b3c71ae1a77e_1000.jpg!m_fill,w_280,h_210,f_jpg?from=ke.com
20230515,丰台,宋家庄,101118249435,天怡福园 一梯两户 高楼层视野好必看好房,579万,61609元/平,高楼层 (共16层) | 2015年建 | 2室1厅 | 93.98平米 | 东 西,https://ke-image.ljcdn.com/110000-inspection/pc1_5yU1BDbmn_1.jpg!m_fill,w_280,h_210,f_jpg?from=ke.com
20230515,丰台,宋家庄,101118183318,满五年唯一看房方便无遮挡！,469万,58987元/平,中楼层 (共21层) | 2006年建 | 2室1厅 | 79.51平米 | 南,https://ke-image.ljcdn.com/110000-inspection/47548903-4683-462e-99e3-ad7c52e0ca5e_1000.jpg!m_fill,w_280,h_210,f_jpg?from=ke.com
20230515,丰台,宋家庄,101118143360,顺八条1号院南北通透三居室2015年小区必看好房,830万,68123元/平,中楼层 (共21层) | 2016年建 | 3室1厅 | 121.84平米 | 南 北,https://ke-image.ljcdn.com/110000-inspection/8068683a-02be-457f-b4c3-94c08e0592d7_1000.jpg!m_fill,w_280,h_210,f_jpg?from=ke.com
20230515,丰台,宋家庄,101118079050,地铁宋家庄站小区06年人车分流高楼层配套全必看好房,509万,63238元/平,高楼层 (共21层) 2室1厅 | 80.49平米 | 西南,https://ke-image.ljcdn.com/110000-inspection/75919e93-4d01-4a32-b43b-c808ba73f42b_1000.jpg!m_fill,w_280,h_210,f_jpg?from=ke.com
20230515,丰台,宋家庄,101118049787,满五年唯一面积大业主诚心出售必看好房,470万,47731元/平,高楼层 (共21层) | 2003年建 | 2室1厅 | 98.47平米 | 东,https://ke-image.ljcdn.com/110000-inspection/3e7e91d4-ba4f-404f-821e-26f71333ecd6_1000.jpg!m_fill,w_280,h_210,f_jpg?from=ke.com
20230515,丰台,宋家庄,101118034145,政馨园三区 满五年唯一  商品房必看好房,330万,52340元/平,高楼层 (共22层) | 2003年建 | 1室1厅 | 63.05平米 | 北,https://ke-image.ljcdn.com/110000-inspection/pc1_yvrg5x2Sk_1.jpg!m_fill,w_280,h_210,f_jpg?from=ke.com
20230515,丰台,宋家庄,101118029272,宋庄路甲12号院 正规一居室 客厅朝西带明窗 采光好,209万,48889元/平,中楼层 (共6层) 1室1厅 | 42.75平米 | 南 北,https://ke-image.ljcdn.com/110000-inspection/9981c73d-45bd-4ab1-b998-897a1b5852c4_1000.jpg!m_fill,w_280,h_210,f_jpg?from=ke.com
20230515,丰台,宋家庄,101117998733,东铁匠营横一条小区南向一居室出售,245万,56322元/平,低楼层 (共6层) | 1985年建 | 1室1厅 | 43.5平米 | 南,https://ke-image.ljcdn.com/110000-inspection/pc1_2hYxN5MZM_1.jpg!m_fill,w_280,h_210,f_jpg?from=ke.com
20230515,丰台,宋家庄,101117946918,方泽园商品房正规三居集中供暖满五年唯一房主自荐,575万,58400元/平,高楼层 (共16层) | 2004年建 | 3室1厅 | 98.46平米 | 南 北,https://ke-image.ljcdn.com/110000-inspection/a84a6a07-8582-45af-a43a-0198730c15a4_1000.jpg!m_fill,w_280,h_210,f_jpg?from=ke.com
20230515,丰台,宋家庄,101117906113,南三环 正规一居室 南北通透 诚意出售 随时签约必看好房,242万,49939元/平,底层 (共6层) 1室1厅 | 48.46平米 | 南 北,https://ke-image.ljcdn.com/110000-inspection/073565a4-8b17-4cca-a7af-41fd808f86cc_1000.jpg!m_fill,w_280,h_210,f_jpg?from=ke.com
20230515,丰台,宋家庄,101117849283,三环边 全明格局 高挑高  诚心出售必看好房,322万,53400元/平,中楼层 (共6层) 2室1厅 | 60.3平米 | 南 北,https://ke-image.ljcdn.com/110000-inspection/029a9c49-949e-4e3d-b165-3d8bd3fe578c_1000.jpg!m_fill,w_280,h_210,f_jpg?from=ke.com
20230515,丰台,宋家庄,101117849097,宋家庄地铁  满五年商品房 1室1厅 格局方正必看好房,396万,51684元/平,中楼层 (共15层) 1室1厅 | 76.62平米 | 西,https://ke-image.ljcdn.com/110000-inspection/34471f3b-afb7-4a87-98fe-d53691cc462f_1000.jpg!m_fill,w_280,h_210,f_jpg?from=ke.com
20230515,丰台,宋家庄,101117817801,三环边横一条小区南北两居室精装修带固定车位必看好房,319万,53256元/平,低楼层 (共6层) 2室1厅 | 59.9平米 | 南 北,https://ke-image.ljcdn.com/110000-inspection/4f075ca6-ff2d-4b0c-bd8b-51291540d978_1000.jpg!m_fill,w_280,h_210,f_jpg?from=ke.com
20230515,丰台,宋家庄,101117727219,宋家庄地铁 政馨园 东西通透 全明格局两居 商品房必看好房,498万,52957元/平,低楼层 (共10层) 2室1厅 | 94.04平米 | 东 西,https://ke-image.ljcdn.com/110000-inspection/da2bf8ef-ee60-4aa4-b9f7-524a48ea76d1_1000.jpg!m_fill,w_280,h_210,f_jpg?from=ke.com
20230515,丰台,宋家庄,101117669992,店长推荐：三阳开泰户型10年未出租按商品房价格卖房主自荐,669万,62794元/平,高楼层 (共21层) 3室1厅 | 106.54平米 | 东南,https://ke-image.ljcdn.com/110000-inspection/pc1_ATPrgQyAi_1.jpg!m_fill,w_280,h_210,f_jpg?from=ke.com
20230515,丰台,宋家庄,101117625699,全明格局东西通透满五唯一商品房,269万,47276元/平,高楼层 (共6层) | 1980年建 | 2室1厅 | 56.9平米 | 东 西,https://ke-image.ljcdn.com/110000-inspection/e8251eab-e625-405e-a958-bc3b9acb4d74_1000.jpg!m_fill,w_280,h_210,f_jpg?from=ke.com
20230515,丰台,宋家庄,101117621156,市委市政府大院 中高层 东向两居室 满五年必看好房,529万,55024元/平,高楼层 (共20层) 2室1厅 | 96.14平米 | 东,https://ke-image.ljcdn.com/110000-inspection/f54f64fb-3092-4fc9-aa21-c196ec1839bb_1000.jpg!m_fill,w_280,h_210,f_jpg?from=ke.com
20230515,丰台,宋家庄,101117615967,宋家庄地铁600米 政馨园南北通透两室 满五唯一商品房必看好房,515万,57350元/平,中楼层 (共20层) 2室2厅 | 89.8平米 | 南 北,https://ke-image.ljcdn.com/110000-inspection/c38f9f55-e34b-405a-89f8-bbc72e1e0aac_1000.jpg!m_fill,w_280,h_210,f_jpg?from=ke.com
20230515,丰台,宋家庄,101117547377,低楼层 满5唯一  南北通透 格局好必看好房,365万,57211元/平,底层 (共6层) | 1994年建 | 2室1厅 | 63.8平米 | 南 北,https://ke-image.ljcdn.com/110000-inspection/pc1_cBTAeUv4l_1.jpg!m_fill,w_280,h_210,f_jpg?from=ke.com
20230515,丰台,宋家庄,101117526215,市委大院 三环边 刘家窑地铁 出入便利必看好房,389万,56239元/平,低楼层 (共15层) 1室1厅 | 69.17平米 | 西,https://ke-image.ljcdn.com/110000-inspection/pc1_CqjbxKLXK_1.jpg!m_fill,w_280,h_210,f_jpg?from=ke.com
20230515,丰台,宋家庄,101117212068,2003年的小区出西门就是宋家庄地铁口房主自荐,289万,45384元/平,底层 (共22层) | 2003年建 | 1室1厅 | 63.68平米 | 北,https://ke-image.ljcdn.com/110000-inspection/07669f05-2b68-4e07-a108-dc9ef897230f_1000.jpg!m_fill,w_280,h_210,f_jpg?from=ke.com
20230515,丰台,宋家庄,101117165270,5号线刘家窑地铁朝南向2居大阳台满5年精致装修时尚必看好房,395万,60306元/平,底层 (共18层) | 1996年建 | 2室1厅 | 65.5平米 | 南 北,https://ke-image.ljcdn.com/110000-inspection/6bfcf503-6792-400f-94e1-0578c76c4062_1000.jpg!m_fill,w_280,h_210,f_jpg?from=ke.com
20230515,丰台,宋家庄,101117156618,宋家庄地铁 3条地铁线 满五年 1室1厅 格局方正必看好房,315万,46433元/平,高楼层 (共17层) 1室1厅 | 67.84平米 | 西,https://ke-image.ljcdn.com/110000-inspection/a3bf9685-be65-48c0-a11a-2ab08bf8c1c1_1000.jpg!m_fill,w_280,h_210,f_jpg?from=ke.com
20230515,丰台,宋家庄,101116894054,南方庄1号院方安苑全南两居眼镜户型房主自荐,545万,53961元/平,低楼层 (共24层) | 2001年建 | 2室1厅 | 101平米 | 南,https://ke-image.ljcdn.com/110000-inspection/c3d609bb-46af-4c30-958e-6d89c25584dd_1000.jpg!m_fill,w_280,h_210,f_jpg?from=ke.com
20230515,丰台,宋家庄,101116608882,宋庄路东西通透两居室交通方便。,259万,48466元/平,低楼层 (共6层) 2室1厅 | 53.44平米 | 东 西,https://ke-image.ljcdn.com/110000-inspection/aef95fae-423e-4eef-97bf-47c6414df95f_1000.jpg!m_fill,w_280,h_210,f_jpg?from=ke.com
20230515,丰台,宋家庄,101116501767,红狮家园北区 新上南北通透两居室 精装修  刷卡入户必看好房,530万,59779元/平,低楼层 (共15层) | 2010年建 | 2室1厅 | 88.66平米 | 南 北,https://ke-image.ljcdn.com/110000-inspection/pc1_qfyD5q6un.jpg!m_fill,w_280,h_210,f_jpg?from=ke.com
20230515,丰台,宋家庄,101116364019,宋家庄大三居室 精装修 东南向 双卫,780万,54303元/平,中楼层 (共20层) | 2004年建 | 3室1厅 | 143.64平米 | 东南,https://ke-image.ljcdn.com/110000-inspection/98c2ed84-9355-44d2-b6c2-a53c8f96c702_1000.jpg!m_fill,w_280,h_210,f_jpg?from=ke.com
20230515,丰台,宋家庄,101115907273,宋家庄 福臻家园北区 花园社区 居住舒适必看好房,795万,65828元/平,低楼层 (共9层) | 2006年建 | 3室2厅 | 120.77平米 | 南 北,https://ke-image.ljcdn.com/110000-inspection/pc1_V5lSb7MVi_1.jpg!m_fill,w_280,h_210,f_jpg?from=ke.com
20230515,丰台,宋家庄,101115643498,横一条甲18号院10年新社区内有社区医院必看好房,406万,45537元/平,底层 (共21层) | 2010年建 | 2室1厅 | 89.16平米 | 南,https://ke-image.ljcdn.com/110000-inspection/d1ae1f3d-a909-4890-a2cb-691bea7cfa31_1000.jpg!m_fill,w_280,h_210,f_jpg?from=ke.com
20230515,丰台,宋家庄,101114765200,翠庭园精装修板楼通透两居室小区环境好房主自荐,545万,62992元/平,高楼层 (共6层) | 2003年建 | 2室1厅 | 86.52平米 | 东 西,https://ke-image.ljcdn.com/110000-inspection/0a240b50-f073-4b68-bd96-359a98dc6d8b_1000.jpg!m_fill,w_280,h_210,f_jpg?from=ke.com
20230515,丰台,宋家庄,101114760155,此房满五年正规大一居格局好利用无遮挡房主自荐,320万,48215元/平,低楼层 (共24层) | 2001年建 | 1室1厅 | 66.37平米 | 北,https://ke-image.ljcdn.com/110000-inspection/pc1_tZj12w1nm_1.jpg!m_fill,w_280,h_210,f_jpg?from=ke.com
20230515,丰台,宋家庄,101114596163,次顶层 边户五居室 金茂府恒温恒湿恒氧恒静系统房主自荐,2500万,110142元/平,高楼层 (共21层) 4室2厅 | 226.98平米 | 南 西 北,https://ke-image.ljcdn.com/110000-inspection/eaa52007-2fad-4069-bbc1-796bdffd8556_1000.jpg!m_fill,w_280,h_210,f_jpg?from=ke.com
20230515,丰台,宋家庄,101113573233,北京金茂府 南北通透 视野开阔 中间楼层  看房方便,2300万,107022元/平,顶层 (共17层) | 2019年建 | 4室2厅 | 214.91平米 | 南 北,https://ke-image.ljcdn.com/110000-inspection/pc1_INIfZNkrm_1.jpg!m_fill,w_280,h_210,f_jpg?from=ke.com
20230515,丰台,宋家庄,101119118475,满五年唯一 东西通透两居室 二梯四户万科开发房主自荐,505万,56306元/平,中楼层 (共29层) | 2010年建 | 2室1厅 | 89.69平米 | 东 西,https://ke-image.ljcdn.com/110000-inspection/fdee256c-f8b9-4a52-90d5-a7bbca38237b_1000.jpg!m_fill,w_280,h_210,f_jpg?from=ke.com
20230515,丰台,宋家庄,101119036794,政馨园一区 满五唯一商品房 中间楼层必看好房,332万,46926元/平,中楼层 (共18层) 2室1厅 | 70.75平米 | 北,https://ke-image.ljcdn.com/110000-inspection/a72fd28d-2cd9-4da3-819f-8e29ae86b521_1000.jpg!m_fill,w_280,h_210,f_jpg?from=ke.com
20230515,丰台,宋家庄,101118911983,满五年唯一业主诚心出售交通便利必看好房,409万,50185元/平,低楼层 (共22层) | 2003年建 | 1室1厅 | 81.5平米 | 东,https://ke-image.ljcdn.com/110000-inspection/18c06c69-1218-4589-9282-9b3a6a627766_1000.jpg!m_fill,w_280,h_210,f_jpg?from=ke.com
20230515,丰台,宋家庄,101118870005,满五年唯一商品房2013年板楼带电梯一梯两户必看好房,799万,81941元/平,低楼层 (共15层) | 2013年建 | 3室1厅 | 97.51平米 | 南 北,https://ke-image.ljcdn.com/110000-inspection/abd91d16-6b10-4e48-8f06-56d7db713c3f_1000.jpg!m_fill,w_280,h_210,f_jpg?from=ke.com
20230515,丰台,宋家庄,101118381871,东南正规一居室 满五年唯一 看房方便 诚心出售必看好房,316万,53451元/平,中楼层 (共17层) | 2004年建 | 1室1厅 | 59.12平米 | 东南,https://ke-image.ljcdn.com/110000-inspection/a9f8e550-ecc7-40ef-a1b2-fbc08bc21ff8_1000.jpg!m_fill,w_280,h_210,f_jpg?from=ke.com
20230515,丰台,宋家庄,101118336875,三环宋家庄板楼3层南北通透精装小区有车位必看好房,319万,53886元/平,中楼层 (共6层) 2室1厅 | 59.2平米 | 南 北,https://ke-image.ljcdn.com/110000-inspection/pc1_518LImjw4.jpg!m_fill,w_280,h_210,f_jpg?from=ke.com
20230515,丰台,宋家庄,101118318744,南方庄 满5年唯一 业主诚心出售两居室 随时看房必看好房,362万,53575元/平,低楼层 (共18层) 2室1厅 | 67.57平米 | 东北,https://ke-image.ljcdn.com/110000-inspection/162dcd3d-4c14-41b3-8ace-85c7efc1003c_1000.jpg!m_fill,w_280,h_210,f_jpg?from=ke.com
20230515,丰台,宋家庄,101118229333,政馨园二区 地铁5号10号亦庄线交汇 格局方正产权清晰必看好房,475万,48814元/平,低楼层 (共20层) 2室1厅 | 97.31平米 | 东,https://ke-image.ljcdn.com/110000-inspection/pc1_bz0uOKJ5x.jpg!m_fill,w_280,h_210,f_jpg?from=ke.com
20230515,丰台,宋家庄,101118093506,日新家园 板楼南北通透 精装两居房主自荐,384万,57126元/平,顶层 (共5层) | 1999年建 | 2室1厅 | 67.22平米 | 南 北,https://ke-image.ljcdn.com/110000-inspection/pc1_3txrnOz0a_1.jpg!m_fill,w_280,h_210,f_jpg?from=ke.com
20230515,丰台,宋家庄,101117783480,翠庭园复式南北通透满五唯一视野开阔无遮挡必看好房,690万,47183元/平,顶层 (共6层) | 2003年建 | 3室2厅 | 146.24平米 | 南 北,https://ke-image.ljcdn.com/110000-inspection/a983ce94-972a-4534-a468-e7f96d6fe569_1000.jpg!m_fill,w_280,h_210,f_jpg?from=ke.com
20230515,丰台,宋家庄,101117069304,宋庄路甲12号院 复式 东西通透,475万,34297元/平,顶层 (共6层) | 1995年建 | 3室2厅 | 138.5平米 | 东 西,https://ke-image.ljcdn.com/110000-inspection/ac194a37-41be-479c-98e9-f2381ee4c8cd_1000.jpg!m_fill,w_280,h_210,f_jpg?from=ke.com
20230515,丰台,宋家庄,101116835120,政馨园 大三居 西南向 户型方正房主自荐,675万,49640元/平,顶层 (共18层) | 2003年建 | 3室1厅 | 135.98平米 | 西南,https://ke-image.ljcdn.com/110000-inspection/b5c7d58a-41f1-4449-a205-cfe86e67bf49_1000.jpg!m_fill,w_280,h_210,f_jpg?from=ke.com
20230515,丰台,宋家庄,101118655583,宋家庄地铁满五年唯一商品房格局方正明厨明卫必看好房,520万,56670元/平,中楼层 (共22层) | 2003年建 | 2室1厅 | 91.76平米 | 西南,https://s1.ljcdn.com/pegasus/redskull/images/common/default_house_list.png?_v=20230510172344
20230515,丰台,宋家庄,101116376141,宋家庄朝南向两居室户型方正房主自荐,379万,44209元/平,低楼层 (共14层) | 1999年建 | 2室2厅 | 85.73平米 | 南 北,https://s1.ljcdn.com/pegasus/redskull/images/common/default_house_list.png?_v=20230510172344
20230515,丰台,宋家庄,101119220597,红狮家园南北通透两居中间层全明格局新上,555万,62019元/平,中楼层 (共18层) 2室1厅 | 89.49平米 | 北 南,https://ke-image.ljcdn.com/110000-inspection/df075b72-f5b7-430f-991f-57e886e7a066_1000.jpg!m_fill,w_280,h_210,f_jpg?from=ke.com
20230515,丰台,宋家庄,101119185977,南方庄2号院世纪星家园 正规三居室 精装修新上,675万,62047元/平,低楼层 (共21层) | 2003年建 | 3室1厅 | 108.79平米 | 西北,https://ke-image.ljcdn.com/110000-inspection/4f0ab77e-326d-4af9-ac3b-d5da26790f0f_1000.jpg!m_fill,w_280,h_210,f_jpg?from=ke.com
20230515,丰台,宋家庄,101119183487,顶秀欣园西苑 眼镜户型 人车分流 满五年唯一商品房新上,537万,58979元/平,低楼层 (共22层) | 2003年建 | 2室1厅 | 91.05平米 | 北,https://ke-image.ljcdn.com/110000-inspection/pc1_WnldudoK6_1.jpg!m_fill,w_280,h_210,f_jpg?from=ke.com
20230515,丰台,宋家庄,101119171027,南朝向正规2居室双卧朝阳面楼层高采光好新上,365万,61500元/平,顶层 (共18层) 2室1厅 | 59.35平米 | 南,https://ke-image.ljcdn.com/110000-inspection/pc1_YvZPRx2e6_1.jpg!m_fill,w_280,h_210,f_jpg?from=ke.com
20230515,丰台,宋家庄,101119166895,宋家庄地铁口顶秀欣园东院人车分流小区新上,320万,60321元/平,低楼层 (共21层) | 2006年建 | 1室1厅 | 53.05平米 | 北,https://ke-image.ljcdn.com/110000-inspection/80521414-9381-4d47-afa9-70f8ab6c46d3_1000.jpg!m_fill,w_280,h_210,f_jpg?from=ke.com
20230515,丰台,宋家庄,101119112845,政馨园一区  宋家庄地铁 视野好业主诚心出售,289万,51278元/平,低楼层 (共18层) 1室1厅 | 56.36平米 | 北,https://ke-image.ljcdn.com/110000-inspection/pc1_5OEb692VW_1.jpg!m_fill,w_280,h_210,f_jpg?from=ke.com
20230515,丰台,宋家庄,101119065327,世纪星家园 西向 大两居 居住安静 满五唯一 交通便利,650万,60393元/平,低楼层 (共21层) | 2002年建 | 2室2厅 | 107.63平米 | 西,https://ke-image.ljcdn.com/110000-inspection/9f28f187-7f53-4351-a42d-daeb504f1e5a_1000.jpg!m_fill,w_280,h_210,f_jpg?from=ke.com
20230515,丰台,宋家庄,101119062427,南方庄69号院南北通透客厅带窗两居房主自荐,319万,55191元/平,高楼层 (共6层) | 1990年建 | 2室1厅 | 57.8平米 | 南 北,https://ke-image.ljcdn.com/110000-inspection/pc1_q6U0YryIb.jpg!m_fill,w_280,h_210,f_jpg?from=ke.com
20230515,丰台,宋家庄,101118959713,三环边 精装婚房 全明格局 两居室,375万,52135元/平,高楼层 (共6层) 2室1厅 | 71.93平米 | 东 西,https://ke-image.ljcdn.com/110000-inspection/aa9c2dd2-082f-4280-a07b-a5d111a82ea5_1000.jpg!m_fill,w_280,h_210,f_jpg?from=ke.com
20230515,丰台,宋家庄,101118951092,店长推荐：满五年唯一三居室不临街无遮挡,740万,57472元/平,中楼层 (共22层) | 2003年建 | 3室1厅 | 128.76平米 | 东南,https://ke-image.ljcdn.com/110000-inspection/pc1_W5w5hgsmb_1.jpg!m_fill,w_280,h_210,f_jpg?from=ke.com
20230515,丰台,宋家庄,101118949871,方泽园朝南向一居满5年落地飘窗大阳台 采光好居住安静房主自荐,265万,58525元/平,底层 (共16层) | 2005年建 | 1室1厅 | 45.28平米 | 南,https://ke-image.ljcdn.com/110000-inspection/pc1_sPlO9uOFQ_1.jpg!m_fill,w_280,h_210,f_jpg?from=ke.com
20230515,丰台,宋家庄,101118930206,政馨园一区  正规一室 正规一居室 宋家庄地铁,297万,52271元/平,高楼层 (共18层) 1室2厅 | 56.82平米 | 北,https://ke-image.ljcdn.com/110000-inspection/pc1_hzipDh5oF_1.jpg!m_fill,w_280,h_210,f_jpg?from=ke.com
20230515,丰台,宋家庄,101118918300,北京金茂府 西边户 70平客厅 恒温恒湿 科技住宅,3030万,123871元/平,高楼层 (共21层) 4室2厅 | 244.61平米 | 南 西 北,https://ke-image.ljcdn.com/110000-inspection/pc1_aMcbzwOKo_1.jpg!m_fill,w_280,h_210,f_jpg?from=ke.com
20230515,丰台,宋家庄,101118899943,政馨园一区 主打小两居 业主诚心出售房主自荐,328万,46931元/平,低楼层 (共18层) | 2003年建 | 2室1厅 | 69.89平米 | 北,https://ke-image.ljcdn.com/110000-inspection/pc1_mavyt0lbC.jpg!m_fill,w_280,h_210,f_jpg?from=ke.com
20230515,丰台,宋家庄,101118893201,翠庭园满五唯一商品房户型方正无抵押无遮挡有钥匙房主自荐,406万,64517元/平,高楼层 (共21层) | 2003年建 | 1室1厅 | 62.93平米 | 西,https://ke-image.ljcdn.com/110000-inspection/ae993f4b-ac87-457c-9f4d-1ac0ace6d711_1000.jpg!m_fill,w_280,h_210,f_jpg?from=ke.com
20230515,丰台,宋家庄,101118883854,5号线和14号线世纪星家园东向2居满5年唯一 价格便宜房主自荐,555万,51566元/平,底层 (共21层) | 2003年建 | 2室2厅 | 107.63平米 | 东,https://ke-image.ljcdn.com/110000-inspection/a8770dd5-fd1c-4dea-9f90-1761a961ada8_1000.jpg!m_fill,w_280,h_210,f_jpg?from=ke.com
20230515,丰台,宋家庄,101118882868,宋家庄地铁口 日新家园 三卧朝南  南北通透双阳台房主自荐,406万,51412元/平,顶层 (共6层) 3室1厅 | 78.97平米 | 南 北,https://ke-image.ljcdn.com/110000-inspection/87e404e1-5133-4390-aaa3-e7b1ab780068_1000.jpg!m_fill,w_280,h_210,f_jpg?from=ke.com
20230515,丰台,宋家庄,101118852810,朝南没有遮挡 全天采光都很好 小区管理好,615万,62890元/平,底层 (共20层) 2室1厅 | 97.79平米 | 南,https://ke-image.ljcdn.com/110000-inspection/pc1_4mD36WSmI_1.jpg!m_fill,w_280,h_210,f_jpg?from=ke.com
20230515,丰台,宋家庄,101118815458,顶秀欣园西苑南向房源采光好无遮挡房主自荐,590万,62607元/平,中楼层 (共22层) | 2002年建 | 2室1厅 | 94.24平米 | 南,https://ke-image.ljcdn.com/110000-inspection/c408f139-1f0a-4967-a2bd-71a38497f035_1000.jpg!m_fill,w_280,h_210,f_jpg?from=ke.com
20230515,丰台,宋家庄,101118805873,一居室 电梯房 中楼层 视野好 小户型,405万,58858元/平,高楼层 (共15层) | 2006年建 | 1室1厅 | 68.81平米 | 西,https://ke-image.ljcdn.com/110000-inspection/e0fce623-16e7-4712-873e-04bc41fb0932_1000.jpg!m_fill,w_280,h_210,f_jpg?from=ke.com
20230515,丰台,宋家庄,101118787946,政馨园二区全南两居落地大阳台 满五唯一商品房房主自荐,550万,60700元/平,低楼层 (共17层) 2室1厅 | 90.61平米 | 南,https://ke-image.ljcdn.com/110000-inspection/ffaa14bf-c978-4cae-9ed8-93616f31524a_1000.jpg!m_fill,w_280,h_210,f_jpg?from=ke.com
20230515,丰台,宋家庄,101118779696,政馨园二区 北向开间 小一居 满五年商品房房主自荐,249万,53932元/平,高楼层 (共19层) | 2004年建 | 1室0厅 | 46.17平米 | 北,https://ke-image.ljcdn.com/110000-inspection/pc1_cxps51yuN_1.jpg!m_fill,w_280,h_210,f_jpg?from=ke.com
20230515,丰台,宋家庄,101118779291,地铁5号线 刘家窑 满五唯一 客厅带大阳台,288万,51064元/平,中楼层 (共5层) | 1992年建 | 3室1厅 | 56.4平米 | 东 西,https://ke-image.ljcdn.com/110000-inspection/a667f817-77c9-4337-95f3-127acddb4ad2_1000.jpg!m_fill,w_280,h_210,f_jpg?from=ke.com
20230515,丰台,宋家庄,101118771704,南三环 2010年  无遮挡 不临街  正规一居室房主自荐,365万,51612元/平,低楼层 (共18层) | 2010年建 | 1室2厅 | 70.72平米 | 西,https://ke-image.ljcdn.com/110000-inspection/646e73ed-c330-406f-8f5e-01824cbb5e73_1000.jpg!m_fill,w_280,h_210,f_jpg?from=ke.com
20230515,丰台,宋家庄,101118768188,华芳嘉园 满五唯一商品房 南北通透 一梯两户房主自荐,528万,59885元/平,中楼层 (共6层) | 2001年建 | 2室1厅 | 88.17平米 | 南 北,https://ke-image.ljcdn.com/110000-inspection/4c5c70c7-cf74-41f7-b10a-f30d77c3e088_1000.jpg!m_fill,w_280,h_210,f_jpg?from=ke.com
20230515,丰台,宋家庄,101118700394,总监推荐好房 顶秀欣园东苑 满5唯一 人车分流小区房主自荐,449万,54690元/平,顶层 (共21层) | 2006年建 | 2室1厅 | 82.1平米 | 东南,https://ke-image.ljcdn.com/110000-inspection/fe702144-74ea-4054-af3f-a70d1b6dbe53_1000.jpg!m_fill,w_280,h_210,f_jpg?from=ke.com
20230515,丰台,宋家庄,101118674565,翠庭园 正规三居室 看房提前联系。,588万,65363元/平,低楼层 (共21层) | 2003年建 | 3室1厅 | 89.96平米 | 西北,https://ke-image.ljcdn.com/110000-inspection/pc1_iSQxHjKuU_1.jpg!m_fill,w_280,h_210,f_jpg?from=ke.com
20230515,丰台,宋家庄,101118669321,2019年商品房小区精装修看房提前预约,788万,76394元/平,高楼层 (共27层) 2室2厅 | 103.15平米 | 东 西 北,https://ke-image.ljcdn.com/110000-inspection/8ddffe31-5643-4258-89c4-1b5a87c38bbd_1000.jpg!m_fill,w_280,h_210,f_jpg?from=ke.com
20230515,丰台,宋家庄,101118661133,店长推荐 金瑞家园 人车分流社区 管理好 南北通透,483万,62179元/平,顶层 (共22层) 2室1厅 | 77.68平米 | 南 北,https://ke-image.ljcdn.com/110000-inspection/bb938488-c9f3-438a-84b1-917a51297c79_1000.jpg!m_fill,w_280,h_210,f_jpg?from=ke.com
20230515,丰台,宋家庄,101118646349,三环边5号线刘家窑站朝东向2居满5年唯一 有固定车位房主自荐,260万,49057元/平,高楼层 (共6层) | 1980年建 | 2室1厅 | 53平米 | 东,https://ke-image.ljcdn.com/110000-inspection/7c75dd1b-2152-47cd-9587-c9d0e5b10be7_1000.jpg!m_fill,w_280,h_210,f_jpg?from=ke.com
20230515,丰台,宋家庄,101118633568,上下水已换新外立面改完小区新铺路面西南两居房主自荐,369万,61063元/平,底层 (共18层) 2室1厅 | 60.43平米 | 西南,https://ke-image.ljcdn.com/110000-inspection/940571c0-233f-4a29-a4c9-fac06129a334_1000.jpg!m_fill,w_280,h_210,f_jpg?from=ke.com
20230515,丰台,宋家庄,101118630352,顶秀欣园东苑西南两居室2006年人车分流房主自荐,513万,63217元/平,低楼层 (共21层) | 2006年建 | 2室1厅 | 81.15平米 | 西南,https://ke-image.ljcdn.com/110000-inspection/8219b865-9919-41ae-b713-76b2fc5b2989_1000.jpg!m_fill,w_280,h_210,f_jpg?from=ke.com
20230515,丰台,宋家庄,101118626660,世纪星家园 2003年商品房社区人车分流,245万,58966元/平,中楼层 (共29层) 1室0厅 | 41.55平米 | 北,https://ke-image.ljcdn.com/110000-inspection/f5ed46f2-7ce7-44b5-baf3-d5aeb8fa021f_1000.jpg!m_fill,w_280,h_210,f_jpg?from=ke.com
20230515,丰台,宋家庄,101118625063,顶秀金石家园 南北通透 满5唯一 精装修 2013年小区房主自荐,550万,60341元/平,低楼层 (共20层) | 2013年建 | 2室1厅 | 91.15平米 | 南 北,https://ke-image.ljcdn.com/110000-inspection/327c93b6-59e0-4d87-bde2-520a7e111d33_1000.jpg!m_fill,w_280,h_210,f_jpg?from=ke.com
20230515,丰台,宋家庄,101118621047,政怡家园 06年小区 市委家属楼 精装两居室 全明格局,590万,63585元/平,高楼层 (共20层) 2室1厅 | 92.79平米 | 东,https://ke-image.ljcdn.com/110000-inspection/pc1_DxiPmgqL4_1.jpg!m_fill,w_280,h_210,f_jpg?from=ke.com
20230515,丰台,宋家庄,101118600325,宋家庄地铁站新登记正规一室一厅,306万,50941元/平,底层 (共19层) | 2004年建 | 1室1厅 | 60.07平米 | 北,https://ke-image.ljcdn.com/110000-inspection/2f0256fb-9c53-4bfd-92ce-31a6114706c7_1000.jpg!m_fill,w_280,h_210,f_jpg?from=ke.com
20230515,丰台,宋家庄,101118598171,翠庭园满五唯一南北三居室双卫看房提前联系房主自荐,680万,58819元/平,顶层 (共6层) | 2002年建 | 3室1厅 | 115.61平米 | 南 北,https://ke-image.ljcdn.com/110000-inspection/cf91d3f0-83e2-445b-a8b0-74e9c0375530_1000.jpg!m_fill,w_280,h_210,f_jpg?from=ke.com
20230515,丰台,宋家庄,101118593134,宋家庄地铁新登记正规一居室户型方正房主自荐,339万,50955元/平,中楼层 (共20层) 1室1厅 | 66.53平米 | 北,https://ke-image.ljcdn.com/110000-inspection/71a42daa-5460-4f41-9c2e-5cf2e6ac31ef_1000.jpg!m_fill,w_280,h_210,f_jpg?from=ke.com
20230515,丰台,宋家庄,101118588851,三环边小区南北通透两居采光视野无遮挡,335万,60252元/平,低楼层 (共6层) 2室1厅 | 55.6平米 | 南 北,https://ke-image.ljcdn.com/110000-inspection/6297675e-a1e4-41ed-a661-e42d2d1563c7_1000.jpg!m_fill,w_280,h_210,f_jpg?from=ke.com
20230515,丰台,宋家庄,101118536382,世纪星精装修两居室 户型好 视野开阔 楼层好 诚心卖房主自荐,638万,64478元/平,中楼层 (共29层) | 2003年建 | 2室1厅 | 98.95平米 | 东,https://ke-image.ljcdn.com/110000-inspection/pc1_6nZQJAPMR_1.jpg!m_fill,w_280,h_210,f_jpg?from=ke.com
20230515,丰台,宋家庄,101118532164,总监力荐满五唯一正对小区花园正规2居室,495万,51275元/平,低楼层 (共22层) | 2003年建 | 2室1厅 | 96.54平米 | 东,https://ke-image.ljcdn.com/110000-inspection/55911f88-8168-475c-a5cb-4377af23cc89_1000.jpg!m_fill,w_280,h_210,f_jpg?from=ke.com
20230515,丰台,宋家庄,101118515130,世纪星家园  南向两居室  正对小区花园,680万,63772元/平,低楼层 (共21层) 2室1厅 | 106.63平米 | 南,https://ke-image.ljcdn.com/110000-inspection/49ad6f20-f506-4e91-9af3-319bc205e1d4_1000.jpg!m_fill,w_280,h_210,f_jpg?from=ke.com
20230515,丰台,宋家庄,101118475347,三环边横一条甲18号院2010年两居诚意出售,498万,57387元/平,中楼层 (共21层) | 2010年建 | 2室2厅 | 86.78平米 | 西北,https://ke-image.ljcdn.com/110000-inspection/68b9e773-73a3-4a9b-bfa9-26bc8b1d82a5_1000.jpg!m_fill,w_280,h_210,f_jpg?from=ke.com
20230515,丰台,宋家庄,101118435077,宋家庄附近两居室明厨明卫户型方正,508万,56508元/平,底层 (共17层) | 2004年建 | 2室1厅 | 89.9平米 | 西南,https://ke-image.ljcdn.com/110000-inspection/c1bdf810-73f1-4dd3-90f4-2aeebde7bc5e_1000.jpg!m_fill,w_280,h_210,f_jpg?from=ke.com
20230515,丰台,宋家庄,101118429501,状元城 南北通透三居室2卫 一梯2户 正对小区花园,796万,65911元/平,顶层 (共9层) | 2006年建 | 3室1厅 | 120.77平米 | 南 北,https://ke-image.ljcdn.com/110000-inspection/c61b8223-acd4-40ac-b35b-74970e16b1b5_1000.jpg!m_fill,w_280,h_210,f_jpg?from=ke.com
20230515,丰台,宋家庄,101118423330,政馨园三区 满五年唯一 总监推荐 东向 看花园房主自荐,335万,59000元/平,中楼层 (共15层) 1室1厅 | 56.78平米 | 东,https://ke-image.ljcdn.com/110000-inspection/pc1_PsdE438aZ_1.jpg!m_fill,w_280,h_210,f_jpg?from=ke.com
20230515,丰台,宋家庄,101118422414,元熙华府 南北向精装两居半 居住舒适房主自荐,1020万,83368元/平,低楼层 (共29层) 3室2厅 | 122.35平米 | 南 北,https://ke-image.ljcdn.com/110000-inspection/f6aeb7a2-7f0b-4039-9049-5b89a0ee417d_1000.jpg!m_fill,w_280,h_210,f_jpg?from=ke.com
20230515,丰台,宋家庄,101118394014,映天朗正规一居户型方正满五唯一只有契税诚心卖,478万,71397元/平,中楼层 (共6层) 1室1厅 | 66.95平米 | 东,https://ke-image.ljcdn.com/110000-inspection/938dcf99-a711-43f1-b1e4-c33f23c9dddd_1000.jpg!m_fill,w_280,h_210,f_jpg?from=ke.com
20230515,丰台,宋家庄,101118378476,翠庭园 房子满五年唯一的商品房南北通透房主自荐,675万,58417元/平,中楼层 (共21层) | 2003年建 | 3室1厅 | 115.55平米 | 南 西 北,https://ke-image.ljcdn.com/110000-inspection/pc1_HRzkuWDnb_1.jpg!m_fill,w_280,h_210,f_jpg?from=ke.com
20230515,丰台,宋家庄,101118374087,政馨园二区  南向两居室   落地阳台 可以贷款房主自荐,542万,59817元/平,中楼层 (共17层) 2室1厅 | 90.61平米 | 南,https://ke-image.ljcdn.com/110000-inspection/bc24f060-da8a-45b1-ab0e-7921d2b52861_1000.jpg!m_fill,w_280,h_210,f_jpg?from=ke.com
20230515,丰台,宋家庄,101118340341,2019年次新房 元熙华府 精装修 拎包入住房主自荐,748万,72848元/平,低楼层 (共27层) 2室1厅 | 102.68平米 | 东 西,https://ke-image.ljcdn.com/110000-inspection/pc1_ugf7HoSEV_1.jpg!m_fill,w_280,h_210,f_jpg?from=ke.com
20230515,丰台,宋家庄,101118336274,南三环 元熙华府 2019年 2室2厅2卫  精装修 商品房,755万,72395元/平,低楼层 (共27层) | 2019年建 | 2室2厅 | 104.29平米 | 东 西,https://ke-image.ljcdn.com/110000-inspection/44297477-352d-4487-95cb-2d210950982f_1000.jpg!m_fill,w_280,h_210,f_jpg?from=ke.com
20230515,丰台,宋家庄,101118330537,总监推荐 区域主推 板楼通透两居 双卧朝南房主自荐,353万,52845元/平,顶层 (共6层) 2室1厅 | 66.8平米 | 南 北,https://ke-image.ljcdn.com/110000-inspection/pc1_dsFQT7N6P_1.jpg!m_fill,w_280,h_210,f_jpg?from=ke.com
20230515,丰台,宋家庄,101118328176,南方庄小区 满五唯一无抵押无户口 前后无遮挡 中楼层,306万,55860元/平,中楼层 (共6层) | 1992年建 | 2室1厅 | 54.78平米 | 东 西,https://ke-image.ljcdn.com/110000-inspection/87331796-528d-4a4d-b007-d7691e9aa087_1000.jpg!m_fill,w_280,h_210,f_jpg?from=ke.com
20230515,丰台,宋家庄,101118320493,总监力荐 区域主推  满五唯一 精装修 采光好房主自荐,478万,58701元/平,中楼层 (共21层) | 2006年建 | 2室1厅 | 81.43平米 | 东南,https://ke-image.ljcdn.com/110000-inspection/a552287b-057b-4af9-bb0c-868aa2ef33bd_1000.jpg!m_fill,w_280,h_210,f_jpg?from=ke.com
20230515,丰台,宋家庄,101118317151,新上房源：近地铁 满五唯一 产权清晰 前后无遮挡房主自荐,405万,57423元/平,低楼层 (共29层) | 2010年建 | 1室1厅 | 70.53平米 | 西,https://ke-image.ljcdn.com/110000-inspection/c22e5ab1-4563-4eae-bd0d-af5f94ff84b5_1000.jpg!m_fill,w_280,h_210,f_jpg?from=ke.com
20230515,丰台,宋家庄,101118291901,南三环 方庄桥 世纪星 精装 一居室,285万,59711元/平,低楼层 (共29层) 1室0厅 | 47.73平米 | 东,https://ke-image.ljcdn.com/110000-inspection/65c2cf6a-ccc2-488f-ba21-12a271ce27d5_1000.jpg!m_fill,w_280,h_210,f_jpg?from=ke.com
20230515,丰台,宋家庄,101118288193,翠庭园 2003年纯商品房 诚意出售 精装修房主自荐,630万,69876元/平,低楼层 (共6层) | 2003年建 | 2室1厅 | 90.16平米 | 南 北,https://ke-image.ljcdn.com/110000-inspection/55f066af-efe8-4627-9f07-db8b1c133b60_1000.jpg!m_fill,w_280,h_210,f_jpg?from=ke.com
20230515,丰台,宋家庄,101118267898,政馨园一区 南北通透    一梯两户 交通便利房主自荐,609万,61941元/平,顶层 (共10层) 2室1厅 | 98.32平米 | 南 北,https://ke-image.ljcdn.com/110000-inspection/9d9b02c3-afea-4ef0-817d-704c1570f727_1000.jpg!m_fill,w_280,h_210,f_jpg?from=ke.com
20230515,丰台,宋家庄,101118266017,此房是满五年唯一南北通透两居室业主诚心出售。,430万,54833元/平,高楼层 (共19层) | 2004年建 | 2室1厅 | 78.42平米 | 南 北,https://ke-image.ljcdn.com/110000-inspection/pc1_Tch4FjjDB.jpg!m_fill,w_280,h_210,f_jpg?from=ke.com
20230515,丰台,宋家庄,101118260067,政馨园一区  南向两居室   落地阳台  宋家庄地铁房主自荐,408万,56479元/平,低楼层 (共18层) 2室1厅 | 72.24平米 | 南,https://ke-image.ljcdn.com/110000-inspection/e19c899b-dc94-486f-8a26-25bde0a34115_1000.jpg!m_fill,w_280,h_210,f_jpg?from=ke.com
20230515,丰台,宋家庄,101118259184,高楼层精装三居室 正对小区花园 诚心出售,970万,59693元/平,中楼层 (共21层) | 2003年建 | 3室1厅 | 162.5平米 | 南 北,https://ke-image.ljcdn.com/110000-inspection/pc1_eWe2hFJSj_1.jpg!m_fill,w_280,h_210,f_jpg?from=ke.com
20230515,丰台,宋家庄,101118258673,地铁5号线 刘家窑地铁 满五唯一  精装修 拎包入住房主自荐,320万,55614元/平,高楼层 (共6层) | 1992年建 | 2室1厅 | 57.54平米 | 南 北,https://ke-image.ljcdn.com/110000-inspection/49513a6c-506a-4191-b9e2-851f648459d0_1000.jpg!m_fill,w_280,h_210,f_jpg?from=ke.com
20230515,丰台,宋家庄,101118253902,南三环东铁匠营横一条小区两居室出售,305万,60099元/平,中楼层 (共6层) | 1988年建 | 2室1厅 | 50.75平米 | 南,https://ke-image.ljcdn.com/110000-inspection/pc1_aXDauTyaO_1.jpg!m_fill,w_280,h_210,f_jpg?from=ke.com
20230515,丰台,宋家庄,101118241770,06年市委家属楼 南北通透三居室  诚意出售,870万,64240元/平,高楼层 (共18层) 3室1厅 | 135.43平米 | 南 北,https://ke-image.ljcdn.com/110000-inspection/f4d075a4-1291-44dc-927d-c01d95d33833_1000.jpg!m_fill,w_280,h_210,f_jpg?from=ke.com
20230515,丰台,宋家庄,101118240072,南三环 横一条 南北通透 两居,290万,48904元/平,顶层 (共6层) | 1983年建 | 2室1厅 | 59.3平米 | 南 北,https://ke-image.ljcdn.com/110000-inspection/eee3265a-0bb9-4f30-ba8e-cb5929f21e4d_1000.jpg!m_fill,w_280,h_210,f_jpg?from=ke.com
20230515,丰台,宋家庄,101118235379,方庄桥西   精装修 一居室  满五年唯一,275万,57436元/平,高楼层 (共29层) 1室0厅 | 47.88平米 | 西,https://ke-image.ljcdn.com/110000-inspection/23cbf8c5-143b-4c24-94bd-80789b6a608b_1000.jpg!m_fill,w_280,h_210,f_jpg?from=ke.com
20230515,丰台,宋家庄,101118220724,北京金茂府 双卧朝南 南北通透 恒湿 恒温房主自荐,2389万,114713元/平,中楼层 (共21层) 3室2厅 | 208.26平米 | 南 北,https://ke-image.ljcdn.com/110000-inspection/064768b5-a934-492d-a998-08ab68453f0e_1000.jpg!m_fill,w_280,h_210,f_jpg?from=ke.com
20230515,丰台,宋家庄,101118217365,北京金茂府 恒温恒湿 南北通透 双南套房 一天没住,2450万,114002元/平,中楼层 (共17层) | 2019年建 | 4室2厅 | 214.91平米 | 南 北,https://ke-image.ljcdn.com/110000-inspection/ae4b463b-226b-4ae5-a365-648a6bced10f_1000.jpg!m_fill,w_280,h_210,f_jpg?from=ke.com
20230515,丰台,宋家庄,101118195402,南方庄2号院世纪星家园 三居两卫人车分流 无抵押,685万,61424元/平,中楼层 (共21层) | 2002年建 | 3室1厅 | 111.52平米 | 西 北,https://ke-image.ljcdn.com/110000-inspection/40d3d2fa-c03d-4e56-9781-9e89a2c1caa3_1000.jpg!m_fill,w_280,h_210,f_jpg?from=ke.com
20230515,丰台,宋家庄,101118185855,方庄桥南方庄小区全南向正规一居室中间楼层,325万,65393元/平,中楼层 (共14层) | 1993年建 | 1室1厅 | 49.7平米 | 南 北,https://ke-image.ljcdn.com/110000-inspection/bd699666-136d-4a49-b8dc-da91823f345e_1000.jpg!m_fill,w_280,h_210,f_jpg?from=ke.com
20230515,丰台,宋家庄,101118169482,顶秀欣园西苑  明厨明卫 安静  满五年唯一 人车分流房主自荐,554万,56612元/平,低楼层 (共22层) | 2002年建 | 2室1厅 | 97.86平米 | 东,https://ke-image.ljcdn.com/110000-inspection/b7245fd3-6a56-4628-abaf-c63dfa1a96dc_1000.jpg!m_fill,w_280,h_210,f_jpg?from=ke.com
20230515,丰台,宋家庄,101118167500,店长推荐商品房 06年社区 人车分流西南向三居室,690万,64716元/平,低楼层 (共21层) | 2006年建 | 3室1厅 | 106.62平米 | 西南,https://ke-image.ljcdn.com/110000-inspection/a70a6c6d-9a55-4697-ab41-4b662c193763_1000.jpg!m_fill,w_280,h_210,f_jpg?from=ke.com
20230515,丰台,宋家庄,101118159368,三环边小区东南正规三居诚意出售房主自荐,410万,54291元/平,顶层 (共6层) | 1990年建 | 3室1厅 | 75.52平米 | 东 南,https://ke-image.ljcdn.com/110000-inspection/3591c689-1e0f-45f3-b8d8-a5add2c93113_1000.jpg!m_fill,w_280,h_210,f_jpg?from=ke.com
20230515,丰台,宋家庄,101118155973,政馨园三区 正规一居室 楼层高视野好 商品房房主自荐,333万,52293元/平,高楼层 (共22层) | 2003年建 | 1室1厅 | 63.68平米 | 北,https://ke-image.ljcdn.com/110000-inspection/pc1_HbIUAXBRY_1.jpg!m_fill,w_280,h_210,f_jpg?from=ke.com
20230515,丰台,宋家庄,101118146813,政馨园三区 正规两居室 中间楼层视野采光好,515万,52707元/平,中楼层 (共22层) | 2003年建 | 2室1厅 | 97.71平米 | 西,https://ke-image.ljcdn.com/110000-inspection/8b0266f1-985f-490b-bb81-d66e86918d05_1000.jpg!m_fill,w_280,h_210,f_jpg?from=ke.com
20230515,丰台,宋家庄,101118146196,世纪星家园 2003年社区人车分流房主自荐,235万,56559元/平,中楼层 (共29层) | 2003年建 | 1室1厅 | 41.55平米 | 北,https://ke-image.ljcdn.com/110000-inspection/pc1_WdsphC99k_1.jpg!m_fill,w_280,h_210,f_jpg?from=ke.com
20230515,丰台,宋家庄,101118144822,此房南北通透户型方正业主诚心出售楼层低房主自荐,780万,63841元/平,底层 (共21层) 3室1厅 | 122.18平米 | 南 北,https://ke-image.ljcdn.com/110000-inspection/968b60d0-c560-4660-ad02-e4f484795367_1000.jpg!m_fill,w_280,h_210,f_jpg?from=ke.com
20230515,丰台,宋家庄,101118129953,2010年新小区 西向无遮挡 地铁宋家庄站 板楼两梯四户房主自荐,510万,57195元/平,高楼层 (共29层) | 2010年建 | 2室1厅 | 89.17平米 | 西,https://ke-image.ljcdn.com/110000-inspection/pc1_srpiPxEVR_1.jpg!m_fill,w_280,h_210,f_jpg?from=ke.com
20230515,丰台,宋家庄,101118099734,南方庄小区 满五唯一 东南向三居室 居住安静 交通便利,500万,64508元/平,低楼层 (共18层) 3室1厅 | 77.51平米 | 东南,https://ke-image.ljcdn.com/110000-inspection/fb0f57cb-b338-491d-b7a1-788895974f77_1000.jpg!m_fill,w_280,h_210,f_jpg?from=ke.com
20230515,丰台,宋家庄,101118076412,市委大院 满五年唯一商品房  落地大飘窗 明厨明卫房主自荐,600万,63432元/平,中楼层 (共20层) 2室1厅 | 94.59平米 | 西 北,https://ke-image.ljcdn.com/110000-inspection/529c64fd-c3d8-44b5-b688-8246299c68f1_1000.jpg!m_fill,w_280,h_210,f_jpg?from=ke.com
20230515,丰台,宋家庄,101118047370,世纪星东向 随时看 楼层好没有遮挡 不临街 舒适,282万,56031元/平,中楼层 (共29层) | 2003年建 | 1室1厅 | 50.33平米 | 东,https://ke-image.ljcdn.com/110000-inspection/5683dc0b-e1a2-4c7e-957e-9c387f131ba3_1000.jpg!m_fill,w_280,h_210,f_jpg?from=ke.com
20230515,丰台,宋家庄,101118014394,满五年唯一商品房楼下就是宋家庄地铁C口出行方便,819万,83992元/平,中楼层 (共17层) 3室2厅 | 97.51平米 | 南 北,https://ke-image.ljcdn.com/110000-inspection/pc1_0vy3hu8qx.jpg!m_fill,w_280,h_210,f_jpg?from=ke.com
20230515,丰台,宋家庄,101118010629,东南正规三居室 满五年唯一 不临街 既安静 采光又好,735万,60815元/平,高楼层 (共22层) | 2003年建 | 3室2厅 | 120.86平米 | 东南,https://ke-image.ljcdn.com/110000-inspection/pc1_xAnLiBo1C_1.jpg!m_fill,w_280,h_210,f_jpg?from=ke.com
20230515,丰台,宋家庄,101118008742,方安苑 两居室 户型方正 居住舒适,528万,51362元/平,低楼层 (共24层) 2室1厅 | 102.8平米 | 西北,https://ke-image.ljcdn.com/110000-inspection/pc1_KPHr8rHwc_1.jpg!m_fill,w_280,h_210,f_jpg?from=ke.com
20230515,丰台,宋家庄,101117986644,刘家窑东铁匠营横一条小区两居室出售,310万,53569元/平,中楼层 (共6层) 2室1厅 | 57.87平米 | 东 北,https://ke-image.ljcdn.com/110000-inspection/b5df76c0-d5d0-4529-af9f-5bcef336e430_1000.jpg!m_fill,w_280,h_210,f_jpg?from=ke.com
20230515,丰台,宋家庄,101117938961,南三环6层板楼带电梯 环境优美,970万,69941元/平,低楼层 (共6层) 3室1厅 | 138.69平米 | 南 北,https://ke-image.ljcdn.com/110000-inspection/2d64e9fa-ab4a-4990-a296-55ecaf26129f_1000.jpg!m_fill,w_280,h_210,f_jpg?from=ke.com
20230515,丰台,宋家庄,101117926321,世纪星家园 2003年社区人车分流房主自荐,293万,61195元/平,中楼层 (共29层) | 2003年建 | 1室0厅 | 47.88平米 | 西,https://ke-image.ljcdn.com/110000-inspection/bae57173-677c-4570-814f-2f37321f0ce1_1000.jpg!m_fill,w_280,h_210,f_jpg?from=ke.com
20230515,丰台,宋家庄,101117924448,宋家庄2010年新小区 西向无遮挡 地铁宋家庄站 板楼房主自荐,432万,48447元/平,底层 (共29层) | 2010年建 | 2室1厅 | 89.17平米 | 西,https://ke-image.ljcdn.com/110000-inspection/a4c2b743-988f-4151-9393-68cf8b24ea5d_1000.jpg!m_fill,w_280,h_210,f_jpg?from=ke.com
20230515,丰台,宋家庄,101117902500,南三环 2010年 全南向两居室 满五唯一,480万,59487元/平,底层 (共21层) | 2010年建 | 2室1厅 | 80.69平米 | 南,https://ke-image.ljcdn.com/110000-inspection/eb6191d5-e63c-4b0d-ae4d-0a9af9b56197_1000.jpg!m_fill,w_280,h_210,f_jpg?from=ke.com
20230515,丰台,宋家庄,101117889953,南三环   方庄桥 正规两居室   双地铁人车分流社区,576万,59542元/平,低楼层 (共29层) | 2003年建 | 2室1厅 | 96.74平米 | 西,https://ke-image.ljcdn.com/110000-inspection/pc1_pjGVzbwg5_1.jpg!m_fill,w_280,h_210,f_jpg?from=ke.com
20230515,丰台,宋家庄,101117874036,北京金茂府  北区高层西边户 70平客厅 诚意出售,2888万,118066元/平,高楼层 (共21层) 4室2厅 | 244.61平米 | 南 西 北,https://ke-image.ljcdn.com/110000-inspection/883615c8-2369-4db7-a0ba-5689ad6a86a2_1000.jpg!m_fill,w_280,h_210,f_jpg?from=ke.com
20230515,丰台,宋家庄,101117840210,南方庄1号院 户型好 两居室 大客厅 交通便利房主自荐,390万,60560元/平,中楼层 (共6层) | 1994年建 | 2室1厅 | 64.4平米 | 南 北,https://ke-image.ljcdn.com/110000-inspection/24047eef-3221-45d8-8dd7-949f714d39a6_1000.jpg!m_fill,w_280,h_210,f_jpg?from=ke.com
20230515,丰台,宋家庄,101117828154,南方庄  两居 带电梯 楼改造完毕楼层好视野开阔房主自荐,334万,60541元/平,高楼层 (共18层) 2室1厅 | 55.17平米 | 西 北,https://ke-image.ljcdn.com/110000-inspection/4311fa55-108f-4077-8b36-e010f882f9bd_1000.jpg!m_fill,w_280,h_210,f_jpg?from=ke.com
20230515,丰台,宋家庄,101117812698,南三环 方庄桥 方泽园 一居室,305万,67359元/平,低楼层 (共16层) | 2004年建 | 1室1厅 | 45.28平米 | 南,https://ke-image.ljcdn.com/110000-inspection/914f3b4e-0fba-4e41-8b08-0129c38e1b0b_1000.jpg!m_fill,w_280,h_210,f_jpg?from=ke.com
20230515,丰台,宋家庄,101117808311,政馨园一区  明厨明卫  客厅落地阳台  距离地铁770米,495万,52638元/平,顶层 (共10层) 2室1厅 | 94.04平米 | 东 西,https://ke-image.ljcdn.com/110000-inspection/pc1_4IW23RTTf.jpg!m_fill,w_280,h_210,f_jpg?from=ke.com
20230515,丰台,宋家庄,101117788576,万科开发万科物业明厨明卫有车位南北通透三居房主自荐,768万,86477元/平,顶层 (共15层) 3室1厅 | 88.81平米 | 南 北,https://ke-image.ljcdn.com/110000-inspection/01174f16-7858-410d-891e-a219e97665f8_1000.jpg!m_fill,w_280,h_210,f_jpg?from=ke.com
20230515,丰台,宋家庄,101117788174,南三环 2019年商品房 精装修 2梯3户 人车分开花园水系房主自荐,1010万,79767元/平,中楼层 (共28层) 3室2厅 | 126.62平米 | 南 北,https://ke-image.ljcdn.com/110000-inspection/866a4b6f-e2dc-4be4-9fc7-d1d878491b06_1000.jpg!m_fill,w_280,h_210,f_jpg?from=ke.com
20230515,丰台,宋家庄,101117770842,翠庭园满五年商品房户型方正无抵押无遮挡有钥匙房主自荐,305万,52496元/平,底层 (共21层) | 2003年建 | 1室1厅 | 58.1平米 | 东,https://ke-image.ljcdn.com/110000-inspection/ed82fb13-b854-4c95-b209-5d0b324c14ab_1000.jpg!m_fill,w_280,h_210,f_jpg?from=ke.com
20230515,丰台,宋家庄,101117770586,三环边横一条小区南北通透精装两居停车方便房主自荐,299万,52921元/平,顶层 (共6层) 2室1厅 | 56.5平米 | 南 北,https://ke-image.ljcdn.com/110000-inspection/968b5ae9-c297-4846-9c74-88bb23c81ca3_1000.jpg!m_fill,w_280,h_210,f_jpg?from=ke.com
20230515,丰台,宋家庄,101117756455,政馨园二区 南北通透的两居室 业主诚心出售房主自荐,405万,51645元/平,高楼层 (共19层) | 2004年建 | 2室1厅 | 78.42平米 | 南 北,https://ke-image.ljcdn.com/110000-inspection/pc1_Onsb5lBpu_1.jpg!m_fill,w_280,h_210,f_jpg?from=ke.com
20230515,丰台,宋家庄,101117741298,南方庄2号院世纪星家园方庄南北通透商品房环境好,740万,55435元/平,中楼层 (共21层) | 2002年建 | 2室2厅 | 133.49平米 | 南 北,https://ke-image.ljcdn.com/110000-inspection/c687374c-afb4-4155-854c-e4babc96aed9_1000.jpg!m_fill,w_280,h_210,f_jpg?from=ke.com
20230515,丰台,宋家庄,101117737301,南三环 方庄桥 方泽园 精装修 一居房主自荐,230万,55975元/平,顶层 (共12层) | 2005年建 | 1室0厅 | 41.09平米 | 北 东 西,https://ke-image.ljcdn.com/110000-inspection/599f34bb-d70d-4ce6-afcb-34ae473cfe53_1000.jpg!m_fill,w_280,h_210,f_jpg?from=ke.com
20230515,丰台,宋家庄,101117730138,政馨园三区 满5唯一商品房 只有契税 精装修房主自荐,338万,53078元/平,顶层 (共22层) | 2003年建 | 1室1厅 | 63.68平米 | 北,https://ke-image.ljcdn.com/110000-inspection/pc1_JFph4gMgK_1.jpg!m_fill,w_280,h_210,f_jpg?from=ke.com
20230515,丰台,宋家庄,101117703942,宋家庄 南三环 2019年新小区 元熙华府房主自荐,818万,79302元/平,低楼层 (共27层) | 2019年建 | 2室2厅 | 103.15平米 | 东 西,https://ke-image.ljcdn.com/110000-inspection/pc1_72aL8PkkW_1.jpg!m_fill,w_280,h_210,f_jpg?from=ke.com
20230515,丰台,宋家庄,101117703431,方安苑 大两居 户型方正 大客厅 大阳台 居住安静房主自荐,635万,55093元/平,中楼层 (共24层) | 2001年建 | 2室1厅 | 115.26平米 | 西,https://ke-image.ljcdn.com/110000-inspection/pc1_EqyQH3v5w.jpg!m_fill,w_280,h_210,f_jpg?from=ke.com
20230515,丰台,宋家庄,101117700573,三环刘家窑地铁双地铁通透看房随时房主自荐,305万,50539元/平,高楼层 (共6层) | 1992年建 | 2室1厅 | 60.35平米 | 东 西,https://ke-image.ljcdn.com/110000-inspection/c655f6ad-3c84-4de2-b64a-738106204b58_1000.jpg!m_fill,w_280,h_210,f_jpg?from=ke.com
20230515,丰台,宋家庄,101117622762,方庄桥 方泽园 精装修 两居室,305万,58129元/平,中楼层 (共12层) | 2004年建 | 1室1厅 | 52.47平米 | 南,https://ke-image.ljcdn.com/110000-inspection/59eb58a6-2848-4cd0-953d-d7c3743c2dc9_1000.jpg!m_fill,w_280,h_210,f_jpg?from=ke.com
20230515,丰台,宋家庄,101117615813,宋庄路甲12号院 拎包入住 家具家电可协商房主自荐,299万,50009元/平,顶层 (共6层) | 1995年建 | 2室1厅 | 59.79平米 | 南 北,https://ke-image.ljcdn.com/110000-inspection/2270aa24-599b-48ca-a3d4-706ae1475fbf_1000.jpg!m_fill,w_280,h_210,f_jpg?from=ke.com
20230515,丰台,宋家庄,101117584402,顶秀欣园西苑 正规两居室 户型方正,508万,55794元/平,低楼层 (共22层) | 2003年建 | 2室1厅 | 91.05平米 | 北,https://ke-image.ljcdn.com/110000-inspection/pc1_aEA5D2Z49_1.jpg!m_fill,w_280,h_210,f_jpg?from=ke.com
20230515,丰台,宋家庄,101117581619,此房产权清晰楼层好视野佳业主随时可签约房主自荐,519万,63170元/平,中楼层 (共21层) | 2010年建 | 2室1厅 | 82.16平米 | 西南,https://ke-image.ljcdn.com/110000-inspection/053d5dcb-93da-44f5-acb4-96e1b5fb3245_1000.jpg!m_fill,w_280,h_210,f_jpg?from=ke.com
20230515,丰台,宋家庄,101117576845,三环边横一条小区南北通透精装两居采光充足房主自荐,338万,59749元/平,高楼层 (共6层) 2室1厅 | 56.57平米 | 南 北,https://ke-image.ljcdn.com/110000-inspection/ac860293-db9a-4e08-9f89-7050700debe5_1000.jpg!m_fill,w_280,h_210,f_jpg?from=ke.com
20230515,丰台,宋家庄,101117569436,华芳嘉园  一梯两户 南北通透三居室房主自荐,629万,55002元/平,中楼层 (共6层) | 2000年建 | 3室1厅 | 114.36平米 | 南 北,https://ke-image.ljcdn.com/110000-inspection/ed408f29-0eb2-4826-898f-19df504ea465_1000.jpg!m_fill,w_280,h_210,f_jpg?from=ke.com
20230515,丰台,宋家庄,101117566706,顶秀欣园东苑 人车分流社区 满五唯一商品房房主自荐,402万,60000元/平,底层 (共21层) | 2006年建 | 1室1厅 | 67平米 | 南,https://ke-image.ljcdn.com/110000-inspection/pc1_UAclpXr00.jpg!m_fill,w_280,h_210,f_jpg?from=ke.com
20230515,丰台,宋家庄,101117541524,宋家庄地铁两居室商品房电梯集中供暖。不临街,565万,58338元/平,低楼层 (共22层) | 2002年建 | 2室1厅 | 96.85平米 | 西,https://ke-image.ljcdn.com/110000-inspection/e5f0e7b5-0299-4598-8bdd-d75537560794_1000.jpg!m_fill,w_280,h_210,f_jpg?from=ke.com
20230515,丰台,宋家庄,101117508116,5号线刘家窑地铁附近西南向2居满5年 中楼层 采光好,410万,64314元/平,中楼层 (共18层) | 1996年建 | 2室1厅 | 63.75平米 | 西 南,https://ke-image.ljcdn.com/110000-inspection/0c08eebf-7e2f-4d2e-8695-a7958d6b9aca_1000.jpg!m_fill,w_280,h_210,f_jpg?from=ke.com
20230515,丰台,宋家庄,101117481519,方庄桥 方泽园 集中供暖 一居室,279万,51165元/平,低楼层 (共12层) | 2004年建 | 1室0厅 | 54.53平米 | 北,https://ke-image.ljcdn.com/110000-inspection/337d71b1-6d79-4a53-b0a3-01b73a2c838a_1000.jpg!m_fill,w_280,h_210,f_jpg?from=ke.com
20230515,丰台,宋家庄,101117475420,南方庄小区 满五唯一 带电梯 朝南视野好无遮挡 不临街,420万,68182元/平,中楼层 (共14层) 2室1厅 | 61.6平米 | 南,https://ke-image.ljcdn.com/110000-inspection/pc1_qD3fqmTQp.jpg!m_fill,w_280,h_210,f_jpg?from=ke.com
20230515,丰台,宋家庄,101117417563,南三环方庄桥 方安苑小区 满五年唯一房主自荐,499万,57449元/平,低楼层 (共24层) | 2001年建 | 2室1厅 | 86.86平米 | 西北,https://ke-image.ljcdn.com/110000-inspection/f55069d2-2f8d-4670-9d1e-3510eafac453_1000.jpg!m_fill,w_280,h_210,f_jpg?from=ke.com
20230515,丰台,宋家庄,101117408667,方庄桥方安苑小区高楼层视野好南向大四居,980万,62793元/平,高楼层 (共24层) | 2000年建 | 3室2厅 | 156.07平米 | 西南,https://ke-image.ljcdn.com/110000-inspection/pc1_0YSWEnQjh_1.jpg!m_fill,w_280,h_210,f_jpg?from=ke.com
20230515,丰台,宋家庄,101117272427,此房满五年唯一南北通透楼层好位置安静 不临街房主自荐,597万,66794元/平,中楼层 (共6层) | 2004年建 | 2室2厅 | 89.38平米 | 南 北,https://ke-image.ljcdn.com/110000-inspection/d9649bf0-018d-4623-8533-194404b88a41_1000.jpg!m_fill,w_280,h_210,f_jpg?from=ke.com
20230515,丰台,宋家庄,101117242304,2006年人车分流小区绿化35%地铁三轨交汇房主自荐,470万,57719元/平,底层 (共21层) | 2006年建 | 2室1厅 | 81.43平米 | 西南 西北,https://ke-image.ljcdn.com/110000-inspection/pc1_ogxfigNKX_1.jpg!m_fill,w_280,h_210,f_jpg?from=ke.com
20230515,丰台,宋家庄,101117212086,三环双地铁户型方正高层采光好 世纪星家园房主自荐,296万,58812元/平,中楼层 (共29层) | 2003年建 | 1室0厅 | 50.33平米 | 东,https://ke-image.ljcdn.com/110000-inspection/915efc22-0c1a-4d37-9044-2280312b4234_1000.jpg!m_fill,w_280,h_210,f_jpg?from=ke.com
20230515,丰台,宋家庄,101117194539,南三环 三轨交汇宋家庄地铁站 无遮挡 生活便利,290万,52728元/平,中楼层 (共6层) | 1995年建 | 2室1厅 | 55平米 | 东 西,https://ke-image.ljcdn.com/110000-inspection/aafc77c1-f032-4c46-a86c-ff8ca36c17f4_1000.jpg!m_fill,w_280,h_210,f_jpg?from=ke.com
20230515,丰台,宋家庄,101117191279,宋家庄地铁 正规两居室 满五唯一房主自荐,375万,46759元/平,高楼层 (共6层) | 1995年建 | 2室1厅 | 80.2平米 | 东 西,https://ke-image.ljcdn.com/110000-inspection/5de35273-a57a-4a88-8ba9-4ac451335f2a_1000.jpg!m_fill,w_280,h_210,f_jpg?from=ke.com
20230515,丰台,宋家庄,101117172663,此房满五年唯一可贷款高楼层视野好,535万,59504元/平,顶层 (共6层) | 2002年建 | 2室1厅 | 89.91平米 | 东 西,https://ke-image.ljcdn.com/110000-inspection/4d76fd75-e4ab-4124-97c6-81377e1fb1c8_1000.jpg!m_fill,w_280,h_210,f_jpg?from=ke.com
20230515,丰台,宋家庄,101117171937,地铁近低楼层满五年唯一商品房随时配合签约。,541万,62682元/平,低楼层 (共6层) | 2003年建 | 2室2厅 | 86.31平米 | 东 西,https://ke-image.ljcdn.com/110000-inspection/75482561-bb6a-4b2c-bdfe-b655317dd1d0_1000.jpg!m_fill,w_280,h_210,f_jpg?from=ke.com
20230515,丰台,宋家庄,101117136352,顶秀欣园一期满五年唯一集中供暖房主自荐,445万,54602元/平,低楼层 (共22层) | 2003年建 | 1室1厅 | 81.5平米 | 东,https://ke-image.ljcdn.com/110000-inspection/c1d9e3a6-9b6e-45dd-a900-11db29a8de49_1000.jpg!m_fill,w_280,h_210,f_jpg?from=ke.com
20230515,丰台,宋家庄,101117101269,三环边 全南向小两居 满五唯一,302万,58414元/平,底层 (共6层) 2室1厅 | 51.7平米 | 南,https://ke-image.ljcdn.com/110000-inspection/a92ade39-6271-4d5d-8fea-f1adb8c40a88_1000.jpg!m_fill,w_280,h_210,f_jpg?from=ke.com
20230515,丰台,宋家庄,101117059787,政怡家园市委家属院管理好。,529万,57097元/平,中楼层 (共20层) 2室1厅 | 92.65平米 | 东 南,https://ke-image.ljcdn.com/110000-inspection/pc1_ZWouZgzxo.jpg!m_fill,w_280,h_210,f_jpg?from=ke.com
20230515,丰台,宋家庄,101117040188,正对小区花园满五唯一业主诚心出售房主自荐,596万,66245元/平,低楼层 (共24层) | 2001年建 | 2室1厅 | 89.97平米 | 东 南 北,https://ke-image.ljcdn.com/110000-inspection/4391b0c6-88e6-41f8-8b42-7f6d83c2ebe4_1000.jpg!m_fill,w_280,h_210,f_jpg?from=ke.com
20230515,丰台,宋家庄,101117012453,全南向一居满五年唯一采光好无遮挡诚心出售,399万,60055元/平,低楼层 (共12层) | 2004年建 | 1室1厅 | 66.44平米 | 南,https://ke-image.ljcdn.com/110000-inspection/568e4e73-3fb6-401c-9486-a78385abf94d_1000.jpg!m_fill,w_280,h_210,f_jpg?from=ke.com
20230515,丰台,宋家庄,101116967397,宋家庄大两居楼层高视野好采光充足交通便利！,519万,53117元/平,高楼层 (共22层) | 2003年建 | 2室1厅 | 97.71平米 | 东,https://ke-image.ljcdn.com/110000-inspection/e30070be-6f42-4c95-8df7-d73c414538be_1000.jpg!m_fill,w_280,h_210,f_jpg?from=ke.com
20230515,丰台,宋家庄,101116961430,南三环刘家窑精装修全明格局横一条小区房主自荐,338万,56617元/平,中楼层 (共6层) | 1983年建 | 2室1厅 | 59.7平米 | 东 西,https://ke-image.ljcdn.com/110000-inspection/pc1_Vl9nH8jU5_1.jpg!m_fill,w_280,h_210,f_jpg?from=ke.com
20230515,丰台,宋家庄,101116869194,元熙华府 2019年小区 精装修次新房 本月急售房主自荐,810万,79040元/平,中楼层 (共27层) | 2019年建 | 2室2厅 | 102.48平米 | 东 西,https://ke-image.ljcdn.com/110000-inspection/pc1_xrwPHsNSr_1.jpg!m_fill,w_280,h_210,f_jpg?from=ke.com
20230515,丰台,宋家庄,101116842642,房子满五年格局高正规一居室明厨明卫房主自荐,313万,59001元/平,中楼层 (共21层) | 2006年建 | 1室1厅 | 53.05平米 | 西北,https://ke-image.ljcdn.com/110000-inspection/pc1_TCZvtKsf1_1.jpg!m_fill,w_280,h_210,f_jpg?from=ke.com
20230515,丰台,宋家庄,101116829002,方庄宋家庄满五年唯一商品房只有契税诚心出售,295万,52698元/平,顶层 (共6层) 2室1厅 | 55.98平米 | 东 西,https://ke-image.ljcdn.com/110000-inspection/dd35802e-02c6-45e8-ae17-ea37d4c7c012_1000.jpg!m_fill,w_280,h_210,f_jpg?from=ke.com
20230515,丰台,宋家庄,101116826129,宋家庄顶秀欣园西苑大两居室中间楼层格局方正,542万,55511元/平,中楼层 (共22层) | 2002年建 | 2室1厅 | 97.64平米 | 西北,https://ke-image.ljcdn.com/110000-inspection/e510f1c7-e357-4e99-9fec-ecc453fc864e_1000.jpg!m_fill,w_280,h_210,f_jpg?from=ke.com
20230515,丰台,宋家庄,101116761978,三环刘家窑地铁双地铁南北通透精品三居,288万,49741元/平,顶层 (共6层) | 1983年建 | 3室1厅 | 57.9平米 | 南 北 东,https://ke-image.ljcdn.com/110000-inspection/8be8e51c-ff77-4744-b6a1-08560ac00bff_1000.jpg!m_fill,w_280,h_210,f_jpg?from=ke.com
20230515,丰台,宋家庄,101116761370,方安苑大两居视野开阔户型好阳台大居住舒适,615万,51038元/平,中楼层 (共24层) | 2001年建 | 2室1厅 | 120.5平米 | 东北,https://ke-image.ljcdn.com/110000-inspection/pc1_meZqZq9ca_1.jpg!m_fill,w_280,h_210,f_jpg?from=ke.com
20230515,丰台,宋家庄,101116748769,三环边 次新房 2019年纯商品房  元熙华府 精装两居室房主自荐,525万,83110元/平,中楼层 (共27层) | 2019年建 | 2室1厅 | 63.17平米 | 东,https://ke-image.ljcdn.com/110000-inspection/cff338eb-3e71-4d0a-9b6d-c137c229faa9_1000.jpg!m_fill,w_280,h_210,f_jpg?from=ke.com
20230515,丰台,宋家庄,101116727279,满五年板楼楼层好视野开阔格局方正双地铁房主自荐,318万,56214元/平,中楼层 (共6层) 3室1厅 | 56.57平米 | 南 北,https://ke-image.ljcdn.com/110000-inspection/pc1_pzqn7ydqW_1.jpg!m_fill,w_280,h_210,f_jpg?from=ke.com
20230515,丰台,宋家庄,101116726884,东南三居 精装修 三环边 位置好诚心卖户型好,390万,50000元/平,高楼层 (共6层) | 1992年建 | 3室1厅 | 78平米 | 东南,https://ke-image.ljcdn.com/110000-inspection/pc1_ilfMO0hMz.jpg!m_fill,w_280,h_210,f_jpg?from=ke.com
20230515,丰台,宋家庄,101116619425,北京金茂府 科技住宅6.7米宽大客厅,2299万,110391元/平,顶层 (共21层) | 2021年建 | 3室2厅 | 208.26平米 | 南 北,https://ke-image.ljcdn.com/110000-inspection/31aad3a3-c50b-4b6b-adf8-9a30a02529bf_1000.jpg!m_fill,w_280,h_210,f_jpg?from=ke.com
20230515,丰台,宋家庄,101116616524,南方庄1号院南北通透两居双阳台采光好,350万,54374元/平,顶层 (共6层) | 1994年建 | 2室1厅 | 64.37平米 | 南 北,https://ke-image.ljcdn.com/110000-inspection/e72a69ad-b445-45bd-8c2a-3357361cc9f8_1000.jpg!m_fill,w_280,h_210,f_jpg?from=ke.com
20230515,丰台,宋家庄,101116555703,刘家窑地铁  三环边 正规小3居 中间层 满五年房主自荐,298万,53158元/平,中楼层 (共6层) 3室1厅 | 56.06平米 | 东 西,https://ke-image.ljcdn.com/110000-inspection/8a894bda-6a5d-4804-af95-ca50468d6f0c_1000.jpg!m_fill,w_280,h_210,f_jpg?from=ke.com
20230515,丰台,宋家庄,101116526555,东西通透两居室交通便利设施齐全。,289万,51552元/平,中楼层 (共6层) 3室1厅 | 56.06平米 | 东 西,https://ke-image.ljcdn.com/110000-inspection/87a90f37-dcc7-4200-836b-7269c939ec63_1000.jpg!m_fill,w_280,h_210,f_jpg?from=ke.com
20230515,丰台,宋家庄,101116520571,南三环边 横一条小区 满五唯一商品房房主自荐,298万,53025元/平,顶层 (共6层) 3室0厅 | 56.2平米 | 东南 北,https://ke-image.ljcdn.com/110000-inspection/pc1_jyegPsG4T.jpg!m_fill,w_280,h_210,f_jpg?from=ke.com
20230515,丰台,宋家庄,101116469510,宋家庄成寿寺商圈翠庭园一居室满五唯一,253万,61186元/平,底层 (共21层) | 2003年建 | 1室1厅 | 41.35平米 | 西北,https://ke-image.ljcdn.com/110000-inspection/pc1_LKxH2KhAD_1.jpg!m_fill,w_280,h_210,f_jpg?from=ke.com
20230515,丰台,宋家庄,101116456916,宋家庄  2010年社区  业主诚心出售房主自荐,369万,54170元/平,低楼层 (共21层) | 2010年建 | 2室1厅 | 68.12平米 | 西,https://ke-image.ljcdn.com/110000-inspection/pc1_nntEL0XA5.jpg!m_fill,w_280,h_210,f_jpg?from=ke.com
20230515,丰台,宋家庄,101116406248,宋庄路12号院 东西通透精装两居（相当满五唯一）,299万,54662元/平,低楼层 (共6层) | 1995年建 | 2室1厅 | 54.7平米 | 西 东,https://ke-image.ljcdn.com/110000-inspection/1b243bc7-a2b4-44f9-9a23-9c5236cd23d4_1000.jpg!m_fill,w_280,h_210,f_jpg?from=ke.com
20230515,丰台,宋家庄,101116381924,宋家庄地铁口 全南向两居室  1层  出入便利,525万,59109元/平,底层 (共16层) | 2010年建 | 2室1厅 | 88.82平米 | 南,https://ke-image.ljcdn.com/110000-inspection/bac72653-ae26-40f8-8383-0a3475f60a45_1000.jpg!m_fill,w_280,h_210,f_jpg?from=ke.com
20230515,丰台,宋家庄,101116362771,政馨园一区 满五年唯一商品房 业主诚心出售房主自荐,195万,65371元/平,中楼层 (共11层) 1室1厅 | 29.83平米 | 北,https://ke-image.ljcdn.com/110000-inspection/pc1_ETfzB4t9Q_1.jpg!m_fill,w_280,h_210,f_jpg?from=ke.com
20230515,丰台,宋家庄,101116320121,南北通透 四个阳台 采光好 满五唯一商品房房主自荐,520万,59004元/平,中楼层 (共6层) | 2002年建 | 2室1厅 | 88.13平米 | 南 北,https://ke-image.ljcdn.com/110000-inspection/d7e3186d-c80e-4dbe-916f-b5ff165e89a8_1000.jpg!m_fill,w_280,h_210,f_jpg?from=ke.com
20230515,丰台,宋家庄,101116287771,宋家庄地铁 政馨园满五唯一商品房 一室两厅 户型方正,299万,52623元/平,低楼层 (共18层) | 2003年建 | 1室2厅 | 56.82平米 | 北,https://ke-image.ljcdn.com/110000-inspection/pc1_iLhdJJkuu_1.jpg!m_fill,w_280,h_210,f_jpg?from=ke.com
20230515,丰台,宋家庄,101116274318,北京金茂府此房房子是南北通透的四居室保养好,2350万,109349元/平,中楼层 (共17层) | 2019年建 | 4室2厅 | 214.91平米 | 南 北,https://ke-image.ljcdn.com/110000-inspection/502b0186-4cd7-47f9-93c7-d42068a40820_1000.jpg!m_fill,w_280,h_210,f_jpg?from=ke.com
20230515,丰台,宋家庄,101116262553,顶秀欣园西苑满五年商品房东向两居室,580万,59269元/平,中楼层 (共22层) | 2002年建 | 2室2厅 | 97.86平米 | 东 南,https://ke-image.ljcdn.com/110000-inspection/0a34eaeb-1b82-4905-b537-b826800eea4f_1000.jpg!m_fill,w_280,h_210,f_jpg?from=ke.com
20230515,丰台,宋家庄,101116188499,此房满五唯一  楼层好 朝南好 采光好  配套齐全房主自荐,480万,50617元/平,高楼层 (共18层) | 2003年建 | 2室1厅 | 94.83平米 | 南,https://ke-image.ljcdn.com/110000-inspection/5fdb62ea-10c9-4b12-888f-15c427ec6c25_1000.jpg!m_fill,w_280,h_210,f_jpg?from=ke.com
20230515,丰台,宋家庄,101116067993,顶秀欣园西苑 正规两居室 东南朝向 满五年唯一房主自荐,565万,54395元/平,底层 (共22层) | 2003年建 | 2室1厅 | 103.87平米 | 东南,https://ke-image.ljcdn.com/110000-inspection/pc1_ezOT4rGDt_1.jpg!m_fill,w_280,h_210,f_jpg?from=ke.com
20230515,丰台,宋家庄,101116037790,方庄桥边东南2居正对花园满五唯一商品房房主自荐,456万,56689元/平,底层 (共24层) | 2001年建 | 2室1厅 | 80.44平米 | 东南,https://ke-image.ljcdn.com/110000-inspection/pc1_Pyk3KFppK_1.jpg!m_fill,w_280,h_210,f_jpg?from=ke.com
20230515,丰台,宋家庄,101116036269,天怡福园视野开阔的南北通透的两居室房主自荐,603万,67921元/平,顶层 (共18层) | 2015年建 | 2室1厅 | 88.78平米 | 南 北,https://ke-image.ljcdn.com/110000-inspection/pc1_3rsfM1YKX_1.jpg!m_fill,w_280,h_210,f_jpg?from=ke.com
20230515,丰台,宋家庄,101115975543,宋家庄 正规三居室 低楼层  看房随时,305万,46708元/平,底层 (共5层) | 1992年建 | 3室1厅 | 65.3平米 | 东 西,https://ke-image.ljcdn.com/110000-inspection/9f7ffddb-13b8-4755-94c0-c792452b9f6f_1000.jpg!m_fill,w_280,h_210,f_jpg?from=ke.com
20230515,丰台,宋家庄,101115958627,三环边 全南向两居 小区中间楼不临街 安静 中间层房主自荐,295万,55556元/平,中楼层 (共6层) 2室1厅 | 53.1平米 | 南,https://ke-image.ljcdn.com/110000-inspection/bbcd4966-4014-4047-935a-f473d2491403_1000.jpg!m_fill,w_280,h_210,f_jpg?from=ke.com
20230515,丰台,宋家庄,101115725731,方庄桥横一条东南北向三居室中间楼层房主自荐,420万,54660元/平,中楼层 (共6层) | 1992年建 | 3室1厅 | 76.84平米 | 东 南 北,https://ke-image.ljcdn.com/110000-inspection/pc1_IsmGCT9fu_1.jpg!m_fill,w_280,h_210,f_jpg?from=ke.com
20230515,丰台,宋家庄,101115689871,宋家庄2010年小区南北通透无遮挡不临街房主自荐,530万,59726元/平,中楼层 (共16层) | 2010年建 | 2室1厅 | 88.74平米 | 南 北,https://ke-image.ljcdn.com/110000-inspection/pc1_pZ2PREJmY_1.jpg!m_fill,w_280,h_210,f_jpg?from=ke.com
20230515,丰台,宋家庄,101115664558,元熙华府 2019年商品房社区 人车分流 诚心出售房主自荐,519万,81926元/平,中楼层 (共27层) | 2019年建 | 2室1厅 | 63.35平米 | 东,https://ke-image.ljcdn.com/110000-inspection/4ef57b68-9728-47dc-b8b9-1c5c33ce0dd8_1000.jpg!m_fill,w_280,h_210,f_jpg?from=ke.com
20230515,丰台,宋家庄,101115629152,三环宋家庄南北通透满五年唯一商品房房主自荐,598万,68422元/平,中楼层 (共11层) | 2007年建 | 2室1厅 | 87.4平米 | 南 北,https://ke-image.ljcdn.com/110000-inspection/a5ea505d-be5a-499b-ac30-ce31b81e78e1_1000.jpg!m_fill,w_280,h_210,f_jpg?from=ke.com
20230515,丰台,宋家庄,101115599142,房子南北通透采光无遮挡视野开阔金茂科技系统,2280万,114539元/平,中楼层 (共17层) | 2019年建 | 4室2厅 | 199.06平米 | 南 北,https://ke-image.ljcdn.com/110000-inspection/9691d275-8f2c-42fc-aa1f-eedb20843399_1000.jpg!m_fill,w_280,h_210,f_jpg?from=ke.com
20230515,丰台,宋家庄,101115391181,宋家庄 三居双卫 满五年唯一 正对小区花园 安静房主自荐,682万,55165元/平,中楼层 (共22层) | 2002年建 | 3室1厅 | 123.63平米 | 西南,https://ke-image.ljcdn.com/110000-inspection/dc6d7485-1a53-4706-afe6-d258ffa98c70_1000.jpg!m_fill,w_280,h_210,f_jpg?from=ke.com
20230515,丰台,宋家庄,101115256230,方庄桥西 世纪星家园 满五年唯一 诚意出售 看房随时,285万,59711元/平,中楼层 (共29层) | 2003年建 | 1室1厅 | 47.73平米 | 东,https://ke-image.ljcdn.com/110000-inspection/1ec28f86-9014-475d-9f54-bd01305d03be_1000.jpg!m_fill,w_280,h_210,f_jpg?from=ke.com
20230515,丰台,宋家庄,101115106820,宋家庄 横一条甲18号院 东西通透两居室,459万,53162元/平,顶层 (共21层) | 2010年建 | 2室1厅 | 86.34平米 | 东 西,https://ke-image.ljcdn.com/110000-inspection/pc1_gxvWN8uQS_1.jpg!m_fill,w_280,h_210,f_jpg?from=ke.com
20230515,丰台,宋家庄,101114867042,三环边 全明格局 次顶层 诚心出售,395万,48473元/平,高楼层 (共6层) | 1992年建 | 3室1厅 | 81.49平米 | 东 西 北,https://ke-image.ljcdn.com/110000-inspection/pc1_VbDQRBfeu_1.jpg!m_fill,w_280,h_210,f_jpg?from=ke.com
20230515,丰台,宋家庄,101114800786,5号线14号线双地铁方泽园精装一居东西通透满5年唯一房主自荐,259.5万,63155元/平,中楼层 (共12层) | 2004年建 | 1室0厅 | 41.09平米 | 东 西,https://ke-image.ljcdn.com/110000-inspection/pc1_s4yBsjwHK_1.jpg!m_fill,w_280,h_210,f_jpg?from=ke.com
20230515,丰台,宋家庄,101114723689,翠庭园精装修三居室业主诚意出售,790万,65042元/平,中楼层 (共6层) | 2002年建 | 3室2厅 | 121.46平米 | 东 北 东北,https://ke-image.ljcdn.com/110000-inspection/55012f6d-7061-476a-a49b-787e6e927f8f_1000.jpg!m_fill,w_280,h_210,f_jpg?from=ke.com
20230515,丰台,宋家庄,101114647874,一室两厅可小两居  额外8平米的飘窗储物空间大 精装房主自荐,290万,55577元/平,低楼层 (共18层) 1室2厅 | 52.18平米 | 北,https://ke-image.ljcdn.com/110000-inspection/4fa694cf-247c-4a53-9b64-8640f4ec9dbd_1000.jpg!m_fill,w_280,h_210,f_jpg?from=ke.com
20230515,丰台,宋家庄,101114601072,满五年唯一商品房双卧朝南高楼层视野开阔采光好,640万,57966元/平,高楼层 (共22层) | 2002年建 | 2室1厅 | 110.41平米 | 西南,https://ke-image.ljcdn.com/110000-inspection/266ff686-9172-40ba-840e-acd0720678d4_1000.jpg!m_fill,w_280,h_210,f_jpg?from=ke.com
20230515,丰台,宋家庄,101114414680,5号线刘家窑三环方庄桥南北通透3居满5年唯一 全明格局房主自荐,415万,55526元/平,高楼层 (共6层) 3室1厅 | 74.74平米 | 南 北,https://ke-image.ljcdn.com/110000-inspection/pc1_kwWxDrzyT_1.jpg!m_fill,w_280,h_210,f_jpg?from=ke.com
20230515,丰台,宋家庄,101114413960,三环边带大客厅满五唯一业主诚意出售,299万,57018元/平,底层 (共6层) | 1992年建 | 2室1厅 | 52.44平米 | 东 西,https://ke-image.ljcdn.com/110000-inspection/ccf8190f-8afe-44fa-86b6-a262fcc3cc41_1000.jpg!m_fill,w_280,h_210,f_jpg?from=ke.com
20230515,丰台,宋家庄,101114322924,宋家庄一居室06年社区无户口房主自荐,320万,60321元/平,低楼层 (共21层) | 2006年建 | 1室1厅 | 53.05平米 | 东 北,https://ke-image.ljcdn.com/110000-inspection/pc1_ooLZgir94_1.jpg!m_fill,w_280,h_210,f_jpg?from=ke.com
20230515,丰台,宋家庄,101114279299,红狮家园东向一居室高楼层无遮挡,420万,59356元/平,高楼层 (共29层) | 2010年建 | 1室1厅 | 70.76平米 | 东,https://ke-image.ljcdn.com/110000-inspection/c94141af-399e-4189-89df-56f4f14fb2a3_1000.jpg!m_fill,w_280,h_210,f_jpg?from=ke.com
20230515,丰台,宋家庄,101114032330,政馨家园一期 三居室 满五唯一房主自荐,728万,57355元/平,低楼层 (共18层) | 2003年建 | 3室2厅 | 126.93平米 | 东南,https://ke-image.ljcdn.com/110000-inspection/0c1d74df-1b63-4019-b8ad-0119d061cbd9_1000.jpg!m_fill,w_280,h_210,f_jpg?from=ke.com
20230515,丰台,宋家庄,101113947695,政馨园一区中间楼层精装西南大三居房主自荐,715万,53291元/平,低楼层 (共18层) | 2003年建 | 3室1厅 | 134.17平米 | 西南,https://ke-image.ljcdn.com/110000-inspection/f585c70c-bb70-4e04-91e5-eac114a9770b_1000.jpg!m_fill,w_280,h_210,f_jpg?from=ke.com
20230515,丰台,宋家庄,101113815232,南北通透中间楼层小区中间位置前后无遮挡。房主自荐,307万,54270元/平,中楼层 (共6层) 2室1厅 | 56.57平米 | 南 北,https://ke-image.ljcdn.com/110000-inspection/20de74f8-a085-4fce-97fa-76e9abc2e7a1_1000.jpg!m_fill,w_280,h_210,f_jpg?from=ke.com
20230515,丰台,宋家庄,101113557633,2019年纯商品房社区 元熙华府 精装修东西北通透两居室房主自荐,808万,78333元/平,高楼层 (共27层) | 2019年建 | 2室1厅 | 103.15平米 | 东 西 北,https://ke-image.ljcdn.com/110000-inspection/pc1_4M0d8PGie_1.jpg!m_fill,w_280,h_210,f_jpg?from=ke.com
20230515,丰台,宋家庄,101112858171,三轨交汇宋家庄 公交枢纽 落地飘窗 精装修房主自荐,390万,50901元/平,低楼层 (共15层) | 2003年建 | 1室1厅 | 76.62平米 | 西,https://ke-image.ljcdn.com/110000-inspection/pc1_c0OoNrXQw_1.jpg!m_fill,w_280,h_210,f_jpg?from=ke.com
20230515,丰台,宋家庄,101112477551,福臻家园北区 状元城 南北通透三居室,1025万,71569元/平,低楼层 (共9层) | 2006年建 | 3室2厅 | 143.22平米 | 南 北,https://ke-image.ljcdn.com/110000-inspection/pc1_YH51akVb0_1.jpg!m_fill,w_280,h_210,f_jpg?from=ke.com
20230515,丰台,宋家庄,101111428815,方泽园 商品房 满五年 唯一 带电梯,251万,61086元/平,低楼层 (共12层) | 2005年建 | 1室0厅 | 41.09平米 | 东 西,https://ke-image.ljcdn.com/110000-inspection/e4fa8125-2365-4516-8407-49e39d80f383_1000.jpg!m_fill,w_280,h_210,f_jpg?from=ke.com
20230515,丰台,宋家庄,101119261280,总监力荐 红狮家园正规一居室中间楼层满五唯一新上,390万,55296元/平,低楼层 (共29层) | 2010年建 | 1室1厅 | 70.53平米 | 西,https://ke-image.ljcdn.com/110000-inspection/d4a06e15-34fe-4485-a302-9247875c14f4_1000.jpg!m_fill,w_280,h_210,f_jpg?from=ke.com
20230515,丰台,宋家庄,101119258126,横一条 中间楼层 精装修 业主诚心出售新上,300万,52265元/平,中楼层 (共6层) | 1992年建 | 2室1厅 | 57.4平米 | 东 西,https://ke-image.ljcdn.com/110000-inspection/539a699a-b257-4e88-9721-d0877aeda386_1000.jpg!m_fill,w_280,h_210,f_jpg?from=ke.com
20230515,丰台,宋家庄,101119250131,新上房源全南向板楼2梯4户人车分流有车位租新上,489万,60890元/平,低楼层 (共24层) 2室1厅 | 80.31平米 | 南,https://ke-image.ljcdn.com/110000-inspection/859d2f48-2212-4981-a5fb-64464769b62e_1000.jpg!m_fill,w_280,h_210,f_jpg?from=ke.com
20230515,丰台,宋家庄,101119237516,政馨园三区 小区中间 两个落地大阳台 满五年唯一新上,509万,52736元/平,低楼层 (共12层) 2室1厅 | 96.52平米 | 西北,https://ke-image.ljcdn.com/110000-inspection/63754cab-fe29-4084-a93f-6c4cda9dfeb4_1000.jpg!m_fill,w_280,h_210,f_jpg?from=ke.com
20230515,丰台,宋家庄,101119218519,商品房小区 集中供暖 封闭管理 三环边交通方便新上,485万,55837元/平,低楼层 (共24层) | 2001年建 | 2室1厅 | 86.86平米 | 西北,https://ke-image.ljcdn.com/110000-inspection/d8495400-5ac6-4448-b7be-402fcc4d1aed_1000.jpg!m_fill,w_280,h_210,f_jpg?from=ke.com
20230515,丰台,宋家庄,101119212013,世纪星家园 满五唯一 三居室 环境好 欢迎看房新上,615万,56887元/平,底层 (共21层) | 2002年建 | 3室2厅 | 108.11平米 | 西 北,https://ke-image.ljcdn.com/110000-inspection/pc1_J97I6zWtA_1.jpg!m_fill,w_280,h_210,f_jpg?from=ke.com
20230515,丰台,宋家庄,101119200571,新登记进地铁两居室南北通透新上,510万,56367元/平,高楼层 (共19层) 2室1厅 | 90.48平米 | 南 北,https://ke-image.ljcdn.com/110000-inspection/pc1_qOTtUtbon.jpg!m_fill,w_280,h_210,f_jpg?from=ke.com
20230515,丰台,宋家庄,101119187453,东铁营横一条 南向1居 满五年唯一商品房新上,235万,54386元/平,中楼层 (共6层) 1室1厅 | 43.21平米 | 南,https://ke-image.ljcdn.com/110000-inspection/pc1_sr1IP5iuz_1.jpg!m_fill,w_280,h_210,f_jpg?from=ke.com
20230515,丰台,宋家庄,101119182195,宋家庄新上南北通透两居室2015年新小区明厨明卫新上,636万,68794元/平,中楼层 (共21层) 2室1厅 | 92.45平米 | 南 北,https://ke-image.ljcdn.com/110000-inspection/5492a993-7722-4898-b10d-a4813b1c0612_1000.jpg!m_fill,w_280,h_210,f_jpg?from=ke.com
20230515,丰台,宋家庄,101119155258,三环 2019年商品房 精装修 人车分流 东南不挡正对花园房主自荐,1120万,80086元/平,低楼层 (共29层) 3室2厅 | 139.85平米 | 东南,https://ke-image.ljcdn.com/110000-inspection/pc1_As6g40lJC_1.jpg!m_fill,w_280,h_210,f_jpg?from=ke.com
20230515,丰台,宋家庄,101119147268,南方庄小区南北向两居明厨明卫全新改造新小区房主自荐,385万,59598元/平,低楼层 (共14层) 2室1厅 | 64.6平米 | 南 北,https://ke-image.ljcdn.com/110000-inspection/3bdbcbbf-2758-4af2-bd6e-98c458fba44c_1000.jpg!m_fill,w_280,h_210,f_jpg?from=ke.com
20230515,丰台,宋家庄,101119143891,南三环满五唯一户型复式适合三代人同住,880万,58368元/平,高楼层 (共29层) | 2003年建 | 3室2厅 | 150.77平米 | 南 北,https://ke-image.ljcdn.com/110000-inspection/383f4bfa-0921-49a1-811c-a91c15932f20_1000.jpg!m_fill,w_280,h_210,f_jpg?from=ke.com
20230515,丰台,宋家庄,101119043854,方庄世纪星家园满五年高楼层视野好交通便利房主自荐,254万,61561元/平,高楼层 (共29层) | 2003年建 | 1室1厅 | 41.26平米 | 东北,https://ke-image.ljcdn.com/110000-inspection/pc1_SaZM5hS0L_1.jpg!m_fill,w_280,h_210,f_jpg?from=ke.com
20230515,丰台,宋家庄,101119039898,翠庭园满五年不唯一商品房东西通透。,510万,56724元/平,中楼层 (共6层) | 2002年建 | 2室2厅 | 89.91平米 | 东 西,https://ke-image.ljcdn.com/110000-inspection/cd56c6f9-d569-4044-9e14-d875848820ea_1000.jpg!m_fill,w_280,h_210,f_jpg?from=ke.com
20230515,丰台,宋家庄,101118936085,南方庄小区南北三居室 电梯直达 格局方正房主自荐,494万,60614元/平,中楼层 (共14层) 3室1厅 | 81.5平米 | 南 北,https://ke-image.ljcdn.com/110000-inspection/pc1_ar0YnplYf_1.jpg!m_fill,w_280,h_210,f_jpg?from=ke.com
20230515,丰台,宋家庄,101118930192,政馨园一区   适合年轻人首套房  业主诚心出售房主自荐,249万,45848元/平,高楼层 (共18层) | 2003年建 | 1室1厅 | 54.31平米 | 北,https://ke-image.ljcdn.com/110000-inspection/pc1_cZL8Rl7xr_1.jpg!m_fill,w_280,h_210,f_jpg?from=ke.com
20230515,丰台,宋家庄,101118928430,宋庄路12号院正规方正三居室,322万,45804元/平,顶层 (共6层) | 1995年建 | 3室1厅 | 70.3平米 | 东 西,https://ke-image.ljcdn.com/110000-inspection/pc1_cRrwXsodT_1.jpg!m_fill,w_280,h_210,f_jpg?from=ke.com
20230515,丰台,宋家庄,101118925871,宋家庄地铁 满五唯一商品房 高楼层采光好 精装修,575万,59915元/平,高楼层 (共22层) | 2003年建 | 2室1厅 | 95.97平米 | 西,https://ke-image.ljcdn.com/110000-inspection/pc1_HPzx5EavJ.jpg!m_fill,w_280,h_210,f_jpg?from=ke.com
20230515,丰台,宋家庄,101118894591,三环边带车位双地铁东西通透户型方正精装修房主自荐,388万,57946元/平,高楼层 (共6层) | 1997年建 | 2室1厅 | 66.96平米 | 东 西,https://ke-image.ljcdn.com/110000-inspection/pc1_RPKyqFLHa_1.jpg!m_fill,w_280,h_210,f_jpg?from=ke.com
20230515,丰台,宋家庄,101118863982,映天朗5号公馆  6层板楼带电梯房主自荐,473万,70650元/平,中楼层 (共6层) | 2007年建 | 1室1厅 | 66.95平米 | 东,https://ke-image.ljcdn.com/110000-inspection/6b0c55c0-29ae-4532-bd8d-8c4dfc387733_1000.jpg!m_fill,w_280,h_210,f_jpg?from=ke.com
20230515,丰台,宋家庄,101118862944,世纪星家园 正对花园 满五唯一 随时看房 诚心卖,585万,60754元/平,高楼层 (共29层) | 2003年建 | 2室1厅 | 96.29平米 | 西,https://ke-image.ljcdn.com/110000-inspection/6899ea34-ca15-4ecb-a1b4-3640bf74c314_1000.jpg!m_fill,w_280,h_210,f_jpg?from=ke.com
20230515,丰台,宋家庄,101118835018,宋家庄地铁 这套采光好 中高层 满五年唯一 精装修,495万,50418元/平,中楼层 (共21层) | 2003年建 | 2室1厅 | 98.18平米 | 西,https://ke-image.ljcdn.com/110000-inspection/pc1_71VQuImOv_1.jpg!m_fill,w_280,h_210,f_jpg?from=ke.com
20230515,丰台,宋家庄,101118817605,南三环 横一条小区 全明格局 满五年唯一,369万,46792元/平,顶层 (共6层) | 1992年建 | 3室1厅 | 78.86平米 | 东 南 西,https://ke-image.ljcdn.com/110000-inspection/pc1_XExcOTV1g_1.jpg!m_fill,w_280,h_210,f_jpg?from=ke.com
20230515,丰台,宋家庄,101118799867,商品房房本！无土地出让金！10年新小区！看房随时！,526万,59035元/平,中楼层 (共18层) | 2010年建 | 2室1厅 | 89.1平米 | 东 南 西,https://ke-image.ljcdn.com/110000-inspection/pc1_Q4K2u2kvb_1.jpg!m_fill,w_280,h_210,f_jpg?from=ke.com
20230515,丰台,宋家庄,101118783256,政馨园一区  精装修一居室  宋家庄地铁站,305万,53679元/平,高楼层 (共18层) | 2003年建 | 1室2厅 | 56.82平米 | 北,https://ke-image.ljcdn.com/110000-inspection/e1ae1b96-9a02-4e0e-85d3-a636aa491811_1000.jpg!m_fill,w_280,h_210,f_jpg?from=ke.com
20230515,丰台,宋家庄,101118750532,满五唯一东南三居室居住安静无遮挡交通便利。房主自荐,500万,64508元/平,低楼层 (共18层) 3室1厅 | 77.51平米 | 东南,https://ke-image.ljcdn.com/110000-inspection/pc1_EGo2t4kmm_1.jpg!m_fill,w_280,h_210,f_jpg?from=ke.com
20230515,丰台,宋家庄,101118728374,方庄桥世纪星复式结构正对小区花园高楼层视野好房主自荐,860万,54673元/平,高楼层 (共21层) | 2003年建 | 3室2厅 | 157.3平米 | 西北,https://ke-image.ljcdn.com/110000-inspection/pc1_8dEWQY3hE_1.jpg!m_fill,w_280,h_210,f_jpg?from=ke.com
20230515,丰台,宋家庄,101118719156,华芳嘉园 一梯两户 南北通透 中间楼层,529万,59998元/平,中楼层 (共6层) | 2001年建 | 2室1厅 | 88.17平米 | 南 北,https://ke-image.ljcdn.com/110000-inspection/pc1_kLvkdourf_1.jpg!m_fill,w_280,h_210,f_jpg?from=ke.com
20230515,丰台,宋家庄,101118578174,政馨园一区 落地窗大阳台采光好房主自荐,334万,56553元/平,高楼层 (共18层) 1室1厅 | 59.06平米 | 西,https://ke-image.ljcdn.com/110000-inspection/pc1_0usl3eVtt_1.jpg!m_fill,w_280,h_210,f_jpg?from=ke.com
20230515,丰台,宋家庄,101118550736,三环边小区南北三居户型方正随时签约房主自荐,389万,49241元/平,顶层 (共5层) | 1990年建 | 3室0厅 | 79平米 | 南 北,https://ke-image.ljcdn.com/110000-inspection/pc1_GPSAw6nTa_1.jpg!m_fill,w_280,h_210,f_jpg?from=ke.com
20230515,丰台,宋家庄,101118550232,南三环方庄桥精装3居采光好,750万,61255元/平,中楼层 (共24层) | 2001年建 | 3室1厅 | 122.44平米 | 西南,https://ke-image.ljcdn.com/110000-inspection/977f5d01-fd5a-4cea-b330-94579c301cdb_1000.jpg!m_fill,w_280,h_210,f_jpg?from=ke.com
20230515,丰台,宋家庄,101118548019,宋家庄地铁600米 政馨园东南正规三室 满五唯一商品房房主自荐,630万,55453元/平,低楼层 (共19层) | 2004年建 | 3室1厅 | 113.61平米 | 东 南,https://ke-image.ljcdn.com/110000-inspection/70f01f1c-5b6c-4851-acd8-e4204d83fa5b_1000.jpg!m_fill,w_280,h_210,f_jpg?from=ke.com
20230515,丰台,宋家庄,101118515785,方安苑 大三居 居住安静  满五年 诚心出售 欢迎看房房主自荐,745万,56672元/平,中楼层 (共24层) | 2001年建 | 3室2厅 | 131.46平米 | 西南,https://ke-image.ljcdn.com/110000-inspection/e37bf2f9-3bce-4c44-aa0c-95a38127309a_1000.jpg!m_fill,w_280,h_210,f_jpg?from=ke.com
20230515,丰台,宋家庄,101118512600,宋家庄正规两居室南北通透落地窗大阳台房主自荐,499万,56596元/平,高楼层 (共6层) | 2001年建 | 2室1厅 | 88.17平米 | 南 北,https://ke-image.ljcdn.com/110000-inspection/72e87842-f4db-44ba-a08f-d86b3bf89559_1000.jpg!m_fill,w_280,h_210,f_jpg?from=ke.com
20230515,丰台,宋家庄,101118446251,政馨园二区 满五年 楼层高 采光充足 西南朝向 3居房主自荐,640万,56334元/平,高楼层 (共20层) | 2004年建 | 3室1厅 | 113.61平米 | 西南,https://ke-image.ljcdn.com/110000-inspection/e314a246-7c33-4d64-b325-306929cff703_1000.jpg!m_fill,w_280,h_210,f_jpg?from=ke.com
20230515,丰台,宋家庄,101118444419,本房满两年南北通透正规两居中间楼层无遮挡,325万,48285元/平,高楼层 (共6层) | 1995年建 | 2室1厅 | 67.31平米 | 南 北,https://ke-image.ljcdn.com/110000-inspection/pc1_ImL2TwgHg_1.jpg!m_fill,w_280,h_210,f_jpg?from=ke.com
20230515,丰台,宋家庄,101118410253,南北通透前后没有遮挡采光足诚心出售,299万,50084元/平,高楼层 (共6层) 2室1厅 | 59.7平米 | 南 北,https://ke-image.ljcdn.com/110000-inspection/pc1_AdwGiV1qL.jpg!m_fill,w_280,h_210,f_jpg?from=ke.com
20230515,丰台,宋家庄,101118409220,三环半2004年楼梯房5号线亦庄线10号线,503万,56014元/平,中楼层 (共19层) 2室1厅 | 89.8平米 | 南 北,https://ke-image.ljcdn.com/110000-inspection/3494a367-b4a8-4fdb-a121-a84517a9a2af_1000.jpg!m_fill,w_280,h_210,f_jpg?from=ke.com
20230515,丰台,宋家庄,101118375481,世纪星家园  一居室  方庄桥西  满两年,290万,61195元/平,低楼层 (共29层) | 2003年建 | 1室0厅 | 47.39平米 | 东,https://ke-image.ljcdn.com/110000-inspection/pc1_j7itKkZgv_1.jpg!m_fill,w_280,h_210,f_jpg?from=ke.com
20230515,丰台,宋家庄,101118355986,政馨园二区  西南向三居室 改善之选房主自荐,690万,56586元/平,高楼层 (共17层) | 2004年建 | 3室1厅 | 121.94平米 | 西南,https://ke-image.ljcdn.com/110000-inspection/pc1_1oh6hhuB4.jpg!m_fill,w_280,h_210,f_jpg?from=ke.com
20230515,丰台,宋家庄,101118353842,南方庄小区 满五唯一 楼层好 居住安静房主自荐,225万,56476元/平,中楼层 (共6层) | 1995年建 | 1室1厅 | 39.84平米 | 东,https://ke-image.ljcdn.com/110000-inspection/prod-996806eb-5cdf-45e2-80bd-381aa2c18337.png!m_fill,w_280,h_210,f_jpg?from=ke.com
20230515,丰台,宋家庄,101118321059,三环5号线刘家窑世纪星精品大一居观景房大阳台不临街房主自荐,295万,58614元/平,低楼层 (共29层) | 2003年建 | 1室0厅 | 50.33平米 | 西,https://ke-image.ljcdn.com/110000-inspection/pc1_0FogxZGQy_1.jpg!m_fill,w_280,h_210,f_jpg?from=ke.com
20230515,丰台,宋家庄,101118313121,元熙华府 东西向 精装修2室 双卫 三环边房主自荐,780万,75965元/平,低楼层 (共27层) | 2019年建 | 2室2厅 | 102.68平米 | 西 东,https://ke-image.ljcdn.com/110000-inspection/815779c3-9e9e-409c-8bfe-51b2278b5f6e_1000.jpg!m_fill,w_280,h_210,f_jpg?from=ke.com
20230515,丰台,宋家庄,101118249228,元熙华府 小区人车分流  南北精装修三居室,1100万,84733元/平,高楼层 (共28层) | 2019年建 | 3室2厅 | 129.82平米 | 南 北,https://ke-image.ljcdn.com/110000-inspection/7fc8001d-cc9b-461a-9fb2-a4e42609634f_1000.jpg!m_fill,w_280,h_210,f_jpg?from=ke.com
20230515,丰台,宋家庄,101118198466,三环边精装婚房满五唯一诚心出售房主自荐,292万,53305元/平,高楼层 (共6层) 2室1厅 | 54.78平米 | 东 西,https://ke-image.ljcdn.com/110000-inspection/29dde2ff-ea2a-4762-99aa-aeea1fcaaed6_1000.jpg!m_fill,w_280,h_210,f_jpg?from=ke.com
20230515,丰台,宋家庄,101118187206,华芳嘉园  一梯两户  南北通透,525万,59336元/平,中楼层 (共6层) | 2001年建 | 2室1厅 | 88.48平米 | 南 北,https://ke-image.ljcdn.com/110000-inspection/9ef5d09b-d0d7-4170-a82b-a7403a589a45_1000.jpg!m_fill,w_280,h_210,f_jpg?from=ke.com
20230515,丰台,宋家庄,101118183346,翠庭园  满五唯一  眼镜户型,760万,67514元/平,高楼层 (共6层) | 2003年建 | 4室1厅 | 112.57平米 | 南 西 北,https://ke-image.ljcdn.com/110000-inspection/pc1_Genj5XBVE_1.jpg!m_fill,w_280,h_210,f_jpg?from=ke.com
20230515,丰台,宋家庄,101118165705,政馨园一区 朝南两居室 正对小区 采光充足 诚心出售,408万,57336元/平,低楼层 (共18层) 2室1厅 | 71.16平米 | 南,https://ke-image.ljcdn.com/110000-inspection/bf36a594-f504-4510-9cfa-be76e4758f74_1000.jpg!m_fill,w_280,h_210,f_jpg?from=ke.com
20230515,丰台,宋家庄,101118132844,2006年人车分流社区满五唯一朝花园不临街房主自荐,308万,58768元/平,低楼层 (共21层) | 2006年建 | 1室1厅 | 52.41平米 | 西北,https://ke-image.ljcdn.com/110000-inspection/pc1_edFvbfx4F_1.jpg!m_fill,w_280,h_210,f_jpg?from=ke.com
20230515,丰台,宋家庄,101118103272,次新房 精装修 电梯房 商品房社区 通透户型房主自荐,741万,71900元/平,低楼层 (共27层) | 2019年建 | 2室2厅 | 103.06平米 | 东 西,https://ke-image.ljcdn.com/110000-inspection/pc1_Y7Z1y7jB0_1.jpg!m_fill,w_280,h_210,f_jpg?from=ke.com
20230515,丰台,宋家庄,101118093698,06北京市委市政府的家属楼 管理好 南北通透大两居室,628万,59018元/平,顶层 (共18层) | 2006年建 | 2室1厅 | 106.41平米 | 南 北,https://ke-image.ljcdn.com/110000-inspection/6b3f3eb0-8aba-4e69-a3db-dc0fdb0b76dc_1000.jpg!m_fill,w_280,h_210,f_jpg?from=ke.com
20230515,丰台,宋家庄,101118082443,政馨园二区 宋家庄地铁 一居室 刚需之选,335万,54041元/平,中楼层 (共17层) | 2004年建 | 1室1厅 | 61.99平米 | 西南,https://ke-image.ljcdn.com/110000-inspection/9c7a7239-8068-42f3-ae32-a86cf915b230_1000.jpg!m_fill,w_280,h_210,f_jpg?from=ke.com
20230515,丰台,宋家庄,101118065678,北京金茂府 上叠 采光好 不临街 精装修科技住宅,3580万,124822元/平,高楼层 (共6层) 4室2厅 | 286.81平米 | 南 北,https://ke-image.ljcdn.com/110000-inspection/3d0d1376-0ddf-4f89-82bf-51b240d75f7f_1000.jpg!m_fill,w_280,h_210,f_jpg?from=ke.com
20230515,丰台,宋家庄,101118054834,满五唯一三卧朝西采光好、视野宽阔交通便利房主自荐,463万,46047元/平,高楼层 (共14层) | 1999年建 | 3室1厅 | 100.55平米 | 东 西,https://ke-image.ljcdn.com/110000-inspection/5a529d50-18f8-4616-9618-3f6431b611bd_1000.jpg!m_fill,w_280,h_210,f_jpg?from=ke.com
20230515,丰台,宋家庄,101118047383,南三环方庄桥  全南向大2居  满五唯一,830万,63597元/平,中楼层 (共24层) | 2001年建 | 2室2厅 | 130.51平米 | 南,https://ke-image.ljcdn.com/110000-inspection/233ee320-f432-4946-b9bd-d9ef687e23a4_1000.jpg!m_fill,w_280,h_210,f_jpg?from=ke.com
20230515,丰台,宋家庄,101118016590,宋家庄3条地铁交汇 满五年 商品房 高楼层,260万,50378元/平,中楼层 (共11层) | 2003年建 | 1室1厅 | 51.61平米 | 北,https://ke-image.ljcdn.com/110000-inspection/pc1_KaHpzzmJZ_1.jpg!m_fill,w_280,h_210,f_jpg?from=ke.com
20230515,丰台,宋家庄,101118000228,翠庭园 三环边商品房社区 带电梯 采光充足房主自荐,280万,60751元/平,中楼层 (共21层) | 2003年建 | 1室1厅 | 46.09平米 | 西,https://ke-image.ljcdn.com/110000-inspection/9ce1e615-1f04-4dbd-be29-9ef17baa7550_1000.jpg!m_fill,w_280,h_210,f_jpg?from=ke.com
20230515,丰台,宋家庄,101117997115,翠庭园三居室一层东西向适合一家居住房主自荐,560万,62071元/平,底层 (共6层) 3室1厅 | 90.22平米 | 东 西,https://ke-image.ljcdn.com/110000-inspection/pc1_gliwGdpe0_1.jpg!m_fill,w_280,h_210,f_jpg?from=ke.com
20230515,丰台,宋家庄,101117995043,此房满五年唯一 精装修 户型方正位置安静采光好,278万,60317元/平,低楼层 (共21层) | 2003年建 | 1室0厅 | 46.09平米 | 西,https://ke-image.ljcdn.com/110000-inspection/e1982c87-4e40-4d44-aabf-0dca07197352_1000.jpg!m_fill,w_280,h_210,f_jpg?from=ke.com
20230515,丰台,宋家庄,101117992162,方庄桥方安苑小区中间楼层视野好正对小区花园房主自荐,645万,53527元/平,中楼层 (共24层) 2室1厅 | 120.5平米 | 西北,https://ke-image.ljcdn.com/110000-inspection/18ab730e-4916-4df9-acab-99b79e0037f2_1000.jpg!m_fill,w_280,h_210,f_jpg?from=ke.com
20230515,丰台,宋家庄,101117988258,政馨园一区 中间楼层 明厨明卫,699万,52561元/平,低楼层 (共11层) | 2003年建 | 3室1厅 | 132.99平米 | 南 西,https://ke-image.ljcdn.com/110000-inspection/b7bfff35-331e-40d6-a1b7-511fc07ec20e_1000.jpg!m_fill,w_280,h_210,f_jpg?from=ke.com
20230515,丰台,宋家庄,101117979605,南三环 2010年 满五唯一商品房价格 无遮挡 不临街房主自荐,489万,56947元/平,低楼层 (共18层) | 2010年建 | 2室1厅 | 85.87平米 | 南 北,https://ke-image.ljcdn.com/110000-inspection/106c7cae-b6b1-4ae9-b912-a60a63622559_1000.jpg!m_fill,w_280,h_210,f_jpg?from=ke.com
20230515,丰台,宋家庄,101117949026,元熙华府 2室2厅 东 西,825万,80113元/平,高楼层 (共27层) | 2019年建 | 2室2厅 | 102.98平米 | 东 西,https://ke-image.ljcdn.com/110000-inspection/9b8c9a32-b042-43f8-93ff-85a3928900c5_1000.jpg!m_fill,w_280,h_210,f_jpg?from=ke.com
20230515,丰台,宋家庄,101117947723,三环边双地铁朝南不临街精装新风系统房主自荐,680万,67655元/平,底层 (共21层) | 2002年建 | 2室1厅 | 100.51平米 | 南,https://ke-image.ljcdn.com/110000-inspection/edcb265e-a39b-4f1d-8443-1a2e9d84a793_1000.jpg!m_fill,w_280,h_210,f_jpg?from=ke.com
20230515,丰台,宋家庄,101117938402,无遮挡采光好明亮通透格局方正无浪费通风效果也好房主自荐,383万,46983元/平,高楼层 (共6层) 2室1厅 | 81.52平米 | 东 西南,https://ke-image.ljcdn.com/110000-inspection/pc1_mIMy9iYnk_1.jpg!m_fill,w_280,h_210,f_jpg?from=ke.com
20230515,丰台,宋家庄,101117937928,南三环低价2居  满五年唯一房主自荐,395万,48682元/平,低楼层 (共24层) | 2001年建 | 2室1厅 | 81.14平米 | 西北,https://ke-image.ljcdn.com/110000-inspection/67320956-225a-4f51-bfb9-a11a73b90758_1000.jpg!m_fill,w_280,h_210,f_jpg?from=ke.com
20230515,丰台,宋家庄,101117887943,此房满五年唯一不临街视野开阔客厅对小区花园,530万,59948元/平,高楼层 (共6层) | 2003年建 | 2室2厅 | 88.41平米 | 东 西,https://ke-image.ljcdn.com/110000-inspection/1e93fa28-0abe-41ec-b951-83947c97afcb_1000.jpg!m_fill,w_280,h_210,f_jpg?from=ke.com
20230515,丰台,宋家庄,101117880042,此房满五年唯一 大客厅 看房方便 随时看房。,385万,51265元/平,中楼层 (共6层) | 1995年建 | 2室1厅 | 75.1平米 | 东 西,https://ke-image.ljcdn.com/110000-inspection/5febe94c-f179-4928-be38-eb8de407fa70_1000.jpg!m_fill,w_280,h_210,f_jpg?from=ke.com
20230515,丰台,宋家庄,101117879609,南三环 实用三居 两卫 朝向好,438万,41556元/平,顶层 (共6层) | 1995年建 | 3室2厅 | 105.4平米 | 东南,https://ke-image.ljcdn.com/110000-inspection/pc1_ZHA4545Qb_1.jpg!m_fill,w_280,h_210,f_jpg?from=ke.com
20230515,丰台,宋家庄,101117811455,政馨园一区  满五年唯一商品房 只有契税房主自荐,260万,48873元/平,中楼层 (共11层) | 2003年建 | 1室0厅 | 53.2平米 | 北,https://ke-image.ljcdn.com/110000-inspection/735594bf-3604-4c7c-aa08-3c0ba3fb896f_1000.jpg!m_fill,w_280,h_210,f_jpg?from=ke.com
20230515,丰台,宋家庄,101117766632,东铁匠营横一条小区南北通透两居室出售房主自荐,305万,51687元/平,顶层 (共6层) | 1992年建 | 2室1厅 | 59.01平米 | 南 北,https://ke-image.ljcdn.com/110000-inspection/pc1_oDJEoT0Kl_1.jpg!m_fill,w_280,h_210,f_jpg?from=ke.com
20230515,丰台,宋家庄,101117758108,2019年次新房  元熙华府 精装修婚房房主自荐,525万,83110元/平,高楼层 (共27层) | 2019年建 | 2室1厅 | 63.17平米 | 东,https://ke-image.ljcdn.com/110000-inspection/9f7475a6-22e6-427f-a1e0-e82a2044bd5f_1000.jpg!m_fill,w_280,h_210,f_jpg?from=ke.com
20230515,丰台,宋家庄,101117729629,映天朗 3室2厅 南 北,1030万,74267元/平,高楼层 (共6层) | 2007年建 | 3室2厅 | 138.69平米 | 南 北,https://ke-image.ljcdn.com/110000-inspection/95726115-903c-4c2f-a814-69f94ab95372_1000.jpg!m_fill,w_280,h_210,f_jpg?from=ke.com
20230515,丰台,宋家庄,101117717086,世纪星家园   三环边  商品房小区 满五年唯一,258万,62531元/平,中楼层 (共29层) | 2003年建 | 1室0厅 | 41.26平米 | 西北,https://ke-image.ljcdn.com/110000-inspection/ef9c9457-cbf9-4875-a775-738cd685d92b_1000.jpg!m_fill,w_280,h_210,f_jpg?from=ke.com
20230515,丰台,宋家庄,101117715984,映天朗5号公馆南北通透三居室6层带电梯。房主自荐,945万,68138元/平,中楼层 (共6层) | 2007年建 | 3室2厅 | 138.69平米 | 南 北,https://ke-image.ljcdn.com/110000-inspection/pc1_XK2UeA7cz_1.jpg!m_fill,w_280,h_210,f_jpg?from=ke.com
20230515,丰台,宋家庄,101117710028,翠庭园商品房满五年唯一户型方正诚意出售房主自荐,529万,58635元/平,顶层 (共6层) | 2002年建 | 2室1厅 | 90.22平米 | 东 西,https://ke-image.ljcdn.com/110000-inspection/4e74c815-01f9-4162-8441-282bda45d7f4_1000.jpg!m_fill,w_280,h_210,f_jpg?from=ke.com
20230515,丰台,宋家庄,101117703893,近地铁中间楼层安静采光好业主自住诚意出售。房主自荐,272万,45108元/平,中楼层 (共6层) | 1995年建 | 1室1厅 | 60.3平米 | 东,https://ke-image.ljcdn.com/110000-inspection/6cad48e6-377a-4685-98a3-4a90f127199e_1000.jpg!m_fill,w_280,h_210,f_jpg?from=ke.com
20230515,丰台,宋家庄,101117702322,福臻家园 精装修两居室 2008年商品房板楼小区,430万,49110元/平,顶层 (共12层) | 2008年建 | 2室1厅 | 87.56平米 | 西,https://ke-image.ljcdn.com/110000-inspection/pc1_5x8rRt5Et_1.jpg!m_fill,w_280,h_210,f_jpg?from=ke.com
20230515,丰台,宋家庄,101117670696,房子是是满五年唯一朝南没有遮挡采光充足,293万,56674元/平,中楼层 (共6层) 2室1厅 | 51.7平米 | 南,https://ke-image.ljcdn.com/110000-inspection/4a1182d7-3f25-434c-83b2-1d364d764099_1000.jpg!m_fill,w_280,h_210,f_jpg?from=ke.com
20230515,丰台,宋家庄,101117661626,南三环 宋家庄政馨园一区 朝西一居室,310万,61132元/平,低楼层 (共18层) | 2003年建 | 2室1厅 | 50.71平米 | 西,https://ke-image.ljcdn.com/110000-inspection/9364125d-37a6-4a19-a6f7-c065f581fbf2_1000.jpg!m_fill,w_280,h_210,f_jpg?from=ke.com
20230515,丰台,宋家庄,101117637155,翠庭园眼镜户型三居室采光好费用少随时能签约房主自荐,785万,65625元/平,低楼层 (共6层) | 2003年建 | 3室1厅 | 119.62平米 | 南 东 西,https://ke-image.ljcdn.com/110000-inspection/6ecce111-cd98-46ad-a983-80db91ecb009_1000.jpg!m_fill,w_280,h_210,f_jpg?from=ke.com
20230515,丰台,宋家庄,101117630907,满五唯一中间好楼层好采光充足配套齐全,297万,65592元/平,中楼层 (共16层) | 2004年建 | 1室1厅 | 45.28平米 | 南,https://ke-image.ljcdn.com/110000-inspection/pc1_u4aU3H0Yj_1.jpg!m_fill,w_280,h_210,f_jpg?from=ke.com
20230515,丰台,宋家庄,101117630032,方泽园 板楼 电梯 南向  安静 舒适 采光好 满五唯一,301万,66476元/平,低楼层 (共16层) | 2004年建 | 1室0厅 | 45.28平米 | 南,https://ke-image.ljcdn.com/110000-inspection/pc1_mYgNvxB5i.jpg!m_fill,w_280,h_210,f_jpg?from=ke.com
20230515,丰台,宋家庄,101117628465,政怡家园 市委家属楼 满五唯一 环境好 管理好房主自荐,630万,64280元/平,低楼层 (共20层) 2室1厅 | 98.01平米 | 西南,https://ke-image.ljcdn.com/110000-inspection/3fe90498-09c8-4ef8-8b97-7b1a16a4b4a5_1000.jpg!m_fill,w_280,h_210,f_jpg?from=ke.com
20230515,丰台,宋家庄,101117608224,南三环横一条小区南北通透两居出售房主自荐,325万,60578元/平,高楼层 (共6层) | 1988年建 | 2室1厅 | 53.65平米 | 南 北,https://ke-image.ljcdn.com/110000-inspection/pc1_5lnI6v3LB.jpg!m_fill,w_280,h_210,f_jpg?from=ke.com
20230515,丰台,宋家庄,101117558325,满五年唯一！户型方正！正对小区花园！房主自荐,668万,51667元/平,低楼层 (共21层) | 2003年建 | 3室1厅 | 129.29平米 | 东南,https://ke-image.ljcdn.com/110000-inspection/pc1_02hsVWp4d_1.jpg!m_fill,w_280,h_210,f_jpg?from=ke.com
20230515,丰台,宋家庄,101117386727,东铁匠营横一条小区两居室出售。,365万,55287元/平,顶层 (共6层) | 1997年建 | 2室1厅 | 66.02平米 | 东 南 西,https://ke-image.ljcdn.com/110000-inspection/pc1_cGvIbkJtN_1.jpg!m_fill,w_280,h_210,f_jpg?from=ke.com
20230515,丰台,宋家庄,101117341521,满五年唯一商品房 看房方便市委市政府家属院管理好,415万,65842元/平,中楼层 (共20层) 1室1厅 | 63.03平米 | 西,https://ke-image.ljcdn.com/110000-inspection/2afea6a3-1866-4846-896b-ac610d7e84e7_1000.jpg!m_fill,w_280,h_210,f_jpg?from=ke.com
20230515,丰台,宋家庄,101117333564,北京金茂府 叠拼别墅 南北通透采光视野好,3100万,108616元/平,中楼层 (共6层) 5室2厅 | 285.41平米 | 东 南 北,https://ke-image.ljcdn.com/110000-inspection/a842f2a0-b6a3-42d5-9e0d-d9974bf33969_1000.jpg!m_fill,w_280,h_210,f_jpg?from=ke.com
20230515,丰台,宋家庄,101117283223,北京金茂府 南北通透四居室 恒温恒湿 双南向套房房主自荐,2200万,110564元/平,中楼层 (共21层) | 2019年建 | 4室2厅 | 198.98平米 | 南 北,https://ke-image.ljcdn.com/110000-inspection/d630eb7b-e631-4725-9f68-4b49b99cc303_1000.jpg!m_fill,w_280,h_210,f_jpg?from=ke.com
20230515,丰台,宋家庄,101117245779,元熙华府2019年商品房社区人车分流封闭式管理,518万,82001元/平,高楼层 (共27层) | 2019年建 | 2室1厅 | 63.17平米 | 东,https://ke-image.ljcdn.com/110000-inspection/b93090ce-ce62-4f43-a1c5-915ae336ae08_1000.jpg!m_fill,w_280,h_210,f_jpg?from=ke.com
20230515,丰台,宋家庄,101117213835,06年花园社区此房满五年唯一全明格局房主自荐,310万,58436元/平,中楼层 (共21层) | 2006年建 | 1室0厅 | 53.05平米 | 北,https://ke-image.ljcdn.com/110000-inspection/pc1_IyZCqk7kJ_1.jpg!m_fill,w_280,h_210,f_jpg?from=ke.com
20230515,丰台,宋家庄,101117201427,西南向三居室 高楼层采光好视野好房主自荐,749万,61178元/平,中楼层 (共24层) | 2001年建 | 3室1厅 | 122.43平米 | 西南,https://ke-image.ljcdn.com/110000-inspection/d12546e8-279f-441a-80f0-22bbe8a69c27_1000.jpg!m_fill,w_280,h_210,f_jpg?from=ke.com
20230515,丰台,宋家庄,101117183569,南三环 刘家窑 近地铁 采光好 视野开阔,262万,47157元/平,高楼层 (共6层) 2室1厅 | 55.56平米 | 东 西,https://ke-image.ljcdn.com/110000-inspection/0639abca-e0b6-420f-bf26-079c4bc44449_1000.jpg!m_fill,w_280,h_210,f_jpg?from=ke.com
20230515,丰台,宋家庄,101117179823,北京金茂府 五个卧室朝南 恒温恒湿系统 东南角,3350万,96176元/平,中楼层 (共6层) | 2019年建 | 5室2厅 | 348.32平米 | 南 北,https://ke-image.ljcdn.com/110000-inspection/94b067d4-2630-4cf4-9549-ea6e892cb0c2_1000.jpg!m_fill,w_280,h_210,f_jpg?from=ke.com
20230515,丰台,宋家庄,101116907651,南三环 方庄 刘家窑 满五唯一 精装修 近地铁房主自荐,398万,52054元/平,高楼层 (共6层) 2室1厅 | 76.46平米 | 东北,https://ke-image.ljcdn.com/110000-inspection/pc1_iM3EI11Qe_1.jpg!m_fill,w_280,h_210,f_jpg?from=ke.com
20230515,丰台,宋家庄,101116844215,市政委大院  管理好  安静不临街  全南两居室房主自荐,560万,57284元/平,底层 (共18层) 2室1厅 | 97.76平米 | 南,https://ke-image.ljcdn.com/110000-inspection/6c75bde7-64ca-47cf-b8fe-964a056a87ee_1000.jpg!m_fill,w_280,h_210,f_jpg?from=ke.com
20230515,丰台,宋家庄,101118270142,政馨园三区 满五唯一 精装三居 正对花园 不临街,750万,57009元/平,低楼层 (共21层) 3室2厅 | 131.56平米 | 西南,https://ke-image.ljcdn.com/110000-inspection/pc1_FtIr0rD3w_1.jpg!m_fill,w_280,h_210,f_jpg?from=ke.com
20230515,丰台,宋家庄,101119208014,2013年小区 管家服务 楼下地铁口新上,205万,35684元/平,中楼层 (共24层) 1室1厅 | 57.45平米 | 东,https://s1.ljcdn.com/pegasus/redskull/images/common/default_house_list.png?_v=20230510172344
20230515,丰台,宋家庄,101119180674,政怡家园 3室2厅 南 北新上,885万,65348元/平,中楼层 (共18层) 3室2厅 | 135.43平米 | 南 北,https://s1.ljcdn.com/pegasus/redskull/images/common/default_house_list.png?_v=20230510172344
20230515,丰台,宋家庄,101119096901,刘家窑 方庄横一条小区全南向两居室 中间楼层房主自荐,295万,57393元/平,中楼层 (共6层) | 1983年建 | 2室1厅 | 51.4平米 | 南,https://s1.ljcdn.com/pegasus/redskull/images/common/default_house_list.png?_v=20230510172344
20230515,丰台,宋家庄,101119067305,尚三环 视野开阔 户型方正 业主诚心出售,130万,28036元/平,低楼层 (共15层) 1室1厅 | 46.37平米 | 东,https://s1.ljcdn.com/pegasus/redskull/images/common/default_house_list.png?_v=20230510172344
20230515,丰台,宋家庄,101118910568,刘家窑地铁宋庄路2号东西通透,265万,47697元/平,高楼层 (共6层) 2室1厅 | 55.56平米 | 东 西,https://s1.ljcdn.com/pegasus/redskull/images/common/default_house_list.png?_v=20230510172344
20230515,丰台,宋家庄,101118879668,顶秀金瑞家园 2014年社区 2梯4户 朝南2居,472万,59952元/平,低楼层 (共22层) | 2013年建 | 2室1厅 | 78.73平米 | 南,https://s1.ljcdn.com/pegasus/redskull/images/common/default_house_list.png?_v=20230510172344
20230515,丰台,宋家庄,101118838934,2013年小区 管家式服务 东向 有房本,200万,34813元/平,中楼层 (共24层) | 2013年建 | 1室1厅 | 57.45平米 | 东,https://s1.ljcdn.com/pegasus/redskull/images/common/default_house_list.png?_v=20230510172344
20230515,丰台,宋家庄,101118813927,政馨园二区 车位,29万,8965元/平,地下室 (共18层) | 2004年建 | 1室0厅 | 32.35平米 | 南,https://s1.ljcdn.com/pegasus/redskull/images/common/default_house_list.png?_v=20230510172344
20230515,丰台,宋家庄,101118771612,宋家庄商品房小区06年人车分流中间楼层 采光好房主自荐,682万,63966元/平,中楼层 (共21层) | 2006年建 | 3室1厅 | 106.62平米 | 南,https://s1.ljcdn.com/pegasus/redskull/images/common/default_house_list.png?_v=20230510172344
20230515,丰台,宋家庄,101118726207,宋家庄三轨交汇人车分流小区南向正规两居室房主自荐,490万,61628元/平,低楼层 (共21层) | 2006年建 | 2室1厅 | 79.51平米 | 南,https://s1.ljcdn.com/pegasus/redskull/images/common/default_house_list.png?_v=20230510172344
20230515,丰台,宋家庄,101118665907,润都大厦 1室1厅 南,185万,52394元/平,中楼层 (共11层) 1室1厅 | 35.31平米 | 南,https://s1.ljcdn.com/pegasus/redskull/images/common/default_house_list.png?_v=20230510172344
20230515,丰台,宋家庄,101118640569,世纪星家园 地下二层 产权车位 诚心出售 欢迎咨询,29万,23869元/平,地下室 1室0厅 | 12.15平米 | 北,https://ke-image.ljcdn.com/110000-inspection/b9909a483a22110631f2a9a0c573e31b-099.jpg!m_fill,w_280,h_210,f_jpg?from=ke.com
20230515,丰台,宋家庄,101118554523,宋家庄地铁口50年产权楼下地铁口,162万,36810元/平,中楼层 (共24层) | 2013年建 | 1室1厅 | 44.01平米 | 北,https://s1.ljcdn.com/pegasus/redskull/images/common/default_house_list.png?_v=20230510172344
20230515,丰台,宋家庄,101118512043,尚三环 50年产权商办类  可以注册公司,219万,28557元/平,低楼层 (共15层) 2室1厅 | 76.69平米 | 西南,https://s1.ljcdn.com/pegasus/redskull/images/common/default_house_list.png?_v=20230510172344
20230515,丰台,宋家庄,101118474164,方安苑 大三居 对小区内部花园 居住安静 户型好,830万,56598元/平,低楼层 (共24层) | 2001年建 | 3室1厅 | 146.65平米 | 西南,https://s1.ljcdn.com/pegasus/redskull/images/common/default_house_list.png?_v=20230510172344
20230515,丰台,宋家庄,101118420092,南三环  南向都有窗户   看房方便,279万,61836元/平,高楼层 (共11层) | 2013年建 | 1室1厅 | 45.12平米 | 南,https://s1.ljcdn.com/pegasus/redskull/images/common/default_house_list.png?_v=20230510172344
20230515,丰台,宋家庄,101118330875,北京金茂府恒温恒湿恒阳近地铁诚心出售,750万,56029元/平,中楼层 (共12层) 2室1厅 | 133.86平米 | 西,https://s1.ljcdn.com/pegasus/redskull/images/common/default_house_list.png?_v=20230510172344
20230515,丰台,宋家庄,101118265462,宋家庄地铁站三轨交汇万科红小区房主自荐,230万,38130元/平,中楼层 (共24层) | 2013年建 | 1室1厅 | 60.32平米 | 南,https://s1.ljcdn.com/pegasus/redskull/images/common/default_house_list.png?_v=20230510172344
20230515,丰台,宋家庄,101118265373,宋家庄地铁站三轨交汇万科红小区房主自荐,165万,37492元/平,中楼层 (共24层) | 2013年建 | 1室1厅 | 44.01平米 | 北,https://s1.ljcdn.com/pegasus/redskull/images/common/default_house_list.png?_v=20230510172344
20230515,丰台,宋家庄,101118265340,宋家庄地铁站三轨交汇万科红小区房主自荐,165万,37492元/平,中楼层 (共24层) | 2013年建 | 1室1厅 | 44.01平米 | 北,https://s1.ljcdn.com/pegasus/redskull/images/common/default_house_list.png?_v=20230510172344
20230515,丰台,宋家庄,101118045377,南三环 方庄桥 朝南 带电梯 一居房主自荐,329万,68229元/平,高楼层 (共18层) | 1993年建 | 1室1厅 | 48.22平米 | 南,https://s1.ljcdn.com/pegasus/redskull/images/common/default_house_list.png?_v=20230510172344
20230515,丰台,宋家庄,101117676508,方恒偶寓  视野开阔 交通便利,225万,44705元/平,高楼层 (共12层) | 2011年建 | 2室1厅 | 50.33平米 | 南,https://s1.ljcdn.com/pegasus/redskull/images/common/default_house_list.png?_v=20230510172344
20230515,丰台,宋家庄,101117491943,方庄桥 方安苑小区  满五年唯一,400万,46179元/平,底层 (共24层) | 2001年建 | 2室1厅 | 86.62平米 | 东 南,https://s1.ljcdn.com/pegasus/redskull/images/common/default_house_list.png?_v=20230510172344
20230515,丰台,宋家庄,101117386506,尚三环 西南户型 户型方正 视野开阔 采光充足,228万,29731元/平,低楼层 (共15层) | 2003年建 | 2室1厅 | 76.69平米 | 西南,https://s1.ljcdn.com/pegasus/redskull/images/common/default_house_list.png?_v=20230510172344
20230515,丰台,宋家庄,101117109666,宋家庄地铁   尚三环  精装修  正对小区花园,163万,33902元/平,高楼层 (共15层) | 2005年建 | 1室1厅 | 48.08平米 | 东,https://s1.ljcdn.com/pegasus/redskull/images/common/default_house_list.png?_v=20230510172344
20230515,丰台,宋家庄,101116953037,世纪星家园 满五唯一 南北通透 高楼层 视野好 有车位房主自荐,963万,59262元/平,中楼层 (共21层) | 2003年建 | 3室2厅 | 162.5平米 | 南 北,https://s1.ljcdn.com/pegasus/redskull/images/common/default_house_list.png?_v=20230510172344
20230515,丰台,宋家庄,101116857757,宋家庄地铁 有电梯 楼层好 小区好,212万,31436元/平,低楼层 (共15层) 2室1厅 | 67.44平米 | 西南,https://s1.ljcdn.com/pegasus/redskull/images/common/default_house_list.png?_v=20230510172344
20230515,丰台,宋家庄,101115917665,尚三环   宋家庄地铁  正对小区花园,132万,33890元/平,高楼层 (共15层) | 2003年建 | 1室1厅 | 38.95平米 | 东 西,https://s1.ljcdn.com/pegasus/redskull/images/common/default_house_list.png?_v=20230510172344
20230515,丰台,宋家庄,101114892421,尚三环 朝向西南 正对小区花园,280万,41519元/平,低楼层 (共15层) | 2005年建 | 2室1厅 | 67.44平米 | 南,https://s1.ljcdn.com/pegasus/redskull/images/common/default_house_list.png?_v=20230510172344
20230515,丰台,宋家庄,101114881602,尚三环近地铁大面积满五年唯一商品房,210万,31139元/平,中楼层 (共15层) | 2005年建 | 2室1厅 | 67.44平米 | 南,https://s1.ljcdn.com/pegasus/redskull/images/common/default_house_list.png?_v=20230510172344
20230515,丰台,宋家庄,101114880474,南三环外 精装修 复式结构 落地阳台 无遮挡,245万,39600元/平,高楼层 (共12层) | 2011年建 | 2室1厅 | 61.87平米 | 西,https://s1.ljcdn.com/pegasus/redskull/images/common/default_house_list.png?_v=20230510172344
20230515,丰台,宋家庄,101114099210,南三环尚三环50年产权商品房业主诚意出售看房方便,290万,74131元/平,低楼层 (共15层) | 2005年建 | 2室1厅 | 39.12平米 | 南 北,https://s1.ljcdn.com/pegasus/redskull/images/common/default_house_list.png?_v=20230510172344
20230515,丰台,宋家庄,101103409719,宋家庄地铁 50年产权 尚三环 5号线10号线亦庄线房主自荐,161万,34721元/平,低楼层 (共15层) | 2005年建 | 1室1厅 | 46.37平米 | 东,https://s1.ljcdn.com/pegasus/redskull/images/common/default_house_list.png?_v=20230510172344
