20240514,石景山,杨庄,101124003775,精装修14.3平客厅 已提交加装室内电梯公积金贷款30年必看好房,246万,39285元/平,高楼层 (共6层) | 1994年 | 2室1厅 | 62.62平米 | 南 北,https://ke-image.ljcdn.com/110000-inspection/pc1_IpKe23VEQ.jpg!m_fill,w_280,h_210,f_jpg?from=ke.com
20240514,石景山,杨庄,101123911479,西现代城  高楼层 视野好 有钥匙 看房方便必看好房,188万,42134元/平,高楼层 (共22层) | 2004年 | 1室0厅 | 44.62平米 | 北,https://ke-image.ljcdn.com/110000-inspection/a21e9a63-90d0-47b1-a7bf-e356caeadc3f_1000.jpg!m_fill,w_280,h_210,f_jpg?from=ke.com
20240514,石景山,杨庄,101123907069,杨庄北区 南北通透 近地铁  得房率89.9%必看好房,448万,51858元/平,低楼层 (共7层) | 2000年 | 2室1厅 | 86.39平米 | 南 北,https://ke-image.ljcdn.com/110000-inspection/3f5aa3e4-bec1-4d88-a48b-2620da0980fa_1000.jpg!m_fill,w_280,h_210,f_jpg?from=ke.com
20240514,石景山,杨庄,101123469500,享受大学里的环境 南北两居 出则繁华 入则宁静必看好房,329万,62358元/平,中楼层 (共5层) | 1981年 | 2室1厅 | 52.76平米 | 南 北,https://ke-image.ljcdn.com/110000-inspection/20b598a6-0737-4736-9ed2-15563f6996d9_1000.jpg!m_fill,w_280,h_210,f_jpg?from=ke.com
20240514,石景山,杨庄,101123226392,西现代城 中间层 落地窗 2004年房龄 近地铁必看好房,178万,41119元/平,中楼层 (共22层) | 2004年 | 1室1厅 | 43.29平米 | 北,https://ke-image.ljcdn.com/110000-inspection/pc1_nuRusGue5.jpg!m_fill,w_280,h_210,f_jpg?from=ke.com
20240514,石景山,杨庄,101124203719,2005年商品房正规两室一厅户型方正满五年唯一,375万,42493元/平,高楼层 (共25层) 2室2厅 | 88.25平米 | 南,https://ke-image.ljcdn.com/110000-inspection/1f4f9609-7550-42f4-a889-f1f2b9458502_1000.jpg!m_fill,w_280,h_210,f_jpg?from=ke.com
20240514,石景山,杨庄,101124156949,满五年家庭唯一住房房龄新2004年落地窗近地铁房主自荐,258万,50215元/平,底层 (共22层) | 2004年 | 1室1厅 | 51.38平米 | 南,https://ke-image.ljcdn.com/110000-inspection/4b8b6e2d-f155-495e-928c-ded4b7ee5d17_1000.jpg!m_fill,w_280,h_210,f_jpg?from=ke.com
20240514,石景山,杨庄,101123704519,新都丽苑电梯两居主卧客厅双阳台,423万,42509元/平,高楼层 (共18层) 2室1厅 | 99.51平米 | 西 北,https://ke-image.ljcdn.com/110000-inspection/5832e0ea-dff5-4b55-a9f2-39050604a3f2_1000.jpg!m_fill,w_280,h_210,f_jpg?from=ke.com
20240514,石景山,杨庄,101123668915,杨庄中区 2室1厅 南 北,260万,38275元/平,顶层 (共6层) 2室1厅 | 67.93平米 | 南 北,https://ke-image.ljcdn.com/110000-inspection/54d33b07-262a-4e86-b34a-212cceae0278_1000.jpg!m_fill,w_280,h_210,f_jpg?from=ke.com
20240514,石景山,杨庄,101123579423,西成忆树 南北通透三居室 有钥匙 双卫 靠谱卖 有车位,674万,49971元/平,低楼层 (共20层) 3室2厅 | 134.88平米 | 南 北,https://ke-image.ljcdn.com/110000-inspection/pc1_baw8iYhoI.jpg!m_fill,w_280,h_210,f_jpg?from=ke.com
20240514,石景山,杨庄,101123428246,杨庄小区 2室1厅 南 北必看好房,202万,32814元/平,高楼层 (共6层) | 1992年 | 2室1厅 | 61.56平米 | 南 北,https://ke-image.ljcdn.com/110000-inspection/pc1_uQ5RqoUpg.jpg!m_fill,w_280,h_210,f_jpg?from=ke.com
20240514,石景山,杨庄,101123163871,杨庄小区 2室1厅 南 北必看好房,227万,39004元/平,高楼层 (共6层) | 1989年 | 2室1厅 | 58.2平米 | 南 北,https://ke-image.ljcdn.com/110000-inspection/pc1_ROPj8u15d.jpg!m_fill,w_280,h_210,f_jpg?from=ke.com
20240514,石景山,杨庄,101123060610,奈伦熙府南北通透三居室2007年房龄落地飘窗设计,828万,66246元/平,中楼层 (共12层) | 2007年 | 3室2厅 | 124.99平米 | 南 北,https://ke-image.ljcdn.com/110000-inspection/pc1_c45qnuXgI.jpg!m_fill,w_280,h_210,f_jpg?from=ke.com
20240514,石景山,杨庄,101122997668,店长推荐 地铁古城家园 两室一厅 可组合贷30年 诚心卖,368万,43203元/平,低楼层 (共24层) 2室1厅 | 85.18平米 | 东南,https://ke-image.ljcdn.com/110000-inspection/pc1_O1wmSTaqH.jpg!m_fill,w_280,h_210,f_jpg?from=ke.com
20240514,石景山,杨庄,101122946087,客厅卧室全阳面两居室精装修保持好必看好房,560万,51968元/平,低楼层 (共18层) | 2005年 | 2室1厅 | 107.76平米 | 南,https://ke-image.ljcdn.com/110000-inspection/10b7626f-decd-4c75-9a8d-fe62478c5ee7_1000.jpg!m_fill,w_280,h_210,f_jpg?from=ke.com
20240514,石景山,杨庄,101122879229,杨庄小区 中间楼层 已安装电梯 南北通透 精装修房主自荐,345万,44226元/平,中楼层 (共6层) | 1980年 | 3室1厅 | 78.01平米 | 南 北,https://ke-image.ljcdn.com/110000-inspection/313677ea-6941-4507-8954-a2522165e930_1000.jpg!m_fill,w_280,h_210,f_jpg?from=ke.com
20240514,石景山,杨庄,101122862243,首钢杨庄小区钢混两居组合贷22年阳光充足产权清晰必看好房,235万,38063元/平,高楼层 (共6层) 2室1厅 | 61.74平米 | 南 北,https://ke-image.ljcdn.com/110000-inspection/30c27469-5da8-4edf-a6e5-7c7b4302c356_1000.jpg!m_fill,w_280,h_210,f_jpg?from=ke.com
20240514,石景山,杨庄,101122623027,黄南苑南北通透两居室 南北都无任何遮挡 业主诚售必看好房,370万,43991元/平,中楼层 (共14层) | 2001年 | 2室1厅 | 84.11平米 | 南 北,https://ke-image.ljcdn.com/110000-inspection/eec3d77c-7577-4e3a-9e92-e75c8e9045cd_1000.jpg!m_fill,w_280,h_210,f_jpg?from=ke.com
20240514,石景山,杨庄,101122586251,杨庄小区 2室1厅 南必看好房,225万,37727元/平,低楼层 (共14层) 2室1厅 | 59.64平米 | 南,https://ke-image.ljcdn.com/110000-inspection/66a7cc68-7a0e-43e2-92d1-8e2eacb73265_1000.jpg!m_fill,w_280,h_210,f_jpg?from=ke.com
20240514,石景山,杨庄,101122508762,西现代城带电梯  落地窗精装一居必看好房,249万,51940元/平,低楼层 (共22层) | 2004年 | 1室1厅 | 47.94平米 | 北,https://ke-image.ljcdn.com/110000-inspection/pc1_dWwzUnnGN.jpg!m_fill,w_280,h_210,f_jpg?from=ke.com
20240514,石景山,杨庄,101122338851,杨庄中区 南北通透带客厅 只有契税 看房随时 不临街必看好房,305万,47148元/平,高楼层 (共6层) | 1997年 | 2室1厅 | 64.69平米 | 南 北,https://ke-image.ljcdn.com/110000-inspection/pc1_GHw8rSYIb.jpg!m_fill,w_280,h_210,f_jpg?from=ke.com
20240514,石景山,杨庄,101121504814,地铁古城家园 三室一厅 电梯房 低楼层 满五年唯一,390万,37725元/平,低楼层 (共24层) | 2001年 | 3室2厅 | 103.38平米 | 东北,https://ke-image.ljcdn.com/110000-inspection/d13a04a5-2501-42f8-94a4-9b98b8d051ad_1000.jpg!m_fill,w_280,h_210,f_jpg?from=ke.com
20240514,石景山,杨庄,101120002513,杨庄小区 2室1厅 南 北必看好房,255万,39745元/平,中楼层 (共14层) | 1991年 | 2室1厅 | 64.16平米 | 南 北,https://ke-image.ljcdn.com/110000-inspection/pc1_eeIKwmtZs.jpg!m_fill,w_280,h_210,f_jpg?from=ke.com
20240514,石景山,杨庄,101118586042,建西苑中里正规三居室满五唯一商品房必看好房,598万,69422元/平,中楼层 (共7层) 3室1厅 | 86.14平米 | 南 北,https://ke-image.ljcdn.com/110000-inspection/pc1_K5wGelWpz_1.jpg!m_fill,w_280,h_210,f_jpg?from=ke.com
20240514,石景山,杨庄,101124245183,黄南苑一室一厅 中间层 看房方便有钥匙必看好房,280万,45663元/平,中楼层 (共24层) 1室1厅 | 61.32平米 | 西,https://ke-image.ljcdn.com/110000-inspection/90d193d0-02b7-4c84-a549-2d5040b308b9_1000.jpg!m_fill,w_280,h_210,f_jpg?from=ke.com
20240514,石景山,杨庄,101124051923,新都丽苑南北通透两居室 格局好 采光好 视野好,405万,43191元/平,低楼层 (共18层) 2室2厅 | 93.77平米 | 南 北,https://ke-image.ljcdn.com/110000-inspection/63306163-6d3b-4669-8308-97ee55759914_1000.jpg!m_fill,w_280,h_210,f_jpg?from=ke.com
20240514,石景山,杨庄,101124028141,地铁楼 南向房 中间楼层 小户型 总价便宜 业主诚售必看好房,190万,35264元/平,中楼层 (共6层) | 1985年 | 1室1厅 | 53.88平米 | 南,https://ke-image.ljcdn.com/110000-inspection/41b90175-8e0d-4d2a-a770-5fa9aa30ae30_1000.jpg!m_fill,w_280,h_210,f_jpg?from=ke.com
20240514,石景山,杨庄,101123993635,2004年杨庄北区电梯房正规一居室 满五唯一商品房必看好房,256万,36979元/平,中楼层 (共22层) 1室1厅 | 69.23平米 | 西南,https://ke-image.ljcdn.com/110000-inspection/72b32d20-daf8-41c1-b37d-2a7ba18aecfb_1000.jpg!m_fill,w_280,h_210,f_jpg?from=ke.com
20240514,石景山,杨庄,101123841405,杨庄北区 楼龄新 近地铁 得房率86%房主自荐,367万,46123元/平,中楼层 (共7层) | 2001年 | 2室1厅 | 79.57平米 | 南 北,https://ke-image.ljcdn.com/110000-inspection/7a4e7f7a-9021-4413-baa8-02a16a1b6ad1_1000.jpg!m_fill,w_280,h_210,f_jpg?from=ke.com
20240514,石景山,杨庄,101123790550,杨庄北区 正规两居室   满五年唯一必看好房,399万,47654元/平,高楼层 (共6层) 2室1厅 | 83.73平米 | 南 北,https://ke-image.ljcdn.com/110000-inspection/7d71a4d8-af05-450c-8cba-e422a9e0356f_1000.jpg!m_fill,w_280,h_210,f_jpg?from=ke.com
20240514,石景山,杨庄,101123309287,地铁古城家园 电梯房 西南朝向 中间楼层 满五唯一必看好房,356万,39298元/平,中楼层 (共25层) 2室1厅 | 90.59平米 | 西南,https://ke-image.ljcdn.com/110000-inspection/66644b5e-c337-4c5f-8c06-d9f7068835f2_1000.jpg!m_fill,w_280,h_210,f_jpg?from=ke.com
20240514,石景山,杨庄,101122211052,杨庄北区高楼层一居室通行方便。必看好房,255万,42973元/平,高楼层 (共20层) | 2001年 | 1室1厅 | 59.34平米 | 南,https://ke-image.ljcdn.com/110000-inspection/5fc7f5bb-27ee-46b9-b6f8-1e62cfef4d03_1000.jpg!m_fill,w_280,h_210,f_jpg?from=ke.com
20240514,石景山,杨庄,101122143494,鼎城世家 3室2厅 东南 北,875万,61799元/平,中楼层 (共19层) 3室2厅 | 141.59平米 | 东南 北,https://ke-image.ljcdn.com/110000-inspection/pc1_3awIx5Jxk.jpg!m_fill,w_280,h_210,f_jpg?from=ke.com
20240514,石景山,杨庄,101124259060,杨庄中区 1室1厅 南,238万,41320元/平,中楼层 (共6层) 1室1厅 | 57.6平米 | 南,https://ke-image.ljcdn.com/110000-inspection/b6b179b1-c6ac-4704-9fc6-58e54e1669c5_1000.jpg!m_fill,w_280,h_210,f_jpg?from=ke.com
20240514,石景山,杨庄,101124240256,石景山杨庄南区 地铁古城家园 朝南114.93平大三居,460万,40025元/平,低楼层 (共24层) 3室1厅 | 114.93平米 | 南,https://ke-image.ljcdn.com/110000-inspection/pc1_oc0K3TFoL.jpg!m_fill,w_280,h_210,f_jpg?from=ke.com
20240514,石景山,杨庄,101124237334,御景山南北通透两居室 格局方正,520万,53317元/平,底层 (共15层) | 2004年 | 2室2厅 | 97.53平米 | 南 北,https://ke-image.ljcdn.com/110000-inspection/2dee624d-1c56-43ae-901d-c370172f58a1_1000.jpg!m_fill,w_280,h_210,f_jpg?from=ke.com
20240514,石景山,杨庄,101124206065,新都丽苑 2室2厅 南 北,420万,47614元/平,中楼层 (共18层) | 2002年 | 2室2厅 | 88.21平米 | 南 北,https://ke-image.ljcdn.com/110000-inspection/pc1_LQQvT2a9v_1.jpg!m_fill,w_280,h_210,f_jpg?from=ke.com
20240514,石景山,杨庄,101124204794,杨庄北区 2室1厅 南,370万,50769元/平,中楼层 (共20层) | 2001年 | 2室1厅 | 72.88平米 | 南,https://ke-image.ljcdn.com/110000-inspection/1e4e030b-58e4-4124-ba74-f40a9fea65d8_1000.jpg!m_fill,w_280,h_210,f_jpg?from=ke.com
20240514,石景山,杨庄,101124161378,八角北路11号院三室一厅南北通透装修好低楼层,345万,45099元/平,低楼层 (共6层) | 1991年 | 3室1厅 | 76.5平米 | 南 北,https://ke-image.ljcdn.com/110000-inspection/pc1_MqnvGypae.jpg!m_fill,w_280,h_210,f_jpg?from=ke.com
20240514,石景山,杨庄,101124143230,杨庄小区 3室1厅 南 北,355万,46158元/平,底层 (共6层) | 1989年 | 3室1厅 | 76.91平米 | 南 北,https://ke-image.ljcdn.com/110000-inspection/7e4e60a4-6c85-45e1-91d7-dd15b9a4da31_1000.jpg!m_fill,w_280,h_210,f_jpg?from=ke.com
20240514,石景山,杨庄,101124124484,地铁古城家园 电梯直达 南北三居室 满五唯一,425万,40980元/平,高楼层 (共24层) 3室1厅 | 103.71平米 | 东南,https://ke-image.ljcdn.com/110000-inspection/624953ae-bb41-4b60-9ecb-e2063dbd4596_1000.jpg!m_fill,w_280,h_210,f_jpg?from=ke.com
20240514,石景山,杨庄,101124103519,奈伦熙府  正规三居室  明厨明卫  视野开阔,720万,60474元/平,低楼层 (共16层) 3室1厅 | 119.06平米 | 西南,https://ke-image.ljcdn.com/110000-inspection/4ec20a74-de0d-42ae-bdfb-a73e2238d214_1000.jpg!m_fill,w_280,h_210,f_jpg?from=ke.com
20240514,石景山,杨庄,101124073268,杨庄小区 2室1厅 南 北 东,420万,47207元/平,中楼层 (共6层) 2室1厅 | 88.97平米 | 南 北 东,https://ke-image.ljcdn.com/110000-inspection/66e09174-5000-4582-b106-3dccfa74f873_1000.jpg!m_fill,w_280,h_210,f_jpg?from=ke.com
20240514,石景山,杨庄,101124060808,杨庄北区 正规一居 近地铁 交通便利  配套齐全,255万,47434元/平,中楼层 (共6层) | 1997年 | 1室1厅 | 53.76平米 | 南 北,https://ke-image.ljcdn.com/110000-inspection/fbdea2c8-848a-4325-998a-65f98090cb9e_1000.jpg!m_fill,w_280,h_210,f_jpg?from=ke.com
20240514,石景山,杨庄,101124058174,八角北路11号院 1室1厅 南,255万,40892元/平,高楼层 (共7层) | 2000年 | 1室1厅 | 62.36平米 | 南,https://ke-image.ljcdn.com/110000-inspection/79089eb9-cd1e-4602-9ca5-7326129634d7_1000.jpg!m_fill,w_280,h_210,f_jpg?from=ke.com
20240514,石景山,杨庄,101124041265,八角北路11号院 西北朝向两居 全明格局 中间层,230万,42491元/平,中楼层 (共7层) | 2000年 | 1室1厅 | 54.13平米 | 西北,https://ke-image.ljcdn.com/110000-inspection/2074d2aa-0ae2-4eeb-b5a8-78558e683a6c_1000.jpg!m_fill,w_280,h_210,f_jpg?from=ke.com
20240514,石景山,杨庄,101124032142,杨庄北区 轻奢精装 拎包入住 得房率87.7% 通透2居房主自荐,399万,47546元/平,高楼层 (共6层) | 2000年 | 2室2厅 | 83.92平米 | 东 西,https://ke-image.ljcdn.com/110000-inspection/d4833946-cf68-44a5-b98c-6817d178c16a_1000.jpg!m_fill,w_280,h_210,f_jpg?from=ke.com
20240514,石景山,杨庄,101124011074,古城物资局家属楼 楼层佳 采光好房主自荐,215万,39610元/平,中楼层 (共6层) | 2000年 | 2室1厅 | 54.28平米 | 南 北,https://ke-image.ljcdn.com/110000-inspection/pc1_c49GAg7Zs_1.jpg!m_fill,w_280,h_210,f_jpg?from=ke.com
20240514,石景山,杨庄,101124004839,西现代城 高层一居室 视野开阔 满五年唯一 近地铁,215万,49666元/平,高楼层 (共22层) | 2004年 | 1室0厅 | 43.29平米 | 北,https://ke-image.ljcdn.com/110000-inspection/3ce04876-cbb5-408b-8906-c17c82192298_1000.jpg!m_fill,w_280,h_210,f_jpg?from=ke.com
20240514,石景山,杨庄,101124003397,店长推荐海淀建西苑电梯一居室 商品房 07年建成,435万,61834元/平,中楼层 (共14层) | 2007年 | 1室1厅 | 70.35平米 | 东,https://ke-image.ljcdn.com/110000-inspection/87d9d80a-7351-40c2-9c02-6e9605ec37be_1000.jpg!m_fill,w_280,h_210,f_jpg?from=ke.com
20240514,石景山,杨庄,101123984502,和枫雅居 正规两居 近地铁 配套齐全 落地窗 视野开阔,465万,48570元/平,低楼层 (共19层) | 2002年 | 2室1厅 | 95.74平米 | 西北,https://ke-image.ljcdn.com/110000-inspection/c59db171-499f-43d4-96e4-98e834d139e4_1000.jpg!m_fill,w_280,h_210,f_jpg?from=ke.com
20240514,石景山,杨庄,101123983934,西现代城房龄新近地铁全南两居,499万,55402元/平,低楼层 (共22层) | 2004年 | 2室1厅 | 90.07平米 | 南,https://ke-image.ljcdn.com/110000-inspection/pc1_MqUQrcqEp.jpg!m_fill,w_280,h_210,f_jpg?from=ke.com
20240514,石景山,杨庄,101123982338,和风雅居 精装修两居 落地飘窗 视野开阔 近地铁,520万,54314元/平,低楼层 (共19层) | 2002年 | 2室1厅 | 95.74平米 | 东北,https://ke-image.ljcdn.com/110000-inspection/pc1_DIVRrruB5.jpg!m_fill,w_280,h_210,f_jpg?from=ke.com
20240514,石景山,杨庄,101123981932,古城环卫楼 2室1厅 南 北,235万,36373元/平,高楼层 (共6层) | 1991年 | 2室1厅 | 64.61平米 | 南 北,https://ke-image.ljcdn.com/110000-inspection/66ff40f7-b521-4314-83e0-cf0cef5296a5_1000.jpg!m_fill,w_280,h_210,f_jpg?from=ke.com
20240514,石景山,杨庄,101123971546,黄南苑满五唯一 南北通透一居室房主自荐,335万,47538元/平,底层 (共14层) | 2001年 | 1室1厅 | 70.47平米 | 南 北,https://ke-image.ljcdn.com/110000-inspection/8ce7aed4-b771-4dfa-8703-dd958da9d7c9_1000.jpg!m_fill,w_280,h_210,f_jpg?from=ke.com
20240514,石景山,杨庄,101123960893,建西苑北里 2室1厅 东 西,500万,59496元/平,底层 (共6层) | 2004年 | 2室1厅 | 84.04平米 | 东 西,https://ke-image.ljcdn.com/110000-inspection/04fe4071-4133-45a2-ba5d-319a379f21dc_1000.jpg!m_fill,w_280,h_210,f_jpg?from=ke.com
20240514,石景山,杨庄,101123887307,杨庄北区 满五年唯一 商品房  精装修,415万,48038元/平,中楼层 (共7层) 2室1厅 | 86.39平米 | 南 北,https://ke-image.ljcdn.com/110000-inspection/61c6ec0c-b545-4e39-916d-6d46f3309f78_1000.jpg!m_fill,w_280,h_210,f_jpg?from=ke.com
20240514,石景山,杨庄,101123875360,杨庄小区南向两居室全明格局！房主自荐,229万,44911元/平,高楼层 (共6层) | 1979年 | 2室1厅 | 50.99平米 | 南,https://ke-image.ljcdn.com/110000-inspection/ad854739-353d-419e-82d7-d34dbd3a319a_1000.jpg!m_fill,w_280,h_210,f_jpg?from=ke.com
20240514,石景山,杨庄,101123857930,西现代城 南向一居室  采光好 精装修房主自荐,400万,55937元/平,低楼层 (共22层) | 2004年 | 1室1厅 | 71.51平米 | 南,https://ke-image.ljcdn.com/110000-inspection/3e4c3f94-4c54-45ce-92fa-6ae0781f8ae5_1000.jpg!m_fill,w_280,h_210,f_jpg?from=ke.com
20240514,石景山,杨庄,101123853832,杨庄中区高楼层南向一居室有阳台明厨,270万,40997元/平,高楼层 (共18层) 1室1厅 | 65.86平米 | 东 南,https://ke-image.ljcdn.com/110000-inspection/0acffb18-e55e-45fa-bb6c-5536c2e58cad_1000.jpg!m_fill,w_280,h_210,f_jpg?from=ke.com
20240514,石景山,杨庄,101123842246,龙德嘉园满五唯一精装修诚心出售,400万,55913元/平,中楼层 (共20层) | 2001年 | 2室1厅 | 71.54平米 | 东 南,https://ke-image.ljcdn.com/110000-inspection/4633b3e5-34dc-48b5-9e89-3192ee111fd3_1000.jpg!m_fill,w_280,h_210,f_jpg?from=ke.com
20240514,石景山,杨庄,101123829565,杨庄北区 3室1厅 东南,678万,54227元/平,中楼层 (共22层) 3室1厅 | 125.03平米 | 东南,https://ke-image.ljcdn.com/110000-inspection/db068d18-bef4-4908-849d-1a96b4bea017_1000.jpg!m_fill,w_280,h_210,f_jpg?from=ke.com
20240514,石景山,杨庄,101123778863,西现代城 南北通透三居室  业主诚心出售,828万,55333元/平,低楼层 (共18层) | 2005年 | 3室1厅 | 149.64平米 | 南 北,https://ke-image.ljcdn.com/110000-inspection/a6103d60-f065-43be-8233-52a964523a5f_1000.jpg!m_fill,w_280,h_210,f_jpg?from=ke.com
20240514,石景山,杨庄,101123743552,黄南苑南北通透三居室中高楼层,570万,50798元/平,中楼层 (共14层) 3室1厅 | 112.21平米 | 南 北,https://ke-image.ljcdn.com/110000-inspection/cfa7b4c2-b19e-4ebf-a756-58d0304cbe9f_1000.jpg!m_fill,w_280,h_210,f_jpg?from=ke.com
20240514,石景山,杨庄,101123743037,杨庄小区  电梯房  楼层佳 两居室房主自荐,309万,39065元/平,高楼层 (共16层) | 1997年 | 2室1厅 | 79.1平米 | 西南,https://ke-image.ljcdn.com/110000-inspection/d30e92a0-d70e-4474-b3f2-ec561a2f53b6_1000.jpg!m_fill,w_280,h_210,f_jpg?from=ke.com
20240514,石景山,杨庄,101123689865,杨庄北区 正规两居室  看房方便 业主诚心出售房主自荐,365万,47527元/平,中楼层 (共7层) | 2001年 | 2室1厅 | 76.8平米 | 东南,https://ke-image.ljcdn.com/110000-inspection/b3a1c526-e22e-4457-91a9-7dab86e50d8f_1000.jpg!m_fill,w_280,h_210,f_jpg?from=ke.com
20240514,石景山,杨庄,101123659798,御景山南北通透三居室中间楼层视野采光好没遮挡,710万,54083元/平,中楼层 (共17层) 3室1厅 | 131.28平米 | 南 北,https://ke-image.ljcdn.com/110000-inspection/pc1_aO6MdWSQ1.jpg!m_fill,w_280,h_210,f_jpg?from=ke.com
20240514,石景山,杨庄,101123631551,地铁古城家园 电梯三居室 2000年房龄 可组合贷30年,450万,40273元/平,中楼层 (共24层) 3室2厅 | 111.74平米 | 东 北,https://ke-image.ljcdn.com/110000-inspection/dbddf5e5-1b49-4409-96db-87efd9c027a7_1000.jpg!m_fill,w_280,h_210,f_jpg?from=ke.com
20240514,石景山,杨庄,101123609577,杨庄小区带电梯钢混两居室无遮挡,333万,42099元/平,中楼层 (共16层) 2室1厅 | 79.1平米 | 西南,https://ke-image.ljcdn.com/110000-inspection/bbb5b348-0b4d-4879-82e5-76260ccaf9f4_1000.jpg!m_fill,w_280,h_210,f_jpg?from=ke.com
20240514,石景山,杨庄,101123584486,新都丽苑 2室1厅 南 北,469万,46221元/平,中楼层 (共18层) 2室1厅 | 101.47平米 | 南 北,https://ke-image.ljcdn.com/110000-inspection/1bfee827-f1de-4b73-924d-20d3712a0a1e_1000.jpg!m_fill,w_280,h_210,f_jpg?from=ke.com
20240514,石景山,杨庄,101123583898,杨庄北区 精装修两居室  板楼中间楼层  看房方便,475万,54984元/平,低楼层 (共7层) | 2000年 | 2室1厅 | 86.39平米 | 南 北,https://ke-image.ljcdn.com/110000-inspection/3f42de83-9a09-4e32-a4bd-202ca5338a08_1000.jpg!m_fill,w_280,h_210,f_jpg?from=ke.com
20240514,石景山,杨庄,101123571897,西现代城 高楼层一居室 落地窗 带电梯 近地铁大悦城房主自荐,206万,47587元/平,高楼层 (共22层) | 2004年 | 1室1厅 | 43.29平米 | 北,https://ke-image.ljcdn.com/110000-inspection/eccc4225-2a28-4c64-b652-88907b98ec50_1000.jpg!m_fill,w_280,h_210,f_jpg?from=ke.com
20240514,石景山,杨庄,101123554872,御景山 04年商品房 人车分流 满五唯一 层高2.9米,480万,46793元/平,低楼层 (共15层) | 2004年 | 2室1厅 | 102.58平米 | 东 西,https://ke-image.ljcdn.com/110000-inspection/eef7d797-8069-4a97-8bc2-a6820f9344da_1000.jpg!m_fill,w_280,h_210,f_jpg?from=ke.com
20240514,石景山,杨庄,101123494183,建西苑中里明厨明卫两居室精装修,585万,67803元/平,高楼层 (共6层) | 2005年 | 2室1厅 | 86.28平米 | 东 西 北,https://ke-image.ljcdn.com/110000-inspection/f24c257b-84d9-4dc9-9774-8960fb7d6de7_1000.jpg!m_fill,w_280,h_210,f_jpg?from=ke.com
20240514,石景山,杨庄,101123471066,西现代城 高楼层两居室  满五年唯一   无抵押 无户口,478万,51980元/平,高楼层 (共22层) | 2004年 | 2室1厅 | 91.96平米 | 西北,https://ke-image.ljcdn.com/110000-inspection/pc1_7SERXc32O.jpg!m_fill,w_280,h_210,f_jpg?from=ke.com
20240514,石景山,杨庄,101123438968,地铁楼  全南朝向 明厨明卫 中间楼层 精装修 拎包入住,185万,33803元/平,高楼层 (共6层) | 1985年 | 2室1厅 | 54.73平米 | 南,https://ke-image.ljcdn.com/110000-inspection/71051075-0291-40c2-a6a3-e54f802be1cd_1000.jpg!m_fill,w_280,h_210,f_jpg?from=ke.com
20240514,石景山,杨庄,101123437321,西现代城朝南一居室 近地铁 落地窗,265万,51577元/平,高楼层 (共22层) | 2004年 | 1室0厅 | 51.38平米 | 南,https://ke-image.ljcdn.com/110000-inspection/pc1_25NaaO3MB.jpg!m_fill,w_280,h_210,f_jpg?from=ke.com
20240514,石景山,杨庄,101123412943,茂华景公阁 全明三居室 高楼层 采光视野开阔 理想位置,950万,66198元/平,中楼层 (共11层) | 2008年 | 3室2厅 | 143.51平米 | 南 北,https://ke-image.ljcdn.com/110000-inspection/c3958e26-46a5-4293-a72e-dba603b08897_1000.jpg!m_fill,w_280,h_210,f_jpg?from=ke.com
20240514,石景山,杨庄,101123386771,西现代城 新上房源 近地铁 带电梯 落地大阳台视野好,255万,52201元/平,中楼层 (共22层) | 2004年 | 1室0厅 | 48.85平米 | 北,https://ke-image.ljcdn.com/110000-inspection/pc1_kxYebcEIu.jpg!m_fill,w_280,h_210,f_jpg?from=ke.com
20240514,石景山,杨庄,101123344230,东西通透明厨明卫主卧带阳台近地铁,210万,37494元/平,中楼层 (共6层) 2室1厅 | 56.01平米 | 东 西,https://ke-image.ljcdn.com/110000-inspection/a39bead5-037c-4de4-926b-a8d16e75e0a0_1000.jpg!m_fill,w_280,h_210,f_jpg?from=ke.com
20240514,石景山,杨庄,101123294916,首钢黄南苑小区高层优质的两居室房主自荐,431万,49529元/平,高楼层 (共24层) 2室1厅 | 87.02平米 | 南 西,https://ke-image.ljcdn.com/110000-inspection/pc1_DcbgPyugS.jpg!m_fill,w_280,h_210,f_jpg?from=ke.com
20240514,石景山,杨庄,101123292114,2001年钢混板楼 南北通透 视野采光好 近地铁 满五唯一房主自荐,399万,51411元/平,高楼层 (共6层) | 2001年 | 2室1厅 | 77.61平米 | 南 北,https://ke-image.ljcdn.com/110000-inspection/pc1_EMok3GNb2.jpg!m_fill,w_280,h_210,f_jpg?from=ke.com
20240514,石景山,杨庄,101123279807,杨庄北区 和枫雅居 落地窗两居室 满五年唯一房主自荐,469万,48987元/平,低楼层 (共19层) 2室1厅 | 95.74平米 | 西北,https://ke-image.ljcdn.com/110000-inspection/pc1_zNRn3lpTC.jpg!m_fill,w_280,h_210,f_jpg?from=ke.com
20240514,石景山,杨庄,101123214076,西现代城房龄新2004年杨庄地铁400米,238万,54979元/平,低楼层 (共22层) | 2004年 | 1室0厅 | 43.29平米 | 北,https://ke-image.ljcdn.com/110000-inspection/pc1_kfMZVhSJB.jpg!m_fill,w_280,h_210,f_jpg?from=ke.com
20240514,石景山,杨庄,101123213957,华信大厦宿舍 1室1厅 南 北,198万,44246元/平,中楼层 (共6层) | 1993年 | 1室1厅 | 44.75平米 | 南 北,https://ke-image.ljcdn.com/110000-inspection/dbfcfdd3-7c82-4d63-b0ea-019c7ddfd706_1000.jpg!m_fill,w_280,h_210,f_jpg?from=ke.com
20240514,石景山,杨庄,101123203571,杨庄北区 得房率87.7% 低楼层 双阳台 大客厅落地窗,390万,46401元/平,低楼层 (共6层) 2室1厅 | 84.05平米 | 东 西,https://ke-image.ljcdn.com/110000-inspection/pc1_Dt2mbuRPD_1.jpg!m_fill,w_280,h_210,f_jpg?from=ke.com
20240514,石景山,杨庄,101123183875,杨庄小区 明厨明卫 格局方正 三室一厅 1994年房,290万,38482元/平,顶层 (共6层) 3室1厅 | 75.36平米 | 东 西,https://ke-image.ljcdn.com/110000-inspection/29124119-9f51-488b-a2a4-4e6efa1cc0e6_1000.jpg!m_fill,w_280,h_210,f_jpg?from=ke.com
20240514,石景山,杨庄,101123173525,杨庄小区  有电梯 全南朝向两居房龄新1991年钢混,249万,41751元/平,中楼层 (共14层) | 1991年 | 2室1厅 | 59.64平米 | 南,https://ke-image.ljcdn.com/110000-inspection/pc1_RD1RiXw8I.jpg!m_fill,w_280,h_210,f_jpg?from=ke.com
20240514,石景山,杨庄,101123165056,杨庄北区正规近地铁大两居室随时看房,548万,52501元/平,中楼层 (共20层) 2室1厅 | 104.38平米 | 西南,https://ke-image.ljcdn.com/110000-inspection/pc1_KH5lWvmA4.jpg!m_fill,w_280,h_210,f_jpg?from=ke.com
20240514,石景山,杨庄,101123120211,1994年房龄古城北路环卫楼正规两居室户型好,220万,38149元/平,高楼层 (共6层) | 1994年 | 2室1厅 | 57.67平米 | 东 西,https://ke-image.ljcdn.com/110000-inspection/7c64da82-055a-41f0-9c52-bc1cd2b774c0_1000.jpg!m_fill,w_280,h_210,f_jpg?from=ke.com
20240514,石景山,杨庄,101123114448,杨庄北区 满五唯一 精装修 南北通透 得房率87.8%房主自荐,399万,48535元/平,中楼层 (共7层) | 1999年 | 2室1厅 | 82.21平米 | 南 北,https://ke-image.ljcdn.com/110000-inspection/pc1_Mw9n7IAdx.jpg!m_fill,w_280,h_210,f_jpg?from=ke.com
20240514,石景山,杨庄,101123114290,满五年唯一近地铁两居室看房方便,383万,53537元/平,高楼层 (共20层) 2室1厅 | 71.54平米 | 西南,https://ke-image.ljcdn.com/110000-inspection/pc1_HgiXiQdYM.jpg!m_fill,w_280,h_210,f_jpg?from=ke.com
20240514,石景山,杨庄,101123112350,八角北路11号院 2室1厅 南 北,169万,33420元/平,地下室 (共6层) | 1991年 | 2室1厅 | 50.57平米 | 南 北,https://ke-image.ljcdn.com/110000-inspection/f4530810-cba6-445c-b98e-3b1f399d04a7_1000.jpg!m_fill,w_280,h_210,f_jpg?from=ke.com
20240514,石景山,杨庄,101123072710,西现代城近地铁房龄新落地飘窗房主自荐,247万,50563元/平,低楼层 (共22层) | 2004年 | 1室0厅 | 48.85平米 | 北,https://ke-image.ljcdn.com/110000-inspection/pc1_CEQCdJY1i.jpg!m_fill,w_280,h_210,f_jpg?from=ke.com
20240514,石景山,杨庄,101123056273,华信大厦宿舍 1室1厅 南,195万,43576元/平,高楼层 (共6层) | 1993年 | 1室1厅 | 44.75平米 | 南,https://ke-image.ljcdn.com/110000-inspection/e69b55c4-6678-4537-8a07-16497345b653_1000.jpg!m_fill,w_280,h_210,f_jpg?from=ke.com
20240514,石景山,杨庄,101123024084,杨庄中区 1室1厅 东房主自荐,243万,39449元/平,中楼层 (共16层) 1室1厅 | 61.6平米 | 东,https://ke-image.ljcdn.com/110000-inspection/pc1_qCKnaFQbX.jpg!m_fill,w_280,h_210,f_jpg?from=ke.com
20240514,石景山,杨庄,101123016941,杨庄北区 1室1厅 西南,300万,50557元/平,高楼层 (共20层) 1室1厅 | 59.34平米 | 西南,https://ke-image.ljcdn.com/110000-inspection/pc1_iVUKvKQUy.jpg!m_fill,w_280,h_210,f_jpg?from=ke.com
20240514,石景山,杨庄,101123000774,八角北路11号院 1室1厅 东北,233万,43045元/平,中楼层 (共7层) 1室1厅 | 54.13平米 | 东北,https://ke-image.ljcdn.com/110000-inspection/2f1b104e-2370-4a35-888a-ae48c3af7312_1000.jpg!m_fill,w_280,h_210,f_jpg?from=ke.com
20240514,石景山,杨庄,101122980668,海淀区建西苑南里满五年商品房精装修,385万,66437元/平,中楼层 (共7层) | 1998年 | 1室1厅 | 57.95平米 | 南,https://ke-image.ljcdn.com/110000-inspection/af32b59c-642e-4d2f-acda-4500601ee152_1000.jpg!m_fill,w_280,h_210,f_jpg?from=ke.com
20240514,石景山,杨庄,101122980575,石景山杨庄小区正规两居南北通透全明格局,198万,35008元/平,顶层 (共6层) | 1979年 | 2室1厅 | 56.56平米 | 南 北,https://ke-image.ljcdn.com/110000-inspection/0382bfb2-7992-40c8-b94c-9102e18972b4_1000.jpg!m_fill,w_280,h_210,f_jpg?from=ke.com
20240514,石景山,杨庄,101122958237,和枫雅居满五年唯一近地铁正规两居室房主自荐,499万,51117元/平,高楼层 (共19层) 2室1厅 | 97.62平米 | 东,https://ke-image.ljcdn.com/110000-inspection/pc1_nNHRfxP2k.jpg!m_fill,w_280,h_210,f_jpg?from=ke.com
20240514,石景山,杨庄,101122953983,西现代城精装修一居室 近六号线杨庄站地铁房主自荐,219万,49082元/平,顶层 (共22层) | 2004年 | 1室0厅 | 44.62平米 | 北,https://ke-image.ljcdn.com/110000-inspection/e4115f6d-be51-4e13-b6bb-a1c84ecc858f_1000.jpg!m_fill,w_280,h_210,f_jpg?from=ke.com
20240514,石景山,杨庄,101122948519,建西苑北里 2室1厅 南 北,590万,63839元/平,低楼层 (共14层) | 2007年 | 2室1厅 | 92.42平米 | 南 北,https://ke-image.ljcdn.com/110000-inspection/pc1_Su5h8ZDyl_1.jpg!m_fill,w_280,h_210,f_jpg?from=ke.com
20240514,石景山,杨庄,101122940582,西现代城近地铁朝南两居室  户型方正 采光好,599万,54594元/平,中楼层 (共18层) | 2005年 | 2室1厅 | 109.72平米 | 南,https://ke-image.ljcdn.com/110000-inspection/pc1_EkAHLG4lY.jpg!m_fill,w_280,h_210,f_jpg?from=ke.com
20240514,石景山,杨庄,101122888010,建西苑南里商品房一居满五年唯一中楼层采光棒,426万,73512元/平,中楼层 (共7层) | 1998年 | 1室1厅 | 57.95平米 | 南,https://ke-image.ljcdn.com/110000-inspection/0ae8a9b4-8236-4899-82a0-4ace26795536_1000.jpg!m_fill,w_280,h_210,f_jpg?from=ke.com
20240514,石景山,杨庄,101122880129,建西苑中里 二居室 落地飘窗 南北通透 采光好房主自荐,560万,62501元/平,高楼层 (共6层) 2室1厅 | 89.6平米 | 南 北,https://ke-image.ljcdn.com/110000-inspection/8557bfc0-bebd-4b8f-9753-f68d9841544c_1000.jpg!m_fill,w_280,h_210,f_jpg?from=ke.com
20240514,石景山,杨庄,101122817039,古城环卫局家属院 南北通透两居室带客厅 1991年,230万,39966元/平,高楼层 (共6层) | 1991年 | 2室1厅 | 57.55平米 | 南 北,https://ke-image.ljcdn.com/110000-inspection/pc1_K02D8UsJH.jpg!m_fill,w_280,h_210,f_jpg?from=ke.com
20240514,石景山,杨庄,101122814975,建西苑中里 2室1厅 东 西,477万,68752元/平,中楼层 (共7层) | 2000年 | 2室1厅 | 69.38平米 | 东 西,https://ke-image.ljcdn.com/110000-inspection/pc1_e5LwgwKMH_1.jpg!m_fill,w_280,h_210,f_jpg?from=ke.com
20240514,石景山,杨庄,101122779468,建西苑中里商品房本房格局方正低楼层落地窗采光棒,781万,70298元/平,底层 (共6层) | 2005年 | 3室2厅 | 111.1平米 | 南 北,https://ke-image.ljcdn.com/110000-inspection/pc1_w5X5FqVjm.jpg!m_fill,w_280,h_210,f_jpg?from=ke.com
20240514,石景山,杨庄,101122756402,杨庄小区 电梯房 三室一厅 1997年房 中间楼层,370万,43159元/平,中楼层 (共16层) 3室1厅 | 85.73平米 | 东 南 北,https://ke-image.ljcdn.com/110000-inspection/83dd87d3-81c2-4342-b52b-f7167a91e824_1000.jpg!m_fill,w_280,h_210,f_jpg?from=ke.com
20240514,石景山,杨庄,101122750880,西现代城南北两居 两卫 落地窗 近地铁,558万,46485元/平,中楼层 (共18层) | 2005年 | 2室2厅 | 120.04平米 | 南 北,https://ke-image.ljcdn.com/110000-inspection/pc1_hWiSHYBg2.jpg!m_fill,w_280,h_210,f_jpg?from=ke.com
20240514,石景山,杨庄,101122745204,商圈聚焦海淀区建西苑中里南北通透大两居,499万,55451元/平,顶层 (共6层) 2室1厅 | 89.99平米 | 南 北,https://ke-image.ljcdn.com/110000-inspection/pc1_6NLmnpqLX.jpg!m_fill,w_280,h_210,f_jpg?from=ke.com
20240514,石景山,杨庄,101122724047,杨庄北区低楼层正规两室一厅,453万,54783元/平,低楼层 (共16层) 2室1厅 | 82.69平米 | 东南,https://ke-image.ljcdn.com/110000-inspection/pc1_bQRYwxVSQ.jpg!m_fill,w_280,h_210,f_jpg?from=ke.com
20240514,石景山,杨庄,101122715790,西成忆树新上精装两居室落地窗无遮挡沐浴阳光,470万,49905元/平,高楼层 (共20层) | 2005年 | 2室1厅 | 94.18平米 | 西南,https://ke-image.ljcdn.com/110000-inspection/pc1_TXKTW8UF3_1.jpg!m_fill,w_280,h_210,f_jpg?from=ke.com
20240514,石景山,杨庄,101122698285,建西苑南里 东西通透两居室 满五唯一,460万,68657元/平,中楼层 (共7层) 2室1厅 | 67平米 | 东 西,https://ke-image.ljcdn.com/110000-inspection/daf58ebb-1023-4ff0-b4e1-d0cc8e459d1f_1000.jpg!m_fill,w_280,h_210,f_jpg?from=ke.com
20240514,石景山,杨庄,101122586631,西现代城 精装一居室 带电梯 近地铁 落地窗,268万,61909元/平,低楼层 (共22层) | 2004年 | 1室1厅 | 43.29平米 | 北,https://ke-image.ljcdn.com/110000-inspection/9e240ea5-62d6-455f-890e-a2adfca0d58a_1000.jpg!m_fill,w_280,h_210,f_jpg?from=ke.com
20240514,石景山,杨庄,101122583591,jun谊推荐满五年唯一商品房带电梯中高层南北两居室,580万,63202元/平,高楼层 (共14层) | 2007年 | 2室1厅 | 91.77平米 | 南 北,https://ke-image.ljcdn.com/110000-inspection/90f3b3bd-3281-47bd-bb0c-e0936028216f_1000.jpg!m_fill,w_280,h_210,f_jpg?from=ke.com
20240514,石景山,杨庄,101122551832,主卧室朝南不临街南北通透视野好采光好客厅朝南,498万,73311元/平,底层 (共7层) 2室1厅 | 67.93平米 | 南 北,https://ke-image.ljcdn.com/110000-inspection/pc1_Cej4igW9o.jpg!m_fill,w_280,h_210,f_jpg?from=ke.com
20240514,石景山,杨庄,101122526791,四百米进地铁世外桃源环境通透三层高得房率房主自荐,547万,65896元/平,中楼层 (共6层) | 1997年 | 3室1厅 | 83.01平米 | 南 北,https://ke-image.ljcdn.com/110000-inspection/pc1_j0VdposGK.jpg!m_fill,w_280,h_210,f_jpg?from=ke.com
20240514,石景山,杨庄,101122511832,满五年唯一商品房不临街无遮挡业主诚售,495万,72698元/平,低楼层 (共7层) 2室1厅 | 68.09平米 | 南 北,https://ke-image.ljcdn.com/110000-inspection/65b3ba35-bae9-49a7-be6a-9a5eee866904_1000.jpg!m_fill,w_280,h_210,f_jpg?from=ke.com
20240514,石景山,杨庄,101122481295,杨庄小区 2室1厅 南 北房主自荐,240万,42433元/平,高楼层 (共6层) | 1979年 | 2室1厅 | 56.56平米 | 南 北,https://ke-image.ljcdn.com/110000-inspection/8aa30a71-7cb1-42a6-87e0-9214b915f4d5_1000.jpg!m_fill,w_280,h_210,f_jpg?from=ke.com
20240514,石景山,杨庄,101122408764,首钢黄南苑小区全南向两居室户型很棒,408万,57766元/平,低楼层 (共24层) | 2001年 | 2室1厅 | 70.63平米 | 南,https://ke-image.ljcdn.com/110000-inspection/pc1_yyrAcSTVi.jpg!m_fill,w_280,h_210,f_jpg?from=ke.com
20240514,石景山,杨庄,101122404200,杨庄北区-低楼层-标准正规一居室,270万,45501元/平,底层 (共20层) 1室1厅 | 59.34平米 | 东南,https://ke-image.ljcdn.com/110000-inspection/pc1_3OT1oHjZr.jpg!m_fill,w_280,h_210,f_jpg?from=ke.com
20240514,石景山,杨庄,101122393771,建西苑北里电梯楼两居室带有充电桩地下车位,628万,65932元/平,中楼层 (共14层) | 2007年 | 2室1厅 | 95.25平米 | 南 北,https://ke-image.ljcdn.com/110000-inspection/21111bc0-8fa1-4db3-a919-479361d90e1c_1000.jpg!m_fill,w_280,h_210,f_jpg?from=ke.com
20240514,石景山,杨庄,101122380533,八角北路11号院 三居室 南北通透 提房方便,329万,43007元/平,中楼层 (共6层) 3室1厅 | 76.5平米 | 南 北,https://ke-image.ljcdn.com/110000-inspection/e9c0c46b-62ff-4b97-ac9d-760b49673f9b_1000.jpg!m_fill,w_280,h_210,f_jpg?from=ke.com
20240514,石景山,杨庄,101122351993,西现代城 满五年唯一一居室 2004年 落地窗 近地铁,208万,50085元/平,中楼层 (共22层) | 2004年 | 1室1厅 | 41.53平米 | 北,https://ke-image.ljcdn.com/110000-inspection/pc1_SvbKMmjry.jpg!m_fill,w_280,h_210,f_jpg?from=ke.com
20240514,石景山,杨庄,101122342443,建西苑南里全南一居室户型规整,405万,70058元/平,中楼层 (共7层) | 1998年 | 1室1厅 | 57.81平米 | 南,https://ke-image.ljcdn.com/110000-inspection/4a3a98df-d2f6-4d72-a2a9-49ecc701c293_1000.jpg!m_fill,w_280,h_210,f_jpg?from=ke.com
20240514,石景山,杨庄,101122278090,首钢黄南苑小区南北通透高楼层采光效果好,390万,46735元/平,高楼层 (共14层) 2室1厅 | 83.45平米 | 南 北,https://ke-image.ljcdn.com/110000-inspection/pc1_2dbsvuBKP.jpg!m_fill,w_280,h_210,f_jpg?from=ke.com
20240514,石景山,杨庄,101122268107,海淀建西苑中里低楼层通透一居室房主自荐,389万,65699元/平,底层 (共7层) | 2000年 | 1室1厅 | 59.21平米 | 东 西,https://ke-image.ljcdn.com/110000-inspection/7e193854-c388-4cb8-bc28-4daf17330c35_1000.jpg!m_fill,w_280,h_210,f_jpg?from=ke.com
20240514,石景山,杨庄,101122256691,建西苑北里本房格局方正中楼层落地窗采光棒有电梯房主自荐,448万,63466元/平,低楼层 (共14层) | 2007年 | 1室1厅 | 70.59平米 | 东,https://ke-image.ljcdn.com/110000-inspection/dc824ed8-c6ed-438f-9eb5-5a923ab57286_1000.jpg!m_fill,w_280,h_210,f_jpg?from=ke.com
20240514,石景山,杨庄,101122243847,杨庄北区南北通透正规两居室名厨明卫,296万,45184元/平,顶层 (共6层) 2室1厅 | 65.51平米 | 南 北,https://ke-image.ljcdn.com/110000-inspection/pc1_jjtO7aFAt.jpg!m_fill,w_280,h_210,f_jpg?from=ke.com
20240514,石景山,杨庄,101122051692,地铁楼 2室1厅 南 北,269万,40703元/平,低楼层 (共6层) | 1981年 | 2室1厅 | 66.09平米 | 南 北,https://ke-image.ljcdn.com/110000-inspection/67910375-5cb0-4146-893e-204ab1eff9a2_1000.jpg!m_fill,w_280,h_210,f_jpg?from=ke.com
20240514,石景山,杨庄,101122049314,石景山法院家属楼交通便利明厨明卫生活配套便利,320万,43993元/平,高楼层 (共6层) | 1995年 | 2室1厅 | 72.74平米 | 南,https://ke-image.ljcdn.com/110000-inspection/0c0fe0ff-082f-4f65-b8ef-54e8b76aa3b9_1000.jpg!m_fill,w_280,h_210,f_jpg?from=ke.com
20240514,石景山,杨庄,101121995613,建西苑中里 二居室  南北通透 满五唯一 商品房,499万,73286元/平,中楼层 (共7层) 2室1厅 | 68.09平米 | 南 北,https://ke-image.ljcdn.com/110000-inspection/a2c17e1f-298a-4fe9-a87f-b246c32c2c55_1000.jpg!m_fill,w_280,h_210,f_jpg?from=ke.com
20240514,石景山,杨庄,101121982537,【全南向】【额外4㎡阳台】优质户型朝向采光佳两居房主自荐,509万,55459元/平,中楼层 (共19层) 2室1厅 | 91.78平米 | 南,https://ke-image.ljcdn.com/110000-inspection/pc1_OENzKVvfi.jpg!m_fill,w_280,h_210,f_jpg?from=ke.com
20240514,石景山,杨庄,101121897448,杨庄北区 地铁口正规一居  业主靠谱出售,335万,43411元/平,中楼层 (共22层) | 2004年 | 1室1厅 | 77.17平米 | 西南,https://ke-image.ljcdn.com/110000-inspection/pc1_N5YSL8qvM.jpg!m_fill,w_280,h_210,f_jpg?from=ke.com
20240514,石景山,杨庄,101121847805,御景山 1室1厅 北,280万,38028元/平,中楼层 (共14层) 1室1厅 | 73.63平米 | 北,https://ke-image.ljcdn.com/110000-inspection/a42bbcf8-5599-456c-80fe-1f63691a27ca_1000.jpg!m_fill,w_280,h_210,f_jpg?from=ke.com
20240514,石景山,杨庄,101121845121,不临阜石路没有噪音 人车分流 附带5平米楼道面积,707万,49751元/平,低楼层 (共20层) 3室2厅 | 142.11平米 | 东南,https://ke-image.ljcdn.com/110000-inspection/pc1_sAdw8K5Bm.jpg!m_fill,w_280,h_210,f_jpg?from=ke.com
20240514,石景山,杨庄,101121828765,黄南苑精装两居室 南北通透户型,438万,52075元/平,中楼层 (共14层) | 2001年 | 2室1厅 | 84.11平米 | 南 北,https://ke-image.ljcdn.com/110000-inspection/pc1_YtzLL6iu7.jpg!m_fill,w_280,h_210,f_jpg?from=ke.com
20240514,石景山,杨庄,101121821609,次顶层满五唯一无增值税只有契税前后无遮挡不临街,968万,68406元/平,高楼层 (共9层) 3室2厅 | 141.51平米 | 南 北,https://ke-image.ljcdn.com/110000-inspection/pc1_p6I2VZjal.jpg!m_fill,w_280,h_210,f_jpg?from=ke.com
20240514,石景山,杨庄,101121798294,杨庄小区1999年 电梯两居室 组合贷30年 业主诚售,319万,40329元/平,高楼层 (共16层) 2室1厅 | 79.1平米 | 西南,https://ke-image.ljcdn.com/110000-inspection/bcb181a9-ccf8-4c3c-a73e-4fa1166cbb06_1000.jpg!m_fill,w_280,h_210,f_jpg?from=ke.com
20240514,石景山,杨庄,101121769309,杨庄小区 2室1厅 南 北房主自荐,218万,35950元/平,顶层 (共6层) | 1986年 | 2室1厅 | 60.64平米 | 南 北,https://ke-image.ljcdn.com/110000-inspection/71ce42eb-0c3d-48ac-a8a6-12f63c900101_1000.jpg!m_fill,w_280,h_210,f_jpg?from=ke.com
20240514,石景山,杨庄,101121757374,新都丽苑朝南两居室 格局方正 采光好,397万,47988元/平,低楼层 (共18层) 2室1厅 | 82.73平米 | 南,https://ke-image.ljcdn.com/110000-inspection/pc1_AZNsX20BE.jpg!m_fill,w_280,h_210,f_jpg?from=ke.com
20240514,石景山,杨庄,101121696976,杨庄中区 1室1厅 南 北,254万,44244元/平,顶层 (共6层) 1室1厅 | 57.41平米 | 南 北,https://ke-image.ljcdn.com/110000-inspection/pc1_SeFjl4rPQ.jpg!m_fill,w_280,h_210,f_jpg?from=ke.com
20240514,石景山,杨庄,101121685022,海淀建西苑中间层两居室 满五年唯一商品房 不临街,465万,60312元/平,中楼层 (共7层) | 1998年 | 2室1厅 | 77.1平米 | 南 北,https://ke-image.ljcdn.com/110000-inspection/5990677e-b9ac-48c7-803e-2b6418fc0ecb_1000.jpg!m_fill,w_280,h_210,f_jpg?from=ke.com
20240514,石景山,杨庄,101121592481,八角北路11号院 一居室 朝南向,108万,32086元/平,地下室 (共6层) | 1991年 | 1室1厅 | 33.66平米 | 南,https://ke-image.ljcdn.com/110000-inspection/3d123fcd-8d62-4574-815a-b81ffdd01dff_1000.jpg!m_fill,w_280,h_210,f_jpg?from=ke.com
20240514,石景山,杨庄,101121454202,茂华景公阁  南北两居 高楼层 视野好 明厨明卫房主自荐,679万,72127元/平,高楼层 (共15层) 2室1厅 | 94.14平米 | 东 南 北,https://ke-image.ljcdn.com/110000-inspection/pc1_Ni1zygPM2_1.jpg!m_fill,w_280,h_210,f_jpg?from=ke.com
20240514,石景山,杨庄,101121396792,杨庄中区温暖南向一室一厅小区马上改造完成,246万,40642元/平,中楼层 (共18层) 1室1厅 | 60.53平米 | 南,https://ke-image.ljcdn.com/110000-inspection/ff00e7ef-2088-44fd-890b-9d21f8375260_1000.jpg!m_fill,w_280,h_210,f_jpg?from=ke.com
20240514,石景山,杨庄,101121326512,商圈聚焦海淀区建西苑北里南北通透三居室,729万,65370元/平,高楼层 (共6层) | 2004年 | 3室2厅 | 111.52平米 | 南 北,https://ke-image.ljcdn.com/110000-inspection/e4fbb7e0-1362-48e6-aeea-d03c493a3a47_1000.jpg!m_fill,w_280,h_210,f_jpg?from=ke.com
20240514,石景山,杨庄,101121253058,建西苑南里 2室1厅 南 北,488万,72222元/平,底层 (共7层) | 2000年 | 2室1厅 | 67.57平米 | 南 北,https://ke-image.ljcdn.com/110000-inspection/5677df5e-6fc6-40cb-bb60-33eb14edae3c_1000.jpg!m_fill,w_280,h_210,f_jpg?from=ke.com
20240514,石景山,杨庄,101121246391,茂华景公阁 2室1厅 南房主自荐,610万,69469元/平,中楼层 (共11层) 2室1厅 | 87.81平米 | 南,https://ke-image.ljcdn.com/110000-inspection/pc1_45NikUCMO.jpg!m_fill,w_280,h_210,f_jpg?from=ke.com
20240514,石景山,杨庄,101121202518,御景山西南北两居室明厨明卫高楼层视野好,489万,49944元/平,高楼层 (共14层) | 2003年 | 2室1厅 | 97.91平米 | 南 西 北,https://ke-image.ljcdn.com/110000-inspection/pc1_6rXwYlxYl.jpg!m_fill,w_280,h_210,f_jpg?from=ke.com
20240514,石景山,杨庄,101121181954,杨庄小区南北通透两居室中间楼层,235万,39865元/平,中楼层 (共6层) | 1979年 | 2室1厅 | 58.95平米 | 南 北,https://ke-image.ljcdn.com/110000-inspection/55e4ab92-df01-44c6-b851-4505f70819b5_1000.jpg!m_fill,w_280,h_210,f_jpg?from=ke.com
20240514,石景山,杨庄,101121181794,西现代城2004年小区 满五唯一 落地飘窗,209万,48280元/平,中楼层 (共22层) | 2004年 | 1室1厅 | 43.29平米 | 北,https://ke-image.ljcdn.com/110000-inspection/91fbea43-61a6-4afb-b507-4f5bc6eab387_1000.jpg!m_fill,w_280,h_210,f_jpg?from=ke.com
20240514,石景山,杨庄,101121165898,杨庄中区南北通透两居室 独门独院 停车方便,298万,43403元/平,底层 (共6层) 2室1厅 | 68.66平米 | 南 北,https://ke-image.ljcdn.com/110000-inspection/pc1_ipbZGxSLh_1.jpg!m_fill,w_280,h_210,f_jpg?from=ke.com
20240514,石景山,杨庄,101121154612,建西苑北里 1室1厅 西,436万,62429元/平,顶层 (共14层) | 2007年 | 1室1厅 | 69.84平米 | 西,https://ke-image.ljcdn.com/110000-inspection/pc1_Oga87V6Gy.jpg!m_fill,w_280,h_210,f_jpg?from=ke.com
20240514,石景山,杨庄,101121089709,建西苑北里 1室1厅 东,445万,63256元/平,中楼层 (共14层) | 2007年 | 1室1厅 | 70.35平米 | 东,https://ke-image.ljcdn.com/110000-inspection/9085b0bb-8fff-4513-998c-5aba74a83829_1000.jpg!m_fill,w_280,h_210,f_jpg?from=ke.com
20240514,石景山,杨庄,101120953703,建西苑南里东西朝向两居室精装修,465万,68818元/平,中楼层 (共7层) 2室1厅 | 67.57平米 | 东 西,https://ke-image.ljcdn.com/110000-inspection/e2da17f8-9a41-4ae5-b7b6-febe43ceb252_1000.jpg!m_fill,w_280,h_210,f_jpg?from=ke.com
20240514,石景山,杨庄,101120923633,茂华景公阁 三居室 精装修 视野好 看房随时,1010万,69805元/平,顶层 (共15层) | 2008年 | 3室2厅 | 144.69平米 | 南 北,https://ke-image.ljcdn.com/110000-inspection/pc1_2AgWFwLma_1.jpg!m_fill,w_280,h_210,f_jpg?from=ke.com
20240514,石景山,杨庄,101120879348,古城地铁车辆段正规南北向三居室近地铁户型方正,290万,42201元/平,顶层 (共9层) | 1994年 | 3室1厅 | 68.72平米 | 南,https://ke-image.ljcdn.com/110000-inspection/04e357a6-301c-4cbe-8cb3-62fadbf17baf_1000.jpg!m_fill,w_280,h_210,f_jpg?from=ke.com
20240514,石景山,杨庄,101119802167,近地铁 南北两居 电梯直达 没有遮挡 采光充足 可贷款,272万,45861元/平,低楼层 (共9层) | 1994年 | 2室1厅 | 59.31平米 | 南,https://ke-image.ljcdn.com/110000-inspection/95f7814c-b784-4336-b7eb-d96354a5bb7c_1000.jpg!m_fill,w_280,h_210,f_jpg?from=ke.com
20240514,石景山,杨庄,101119469292,地铁楼南北通透两居室 视野好 采光好 格局方正,236万,41080元/平,高楼层 (共6层) | 1981年 | 2室1厅 | 57.45平米 | 北 南,https://ke-image.ljcdn.com/110000-inspection/d54854b5-bd91-4da1-a1f1-ff3592ebc45f_1000.jpg!m_fill,w_280,h_210,f_jpg?from=ke.com
20240514,石景山,杨庄,101119288128,首钢黄南苑小区南北通透带电梯正规两居室,436万,52247元/平,低楼层 (共14层) | 2001年 | 2室1厅 | 83.45平米 | 南 北,https://ke-image.ljcdn.com/110000-inspection/pc1_3sMCpxvFW_1.jpg!m_fill,w_280,h_210,f_jpg?from=ke.com
20240514,石景山,杨庄,101119277647,建西苑中里西北向大一居采光好。房主自荐,495万,63715元/平,顶层 (共6层) 2室1厅 | 77.69平米 | 西北,https://ke-image.ljcdn.com/110000-inspection/cb63d2f5-72ff-41fd-bcd5-022e7d6f468f_1000.jpg!m_fill,w_280,h_210,f_jpg?from=ke.com
20240514,石景山,杨庄,101119244925,杨庄北区三居室满五年唯一2004年楼龄,468万,43015元/平,底层 (共22层) 3室1厅 | 108.8平米 | 西北,https://ke-image.ljcdn.com/110000-inspection/pc1_MNiOpcDJB.jpg!m_fill,w_280,h_210,f_jpg?from=ke.com
20240514,石景山,杨庄,101119122231,御景山正南向大两居 双卫 采光视野佳,639万,50909元/平,低楼层 (共14层) 2室1厅 | 125.52平米 | 南,https://ke-image.ljcdn.com/110000-inspection/pc1_EGnS8aTt6.jpg!m_fill,w_280,h_210,f_jpg?from=ke.com
20240514,石景山,杨庄,101118676093,建西苑南里 低楼层南向两居 出行方便,520万,71194元/平,底层 (共7层) 2室1厅 | 73.04平米 | 南,https://ke-image.ljcdn.com/110000-inspection/c05f2c1d-5dde-4956-93aa-7c2c6a87203e_1000.jpg!m_fill,w_280,h_210,f_jpg?from=ke.com
20240514,石景山,杨庄,101118556152,华信大厦宿舍 2室1厅 东 西,300万,38660元/平,中楼层 (共6层) 2室1厅 | 77.6平米 | 东 西,https://ke-image.ljcdn.com/110000-inspection/ca364843-fb99-4c27-8cb4-e20e95eb5e44_1000.jpg!m_fill,w_280,h_210,f_jpg?from=ke.com
20240514,石景山,杨庄,101118512112,八角北路11号院大面宽全南向满五年唯一住宅,255万,40892元/平,高楼层 (共7层) 1室1厅 | 62.36平米 | 南,https://ke-image.ljcdn.com/110000-inspection/4ad43167-be55-4e2a-81eb-0f7b4d19b0cc_1000.jpg!m_fill,w_280,h_210,f_jpg?from=ke.com
20240514,石景山,杨庄,101118440177,新上低楼层诚心出售随时可以交易,188万,47154元/平,低楼层 (共6层) 1室1厅 | 39.87平米 | 南,https://ke-image.ljcdn.com/110000-inspection/2147d628-fe23-446d-811f-27efe03647af_1000.jpg!m_fill,w_280,h_210,f_jpg?from=ke.com
20240514,石景山,杨庄,101117784485,杨庄北区 2000年 满五唯一 精装修 双卫 得房率90%,715万,47189元/平,高楼层 (共7层) 3室2厅 | 151.52平米 | 东南,https://ke-image.ljcdn.com/110000-inspection/e0dd78eb-2e70-479d-85b8-765ad6a01af9_1000.jpg!m_fill,w_280,h_210,f_jpg?from=ke.com
20240514,石景山,杨庄,101117299046,建西苑南里南北通透两居室中间层。,560万,72643元/平,中楼层 (共7层) | 1998年 | 2室1厅 | 77.09平米 | 南 北,https://ke-image.ljcdn.com/110000-inspection/94da24d2-1a1d-45ec-b704-4ba03f506ef6_1000.jpg!m_fill,w_280,h_210,f_jpg?from=ke.com
20240514,石景山,杨庄,101117232074,商圈经理主推建西苑有电梯视野好明卫 满五年家庭唯一,535万,57782元/平,中楼层 (共14层) 2室1厅 | 92.59平米 | 南 北,https://ke-image.ljcdn.com/110000-inspection/pc1_Wre6lwDaZ.jpg!m_fill,w_280,h_210,f_jpg?from=ke.com
20240514,石景山,杨庄,101117133445,建西苑中里正规三居室户型方正,575万,66375元/平,中楼层 (共7层) 3室1厅 | 86.63平米 | 东 西,https://ke-image.ljcdn.com/110000-inspection/pc1_DJEyEk114_1.jpg!m_fill,w_280,h_210,f_jpg?from=ke.com
20240514,石景山,杨庄,101124343808,杨庄北区新登记近地铁近商城两居室新上,379万,52978元/平,高楼层 (共20层) | 2001年 | 2室1厅 | 71.54平米 | 南,https://ke-image.ljcdn.com/110000-inspection/pc1_EMIUYJCza_1.jpg!m_fill,w_280,h_210,f_jpg?from=ke.com
20240514,石景山,杨庄,101124322574,杨庄小区 满五唯一商品房 精装修 南北通透 一梯两户新上,370万,48423元/平,底层 (共6层) | 1999年 | 2室1厅 | 76.41平米 | 南 北,https://ke-image.ljcdn.com/110000-inspection/732fb7a8-63e3-4e62-8ead-5eb1f63fc73f_1000.jpg!m_fill,w_280,h_210,f_jpg?from=ke.com
20240514,石景山,杨庄,101124286871,杨庄小区 1994年楼龄 精装修新上,210万,35106元/平,高楼层 (共6层) | 1994年 | 2室1厅 | 59.82平米 | 东 西,https://ke-image.ljcdn.com/110000-inspection/8bf18c50-cbcb-4d52-801a-b1e14ec56ebb_1000.jpg!m_fill,w_280,h_210,f_jpg?from=ke.com
20240514,石景山,杨庄,101124280625,御景山南北通透大三居  纯商品房社区 人车分流新上,780万,49060元/平,中楼层 (共19层) | 2003年 | 3室2厅 | 158.99平米 | 南 北,https://ke-image.ljcdn.com/110000-inspection/531474b7-9f5e-4d6b-9c8d-784a58c34ee0_1000.jpg!m_fill,w_280,h_210,f_jpg?from=ke.com
20240514,石景山,杨庄,101124280537,茂华景公院  精装大两居  次顶层  满五年唯一新上,768万,67959元/平,高楼层 (共9层) | 2009年 | 2室1厅 | 113.01平米 | 南,https://ke-image.ljcdn.com/110000-inspection/pc1_oIoPFIHKu.jpg!m_fill,w_280,h_210,f_jpg?from=ke.com
20240514,石景山,杨庄,101124268239,杨庄中区 1室1厅 西新上,220万,41432元/平,高楼层 (共6层) | 1997年 | 1室1厅 | 53.1平米 | 西,https://ke-image.ljcdn.com/110000-inspection/pc1_LJFTm5XLf_1.jpg!m_fill,w_280,h_210,f_jpg?from=ke.com
20240514,石景山,杨庄,101124259133,茂华景公阁 精装一居 高楼层 采光视野全天无遮挡新上,433万,71892元/平,高楼层 (共15层) | 2008年 | 1室1厅 | 60.23平米 | 南,https://ke-image.ljcdn.com/110000-inspection/703f37d4-4c69-484e-8072-c6ee72a24a19_1000.jpg!m_fill,w_280,h_210,f_jpg?from=ke.com
20240514,石景山,杨庄,101124235166,古城北路环卫楼正规三居室1994年房龄南北通透,340万,47962元/平,底层 (共6层) | 1994年 | 3室1厅 | 70.89平米 | 南 北,https://ke-image.ljcdn.com/110000-inspection/25815f98-0f92-4066-a1d5-752920d76a86_1000.jpg!m_fill,w_280,h_210,f_jpg?from=ke.com
20240514,石景山,杨庄,101124185987,西成忆树 2室1厅 西,305万,47287元/平,高楼层 (共20层) 2室1厅 | 64.5平米 | 西,https://ke-image.ljcdn.com/110000-inspection/92396ab1-8c8c-4dec-bffe-d752d7d79447_1000.jpg!m_fill,w_280,h_210,f_jpg?from=ke.com
20240514,石景山,杨庄,101124184758,茂华景公阁南北三居室  低密度洋房 户型好 采光好,925万,63930元/平,低楼层 (共15层) | 2008年 | 3室2厅 | 144.69平米 | 南 北,https://ke-image.ljcdn.com/110000-inspection/1601a15c-715d-4ee0-b2d5-841ba78b8167_1000.jpg!m_fill,w_280,h_210,f_jpg?from=ke.com
20240514,石景山,杨庄,101124169896,西成忆树满五年唯一人车分流商品房交通生活便利房主自荐,549万,49738元/平,高楼层 (共18层) | 2005年 | 2室1厅 | 110.38平米 | 南 北,https://ke-image.ljcdn.com/110000-inspection/39ab02b4-87a4-4c2e-96b9-bc599ac0488d_1000.jpg!m_fill,w_280,h_210,f_jpg?from=ke.com
20240514,石景山,杨庄,101124135927,杨庄北区 2004年钢混 有电梯 得房率83% 全明三居,433万,39798元/平,中楼层 (共22层) | 2004年 | 3室1厅 | 108.8平米 | 西 北 东,https://ke-image.ljcdn.com/110000-inspection/pc1_1A0kEJiD7.jpg!m_fill,w_280,h_210,f_jpg?from=ke.com
20240514,石景山,杨庄,101124125309,茂华景公阁 3室2厅 南 北,919万,63454元/平,顶层 (共15层) | 2008年 | 3室2厅 | 144.83平米 | 南 北,https://ke-image.ljcdn.com/110000-inspection/29d0b606-e31e-495e-a19e-23f8bbc4fcec_1000.jpg!m_fill,w_280,h_210,f_jpg?from=ke.com
20240514,石景山,杨庄,101124105515,西现代城 带电梯正规一室一厅一居 满五年业主诚心卖,266万,55487元/平,低楼层 (共22层) | 2004年 | 1室1厅 | 47.94平米 | 北,https://ke-image.ljcdn.com/110000-inspection/pc1_Ol6z1PZRi.jpg!m_fill,w_280,h_210,f_jpg?from=ke.com
20240514,石景山,杨庄,101124029015,地铁古城家园 三室一厅 精装修 大阳台 1999年房,405万,38561元/平,底层 (共24层) | 1999年 | 3室1厅 | 105.03平米 | 东北,https://ke-image.ljcdn.com/110000-inspection/pc1_A4vd8Eo59_1.jpg!m_fill,w_280,h_210,f_jpg?from=ke.com
20240514,石景山,杨庄,101124027860,地铁家园正规 三居室 全明格局 无遮挡,415万,37005元/平,低楼层 (共25层) 3室1厅 | 112.15平米 | 东 北,https://ke-image.ljcdn.com/110000-inspection/e0da15e7-9055-4b9a-ab9e-f09af39d67a0_1000.jpg!m_fill,w_280,h_210,f_jpg?from=ke.com
20240514,石景山,杨庄,101124023600,建西苑南里 一居室 全南向 采光好 满五唯一 商品房,360万,72275元/平,底层 (共7层) 1室1厅 | 49.81平米 | 南,https://ke-image.ljcdn.com/110000-inspection/a5cab8b9-6e6e-46a2-a804-471e050a2045_1000.jpg!m_fill,w_280,h_210,f_jpg?from=ke.com
20240514,石景山,杨庄,101124022587,杨庄北区 2001年钢混结构 得房率89.9% 南北通透,403万,51927元/平,高楼层 (共6层) 2室1厅 | 77.61平米 | 南 北,https://ke-image.ljcdn.com/110000-inspection/pc1_PvvJflRm9.jpg!m_fill,w_280,h_210,f_jpg?from=ke.com
20240514,石景山,杨庄,101123990568,满五唯一商品房 5.4米大面宽阳台 一梯两户 南北电梯房,799万,63875元/平,低楼层 (共12层) | 2007年 | 3室1厅 | 125.09平米 | 南 北,https://ke-image.ljcdn.com/110000-inspection/pc1_ILTm1eT1R.jpg!m_fill,w_280,h_210,f_jpg?from=ke.com
20240514,石景山,杨庄,101123986131,茂华景公院 3室2厅 南 北,1080万,62273元/平,低楼层 (共9层) | 2009年 | 3室2厅 | 173.43平米 | 南 北,https://ke-image.ljcdn.com/110000-inspection/c43ca9df-b628-4777-87b4-1cfa5e226f3f_1000.jpg!m_fill,w_280,h_210,f_jpg?from=ke.com
20240514,石景山,杨庄,101123968206,黄南苑  朝南 两居室  电梯直达  满五年唯一,390万,48060元/平,低楼层 (共24层) 2室1厅 | 81.15平米 | 南,https://ke-image.ljcdn.com/110000-inspection/pc1_rpHk2qNdx.jpg!m_fill,w_280,h_210,f_jpg?from=ke.com
20240514,石景山,杨庄,101123936364,八角北路11号院  精装修 南北通透 看房方便,186万,33911元/平,地下室 (共6层) | 1991年 | 2室1厅 | 54.85平米 | 南 北,https://ke-image.ljcdn.com/110000-inspection/4ce601fa-f223-4ccb-b940-f02c3bf68809_1000.jpg!m_fill,w_280,h_210,f_jpg?from=ke.com
20240514,石景山,杨庄,101123933626,黄南苑  电梯房  两居室 全明格局,430万,45164元/平,低楼层 (共24层) 2室2厅 | 95.21平米 | 东 北,https://ke-image.ljcdn.com/110000-inspection/b9bb2bee-48b8-413a-8eca-c8b3d3788c35_1000.jpg!m_fill,w_280,h_210,f_jpg?from=ke.com
20240514,石景山,杨庄,101123902329,杨庄小区 2室1厅 南,212万,40443元/平,高楼层 (共6层) | 1979年 | 2室1厅 | 52.42平米 | 南,https://ke-image.ljcdn.com/110000-inspection/pc1_oCleOpFc2.jpg!m_fill,w_280,h_210,f_jpg?from=ke.com
20240514,石景山,杨庄,101123884238,八角北路11号院 南北通透 两居 中间楼层,229万,39531元/平,中楼层 (共6层) 2室1厅 | 57.93平米 | 南 北,https://ke-image.ljcdn.com/110000-inspection/pc1_LWBOSJkAi.jpg!m_fill,w_280,h_210,f_jpg?from=ke.com
20240514,石景山,杨庄,101123848249,首钢杨庄小区 低楼层 南北通透一居室,185万,45255元/平,底层 (共6层) | 1987年 | 1室1厅 | 40.88平米 | 南 北,https://ke-image.ljcdn.com/110000-inspection/f224ba63-766b-4869-9d30-2fc234ba9643_1000.jpg!m_fill,w_280,h_210,f_jpg?from=ke.com
20240514,石景山,杨庄,101123835865,杨庄中区 2室1厅 南 北,330万,44637元/平,高楼层 (共16层) 2室1厅 | 73.93平米 | 南 北,https://ke-image.ljcdn.com/110000-inspection/04b41823-64ed-4c31-ac9a-eff0f11c2f8d_1000.jpg!m_fill,w_280,h_210,f_jpg?from=ke.com
20240514,石景山,杨庄,101123808508,茂华景公阁 南北通透 满五唯一 价格可谈,968万,66958元/平,中楼层 (共11层) 3室2厅 | 144.57平米 | 南 北,https://ke-image.ljcdn.com/110000-inspection/62c017ed-b4c0-483e-83ba-3eed1c66bb08_1000.jpg!m_fill,w_280,h_210,f_jpg?from=ke.com
20240514,石景山,杨庄,101123789762,杨庄小区 两居室 不临街 采光佳,226万,38946元/平,高楼层 (共6层) | 1980年 | 3室1厅 | 58.03平米 | 南 北,https://ke-image.ljcdn.com/110000-inspection/pc1_UvK4Dcs9l_1.jpg!m_fill,w_280,h_210,f_jpg?from=ke.com
20240514,石景山,杨庄,101123718841,和枫雅居东南向精装修大三居高楼层无遮挡房主自荐,668万,62128元/平,顶层 (共19层) | 2002年 | 3室1厅 | 107.52平米 | 东南,https://ke-image.ljcdn.com/110000-inspection/2ba8d5f2-8aa1-42a1-ad46-8f080b835847_1000.jpg!m_fill,w_280,h_210,f_jpg?from=ke.com
20240514,石景山,杨庄,101123704716,杨庄北区  正规南北三居室  满五年商品房房主自荐,455万,47800元/平,中楼层 (共7层) | 2001年 | 3室1厅 | 95.19平米 | 北 南,https://ke-image.ljcdn.com/110000-inspection/pc1_AYlcaYn1n.jpg!m_fill,w_280,h_210,f_jpg?from=ke.com
20240514,石景山,杨庄,101123674127,杨庄北区 新登记 大2居 2000年商品房 低楼层 出入方便房主自荐,456万,44458元/平,底层 (共7层) 2室1厅 | 102.57平米 | 南 北,https://ke-image.ljcdn.com/110000-inspection/pc1_8bed5MhA9.jpg!m_fill,w_280,h_210,f_jpg?from=ke.com
20240514,石景山,杨庄,101123654271,新上房源有钥匙随时可看满五年唯一诚心出售房主自荐,202万,36621元/平,顶层 (共6层) | 1991年 | 2室1厅 | 55.16平米 | 南,https://ke-image.ljcdn.com/110000-inspection/pc1_ofzWmTRRq.jpg!m_fill,w_280,h_210,f_jpg?from=ke.com
20240514,石景山,杨庄,101123645720,首钢黄南苑小区底层的优质两居室,355万,48491元/平,底层 (共24层) | 2001年 | 2室1厅 | 73.21平米 | 东,https://ke-image.ljcdn.com/110000-inspection/pc1_AJr2K2rdl.jpg!m_fill,w_280,h_210,f_jpg?from=ke.com
20240514,石景山,杨庄,101123639280,杨庄北区新上近地铁近大悦城正规三居室房主自荐,416万,42432元/平,低楼层 (共20层) 3室1厅 | 98.04平米 | 西南 北,https://ke-image.ljcdn.com/110000-inspection/pc1_UezLx8bVF.jpg!m_fill,w_280,h_210,f_jpg?from=ke.com
20240514,石景山,杨庄,101123626480,西成忆树 精装满五年唯一 双卫 视野好 可以接受换房,570万,47956元/平,高楼层 (共20层) | 2005年 | 2室1厅 | 118.86平米 | 西南,https://ke-image.ljcdn.com/110000-inspection/bc521813-f3ee-49f5-92ad-5d9e6cb9058e_1000.jpg!m_fill,w_280,h_210,f_jpg?from=ke.com
20240514,石景山,杨庄,101123522769,杨庄北区 3室1厅 南 北,513万,54826元/平,底层 (共6层) 3室1厅 | 93.57平米 | 南 北,https://ke-image.ljcdn.com/110000-inspection/dded2594-2b9d-4266-aa88-611004497037_1000.jpg!m_fill,w_280,h_210,f_jpg?from=ke.com
20240514,石景山,杨庄,101123516866,近地铁6号线   电梯房    公积金组合贷 可贷27年房主自荐,215万,41805元/平,中楼层 (共9层) 1室1厅 | 51.43平米 | 南 北,https://ke-image.ljcdn.com/110000-inspection/744abf51-6179-4ef5-a2e9-e3d3a5316120_1000.jpg!m_fill,w_280,h_210,f_jpg?from=ke.com
20240514,石景山,杨庄,101123515142,建西苑北里  电梯房 楼龄新 满五唯一  精装修 商品房,428万,58034元/平,顶层 (共14层) | 2007年 | 2室1厅 | 73.75平米 | 东,https://ke-image.ljcdn.com/110000-inspection/e43aba4b-ef21-4be3-ac93-42c9b8acd60a_1000.jpg!m_fill,w_280,h_210,f_jpg?from=ke.com
20240514,石景山,杨庄,101123509420,古城物资局家属楼  2000年房  采光佳,295万,43300元/平,中楼层 (共6层) | 2000年 | 2室1厅 | 68.13平米 | 南 北,https://ke-image.ljcdn.com/110000-inspection/4bdaa414-c751-453f-a73e-3143734ce8dd_1000.jpg!m_fill,w_280,h_210,f_jpg?from=ke.com
20240514,石景山,杨庄,101123492312,和枫雅居 正规两居 落地飘窗 近地铁 视野开阔 配套全,445万,43238元/平,低楼层 (共19层) | 2002年 | 2室1厅 | 102.92平米 | 西,https://ke-image.ljcdn.com/110000-inspection/0ce6398b-5a56-4e9f-8fb0-41250fa6cfd1_1000.jpg!m_fill,w_280,h_210,f_jpg?from=ke.com
20240514,石景山,杨庄,101123417076,杨庄北区 两居 精装修 拎包即住 近地铁 配套齐全,510万,48860元/平,底层 (共20层) 2室1厅 | 104.38平米 | 南 西,https://ke-image.ljcdn.com/110000-inspection/pc1_FJQHAQY5H.jpg!m_fill,w_280,h_210,f_jpg?from=ke.com
20240514,石景山,杨庄,101123355448,建西苑南里 二居室 南北向 小区中间 满五唯一 商品房,525万,68103元/平,底层 (共7层) | 1998年 | 2室1厅 | 77.09平米 | 南 北,https://ke-image.ljcdn.com/110000-inspection/pc1_hBBMpK1UJ_1.jpg!m_fill,w_280,h_210,f_jpg?from=ke.com
20240514,石景山,杨庄,101123280293,杨庄中区精装修两居室格局方正满五唯一房主自荐,319万,46995元/平,中楼层 (共6层) 2室1厅 | 67.88平米 | 东 西,https://ke-image.ljcdn.com/110000-inspection/d5e9de68-559e-4771-8c48-5bca33a6125f_1000.jpg!m_fill,w_280,h_210,f_jpg?from=ke.com
20240514,石景山,杨庄,101123247059,御景山少有的南向一居室户型格局方正满五唯一,369万,52737元/平,中楼层 (共15层) | 2004年 | 1室1厅 | 69.97平米 | 南 北,https://ke-image.ljcdn.com/110000-inspection/pc1_b8bgZ1CRb.jpg!m_fill,w_280,h_210,f_jpg?from=ke.com
20240514,石景山,杨庄,101123220441,海淀建西苑中间楼层落地窗大两居,530万,61428元/平,中楼层 (共6层) | 2005年 | 2室1厅 | 86.28平米 | 东 西,https://ke-image.ljcdn.com/110000-inspection/0a2a5da3-43fe-4b03-94ac-8a7fc0b8af64_1000.jpg!m_fill,w_280,h_210,f_jpg?from=ke.com
20240514,石景山,杨庄,101123210701,杨庄北区  南北通透   满五年唯一 位置好,416万,48154元/平,中楼层 (共7层) 2室1厅 | 86.39平米 | 南 北,https://ke-image.ljcdn.com/110000-inspection/56be1348-65cb-4739-9f4e-6853472c71c7_1000.jpg!m_fill,w_280,h_210,f_jpg?from=ke.com
20240514,石景山,杨庄,101123169166,茂华景公院四居室 满五唯一温馨居室可居家观景,1390万,65576元/平,低楼层 (共9层) 4室2厅 | 211.97平米 | 东 南 北,https://ke-image.ljcdn.com/110000-inspection/00955e2c-45b5-4fd7-ae02-ddd25f06f860_1000.jpg!m_fill,w_280,h_210,f_jpg?from=ke.com
20240514,石景山,杨庄,101123156082,杨庄小区 2室1厅 南,240万,43613元/平,中楼层 (共6层) 2室1厅 | 55.03平米 | 南,https://ke-image.ljcdn.com/110000-inspection/8b89d689-4fe4-451a-ae79-6b1103bcb078_1000.jpg!m_fill,w_280,h_210,f_jpg?from=ke.com
20240514,石景山,杨庄,101123152906,奈伦熙府朝南三面宽三居室2007年房龄落地飘窗设计房主自荐,848万,59008元/平,低楼层 (共16层) | 2007年 | 3室1厅 | 143.71平米 | 西南,https://ke-image.ljcdn.com/110000-inspection/pc1_GC2gTco8N.jpg!m_fill,w_280,h_210,f_jpg?from=ke.com
20240514,石景山,杨庄,101123137927,黄南苑正规西南向两居室近地铁近医院房主自荐,379万,46464元/平,低楼层 (共24层) | 2001年 | 2室1厅 | 81.57平米 | 西南,https://ke-image.ljcdn.com/110000-inspection/pc1_rVJHjbLQK.jpg!m_fill,w_280,h_210,f_jpg?from=ke.com
20240514,石景山,杨庄,101123118409,杨庄北区 精装修大两居 低楼层 通透户型 近地铁,570万,48965元/平,底层 (共6层) | 1999年 | 2室1厅 | 116.41平米 | 东 西,https://ke-image.ljcdn.com/110000-inspection/pc1_1UvuyDXhS.jpg!m_fill,w_280,h_210,f_jpg?from=ke.com
20240514,石景山,杨庄,101123116304,杨庄北区近地铁正规高楼层两居室,408万,53558元/平,高楼层 (共16层) | 1999年 | 2室1厅 | 76.18平米 | 东南,https://ke-image.ljcdn.com/110000-inspection/pc1_JPP5SdIiN.jpg!m_fill,w_280,h_210,f_jpg?from=ke.com
20240514,石景山,杨庄,101123091822,杨庄中区 3室2厅 南 北,450万,40910元/平,顶层 (共6层) | 1999年 | 3室2厅 | 110平米 | 南 北,https://ke-image.ljcdn.com/110000-inspection/2f27b9df-ae89-4b93-908f-d15f7aa1814d_1000.jpg!m_fill,w_280,h_210,f_jpg?from=ke.com
20240514,石景山,杨庄,101123072922,石景管委家属楼满五唯一中间层带独立客厅,273万,43597元/平,中楼层 (共6层) 2室1厅 | 62.62平米 | 南 北,https://ke-image.ljcdn.com/110000-inspection/12fdb4bd-5f1b-4b27-bb83-6132e04d284d_1000.jpg!m_fill,w_280,h_210,f_jpg?from=ke.com
20240514,石景山,杨庄,101123067929,首钢杨庄小区正规三居全明格局南北通透户型方正,289万,41476元/平,高楼层 (共6层) | 1981年 | 3室1厅 | 69.68平米 | 南 北,https://ke-image.ljcdn.com/110000-inspection/742c5367-50e9-4754-a39f-fe41bb017ba8_1000.jpg!m_fill,w_280,h_210,f_jpg?from=ke.com
20240514,石景山,杨庄,101123040591,八角北路11号院 1室1厅 南,179.5万,45022元/平,中楼层 (共6层) | 1991年 | 1室1厅 | 39.87平米 | 南,https://ke-image.ljcdn.com/110000-inspection/98b67695-a8c5-41c0-9fce-1ac944d3c276_1000.jpg!m_fill,w_280,h_210,f_jpg?from=ke.com
20240514,石景山,杨庄,101122983390,茂华景公阁 南向两居室 1层 看房随时 采光无遮挡,569万,66017元/平,底层 (共13层) | 2008年 | 2室1厅 | 86.19平米 | 南,https://ke-image.ljcdn.com/110000-inspection/pc1_BOklNz4cS.jpg!m_fill,w_280,h_210,f_jpg?from=ke.com
20240514,石景山,杨庄,101122977512,八角北路十一号院 精装修 三居室 看房随时 诚心出售,303万,39608元/平,顶层 (共6层) 3室1厅 | 76.5平米 | 南 北,https://ke-image.ljcdn.com/110000-inspection/0498e4d4-27db-4bc6-9a39-bb5e9f70957c_1000.jpg!m_fill,w_280,h_210,f_jpg?from=ke.com
20240514,石景山,杨庄,101122951155,1995年石景山法院单位分房 小区已经改造完 明厨明卫,309万,40863元/平,顶层 (共6层) | 1995年 | 2室1厅 | 75.62平米 | 南 北,https://ke-image.ljcdn.com/110000-inspection/pc1_EkCgjQp1L.jpg!m_fill,w_280,h_210,f_jpg?from=ke.com
20240514,石景山,杨庄,101122951096,御景山高品质近地铁有租赁车位人车分流商品房。房主自荐,655万,55674元/平,低楼层 (共15层) | 2004年 | 2室2厅 | 117.65平米 | 北 南,https://ke-image.ljcdn.com/110000-inspection/pc1_UjeaAAo5q.jpg!m_fill,w_280,h_210,f_jpg?from=ke.com
20240514,石景山,杨庄,101122866066,杨庄北区 正规一居室 视野开阔 采光充足 近地铁,278万,46849元/平,高楼层 (共20层) | 2001年 | 1室1厅 | 59.34平米 | 西南,https://ke-image.ljcdn.com/110000-inspection/pc1_6zmpke2Yb.jpg!m_fill,w_280,h_210,f_jpg?from=ke.com
20240514,石景山,杨庄,101122774816,东南朝向采光好正规一居室满五年唯一,295万,48721元/平,低楼层 (共16层) | 1999年 | 1室1厅 | 60.55平米 | 东南,https://ke-image.ljcdn.com/110000-inspection/b861f999-da2f-4a6e-9a41-9ecce055f137_1000.jpg!m_fill,w_280,h_210,f_jpg?from=ke.com
20240514,石景山,杨庄,101122733142,2009年高品质低密度电梯洋房 87.18%得房率 公摊小,1128万,66667元/平,高楼层 (共9层) 3室3厅 | 169.2平米 | 南 北,https://ke-image.ljcdn.com/110000-inspection/pc1_HexlXr1gn_1.jpg!m_fill,w_280,h_210,f_jpg?from=ke.com
20240514,石景山,杨庄,101122728653,新上高楼层才光亮满五年唯一产权清晰有车位,1580万,75024元/平,中楼层 (共9层) 4室2厅 | 210.6平米 | 东 南 北,https://ke-image.ljcdn.com/110000-inspection/pc1_QpILkYrrd.jpg!m_fill,w_280,h_210,f_jpg?from=ke.com
20240514,石景山,杨庄,101122696604,御景山一居室精装修人车分流视野好。诚心出售。,293万,39794元/平,顶层 (共14层) 1室1厅 | 73.63平米 | 北,https://ke-image.ljcdn.com/110000-inspection/291c7df8-9dc1-499d-9c57-b8fd5692e645_1000.jpg!m_fill,w_280,h_210,f_jpg?from=ke.com
20240514,石景山,杨庄,101122656495,西成忆树 2005年商品房 总价便宜 满五年唯一 出售,167万,39810元/平,顶层 (共20层) | 2005年 | 1室0厅 | 41.95平米 | 北,https://ke-image.ljcdn.com/110000-inspection/pc1_v6FsedCV9.jpg!m_fill,w_280,h_210,f_jpg?from=ke.com
20240514,石景山,杨庄,101122649377,杨庄北区   70万精装  近地铁 得房率90.76%房主自荐,658万,52971元/平,高楼层 (共6层) | 1999年 | 2室2厅 | 124.22平米 | 西北,https://ke-image.ljcdn.com/110000-inspection/2ff22bfc-daa6-4974-95f7-ff6e2b04dba9_1000.jpg!m_fill,w_280,h_210,f_jpg?from=ke.com
20240514,石景山,杨庄,101122644796,杨庄北区 近地铁 视野好  得房率87.7%,359万,42815元/平,顶层 (共6层) | 2000年 | 2室1厅 | 83.85平米 | 东 西,https://ke-image.ljcdn.com/110000-inspection/78ea7dfc-d496-4020-958c-20ae98849530_1000.jpg!m_fill,w_280,h_210,f_jpg?from=ke.com
20240514,石景山,杨庄,101122641615,御景山南北通透三居室格局方正采光好,458万,53605元/平,顶层 (共15层) | 2004年 | 3室1厅 | 85.44平米 | 南 北,https://ke-image.ljcdn.com/110000-inspection/pc1_SZ9RRV0c4.jpg!m_fill,w_280,h_210,f_jpg?from=ke.com
20240514,石景山,杨庄,101122524550,奈伦熙府 落地阳台 车位足 地采暖  近地铁 2007年房龄,799万,55599元/平,顶层 (共18层) | 2007年 | 3室2厅 | 143.71平米 | 东南,https://ke-image.ljcdn.com/110000-inspection/pc1_aF6is6r3u_1.jpg!m_fill,w_280,h_210,f_jpg?from=ke.com
20240514,石景山,杨庄,101122521530,1993年建成正规两居室中间楼层全明格局户型方正,245万,39125元/平,中楼层 (共6层) | 1993年 | 2室1厅 | 62.62平米 | 东 西,https://ke-image.ljcdn.com/110000-inspection/4f327c2d-cf43-4396-b6de-3bf99cf5e3b9_1000.jpg!m_fill,w_280,h_210,f_jpg?from=ke.com
20240514,石景山,杨庄,101122511075,西现代城  楼龄新 落地窗 地暖 双卫 近地铁,575万,47893元/平,底层 (共18层) | 2005年 | 2室2厅 | 120.06平米 | 南 北,https://ke-image.ljcdn.com/110000-inspection/pc1_tYg0wVjE8.jpg!m_fill,w_280,h_210,f_jpg?from=ke.com
20240514,石景山,杨庄,101122504155,鼎城世家 一梯一户 三阳开泰大三居 双明卫 车位宽松房主自荐,1028万,62217元/平,低楼层 (共16层) | 2009年 | 3室2厅 | 165.23平米 | 南 北,https://ke-image.ljcdn.com/110000-inspection/pc1_3yhVasP9Y.jpg!m_fill,w_280,h_210,f_jpg?from=ke.com
20240514,石景山,杨庄,101122423253,杨庄小区 全南向 三居室 中高楼层 业主诚意出售,290万,38854元/平,高楼层 (共6层) | 1980年 | 3室1厅 | 74.64平米 | 南,https://ke-image.ljcdn.com/110000-inspection/4a25405a-f89b-4d3e-9841-7c0a8b716e60_1000.jpg!m_fill,w_280,h_210,f_jpg?from=ke.com
20240514,石景山,杨庄,101122375518,茂华景公馆 格局南北通透动静分离,1700万,80768元/平,高楼层 (共9层) | 2008年 | 4室3厅 | 210.48平米 | 南 北,https://ke-image.ljcdn.com/110000-inspection/pc1_eABKFpzJj.jpg!m_fill,w_280,h_210,f_jpg?from=ke.com
20240514,石景山,杨庄,101122233117,茂华景公馆 一层一户360度采光 有车位房主自荐,1895万,76458元/平,低楼层 (共7层) | 2008年 | 4室1厅 | 247.85平米 | 东南 西北,https://ke-image.ljcdn.com/110000-inspection/9fded85d-d76d-47ca-87f4-22a020ca20a1_1000.jpg!m_fill,w_280,h_210,f_jpg?from=ke.com
20240514,石景山,杨庄,101122099007,杨庄北区近地铁不临街东南向大两居室,569万,54398元/平,高楼层 (共20层) | 2001年 | 2室1厅 | 104.6平米 | 东南,https://ke-image.ljcdn.com/110000-inspection/pc1_AHTp28YWM_1.jpg!m_fill,w_280,h_210,f_jpg?from=ke.com
20240514,石景山,杨庄,101122092501,杨庄中区 3室2厅 南 北,429万,39000元/平,顶层 (共6层) | 1999年 | 3室2厅 | 110平米 | 南 北,https://ke-image.ljcdn.com/110000-inspection/90a8a825-a715-4bc9-b4eb-b7831e6f9737_1000.jpg!m_fill,w_280,h_210,f_jpg?from=ke.com
20240514,石景山,杨庄,101122090884,首钢黄南苑小区南北通透满五年唯一诚心出售,450万,53502元/平,中楼层 (共14层) | 2001年 | 2室1厅 | 84.11平米 | 南 北,https://ke-image.ljcdn.com/110000-inspection/dbef33b8-258b-438c-a7bf-63912b8a58d9_1000.jpg!m_fill,w_280,h_210,f_jpg?from=ke.com
20240514,石景山,杨庄,101121989101,建西苑中里眺望西山俯瞰大美海淀安静平安,499万,59847元/平,顶层 (共6层) | 2005年 | 2室1厅 | 83.38平米 | 东,https://ke-image.ljcdn.com/110000-inspection/b79252b9-f60b-4b19-940e-b8ed7aabdb70_1000.jpg!m_fill,w_280,h_210,f_jpg?from=ke.com
20240514,石景山,杨庄,101121982337,海淀区建西苑南里中间楼层三居室满五年唯一商品房,760万,67329元/平,中楼层 (共6层) | 2007年 | 3室2厅 | 112.88平米 | 南 北,https://ke-image.ljcdn.com/110000-inspection/682e3e72-ccae-4c5d-b9cf-1d05441b587f_1000.jpg!m_fill,w_280,h_210,f_jpg?from=ke.com
20240514,石景山,杨庄,101121819156,杨庄中区满五年唯一东南朝向精装修两居,370万,40821元/平,顶层 (共18层) | 1997年 | 2室1厅 | 90.64平米 | 东南,https://ke-image.ljcdn.com/110000-inspection/533bdfb4-ff7e-4d00-b33d-bb75aa0822fa_1000.jpg!m_fill,w_280,h_210,f_jpg?from=ke.com
20240514,石景山,杨庄,101121811774,八角北路11号院 1室1厅 西北,220万,40643元/平,中楼层 (共7层) 1室1厅 | 54.13平米 | 西北,https://ke-image.ljcdn.com/110000-inspection/9ec58b0d-ea6d-4ad9-a86f-f6fe38b5616e_1000.jpg!m_fill,w_280,h_210,f_jpg?from=ke.com
20240514,石景山,杨庄,101121759703,茂华景公阁 2室2厅 南 北,690万,62631元/平,底层 (共15层) | 2008年 | 2室2厅 | 110.17平米 | 南 北,https://ke-image.ljcdn.com/110000-inspection/9c9975a8-eda9-4bbe-867a-e3d8335f848d_1000.jpg!m_fill,w_280,h_210,f_jpg?from=ke.com
20240514,石景山,杨庄,101121746705,杨庄北区南北通透满五唯一近地铁正规三居室,419万,41408元/平,低楼层 (共20层) 3室1厅 | 101.19平米 | 南 北,https://ke-image.ljcdn.com/110000-inspection/1d10fbea-2b36-4bb9-ab31-e0043645f560_1000.jpg!m_fill,w_280,h_210,f_jpg?from=ke.com
20240514,石景山,杨庄,101121446344,鼎城世家 品质上下大跃层 改善居住环境 配套好 车位足,1446万,64476元/平,中楼层 (共19层) | 2010年 | 3室2厅 | 224.27平米 | 南 北,https://ke-image.ljcdn.com/110000-inspection/66b00561-f777-4738-a498-30cd148b7e1e_1000.jpg!m_fill,w_280,h_210,f_jpg?from=ke.com
20240514,石景山,杨庄,101121406349,杨庄北区 大复式 南北通透 采光好 客厅大窗户房主自荐,456万,35551元/平,高楼层 (共7层) | 1999年 | 4室2厅 | 128.27平米 | 南 北,https://ke-image.ljcdn.com/110000-inspection/pc1_V14g4Qhqw.jpg!m_fill,w_280,h_210,f_jpg?from=ke.com
20240514,石景山,杨庄,101121403789,御景山南北通透大三居 落地窗户型方正 采光佳,719万,54949元/平,高楼层 (共17层) | 2004年 | 3室2厅 | 130.85平米 | 南 北,https://ke-image.ljcdn.com/110000-inspection/pc1_MRK70WAk1_1.jpg!m_fill,w_280,h_210,f_jpg?from=ke.com
20240514,石景山,杨庄,101121378289,杨庄北区 通透两居 大阳台 高挑空 无遮挡,360万,43685元/平,顶层 (共6层) | 2000年 | 2室1厅 | 82.41平米 | 东 西,https://ke-image.ljcdn.com/110000-inspection/pc1_V2cJ21d5J_1.jpg!m_fill,w_280,h_210,f_jpg?from=ke.com
20240514,石景山,杨庄,101121359581,奈伦熙府 得房率89.8% 南北通透 近地铁,725万,64554元/平,中楼层 (共6层) 3室2厅 | 112.31平米 | 南 北,https://ke-image.ljcdn.com/110000-inspection/pc1_zuCaWJgap.jpg!m_fill,w_280,h_210,f_jpg?from=ke.com
20240514,石景山,杨庄,101121265331,建西苑中里 二居室 落地窗 小区中间 满五唯一 商品房,599万,61537元/平,顶层 (共6层) | 2005年 | 2室1厅 | 97.34平米 | 西南,https://ke-image.ljcdn.com/110000-inspection/31d51ab8-1ca7-4e2d-8df9-aaf5bf35fcce_1000.jpg!m_fill,w_280,h_210,f_jpg?from=ke.com
20240514,石景山,杨庄,101121223042,西现代城带电梯复式  地暖  近地铁,638万,56762元/平,低楼层 (共18层) | 2005年 | 2室1厅 | 112.4平米 | 北,https://ke-image.ljcdn.com/110000-inspection/4f458ed3-94fc-4fc9-b9f1-7526cc2346c1_1000.jpg!m_fill,w_280,h_210,f_jpg?from=ke.com
20240514,石景山,杨庄,101121192127,西成忆树大一居满五唯一成本低,229万,43070元/平,底层 (共18层) | 2005年 | 1室0厅 | 53.17平米 | 北,https://ke-image.ljcdn.com/110000-inspection/pc1_iCA1EnbtX_1.jpg!m_fill,w_280,h_210,f_jpg?from=ke.com
20240514,石景山,杨庄,101121190807,首钢黄南苑小区中间位置业主诚售精装两居室,469万,50523元/平,高楼层 (共24层) 2室1厅 | 92.83平米 | 西南,https://ke-image.ljcdn.com/110000-inspection/pc1_yHOLqn0wK.jpg!m_fill,w_280,h_210,f_jpg?from=ke.com
20240514,石景山,杨庄,101121095344,茂华景公馆 4室2厅 南 北,1530万,72858元/平,顶层 (共9层) 4室2厅 | 210平米 | 南 北,https://ke-image.ljcdn.com/110000-inspection/64d44ae0-1532-49cd-ac11-44f20ee8fc55_1000.jpg!m_fill,w_280,h_210,f_jpg?from=ke.com
20240514,石景山,杨庄,101121044492,御景山三室两厅两卫南北通透采光无遮挡格局合理,760万,51557元/平,中楼层 (共19层) 3室2厅 | 147.41平米 | 南 北,https://ke-image.ljcdn.com/110000-inspection/pc1_izOOZCxmG.jpg!m_fill,w_280,h_210,f_jpg?from=ke.com
20240514,石景山,杨庄,101121032845,茂华景公馆  南北三居室 无抵押 无户口,1146万,68508元/平,低楼层 (共8层) | 2008年 | 3室2厅 | 167.28平米 | 西南 北,https://ke-image.ljcdn.com/110000-inspection/pc1_Urxb9qFt4.jpg!m_fill,w_280,h_210,f_jpg?from=ke.com
20240514,石景山,杨庄,101121002768,西现代城小户型房龄新近地铁,216万,52594元/平,低楼层 (共22层) | 2004年 | 1室0厅 | 41.07平米 | 北,https://ke-image.ljcdn.com/110000-inspection/bd87d362-2961-4d33-99cf-d5e107435a13_1000.jpg!m_fill,w_280,h_210,f_jpg?from=ke.com
20240514,石景山,杨庄,101120915144,精装修拎包即住近地铁交通方便房主自荐,260万,49952元/平,底层 (共22层) | 2004年 | 1室1厅 | 52.05平米 | 南,https://ke-image.ljcdn.com/110000-inspection/pc1_Z7C3BDKIs.jpg!m_fill,w_280,h_210,f_jpg?from=ke.com
20240514,石景山,杨庄,101120894220,奈伦熙府2009年房龄近地铁小区环境好停车方便,749万,53287元/平,底层 (共18层) 3室1厅 | 140.56平米 | 东南,https://ke-image.ljcdn.com/110000-inspection/384a1e4a-4185-4db4-a1d7-3fbd0d09cd18_1000.jpg!m_fill,w_280,h_210,f_jpg?from=ke.com
20240514,石景山,杨庄,101120859472,八角北路11号院 2室0厅 东北,232万,42860元/平,高楼层 (共7层) | 2000年 | 2室0厅 | 54.13平米 | 东北,https://ke-image.ljcdn.com/110000-inspection/pc1_JLHMF1gm5_1.jpg!m_fill,w_280,h_210,f_jpg?from=ke.com
20240514,石景山,杨庄,101120643269,杨庄地铁楼 三居室 中间层 明厨明卫 满五唯一,255万,39782元/平,中楼层 (共6层) | 1985年 | 3室1厅 | 64.1平米 | 南 北,https://ke-image.ljcdn.com/110000-inspection/pc1_cU42bijGc.jpg!m_fill,w_280,h_210,f_jpg?from=ke.com
20240514,石景山,杨庄,101120356690,石景山杨庄小区正南向两居室 双卧朝南 视野采光佳,262万,43931元/平,中楼层 (共14层) | 1991年 | 2室1厅 | 59.64平米 | 南,https://ke-image.ljcdn.com/110000-inspection/d0ea39a7-aa69-4f18-8e51-a7307a0dd224_1000.jpg!m_fill,w_280,h_210,f_jpg?from=ke.com
20240514,石景山,杨庄,101120269127,黄南苑 电梯两居室  有车位 满五年唯一 看房方便,423万,44429元/平,中楼层 (共24层) 2室2厅 | 95.21平米 | 西北,https://ke-image.ljcdn.com/110000-inspection/pc1_GrwQzqQIe_1.jpg!m_fill,w_280,h_210,f_jpg?from=ke.com
20240514,石景山,杨庄,101119944555,茂华景公馆南北通透五居室一层一户有产权车位,2380万,83480元/平,中楼层 (共5层) 5室2厅 | 285.1平米 | 东 南 西 北,https://ke-image.ljcdn.com/110000-inspection/pc1_jyscarCSl.jpg!m_fill,w_280,h_210,f_jpg?from=ke.com
20240514,石景山,杨庄,101119368699,杨庄南北通透两居可公积金贷款或者组合贷中间层,275万,44542元/平,中楼层 (共6层) 2室1厅 | 61.74平米 | 南 北,https://ke-image.ljcdn.com/110000-inspection/pc1_nfCknjFLv.jpg!m_fill,w_280,h_210,f_jpg?from=ke.com
20240514,石景山,杨庄,101119347923,茂华景公馆 纯一层一户360°观景 小区只有五套此户型,2350万,96976元/平,底层 (共7层) 4室1厅 | 242.33平米 | 东 南 西 北,https://ke-image.ljcdn.com/110000-inspection/pc1_GTlz7pX0d_1.jpg!m_fill,w_280,h_210,f_jpg?from=ke.com
20240514,石景山,杨庄,101118885525,和枫雅居中间楼层落地窗东向方正两居室,534万,51885元/平,中楼层 (共19层) | 2002年 | 2室1厅 | 102.92平米 | 东,https://ke-image.ljcdn.com/110000-inspection/7cd84634-6985-4214-96fd-cfab2660dac6_1000.jpg!m_fill,w_280,h_210,f_jpg?from=ke.com
20240514,石景山,杨庄,101117942950,杨庄小区 2室2厅 南 北,363万,42898元/平,中楼层 (共14层) | 1991年 | 2室2厅 | 84.62平米 | 南 北,https://ke-image.ljcdn.com/110000-inspection/test-7b8beb4c-0236-40a8-956f-4e52109a455e.png!m_fill,w_280,h_210,f_jpg?from=ke.com
20240514,石景山,杨庄,101124314782,当代商城鼎城 楼龄新  大落地窗新上,92万,19777元/平,中楼层 (共15层) 1室1厅 | 46.52平米 | 北,https://s1.ljcdn.com/pegasus/redskull/images/common/default_house_list.png?_v=20240411140708
20240514,石景山,杨庄,101124161632,杨庄北区 南北通透大三居 双卫 近地铁 正在改造,718万,47409元/平,底层 (共6层) | 1999年 | 3室2厅 | 151.45平米 | 南 北,https://s1.ljcdn.com/pegasus/redskull/images/common/default_house_list.png?_v=20240411140708
20240514,石景山,杨庄,101124134526,黄南苑 2室2厅 南 北 东 西,425万,46201元/平,低楼层 (共24层) 2室2厅 | 91.99平米 | 南 北 东 西,https://s1.ljcdn.com/pegasus/redskull/images/common/default_house_list.png?_v=20240411140708
20240514,石景山,杨庄,101124079480,茂华景上景 2室1厅 南,230万,42452元/平,低楼层 (共15层) | 2009年 | 2室1厅 | 54.18平米 | 南,https://s1.ljcdn.com/pegasus/redskull/images/common/default_house_list.png?_v=20240411140708
20240514,石景山,杨庄,101124052980,杨庄中区 2室1厅 东 西,270万,39607元/平,低楼层 (共6层) 2室1厅 | 68.17平米 | 东 西,https://s1.ljcdn.com/pegasus/redskull/images/common/default_house_list.png?_v=20240411140708
20240514,石景山,杨庄,101123999517,西现代城 1室0厅 北,180万,46214元/平,低楼层 (共18层) | 2005年 | 1室0厅 | 38.95平米 | 北,https://s1.ljcdn.com/pegasus/redskull/images/common/default_house_list.png?_v=20240411140708
20240514,石景山,杨庄,101123953759,建西苑北里 三居室 落地窗 采光好 户型方正 位置好,695万,62132元/平,高楼层 (共6层) | 2004年 | 3室2厅 | 111.86平米 | 南 北,https://s1.ljcdn.com/pegasus/redskull/images/common/default_house_list.png?_v=20240411140708
20240514,石景山,杨庄,101123792292,杨庄北区 三居室 满五年唯一 业主诚心出售,620万,48152元/平,高楼层 (共6层) | 2001年 | 3室2厅 | 128.76平米 | 南 北,https://s1.ljcdn.com/pegasus/redskull/images/common/default_house_list.png?_v=20240411140708
20240514,石景山,杨庄,101123624835,好房推荐 建西苑中里 二居室 南北向 满五唯一 商品房房主自荐,450万,66089元/平,中楼层 (共7层) 2室1厅 | 68.09平米 | 南 北,https://s1.ljcdn.com/pegasus/redskull/images/common/default_house_list.png?_v=20240411140708
20240514,石景山,杨庄,101123574615,茂华景公院 3室2厅 南 北,930万,63848元/平,低楼层 (共9层) | 2009年 | 3室2厅 | 145.66平米 | 南 北,https://s1.ljcdn.com/pegasus/redskull/images/common/default_house_list.png?_v=20240411140708
20240514,石景山,杨庄,101123405928,茂华景上景 1室1厅 北,175万,32034元/平,中楼层 (共15层) | 2009年 | 1室1厅 | 54.63平米 | 北,https://s1.ljcdn.com/pegasus/redskull/images/common/default_house_list.png?_v=20240411140708
20240514,石景山,杨庄,101123353824,茂华景上景 1室1厅 北,199万,36771元/平,高楼层 (共15层) | 2009年 | 1室1厅 | 54.12平米 | 北,https://s1.ljcdn.com/pegasus/redskull/images/common/default_house_list.png?_v=20240411140708
20240514,石景山,杨庄,101123309653,茂华景公阁 低密度洋房 南北通透三居室 得房率86.36%,943万,66918元/平,底层 (共7层) | 2008年 | 3室2厅 | 140.92平米 | 南 北,https://s1.ljcdn.com/pegasus/redskull/images/common/default_house_list.png?_v=20240411140708
20240514,石景山,杨庄,101123213415,御景山南北通透两居室 格局方正 视野好 采光好房主自荐,628万,53379元/平,中楼层 (共15层) | 2004年 | 2室1厅 | 117.65平米 | 南 北,https://s1.ljcdn.com/pegasus/redskull/images/common/default_house_list.png?_v=20240411140708
20240514,石景山,杨庄,101123000275,茂华景上景 2室1厅 东,236万,38823元/平,高楼层 (共15层) | 2009年 | 2室1厅 | 60.79平米 | 东,https://s1.ljcdn.com/pegasus/redskull/images/common/default_house_list.png?_v=20240411140708
20240514,石景山,杨庄,101122858452,茂华景上景 东北双朝向 业主诚心出售,212万,37864元/平,顶层 (共15层) | 2009年 | 2室1厅 | 55.99平米 | 东北,https://s1.ljcdn.com/pegasus/redskull/images/common/default_house_list.png?_v=20240411140708
20240514,石景山,杨庄,101122522718,茂华景上景精装修朝东向视野采光好可以看到游乐园,235万,38658元/平,中楼层 (共15层) | 2009年 | 1室1厅 | 60.79平米 | 东,https://s1.ljcdn.com/pegasus/redskull/images/common/default_house_list.png?_v=20240411140708
20240514,石景山,杨庄,101122316874,茂华景上景 2室1厅 北,192万,35582元/平,中楼层 (共15层) | 2009年 | 2室1厅 | 53.96平米 | 北,https://s1.ljcdn.com/pegasus/redskull/images/common/default_house_list.png?_v=20240411140708
20240514,石景山,杨庄,101122057136,景上景朝南向层高5.4米对小区花园视野好,209万,38576元/平,中楼层 (共15层) | 2009年 | 2室1厅 | 54.18平米 | 南,https://s1.ljcdn.com/pegasus/redskull/images/common/default_house_list.png?_v=20240411140708
20240514,石景山,杨庄,101121159263,茂华景公阁 车位,45万,15275元/平,地下室 | 2008年 | 1室0厅 | 29.46平米 | 南,https://ke-image.ljcdn.com/110000-inspection/71ee06b7aff3ee3baccdf050cbe49c38-090.jpg!m_fill,w_280,h_210,f_jpg?from=ke.com
20240514,石景山,杨庄,101120904621,层高5.4米北向大窗户视野好可观西山,175万,32164元/平,中楼层 (共15层) | 2009年 | 1室1厅 | 54.41平米 | 北,https://s1.ljcdn.com/pegasus/redskull/images/common/default_house_list.png?_v=20240411140708
20240514,石景山,杨庄,101118684587,大窗户视野好可观西山2009年楼龄可注册公司,190万,35069元/平,低楼层 (共15层) | 2009年 | 2室1厅 | 54.18平米 | 北,https://s1.ljcdn.com/pegasus/redskull/images/common/default_house_list.png?_v=20240411140708
