20231106,朝阳,东大桥,101121589317,次顶层 纯南向 70年产权住宅  生活成本低 业主急售必看好房,980万,51471元/平,中楼层 (共30层) 2室1厅 | 190.4平米 | 南,https://ke-image.ljcdn.com/110000-inspection/a0de815c-468e-446f-9e48-9d7197ee7d5a_1000.jpg!m_fill,w_280,h_210,f_jpg?from=ke.com
20231106,朝阳,东大桥,101121095197,65万全新装修拎包入住两居室满五唯一贷款可303万必看好房,670万,58196元/平,中楼层 (共30层) 2室1厅 | 115.13平米 | 西,https://ke-image.ljcdn.com/110000-inspection/dd8c7c8f-236b-452f-b643-0c9edeafdd82_1000.jpg!m_fill,w_280,h_210,f_jpg?from=ke.com
20231106,朝阳,东大桥,101121038050,南北通透两居 满五年不临街安静不吵闹。必看好房,485万,84466元/平,高楼层 (共6层) 2室1厅 | 57.42平米 | 南 北,https://ke-image.ljcdn.com/110000-inspection/pc1_8cof1NHow.jpg!m_fill,w_280,h_210,f_jpg?from=ke.com
20231106,朝阳,东大桥,101120868999,核桃园中间楼层 全明格局两居室看房方便必看好房,638万,85961元/平,中楼层 (共6层) | 1995年 | 2室1厅 | 74.22平米 | 东北 西,https://ke-image.ljcdn.com/110000-inspection/53d1e939-22a3-4c6c-86d2-ef10cec83c62_1000.jpg!m_fill,w_280,h_210,f_jpg?from=ke.com
20231106,朝阳,东大桥,101118844975,东大桥斜街 高楼层 带电梯 采光好 视野佳必看好房,730万,92817元/平,顶层 (共14层) | 1989年 | 3室1厅 | 78.65平米 | 西南,https://ke-image.ljcdn.com/110000-inspection/a8a720f2-f300-4ea9-b22a-4e36b10e4fbc_1000.jpg!m_fill,w_280,h_210,f_jpg?from=ke.com
20231106,朝阳,东大桥,101121506116,90后小一居总价不高位置挺好楼层适中有电梯。,309万,76771元/平,中楼层 (共22层) | 1991年 | 1室1厅 | 40.25平米 | 西南,https://ke-image.ljcdn.com/110000-inspection/0cd6bead-77b9-484c-acd4-d24986c5eb71_1000.jpg!m_fill,w_280,h_210,f_jpg?from=ke.com
20231106,朝阳,东大桥,101121392730,核桃园北里 正规三室一厅 看房方便 诚意出售,798万,91746元/平,顶层 (共20层) 3室1厅 | 86.98平米 | 西南 东北,https://ke-image.ljcdn.com/110000-inspection/pc1_jBk7DG3cy.jpg!m_fill,w_280,h_210,f_jpg?from=ke.com
20231106,朝阳,东大桥,101120748795,白家庄 核桃园北里 东西通透 高楼层 95年楼龄,555万,86733元/平,顶层 (共6层) | 1995年 | 2室1厅 | 63.99平米 | 东 西,https://ke-image.ljcdn.com/110000-inspection/pc1_rmnO37nxi_1.jpg!m_fill,w_280,h_210,f_jpg?from=ke.com
20231106,朝阳,东大桥,101118123861,圣世一品 1室1厅 东,759万,91623元/平,低楼层 (共21层) 1室1厅 | 82.84平米 | 东,https://ke-image.ljcdn.com/110000-inspection/74034756-e2f6-4843-bd9c-a0db6dde1937_1000.jpg!m_fill,w_280,h_210,f_jpg?from=ke.com
20231106,朝阳,东大桥,101121717979,向军北里 南北通透 精装修 两居室 诚意出售新上,528万,92876元/平,底层 (共6层) | 1993年 | 2室1厅 | 56.85平米 | 南 北,https://ke-image.ljcdn.com/110000-inspection/82921ead-5bf8-4997-8f14-aa2207c8e3e2_1000.jpg!m_fill,w_280,h_210,f_jpg?from=ke.com
20231106,朝阳,东大桥,101121623606,东大桥东里 精装修三居室南北地铁便利必看好房,469万,68951元/平,中楼层 (共6层) | 1978年 | 3室0厅 | 68.02平米 | 南 北,https://ke-image.ljcdn.com/110000-inspection/pc1_1zmDtctgf.jpg!m_fill,w_280,h_210,f_jpg?from=ke.com
20231106,朝阳,东大桥,101121577201,新城国际四期小2居 满五唯一 业主自己住保养好,1350万,105502元/平,低楼层 (共30层) 2室2厅 | 127.96平米 | 西,https://ke-image.ljcdn.com/110000-inspection/2e712438-4f34-4de1-bc7f-4609c77dfa23_1000.jpg!m_fill,w_280,h_210,f_jpg?from=ke.com
20231106,朝阳,东大桥,101121433356,三环内世贸天阶南侧 没有抵押贷款看房方便房主自荐,1599万,85964元/平,中楼层 (共30层) | 2001年 | 2室2厅 | 186.01平米 | 南 北,https://ke-image.ljcdn.com/110000-inspection/c7dacb6f-d95f-4809-b414-4ef50bfa7d46_1000.jpg!m_fill,w_280,h_210,f_jpg?from=ke.com
20231106,朝阳,东大桥,101121267527,公安局家属院管理好满五唯一有钥匙随时看！必看好房,335万,81509元/平,中楼层 (共5层) 2室1厅 | 41.1平米 | 南 北,https://ke-image.ljcdn.com/110000-inspection/pc1_fxPu32cMH_2.jpg!m_fill,w_280,h_210,f_jpg?from=ke.com
20231106,朝阳,东大桥,101121066100,新城国际二期开间 重新装修 拎包入住 满五唯一 有租户必看好房,690万,110489元/平,低楼层 (共31层) | 2005年 | 1室0厅 | 62.45平米 | 东 北,https://ke-image.ljcdn.com/110000-inspection/5c621499-16a6-42ab-bb92-5154b80f1192_1000.jpg!m_fill,w_280,h_210,f_jpg?from=ke.com
20231106,朝阳,东大桥,101120915005,海关家属楼南向正规一居室芳草地+日坛必看好房,398万,84790元/平,高楼层 (共6层) | 1992年 | 1室1厅 | 46.94平米 | 南,https://ke-image.ljcdn.com/110000-inspection/pc1_iOmL9IGMf.jpg!m_fill,w_280,h_210,f_jpg?from=ke.com
20231106,朝阳,东大桥,101119432429,三环内入门级三居室总价合适楼层高视野开阔房主自荐,1298万,90890元/平,中楼层 (共42层) | 2005年 | 3室1厅 | 142.81平米 | 西北,https://ke-image.ljcdn.com/110000-inspection/pc1_5DWwNtvdS.jpg!m_fill,w_280,h_210,f_jpg?from=ke.com
20231106,朝阳,东大桥,101117552604,新城国际4期 西南一居 层高3.05米 精装交付 随时签约,999万,109817元/平,中楼层 (共6层) | 2008年 | 1室1厅 | 90.97平米 | 西南,https://ke-image.ljcdn.com/110000-inspection/066e70e7-6016-44bd-a9a1-8f80ebe5abe7_1000.jpg!m_fill,w_280,h_210,f_jpg?from=ke.com
20231106,朝阳,东大桥,101117100167,新城国际+四期+精装修+看日坛公园+业主诚意出售房主自荐,1450万,113317元/平,中楼层 (共30层) 2室1厅 | 127.96平米 | 西,https://ke-image.ljcdn.com/110000-inspection/pc1_agZ8YGYmv.jpg!m_fill,w_280,h_210,f_jpg?from=ke.com
20231106,朝阳,东大桥,101121601552,农丰里 朝南两居室 带电梯 诚意出售 白家庄,600万,97198元/平,低楼层 (共16层) | 1985年 | 2室1厅 | 61.73平米 | 南,https://ke-image.ljcdn.com/110000-inspection/dd3f26c4-ab87-4df3-9827-a275d4280b87_1000.jpg!m_fill,w_280,h_210,f_jpg?from=ke.com
20231106,朝阳,东大桥,101121551044,工体东路 3室1厅 西北,688万,82327元/平,高楼层 (共22层) | 1991年 | 3室1厅 | 83.57平米 | 西北,https://ke-image.ljcdn.com/110000-inspection/pc1_DEnjQyVdX.jpg!m_fill,w_280,h_210,f_jpg?from=ke.com
20231106,朝阳,东大桥,101121530927,向军北里 温馨精装两居室 拎包入住 看房方便 诚意卖,485万,105826元/平,底层 (共6层) | 1986年 | 2室1厅 | 45.83平米 | 东 北,https://ke-image.ljcdn.com/110000-inspection/pc1_jzjmHugtS.jpg!m_fill,w_280,h_210,f_jpg?from=ke.com
20231106,朝阳,东大桥,101121503351,核桃园北里 2室1厅 东 西,628万,98572元/平,高楼层 (共6层) | 1995年 | 2室1厅 | 63.71平米 | 东 西,https://ke-image.ljcdn.com/110000-inspection/2fdb16fb-d558-4ebe-a01e-a8d62c76ff4c_1000.jpg!m_fill,w_280,h_210,f_jpg?from=ke.com
20231106,朝阳,东大桥,101121481896,向军北里 中间楼层 80精装修 一居室,420万,112782元/平,中楼层 (共6层) | 1989年 | 1室1厅 | 37.24平米 | 南,https://ke-image.ljcdn.com/110000-inspection/pc1_KO8lwxtVp.jpg!m_fill,w_280,h_210,f_jpg?from=ke.com
20231106,朝阳,东大桥,101121393443,核桃园北里 满五年一居室 有钥匙 看房方便,437万,99795元/平,底层 (共15层) | 1987年 | 1室1厅 | 43.79平米 | 西南,https://ke-image.ljcdn.com/110000-inspection/pc1_0YEputlML.jpg!m_fill,w_280,h_210,f_jpg?from=ke.com
20231106,朝阳,东大桥,101121360146,向军北里 3室1厅 东北,535万,86402元/平,底层 (共14层) | 1983年 | 3室1厅 | 61.92平米 | 东北,https://ke-image.ljcdn.com/110000-inspection/pc1_YguJLVJ3V_1.jpg!m_fill,w_280,h_210,f_jpg?from=ke.com
20231106,朝阳,东大桥,101121324272,工体东路 南北两居室 全明格局 诚意出售,360万,77553元/平,顶层 (共5层) | 1974年 | 2室1厅 | 46.42平米 | 南 北,https://ke-image.ljcdn.com/110000-inspection/473c1a42-22bf-4e62-bad3-8ef7fc86c51e_1000.jpg!m_fill,w_280,h_210,f_jpg?from=ke.com
20231106,朝阳,东大桥,101121291969,工体东路全明格局正规南向1居室无遮挡有钥匙,290万,87192元/平,中楼层 (共5层) | 1976年 | 1室1厅 | 33.26平米 | 南,https://ke-image.ljcdn.com/110000-inspection/3d738b5e-18b9-4cd7-bdb6-579ccedafe19_1000.jpg!m_fill,w_280,h_210,f_jpg?from=ke.com
20231106,朝阳,东大桥,101121248838,央企家属楼西南角精装两室一厅、24小时物业管理,630万,103161元/平,中楼层 (共18层) | 1989年 | 2室1厅 | 61.07平米 | 西南,https://ke-image.ljcdn.com/110000-inspection/034a867a-e4c9-41f6-af0e-13e7d605b988_1000.jpg!m_fill,w_280,h_210,f_jpg?from=ke.com
20231106,朝阳,东大桥,101121242462,核桃园北里 高楼层 南向一居室 满五年 带电梯,499万,116808元/平,高楼层 (共18层) | 1992年 | 1室1厅 | 42.72平米 | 南 北,https://ke-image.ljcdn.com/110000-inspection/pc1_lVkkgK9Xd.jpg!m_fill,w_280,h_210,f_jpg?from=ke.com
20231106,朝阳,东大桥,101121219887,关东店南街 2室1厅 西,465万,79939元/平,高楼层 (共18层) | 1985年 | 2室1厅 | 58.17平米 | 西,https://ke-image.ljcdn.com/110000-inspection/d323b5b4-8bf0-49ca-8ad8-92ea76a0c35a_1000.jpg!m_fill,w_280,h_210,f_jpg?from=ke.com
20231106,朝阳,东大桥,101121189551,向军北里 2室1厅 南 北,526万,92281元/平,中楼层 (共5层) | 1978年 | 2室1厅 | 57平米 | 南 北,https://ke-image.ljcdn.com/110000-inspection/16ed07b9-7a89-43b9-90dd-d5ad089f1ecd_1000.jpg!m_fill,w_280,h_210,f_jpg?from=ke.com
20231106,朝阳,东大桥,101121087268,呼家楼向军南里东南向一居室诚意出售随时签约,429万,102730元/平,中楼层 (共25层) 1室1厅 | 41.76平米 | 东南,https://ke-image.ljcdn.com/110000-inspection/pc1_Fu4RUo7i3.jpg!m_fill,w_280,h_210,f_jpg?from=ke.com
20231106,朝阳,东大桥,101121070965,三里屯 白家庄 南北三居室高楼层视野好,785万,95117元/平,顶层 (共6层) | 1988年 | 3室1厅 | 82.53平米 | 南 北,https://ke-image.ljcdn.com/110000-inspection/58ad71a9-1f5d-449e-894d-c8ce964ced7f_1000.jpg!m_fill,w_280,h_210,f_jpg?from=ke.com
20231106,朝阳,东大桥,101121062190,向军北里 电梯南向两居室 带自住精装修 看房方便,605万,100599元/平,中楼层 (共18层) | 1990年 | 2室1厅 | 60.14平米 | 南,https://ke-image.ljcdn.com/110000-inspection/3441bfe2-b7f2-4c7d-ab13-5baab8ecfb41_1000.jpg!m_fill,w_280,h_210,f_jpg?from=ke.com
20231106,朝阳,东大桥,101121044510,圣世一品 高层 西南边户型 客厅和主卧室朝南 明厨明卫,1780万,104253元/平,高楼层 (共21层) 3室2厅 | 170.74平米 | 西南,https://ke-image.ljcdn.com/110000-inspection/ebb51454-f2dc-4286-9cab-d5f3490bdd3f_1000.jpg!m_fill,w_280,h_210,f_jpg?from=ke.com
20231106,朝阳,东大桥,101121022160,东大桥地铁口  田字格三居  中间楼层 不临近,866万,103292元/平,高楼层 (共6层) | 1981年 | 3室1厅 | 83.84平米 | 南 北,https://ke-image.ljcdn.com/110000-inspection/pc1_LuNsWNhgt.jpg!m_fill,w_280,h_210,f_jpg?from=ke.com
20231106,朝阳,东大桥,101120993761,板楼公摊小低楼层受欢迎南向正规一居近地铁,410万,100762元/平,低楼层 (共6层) | 1987年 | 1室1厅 | 40.69平米 | 南 北,https://ke-image.ljcdn.com/110000-inspection/2bffb6c6-5537-450a-a90a-d4e4f4bdf7e3_1000.jpg!m_fill,w_280,h_210,f_jpg?from=ke.com
20231106,朝阳,东大桥,101120974144,向军北里东向大一居 高层采光好 正对团结湖公园视野棒,430万,96760元/平,高楼层 (共15层) | 1996年 | 1室1厅 | 44.44平米 | 东,https://ke-image.ljcdn.com/110000-inspection/7655ee87-29b3-4b03-a630-d0ae5aea235c_1000.jpg!m_fill,w_280,h_210,f_jpg?from=ke.com
20231106,朝阳,东大桥,101120946449,核桃园北里 正规一居室 出行方便 精装修,490万,94123元/平,低楼层 (共20层) | 1991年 | 1室1厅 | 52.06平米 | 西南,https://ke-image.ljcdn.com/110000-inspection/f66ddf22-bb28-4b9c-8354-672cf25b85d9_1000.jpg!m_fill,w_280,h_210,f_jpg?from=ke.com
20231106,朝阳,东大桥,101120918677,核桃园北里 1室1厅 南,520万,100893元/平,中楼层 (共20层) | 1991年 | 1室1厅 | 51.54平米 | 南,https://ke-image.ljcdn.com/110000-inspection/5da155fd-f709-495f-b558-1ee7cad41160_1000.jpg!m_fill,w_280,h_210,f_jpg?from=ke.com
20231106,朝阳,东大桥,101120914939,向军北里中高层 双东向大两居 正对团结湖 采光好,570万,94779元/平,中楼层 (共18层) | 1990年 | 2室1厅 | 60.14平米 | 东,https://ke-image.ljcdn.com/110000-inspection/ad670833-0cf2-43ff-ab98-58883cdf02b9_1000.jpg!m_fill,w_280,h_210,f_jpg?from=ke.com
20231106,朝阳,东大桥,101120913783,民政局家属院核桃园北里南向精装修一居室,510万,119271元/平,高楼层 (共18层) | 1990年 | 1室1厅 | 42.76平米 | 南,https://ke-image.ljcdn.com/110000-inspection/81a794d2-8b82-4b36-bb77-05be2c2ae160_1000.jpg!m_fill,w_280,h_210,f_jpg?from=ke.com
20231106,朝阳,东大桥,101120909588,向军北里田字格南北通透三居室诚意出售,610万,88715元/平,中楼层 (共5层) 3室1厅 | 68.76平米 | 南 北,https://ke-image.ljcdn.com/110000-inspection/pc1_DqwmrYMHi.jpg!m_fill,w_280,h_210,f_jpg?from=ke.com
20231106,朝阳,东大桥,101120868373,核桃园北里 满五年唯一  南北通透双阳台 客厅有窗户,590万,92318元/平,高楼层 (共6层) | 1986年 | 2室1厅 | 63.91平米 | 南 北,https://ke-image.ljcdn.com/110000-inspection/e593e29f-254f-494a-bd8c-6b83c4892f78_1000.jpg!m_fill,w_280,h_210,f_jpg?from=ke.com
20231106,朝阳,东大桥,101120868146,农丰里 高楼层三居室 满五唯一 精装修,747.5万,105001元/平,高楼层 (共16层) | 1985年 | 3室1厅 | 71.19平米 | 东 西 北,https://ke-image.ljcdn.com/110000-inspection/125cdef6-7df4-45e3-9755-34d4f07cd329_1000.jpg!m_fill,w_280,h_210,f_jpg?from=ke.com
20231106,朝阳,东大桥,101120860519,南北通透小三居室户型方正精装修,545万,97864元/平,顶层 (共5层) | 1978年 | 3室1厅 | 55.69平米 | 南 北,https://ke-image.ljcdn.com/110000-inspection/610f107a-d1bc-473c-9217-467b57601322_1000.jpg!m_fill,w_280,h_210,f_jpg?from=ke.com
20231106,朝阳,东大桥,101120773851,核桃园北里 电梯2居室南向采光好满五唯一,626万,111926元/平,低楼层 (共15层) | 1987年 | 2室1厅 | 55.93平米 | 南,https://ke-image.ljcdn.com/110000-inspection/pc1_lwSboq3dq.jpg!m_fill,w_280,h_210,f_jpg?from=ke.com
20231106,朝阳,东大桥,101120694927,旺座住宅70年产权住宅住宅有燃气居住装修房主自荐,670万,61098元/平,中楼层 (共30层) | 2005年 | 1室1厅 | 109.66平米 | 东,https://ke-image.ljcdn.com/110000-inspection/ee34f63e-c79a-4d2d-a04b-472e4bd53c53_1000.jpg!m_fill,w_280,h_210,f_jpg?from=ke.com
20231106,朝阳,东大桥,101120694339,白家庄 核桃园北里 中间楼层 两居室 南北通透满五唯一,690万,107830元/平,中楼层 (共6层) | 1995年 | 2室1厅 | 63.99平米 | 南 北,https://ke-image.ljcdn.com/110000-inspection/887276e4-e2dc-47e7-b003-83f9d228b354_1000.jpg!m_fill,w_280,h_210,f_jpg?from=ke.com
20231106,朝阳,东大桥,101120686930,中国银行家属楼三居室】双门禁门卫】交通生活方便】,766万,87195元/平,中楼层 (共18层) | 1988年 | 3室1厅 | 87.85平米 | 西南,https://ke-image.ljcdn.com/110000-inspection/f856d2dc-16d2-4397-ab09-bc5b2167b8b6_1000.jpg!m_fill,w_280,h_210,f_jpg?from=ke.com
20231106,朝阳,东大桥,101120686911,【中国银行家属楼】【2梯8户】【门禁门卫】交通方便,522万,80000元/平,中楼层 (共18层) | 1988年 | 2室1厅 | 65.25平米 | 东 西 北,https://ke-image.ljcdn.com/110000-inspection/30df96a2-bb52-415f-8bb8-b1cbb07ef267_1000.jpg!m_fill,w_280,h_210,f_jpg?from=ke.com
20231106,朝阳,东大桥,101120650982,关东店北街 满五年高楼层 业主诚意,635万,94805元/平,顶层 (共15层) | 1984年 | 3室0厅 | 66.98平米 | 西 北,https://ke-image.ljcdn.com/110000-inspection/prod-e5725ec5-8a4d-4fc1-af02-0059dbef401f.jpg!m_fill,w_280,h_210,f_jpg?from=ke.com
20231106,朝阳,东大桥,101120642476,工体南路 1室1厅 北,309万,82488元/平,底层 (共18层) | 1987年 | 1室1厅 | 37.46平米 | 北,https://ke-image.ljcdn.com/110000-inspection/pc1_oyIkELW7H_1.jpg!m_fill,w_280,h_210,f_jpg?from=ke.com
20231106,朝阳,东大桥,101120610682,工体南路小区 正规一居室 南向 带电梯 商品房性质,345万,85693元/平,中楼层 (共18层) | 1987年 | 1室1厅 | 40.26平米 | 南,https://ke-image.ljcdn.com/110000-inspection/01f651cb-ffca-4957-bfee-51ffd09aec3d_1000.jpg!m_fill,w_280,h_210,f_jpg?from=ke.com
20231106,朝阳,东大桥,101120609297,工体东路 层高舒适 交通便利 全明格局,460万,80986元/平,底层 (共5层) | 1974年 | 2室1厅 | 56.8平米 | 东,https://ke-image.ljcdn.com/110000-inspection/851665b5-4931-4539-a85e-7e3d9f2022d4_1000.jpg!m_fill,w_280,h_210,f_jpg?from=ke.com
20231106,朝阳,东大桥,101120584351,向军北里 中间楼层  南北通透 楼下地铁,530万,92078元/平,中楼层 (共5层) | 1980年 | 2室1厅 | 57.56平米 | 南 北,https://ke-image.ljcdn.com/110000-inspection/pc1_F5gJjatGU.jpg!m_fill,w_280,h_210,f_jpg?from=ke.com
20231106,朝阳,东大桥,101120562760,关东店南街次顶层3居带电梯近地铁公园商场,475万,70811元/平,高楼层 (共18层) 3室1厅 | 67.08平米 | 东北,https://ke-image.ljcdn.com/110000-inspection/6d6b033c-72a5-4720-b5e5-7d064b979301_1000.jpg!m_fill,w_280,h_210,f_jpg?from=ke.com
20231106,朝阳,东大桥,101120541144,精装修两居室保养好中央空调加地暖芳草地+日坛,538万,77791元/平,低楼层 (共6层) | 1992年 | 2室1厅 | 69.16平米 | 西,https://ke-image.ljcdn.com/110000-inspection/9ec1c7bf-00af-4347-97e5-a3e06aca1f4a_1000.jpg!m_fill,w_280,h_210,f_jpg?from=ke.com
20231106,朝阳,东大桥,101120527346,向军南里 正规三居室 业主诚意出售,685万,85894元/平,中楼层 (共25层) 3室1厅 | 79.75平米 | 东 南 北,https://ke-image.ljcdn.com/110000-inspection/72e7c2e0-768f-46a0-8fcd-4d4354fffbf2_1000.jpg!m_fill,w_280,h_210,f_jpg?from=ke.com
20231106,朝阳,东大桥,101120465859,东南向一居室 高层无遮挡  随时签约,498万,113725元/平,中楼层 (共15层) | 1987年 | 1室1厅 | 43.79平米 | 南,https://ke-image.ljcdn.com/110000-inspection/pc1_dqKXEInwN.jpg!m_fill,w_280,h_210,f_jpg?from=ke.com
20231106,朝阳,东大桥,101120460360,白家庄 核桃园北里 低楼层 精装修 满五年唯一南北通透,660万,98200元/平,底层 (共5层) | 1995年 | 2室1厅 | 67.21平米 | 南 北,https://ke-image.ljcdn.com/110000-inspection/pc1_D3ueTuwZd_1.jpg!m_fill,w_280,h_210,f_jpg?from=ke.com
20231106,朝阳,东大桥,101120451615,【6号线】【东大桥】【精装修】【户型通透】,450万,73904元/平,高楼层 (共6层) | 1987年 | 2室1厅 | 60.89平米 | 东 西,https://ke-image.ljcdn.com/110000-inspection/2be1727d-cfbf-4e15-abf9-fb00935f7d41_1000.jpg!m_fill,w_280,h_210,f_jpg?from=ke.com
20231106,朝阳,东大桥,101120379114,东大桥东里南北通透田字格三居室中间楼层,550万,80152元/平,中楼层 (共6层) | 1983年 | 3室1厅 | 68.62平米 | 南 北,https://ke-image.ljcdn.com/110000-inspection/730bc1c7-c968-4250-9928-860242cde7ca_1000.jpg!m_fill,w_280,h_210,f_jpg?from=ke.com
20231106,朝阳,东大桥,101120328047,关东店北街 朝南向  呼家楼 八十 诚意出售,560万,87830元/平,低楼层 (共15层) | 1984年 | 2室1厅 | 63.76平米 | 南,https://ke-image.ljcdn.com/110000-inspection/6ac8e7da-2515-4fb1-96cb-bf98cfc1a3a3_1000.jpg!m_fill,w_280,h_210,f_jpg?from=ke.com
20231106,朝阳,东大桥,101120321065,农丰里满五年田字格户型南北通透精装修诚意卖,830万,98999元/平,高楼层 (共6层) | 2000年 | 3室1厅 | 83.84平米 | 南 北,https://ke-image.ljcdn.com/110000-inspection/34c4a177-c563-4cf5-9ba0-9f7b6878ff8f_1000.jpg!m_fill,w_280,h_210,f_jpg?from=ke.com
20231106,朝阳,东大桥,101120282655,东三环 国贸旺座中心公寓 高层观景三居室 诚意出售房主自荐,1390万,54493元/平,中楼层 (共30层) | 2005年 | 3室1厅 | 255.08平米 | 西南,https://ke-image.ljcdn.com/110000-inspection/d1f8223b-fe11-445b-b2ac-1ed6613f5038_1000.jpg!m_fill,w_280,h_210,f_jpg?from=ke.com
20231106,朝阳,东大桥,101120265853,满五年唯一南北通透离呼家楼地铁近不临街,510万,88758元/平,顶层 (共6层) 2室1厅 | 57.46平米 | 南 北,https://ke-image.ljcdn.com/110000-inspection/pc1_9skVqmYki.jpg!m_fill,w_280,h_210,f_jpg?from=ke.com
20231106,朝阳,东大桥,101120128289,核桃园北里 1室1厅 南,511万,108655元/平,高楼层 (共20层) | 1991年 | 1室1厅 | 47.03平米 | 南,https://ke-image.ljcdn.com/110000-inspection/pc1_CNzXiNGA6.jpg!m_fill,w_280,h_210,f_jpg?from=ke.com
20231106,朝阳,东大桥,101120099829,核桃园北里南北精装两居室1995年建成满五唯一,688万,104528元/平,中楼层 (共5层) | 1995年 | 2室1厅 | 65.82平米 | 南 北,https://ke-image.ljcdn.com/110000-inspection/307f9069-abcc-4d0f-8c75-b6ce14b782c0_1000.jpg!m_fill,w_280,h_210,f_jpg?from=ke.com
20231106,朝阳,东大桥,101120032927,盐业公司家属楼 双阳台格局 车位充足 采光明亮。,530万,81102元/平,中楼层 (共6层) | 1988年 | 2室1厅 | 65.35平米 | 东 南 北,https://ke-image.ljcdn.com/110000-inspection/9e68e2fa-cb64-43bd-8a5c-27540789b576_1000.jpg!m_fill,w_280,h_210,f_jpg?from=ke.com
20231106,朝阳,东大桥,101119983767,核桃园北里 3室1厅 南 北,815万,94439元/平,高楼层 (共20层) | 1991年 | 3室1厅 | 86.3平米 | 南 北,https://ke-image.ljcdn.com/110000-inspection/10a2ff90-fac4-4075-bbf5-cb5f8afaad69_1000.jpg!m_fill,w_280,h_210,f_jpg?from=ke.com
20231106,朝阳,东大桥,101119948173,旺座两居景观好看房方便户型方正无遮挡,860万,54872元/平,低楼层 (共30层) | 2005年 | 2室1厅 | 156.73平米 | 西北,https://ke-image.ljcdn.com/110000-inspection/6bdab02e-ecd4-4df2-b8b2-ce3cd06c1ea6_1000.jpg!m_fill,w_280,h_210,f_jpg?from=ke.com
20231106,朝阳,东大桥,101119811878,向军北里 中高楼层 视野好 精装修房主自荐,436万,98110元/平,中楼层 (共15层) | 1996年 | 1室1厅 | 44.44平米 | 东 西,https://ke-image.ljcdn.com/110000-inspection/pc1_Wan3X3ULb_1.jpg!m_fill,w_280,h_210,f_jpg?from=ke.com
20231106,朝阳,东大桥,101119810455,南北通透 钢混结构 楼龄新 户型方正,603万,98498元/平,顶层 (共6层) | 1984年 | 2室1厅 | 61.22平米 | 南 北,https://ke-image.ljcdn.com/110000-inspection/aae2a707-2c3a-466d-bccf-1b161b77edb4_1000.jpg!m_fill,w_280,h_210,f_jpg?from=ke.com
20231106,朝阳,东大桥,101119796228,白家庄 核桃园北里 朝阳医院 高楼层东南向 精装修,649万,99970元/平,中楼层 (共18层) | 1990年 | 2室1厅 | 64.92平米 | 东南,https://ke-image.ljcdn.com/110000-inspection/pc1_V3VQ4FM3v_1.jpg!m_fill,w_280,h_210,f_jpg?from=ke.com
20231106,朝阳,东大桥,101119752170,核桃园北里 1室1厅 西南,479万,109386元/平,低楼层 (共15层) | 1987年 | 1室1厅 | 43.79平米 | 西南,https://ke-image.ljcdn.com/110000-inspection/pc1_cUGnIVw6u.jpg!m_fill,w_280,h_210,f_jpg?from=ke.com
20231106,朝阳,东大桥,101119743186,核桃园北里 高层视野好  不临街 精装修,660万,101664元/平,中楼层 (共18层) | 1990年 | 2室1厅 | 64.92平米 | 东 南,https://ke-image.ljcdn.com/110000-inspection/c929f428-9266-40d1-bce7-eac7bc6a5e1e_1000.jpg!m_fill,w_280,h_210,f_jpg?from=ke.com
20231106,朝阳,东大桥,101119699198,东大桥东里 2室0厅 东南,460万,78889元/平,顶层 (共16层) | 1986年 | 2室0厅 | 58.31平米 | 东南,https://ke-image.ljcdn.com/110000-inspection/36166c18-7ccf-411e-ba18-4e3ae020f48b_1000.jpg!m_fill,w_280,h_210,f_jpg?from=ke.com
20231106,朝阳,东大桥,101119540194,核桃园北里 2室1厅 南房主自荐,588万,97110元/平,顶层 (共6层) | 1981年 | 2室1厅 | 60.55平米 | 南,https://ke-image.ljcdn.com/110000-inspection/905de15d-1f49-4518-aaba-a872477d4c91_1000.jpg!m_fill,w_280,h_210,f_jpg?from=ke.com
20231106,朝阳,东大桥,101119490389,南向一居室满五年看房有钥匙,395万,83158元/平,高楼层 (共6层) | 1992年 | 1室1厅 | 47.5平米 | 南,https://ke-image.ljcdn.com/110000-inspection/480e723f-fe1c-4f21-bc0c-ab298043e9b2_1000.jpg!m_fill,w_280,h_210,f_jpg?from=ke.com
20231106,朝阳,东大桥,101119463399,向军北里高层两居装修好 视野好房主自荐,550万,86875元/平,中楼层 (共14层) | 1983年 | 2室1厅 | 63.31平米 | 南,https://ke-image.ljcdn.com/110000-inspection/0f0c641c-bbb8-42d7-8fc1-ac89b23f234d_1000.jpg!m_fill,w_280,h_210,f_jpg?from=ke.com
20231106,朝阳,东大桥,101119460183,中国烟草家属楼 近地铁 采光充足 两卧朝南,445万,86932元/平,中楼层 (共5层) | 1978年 | 2室1厅 | 51.19平米 | 南,https://ke-image.ljcdn.com/110000-inspection/f2af56ca-17d0-44c5-a9e2-801682650f19_1000.jpg!m_fill,w_280,h_210,f_jpg?from=ke.com
20231106,朝阳,东大桥,101119434919,东大桥东里南向一居室近地铁,290万,69048元/平,顶层 (共6层) 1室1厅 | 42平米 | 南,https://ke-image.ljcdn.com/110000-inspection/pc1_Y6u2Ep4m2.jpg!m_fill,w_280,h_210,f_jpg?from=ke.com
20231106,朝阳,东大桥,101119430184,东草园 2室1厅 南 北,395万,69262元/平,顶层 (共6层) | 1985年 | 2室1厅 | 57.03平米 | 南 北,https://ke-image.ljcdn.com/110000-inspection/fef1497b-5a9d-408d-a886-e801aafb76c1_1000.jpg!m_fill,w_280,h_210,f_jpg?from=ke.com
20231106,朝阳,东大桥,101119401642,工人体育场南路小区 南北通透两居室  中楼层房主自荐,328万,79806元/平,中楼层 (共5层) | 1978年 | 2室1厅 | 41.1平米 | 南 北,https://ke-image.ljcdn.com/110000-inspection/ba32dba2-056b-49f2-a357-b9638e78358a_1000.jpg!m_fill,w_280,h_210,f_jpg?from=ke.com
20231106,朝阳,东大桥,101119353298,财富 正南向  一居室  满两年,735万,90229元/平,低楼层 (共42层) | 2005年 | 1室1厅 | 81.46平米 | 南,https://ke-image.ljcdn.com/110000-inspection/3c671d91-d7b1-47f2-9599-bd1b16859199_1000.jpg!m_fill,w_280,h_210,f_jpg?from=ke.com
20231106,朝阳,东大桥,101119326594,关东店南街 2室1厅 南,465万,77981元/平,高楼层 (共18层) | 1985年 | 2室1厅 | 59.63平米 | 南,https://ke-image.ljcdn.com/110000-inspection/70fda0f5-31d8-4a97-a2e3-43bbcf419ec0_1000.jpg!m_fill,w_280,h_210,f_jpg?from=ke.com
20231106,朝阳,东大桥,101119297149,东草园五巷 南北通透 两居室 客厅有窗户,418万,73295元/平,中楼层 (共6层) | 1985年 | 2室1厅 | 57.03平米 | 南 北,https://ke-image.ljcdn.com/110000-inspection/7808792d-1304-4aa8-aaa0-75347dd42083_1000.jpg!m_fill,w_280,h_210,f_jpg?from=ke.com
20231106,朝阳,东大桥,101119249308,国贸CBD区域双南大两居高层观景国贸景观,570万,80680元/平,高楼层 (共18层) | 1985年 | 2室1厅 | 70.65平米 | 南,https://ke-image.ljcdn.com/110000-inspection/fd386a14-44ab-4ced-bea5-77b3b4aecb08_1000.jpg!m_fill,w_280,h_210,f_jpg?from=ke.com
20231106,朝阳,东大桥,101119152196,工体南路 2室1厅 南 北,345万,84147元/平,中楼层 (共5层) | 1974年 | 2室1厅 | 41平米 | 南 北,https://ke-image.ljcdn.com/110000-inspection/869afbbf-9300-4a10-93ae-94af600ecac0_1000.jpg!m_fill,w_280,h_210,f_jpg?from=ke.com
20231106,朝阳,东大桥,101119121339,白家庄 核桃园北里 满五唯一 看房方便,490万,118415元/平,中楼层 (共6层) | 1986年 | 2室1厅 | 41.38平米 | 南,https://ke-image.ljcdn.com/110000-inspection/b5a71fc8-e638-4277-afcd-f2dbae2598b4_1000.jpg!m_fill,w_280,h_210,f_jpg?from=ke.com
20231106,朝阳,东大桥,101119074596,核桃园北里 南北两居 满五年唯一,600万,98994元/平,低楼层 (共6层) | 1981年 | 2室1厅 | 60.61平米 | 南 北,https://ke-image.ljcdn.com/110000-inspection/cf916db6-b1a9-460e-953e-0eab7f534355_1000.jpg!m_fill,w_280,h_210,f_jpg?from=ke.com
20231106,朝阳,东大桥,101119072172,东大桥东里 2室1厅 南 北,400万,67036元/平,地下室 (共6层) | 1992年 | 2室1厅 | 59.67平米 | 南 北,https://ke-image.ljcdn.com/110000-inspection/138ef036-74e8-4067-a3f2-c179a3051084_1000.jpg!m_fill,w_280,h_210,f_jpg?from=ke.com
20231106,朝阳,东大桥,101119065195,关东店北街中信家属楼可停车,569万,84160元/平,低楼层 (共15层) 3室1厅 | 67.61平米 | 东 南 西 北,https://ke-image.ljcdn.com/110000-inspection/a281bdc2-4b43-4e1d-9ed6-07c98104ea63_1000.jpg!m_fill,w_280,h_210,f_jpg?from=ke.com
20231106,朝阳,东大桥,101118972674,向军北里 高楼层 东南向两居室 随时看房 随时签约房主自荐,585万,89218元/平,中楼层 (共14层) | 1985年 | 3室1厅 | 65.57平米 | 东南,https://ke-image.ljcdn.com/110000-inspection/d6b564ff-8dab-43d8-b538-0379fd3e29b6_1000.jpg!m_fill,w_280,h_210,f_jpg?from=ke.com
20231106,朝阳,东大桥,101118867875,向军北里 东向2居室 有电梯 呼家楼 诚意卖 配合签约房主自荐,568万,89888元/平,中楼层 (共15层) 2室1厅 | 63.19平米 | 东,https://ke-image.ljcdn.com/110000-inspection/d5b5ae4b-129f-410c-b67b-3f3edebf6b5c_1000.jpg!m_fill,w_280,h_210,f_jpg?from=ke.com
20231106,朝阳,东大桥,101118816973,工体南路 1室1厅 东,320万,88668元/平,顶层 (共5层) | 1998年 | 1室1厅 | 36.09平米 | 东,https://ke-image.ljcdn.com/110000-inspection/591b24fc-643e-4714-aeda-40bc642f7795_1000.jpg!m_fill,w_280,h_210,f_jpg?from=ke.com
20231106,朝阳,东大桥,101118806005,向军北里南北通透格局好高楼层采光好田字格户型,620万,90169元/平,顶层 (共5层) | 1980年 | 3室1厅 | 68.76平米 | 南 北,https://ke-image.ljcdn.com/110000-inspection/pc1_BU3NSsS3s.jpg!m_fill,w_280,h_210,f_jpg?from=ke.com
20231106,朝阳,东大桥,101118787260,圣世一品 高层方正两居室 保养新 采光充足 不临街可看,1450万,97604元/平,中楼层 (共21层) 2室1厅 | 148.56平米 | 西,https://ke-image.ljcdn.com/110000-inspection/09dd2ed2-820f-40f3-9d3a-f2dfecad6e2c_1000.jpg!m_fill,w_280,h_210,f_jpg?from=ke.com
20231106,朝阳,东大桥,101118772482,关东店北街 朝南向两居室 民航家属楼 24小时门禁,610万,97788元/平,低楼层 (共18层) | 1990年 | 2室1厅 | 62.38平米 | 南,https://ke-image.ljcdn.com/110000-inspection/pc1_Paq5VHKa7.jpg!m_fill,w_280,h_210,f_jpg?from=ke.com
20231106,朝阳,东大桥,101118713960,核桃园北里 1室1厅 南 北,538万,104385元/平,中楼层 (共20层) | 1991年 | 1室1厅 | 51.54平米 | 南 北,https://ke-image.ljcdn.com/110000-inspection/6bcd6f5e-762d-43fa-90d8-df942c590978_1000.jpg!m_fill,w_280,h_210,f_jpg?from=ke.com
20231106,朝阳,东大桥,101118666871,91年电梯房户型方正好用产权清晰配套完善,576万,100035元/平,低楼层 (共20层) 2室1厅 | 57.58平米 | 东南 西北,https://ke-image.ljcdn.com/110000-inspection/986579cc-dd7a-4566-a0e0-c7cb3b1337ba_1000.jpg!m_fill,w_280,h_210,f_jpg?from=ke.com
20231106,朝阳,东大桥,101118633022,核桃园北里 高层电梯一居室 精装修 诚意出售,478万,109158元/平,高楼层 (共15层) | 1987年 | 1室1厅 | 43.79平米 | 南,https://ke-image.ljcdn.com/110000-inspection/pc1_OteLU7dMA.jpg!m_fill,w_280,h_210,f_jpg?from=ke.com
20231106,朝阳,东大桥,101118626595,核桃园北里 2室1厅 南 北,649万,97011元/平,顶层 (共5层) | 1995年 | 2室1厅 | 66.9平米 | 南 北,https://ke-image.ljcdn.com/110000-inspection/d24b3115-d341-445e-860f-d58ad1a74a9d_1000.jpg!m_fill,w_280,h_210,f_jpg?from=ke.com
20231106,朝阳,东大桥,101118588892,关东店北街精装两居室户型好满五唯一,460万,88975元/平,中楼层 (共5层) | 1978年 | 2室1厅 | 51.7平米 | 南,https://ke-image.ljcdn.com/110000-inspection/1f503b09-3210-4171-839f-1f359239cfc6_1000.jpg!m_fill,w_280,h_210,f_jpg?from=ke.com
20231106,朝阳,东大桥,101118527124,工体南路 3室1厅 东 西,478万,75383元/平,顶层 (共5层) | 1998年 | 3室1厅 | 63.41平米 | 东 西,https://ke-image.ljcdn.com/110000-inspection/8be5c726-f95d-49d2-9fcd-7ee0c0dcd42c_1000.jpg!m_fill,w_280,h_210,f_jpg?from=ke.com
20231106,朝阳,东大桥,101118524197,工体东路【高楼层视野好】【精装修新装修】,435万,75130元/平,顶层 (共5层) | 1974年 | 2室1厅 | 57.9平米 | 东,https://ke-image.ljcdn.com/110000-inspection/b2485ebe-e0d5-4caf-b5be-ec970a53989e_1000.jpg!m_fill,w_280,h_210,f_jpg?from=ke.com
20231106,朝阳,东大桥,101118430287,核桃园北里 民政局家属楼 中间楼层 两室带厅 30万精装,710万,110955元/平,中楼层 (共6层) | 1995年 | 2室1厅 | 63.99平米 | 南 北,https://ke-image.ljcdn.com/110000-inspection/ace5c4e1-5c12-4ec9-a84b-e74076d48f5f_1000.jpg!m_fill,w_280,h_210,f_jpg?from=ke.com
20231106,朝阳,东大桥,101118416768,东三环国贸500米钢混两居随时看房价格可聊近地铁,438万,75297元/平,低楼层 (共18层) | 1987年 | 2室1厅 | 58.17平米 | 西北,https://ke-image.ljcdn.com/110000-inspection/ce12bf9d-4711-4d76-9768-9d818cbe1a68_1000.jpg!m_fill,w_280,h_210,f_jpg?from=ke.com
20231106,朝阳,东大桥,101118395767,央视西侧对过高层无遮挡可贷款房主自荐,634万,57653元/平,高楼层 (共30层) 2室1厅 | 109.97平米 | 西,https://ke-image.ljcdn.com/110000-inspection/pc1_PJ0Mx2hIj.jpg!m_fill,w_280,h_210,f_jpg?from=ke.com
20231106,朝阳,东大桥,101118388843,东大桥东里 田字格户型 中间楼层,590万,86006元/平,中楼层 (共5层) | 1980年 | 3室1厅 | 68.6平米 | 南 北,https://ke-image.ljcdn.com/110000-inspection/pc1_pVtI80FG5.jpg!m_fill,w_280,h_210,f_jpg?from=ke.com
20231106,朝阳,东大桥,101118289178,向军北里精装修南北通透两居室随时签约,510万,88820元/平,高楼层 (共6层) | 1987年 | 2室1厅 | 57.42平米 | 南 北,https://ke-image.ljcdn.com/110000-inspection/6de1b28d-93df-458a-93f9-17588533c8ed_1000.jpg!m_fill,w_280,h_210,f_jpg?from=ke.com
20231106,朝阳,东大桥,101118275433,农丰里 白八十 南北通透 全明格局,848万,96948元/平,高楼层 (共6层) | 2000年 | 3室1厅 | 87.47平米 | 南 北,https://ke-image.ljcdn.com/110000-inspection/afa6fdd8-1729-4fb9-9e5c-241fd3c84a18_1000.jpg!m_fill,w_280,h_210,f_jpg?from=ke.com
20231106,朝阳,东大桥,101118244118,农丰里 全南向两居室 中间楼层 满五年唯一 精装修,627万,104920元/平,中楼层 (共6层) | 1988年 | 2室1厅 | 59.76平米 | 南,https://ke-image.ljcdn.com/110000-inspection/43b930ae-ea39-485f-ad25-8024f539ef5c_1000.jpg!m_fill,w_280,h_210,f_jpg?from=ke.com
20231106,朝阳,东大桥,101118241196,核桃园北里南北精装两居室 1995年建成 业主诚意出售,699万,106199元/平,中楼层 (共5层) | 1995年 | 2室1厅 | 65.82平米 | 南 北,https://ke-image.ljcdn.com/110000-inspection/pc1_PBLJS9E0C_2.jpg!m_fill,w_280,h_210,f_jpg?from=ke.com
20231106,朝阳,东大桥,101118165180,工体东路 3室1厅 北 西南,648万,83237元/平,底层 (共22层) | 1991年 | 3室1厅 | 77.85平米 | 北 西南,https://ke-image.ljcdn.com/110000-inspection/pc1_mhyBUKESa_1.jpg!m_fill,w_280,h_210,f_jpg?from=ke.com
20231106,朝阳,东大桥,101118039163,工人体育场东路小区高楼层采光好,330万,81988元/平,高楼层 (共22层) | 1991年 | 1室1厅 | 40.25平米 | 西,https://ke-image.ljcdn.com/110000-inspection/62b36293-6da5-4a1a-bb37-f42a848bfbd0_1000.jpg!m_fill,w_280,h_210,f_jpg?from=ke.com
20231106,朝阳,东大桥,101117934438,核桃园北里 可看房源 满五唯一  楼龄新 可贷款 管理好,530万,102993元/平,顶层 (共6层) | 1995年 | 1室1厅 | 51.46平米 | 南,https://ke-image.ljcdn.com/110000-inspection/9fbcc28b-3891-4090-ab24-001a3c962a4b_1000.jpg!m_fill,w_280,h_210,f_jpg?from=ke.com
20231106,朝阳,东大桥,101117839870,核桃园北里 2室1厅 南 北,605万,94665元/平,底层 (共6层) | 1986年 | 2室1厅 | 63.91平米 | 南 北,https://ke-image.ljcdn.com/110000-inspection/pc1_SzmQtVztb_1.jpg!m_fill,w_280,h_210,f_jpg?from=ke.com
20231106,朝阳,东大桥,101117808571,呼家楼双南向三环里两居向军南里,540万,84574元/平,中楼层 (共22层) | 1993年 | 2室1厅 | 63.85平米 | 东南 东北,https://ke-image.ljcdn.com/110000-inspection/90797ff4-8cb8-4443-9ab4-a26be97d6ad8_1000.jpg!m_fill,w_280,h_210,f_jpg?from=ke.com
20231106,朝阳,东大桥,101117759587,东大桥斜街 东大桥 工体 三里屯商圈,525万,93433元/平,顶层 (共5层) | 1978年 | 2室1厅 | 56.19平米 | 南,https://ke-image.ljcdn.com/110000-inspection/pc1_8IuL1aX4d.jpg!m_fill,w_280,h_210,f_jpg?from=ke.com
20231106,朝阳,东大桥,101117678094,东三环国贸精装两居钢混随时签约接受贷款,437万,75125元/平,低楼层 (共18层) | 1985年 | 2室1厅 | 58.17平米 | 西北,https://ke-image.ljcdn.com/110000-inspection/506404ae-761b-45cb-8a4c-a90c6f4764a0_1000.jpg!m_fill,w_280,h_210,f_jpg?from=ke.com
20231106,朝阳,东大桥,101117645178,光华路、景华南街住宅两居室有燃气可贷款随时看,920万,49521元/平,低楼层 (共30层) | 2005年 | 2室1厅 | 185.78平米 | 北,https://ke-image.ljcdn.com/110000-inspection/pc1_Vs4FnE8MA.jpg!m_fill,w_280,h_210,f_jpg?from=ke.com
20231106,朝阳,东大桥,101117593535,国贸北侧关东店南街电梯两居室适合老人孩子居住,400万,72425元/平,底层 (共18层) | 1987年 | 2室1厅 | 55.23平米 | 东北,https://ke-image.ljcdn.com/110000-inspection/pc1_CMmZ2nbnW_1.jpg!m_fill,w_280,h_210,f_jpg?from=ke.com
20231106,朝阳,东大桥,101117550294,工体东路【全明格局】【户型方正】【交通便利】,419万,89876元/平,中楼层 (共5层) | 1974年 | 2室1厅 | 46.62平米 | 东 南 北,https://ke-image.ljcdn.com/110000-inspection/4d83e25f-1054-411c-8609-139a4acd8e79_1000.jpg!m_fill,w_280,h_210,f_jpg?from=ke.com
20231106,朝阳,东大桥,101117539693,东三环圣世一品东南北三面采光满五年唯一业主诚意出售,2500万,89780元/平,中楼层 (共22层) 3室2厅 | 278.46平米 | 东 南 北,https://ke-image.ljcdn.com/110000-inspection/b3e13412-9aef-428f-8e56-85f88f28a83a_1000.jpg!m_fill,w_280,h_210,f_jpg?from=ke.com
20231106,朝阳,东大桥,101117425580,【工体南路】【户型方正】【楼层适中】【配套完善】,373万,73281元/平,低楼层 (共6层) | 1978年 | 2室1厅 | 50.9平米 | 东,https://ke-image.ljcdn.com/110000-inspection/pc1_gIl5tSXMf_2.jpg!m_fill,w_280,h_210,f_jpg?from=ke.com
20231106,朝阳,东大桥,101117324055,东大桥东里芳草地中国盐业家属楼高楼层无遮挡,495万,84892元/平,高楼层 (共16层) | 1988年 | 2室1厅 | 58.31平米 | 东南,https://ke-image.ljcdn.com/110000-inspection/pc1_eATqZiaIT.jpg!m_fill,w_280,h_210,f_jpg?from=ke.com
20231106,朝阳,东大桥,101117196250,两南一北南北通透户型有客厅近地铁板楼4层,620万,91177元/平,中楼层 (共6层) | 1986年 | 3室1厅 | 68平米 | 南 北,https://ke-image.ljcdn.com/110000-inspection/pc1_uiDEHWyUq.jpg!m_fill,w_280,h_210,f_jpg?from=ke.com
20231106,朝阳,东大桥,101117182100,明厨明卫不临街视野开阔精装修,530万,92383元/平,顶层 (共6层) | 1984年 | 2室1厅 | 57.37平米 | 南,https://ke-image.ljcdn.com/110000-inspection/d3be3859-cd3e-4502-a8c9-124605d73937_1000.jpg!m_fill,w_280,h_210,f_jpg?from=ke.com
20231106,朝阳,东大桥,101117155990,关东店高层观景房 南向大两居 采光视野无遮挡 诚意卖,575万,81388元/平,顶层 (共18层) | 1985年 | 2室1厅 | 70.65平米 | 南,https://ke-image.ljcdn.com/110000-inspection/c1505f4b-44cb-423c-ba26-1801fe3d2f6e_1000.jpg!m_fill,w_280,h_210,f_jpg?from=ke.com
20231106,朝阳,东大桥,101116733301,国贸CBD区域 诚意出售 三居室房主自荐,460万,68575元/平,中楼层 (共18层) | 1987年 | 3室1厅 | 67.08平米 | 东北,https://ke-image.ljcdn.com/110000-inspection/1f0dcf7c-46df-4b3e-9b72-336eb5c5dff2_1000.jpg!m_fill,w_280,h_210,f_jpg?from=ke.com
20231106,朝阳,东大桥,101115621019,东大桥东里海关家属楼有单独的物业管理房主自荐,469万,79063元/平,高楼层 (共6层) | 1992年 | 2室2厅 | 59.32平米 | 东 西,https://ke-image.ljcdn.com/110000-inspection/pc1_6HniOwncU.jpg!m_fill,w_280,h_210,f_jpg?from=ke.com
20231106,朝阳,东大桥,101115231692,圣世一品边户型南观花园东南北无遮挡房主自荐,3350万,85874元/平,中楼层 (共22层) | 2010年 | 4室1厅 | 390.11平米 | 东南 北,https://ke-image.ljcdn.com/110000-inspection/4201fde0-58be-4481-a00e-f9a7d1a2c5fd_1000.jpg!m_fill,w_280,h_210,f_jpg?from=ke.com
20231106,朝阳,东大桥,101115086650,工人体育场南路 朝南向 户型方正,365万,90661元/平,中楼层 (共18层) | 1987年 | 1室1厅 | 40.26平米 | 南,https://ke-image.ljcdn.com/110000-inspection/pc1_PpvUSbvEQ_1.jpg!m_fill,w_280,h_210,f_jpg?from=ke.com
20231106,朝阳,东大桥,101115001265,关东店南街东西通透两居室业主诚意出售看房方便,420万,75242元/平,高楼层 (共7层) | 1994年 | 2室1厅 | 55.82平米 | 东 西,https://ke-image.ljcdn.com/110000-inspection/4b7d4924-2588-4e51-9182-7b26fa480cb1_1000.jpg!m_fill,w_280,h_210,f_jpg?from=ke.com
20231106,朝阳,东大桥,101114774878,三期正南向四居室采光好户型方正诚意出售。,2750万,126373元/平,低楼层 (共30层) | 2007年 | 4室2厅 | 217.61平米 | 东南 西,https://ke-image.ljcdn.com/110000-inspection/prod-34016a90-e017-41a4-ba13-cdae8aaf1369.jpg!m_fill,w_280,h_210,f_jpg?from=ke.com
20231106,朝阳,东大桥,101114187020,关东店南街正规一居室高层业主诚意出售,320万,73665元/平,高楼层 (共7层) | 1994年 | 1室1厅 | 43.44平米 | 东,https://ke-image.ljcdn.com/110000-inspection/0fdcae60-fee5-4d39-b41e-38390452b9ae_1000.jpg!m_fill,w_280,h_210,f_jpg?from=ke.com
20231106,朝阳,东大桥,101121798230,圣世一品 一梯一户 双门厅三居室 正对小区绿化 可看房,2550万,97953元/平,中楼层 (共22层) | 2010年 | 3室2厅 | 260.33平米 | 西南,https://ke-image.ljcdn.com/110000-inspection/pc1_7ceFCodht.jpg!m_fill,w_280,h_210,f_jpg?from=ke.com
20231106,朝阳,东大桥,101121784002,大两居室实用户型方正景观好二次装修省心省力省钱,1320万,86620元/平,中楼层 (共42层) | 2005年 | 2室2厅 | 152.39平米 | 东,https://ke-image.ljcdn.com/110000-inspection/pc1_NO5muec4W.jpg!m_fill,w_280,h_210,f_jpg?from=ke.com
20231106,朝阳,东大桥,101121779035,新城国际+四期+小两居室+纯南向+看小区花园+精装,1100万,115717元/平,中楼层 (共6层) | 2008年 | 2室1厅 | 95.06平米 | 南,https://ke-image.ljcdn.com/110000-inspection/5aa37937-9dc9-4a1d-9ebb-e96c0638e1e0_1000.jpg!m_fill,w_280,h_210,f_jpg?from=ke.com
20231106,朝阳,东大桥,101121776650,2010年楼盘东南朝向看小区全景小区封闭式管理,1739万,101459元/平,中楼层 (共21层) | 2010年 | 3室2厅 | 171.4平米 | 东南,https://ke-image.ljcdn.com/110000-inspection/pc1_nBG6ySVG3.jpg!m_fill,w_280,h_210,f_jpg?from=ke.com
20231106,朝阳,东大桥,101121757068,核桃园北里新上高楼层满五年唯一明厨明卫新上,630万,104047元/平,顶层 (共6层) | 1986年 | 2室1厅 | 60.55平米 | 南 北,https://ke-image.ljcdn.com/110000-inspection/pc1_NLlpcdLRx_1.jpg!m_fill,w_280,h_210,f_jpg?from=ke.com
20231106,朝阳,东大桥,101121749255,东南向 超高层观景3居 满五唯一仅契税  有钥匙新上,1800万,122109元/平,高楼层 (共31层) | 2005年 | 3室2厅 | 147.41平米 | 东南,https://ke-image.ljcdn.com/110000-inspection/d7c36ad0-2e2d-4909-8f78-8135a0fdb876_1000.jpg!m_fill,w_280,h_210,f_jpg?from=ke.com
20231106,朝阳,东大桥,101121716579,向军南里 3室1厅 西南新上,755万,92209元/平,中楼层 (共22层) | 1993年 | 3室1厅 | 81.88平米 | 西南,https://ke-image.ljcdn.com/110000-inspection/705bf4ec-1bb7-41c5-91c7-cc78e47528d8_1000.jpg!m_fill,w_280,h_210,f_jpg?from=ke.com
20231106,朝阳,东大桥,101121701206,世茂宫园 板楼 南北三居室 可以看房 无抵押 无户口新上,2268万,101138元/平,中楼层 (共7层) | 2004年 | 3室2厅 | 224.25平米 | 南 北,https://ke-image.ljcdn.com/110000-inspection/pc1_LeM5yAWIh.jpg!m_fill,w_280,h_210,f_jpg?from=ke.com
20231106,朝阳,东大桥,101121681313,世贸国际公寓 3室2厅 南 北,2450万,94958元/平,高楼层 (共31层) | 2001年 | 3室2厅 | 258.01平米 | 南 北,https://ke-image.ljcdn.com/110000-inspection/pc1_n9Ht27CvC.jpg!m_fill,w_280,h_210,f_jpg?from=ke.com
20231106,朝阳,东大桥,101121666873,北京财富中心 5室1厅 东南新上,3000万,94095元/平,高楼层 (共42层) 5室1厅 | 318.83平米 | 东南,https://ke-image.ljcdn.com/110000-inspection/b7982f1f-0652-4798-88ac-7aa146fc67a8_1000.jpg!m_fill,w_280,h_210,f_jpg?from=ke.com
20231106,朝阳,东大桥,101121612621,新城国际 中高楼层 东南两居室 满五唯一 户型方正,1360万,109528元/平,中楼层 (共29层) | 2003年 | 2室1厅 | 124.17平米 | 东南,https://ke-image.ljcdn.com/110000-inspection/5b78def1-04c7-4d10-8c2b-05c0ce076c9b_1000.jpg!m_fill,w_280,h_210,f_jpg?from=ke.com
20231106,朝阳,东大桥,101121593942,世茂宫园 正规大一居 带书房 可看房 诚意出售,898万,78483元/平,低楼层 (共27层) | 2004年 | 1室1厅 | 114.42平米 | 北,https://ke-image.ljcdn.com/110000-inspection/pc1_E7xpccTXw.jpg!m_fill,w_280,h_210,f_jpg?from=ke.com
20231106,朝阳,东大桥,101121527955,新城国际一期高层两居室视野很好,1450万,110393元/平,高楼层 (共32层) | 2003年 | 2室1厅 | 131.35平米 | 东南,https://ke-image.ljcdn.com/110000-inspection/pc1_fG3JwuSv1.jpg!m_fill,w_280,h_210,f_jpg?from=ke.com
20231106,朝阳,东大桥,101121510871,关东店北街 南北通透三居室 诚意出售,608万,90181元/平,顶层 (共5层) | 1978年 | 3室0厅 | 67.42平米 | 南 北,https://ke-image.ljcdn.com/110000-inspection/pc1_8L21wvV7S.jpg!m_fill,w_280,h_210,f_jpg?from=ke.com
20231106,朝阳,东大桥,101121492542,世贸国际公寓 4室3厅 南 北,2390万,90435元/平,中楼层 (共29层) | 2001年 | 4室3厅 | 264.28平米 | 南 北,https://ke-image.ljcdn.com/110000-inspection/pc1_3rtJtMxl8.jpg!m_fill,w_280,h_210,f_jpg?from=ke.com
20231106,朝阳,东大桥,101121486662,新城国际复式户型看花园视野很好二次精装修,1190万,98145元/平,低楼层 (共33层) | 2005年 | 2室1厅 | 121.25平米 | 西北,https://ke-image.ljcdn.com/110000-inspection/d4170126-702a-4f51-92f4-4e458d9f5102_1000.jpg!m_fill,w_280,h_210,f_jpg?from=ke.com
20231106,朝阳,东大桥,101121441699,尚都国际中心 1室0厅 西北,550万,30780元/平,低楼层 (共33层) | 2003年 | 1室0厅 | 178.69平米 | 西北,https://ke-image.ljcdn.com/110000-inspection/6a80416b-0005-4fbf-8aba-034f723bd8ab_1000.jpg!m_fill,w_280,h_210,f_jpg?from=ke.com
20231106,朝阳,东大桥,101121422029,核桃园北里 2室1厅 南 北,736万,110627元/平,低楼层 (共6层) | 1995年 | 2室1厅 | 66.53平米 | 南 北,https://ke-image.ljcdn.com/110000-inspection/1471433e-f037-4105-8621-34bd0720f355_1000.jpg!m_fill,w_280,h_210,f_jpg?from=ke.com
20231106,朝阳,东大桥,101121416524,高楼层 视野好 满五年 名下只有一套,860万,110158元/平,高楼层 (共29层) 1室0厅 | 78.07平米 | 北,https://ke-image.ljcdn.com/110000-inspection/fd8cf08a-7a0b-40b3-b546-58384b1d6f83_1000.jpg!m_fill,w_280,h_210,f_jpg?from=ke.com
20231106,朝阳,东大桥,101121395166,东大桥 三居室小区安静诚意出售,508万,76507元/平,底层 (共5层) 3室1厅 | 66.4平米 | 南 北,https://ke-image.ljcdn.com/110000-inspection/pc1_ClheeYjAw.jpg!m_fill,w_280,h_210,f_jpg?from=ke.com
20231106,朝阳,东大桥,101121356545,新城国际二期 小2居 满五唯一 看房方便 适合婚房房主自荐,1300万,117499元/平,高楼层 (共24层) 2室1厅 | 110.64平米 | 东,https://ke-image.ljcdn.com/110000-inspection/33a84acb-9c1f-473c-b2a2-11695b65fab5_1000.jpg!m_fill,w_280,h_210,f_jpg?from=ke.com
20231106,朝阳,东大桥,101121350540,工人体育场东路  高楼层两居室 无遮挡 采光好,358万,75069元/平,顶层 (共5层) | 1974年 | 2室1厅 | 47.69平米 | 东,https://ke-image.ljcdn.com/110000-inspection/pc1_Gcr3gE547_1.jpg!m_fill,w_280,h_210,f_jpg?from=ke.com
20231106,朝阳,东大桥,101121349569,东大桥 芳草地 日坛 东大桥东里 两居室,285万,57798元/平,地下室 (共6层) | 1992年 | 2室1厅 | 49.31平米 | 西,https://ke-image.ljcdn.com/110000-inspection/pc1_Sx95lrKFR.jpg!m_fill,w_280,h_210,f_jpg?from=ke.com
20231106,朝阳,东大桥,101121342560,满五唯一全南向采光充足 看房方便房主自荐,1650万,88921元/平,低楼层 (共30层) | 2001年 | 2室2厅 | 185.56平米 | 南,https://ke-image.ljcdn.com/110000-inspection/0494c86f-f38e-469e-a69e-e20d52bfd9df_1000.jpg!m_fill,w_280,h_210,f_jpg?from=ke.com
20231106,朝阳,东大桥,101121337041,东大桥东里 2室1厅 西南,389万,74981元/平,高楼层 (共6层) | 1981年 | 2室1厅 | 51.88平米 | 西南,https://ke-image.ljcdn.com/110000-inspection/c0359929-b617-426a-bc3d-fca6a8d35008_1000.jpg!m_fill,w_280,h_210,f_jpg?from=ke.com
20231106,朝阳,东大桥,101121336435,新城国际 1室0厅 北,808万,99459元/平,高楼层 (共6层) | 2008年 | 1室0厅 | 81.24平米 | 北,https://ke-image.ljcdn.com/110000-inspection/0c121f8c-c98e-44e2-b72d-281ac888019d_1000.jpg!m_fill,w_280,h_210,f_jpg?from=ke.com
20231106,朝阳,东大桥,101121335453,兵器部家属楼 交通便利 精装修 采光充足 通透户型,380万,87037元/平,高楼层 (共14层) | 1980年 | 2室0厅 | 43.66平米 | 南 北,https://ke-image.ljcdn.com/110000-inspection/pc1_EPsrReNzZ.jpg!m_fill,w_280,h_210,f_jpg?from=ke.com
20231106,朝阳,东大桥,101121320145,呼家楼向军南里  1993年楼龄新 带电梯,515万,80658元/平,中楼层 (共22层) 2室1厅 | 63.85平米 | 东南,https://ke-image.ljcdn.com/110000-inspection/07e6470c-1194-42d2-9e69-2f8de3e7bc96_1000.jpg!m_fill,w_280,h_210,f_jpg?from=ke.com
20231106,朝阳,东大桥,101121260041,关东店北街 南向两居室 高楼层 采光好房主自荐,618万,99023元/平,高楼层 (共18层) | 1989年 | 2室1厅 | 62.41平米 | 南,https://ke-image.ljcdn.com/110000-inspection/a5bc5f5b-5f86-4de1-94ba-7e462704e2e2_1000.jpg!m_fill,w_280,h_210,f_jpg?from=ke.com
20231106,朝阳,东大桥,101121250568,可以贷款300万  新装修  无抵押 高楼层,656万,59822元/平,中楼层 (共30层) 1室1厅 | 109.66平米 | 西,https://ke-image.ljcdn.com/110000-inspection/77b8b015-83da-4c47-b383-da17701c680c_1000.jpg!m_fill,w_280,h_210,f_jpg?from=ke.com
20231106,朝阳,东大桥,101121215369,此房是边户东南北三面采光明厨明卫地暖二次装修,2450万,92324元/平,低楼层 (共21层) | 2001年 | 2室3厅 | 265.37平米 | 南 北 东,https://ke-image.ljcdn.com/110000-inspection/pc1_bwvVxmH11.jpg!m_fill,w_280,h_210,f_jpg?from=ke.com
20231106,朝阳,东大桥,101121184976,芳草地 东大桥东里 两居室 1992年海关家属楼,398万,80129元/平,高楼层 (共6层) | 1992年 | 2室1厅 | 49.67平米 | 东 西,https://ke-image.ljcdn.com/110000-inspection/pc1_4nDVdbvSS_2.jpg!m_fill,w_280,h_210,f_jpg?from=ke.com
20231106,朝阳,东大桥,101121145348,高层边户四居室满五唯一明厨明卫采光好。,2480万,96199元/平,中楼层 (共31层) | 2001年 | 4室1厅 | 257.8平米 | 东 南 北,https://ke-image.ljcdn.com/110000-inspection/d99f2f60-b08a-465d-8320-220546ff260e_1000.jpg!m_fill,w_280,h_210,f_jpg?from=ke.com
20231106,朝阳,东大桥,101121136576,新城国际 高楼层复式三居室 视野好 采光好,1950万,100237元/平,中楼层 (共30层) | 2006年 | 3室2厅 | 194.54平米 | 西北,https://ke-image.ljcdn.com/110000-inspection/2e0a4787-51e7-47ba-a53f-0828464eae6c_1000.jpg!m_fill,w_280,h_210,f_jpg?from=ke.com
20231106,朝阳,东大桥,101121123317,呼家楼向军南里临地铁 楼龄新两居室,565万,84937元/平,低楼层 (共22层) | 1993年 | 2室1厅 | 66.52平米 | 西南,https://ke-image.ljcdn.com/110000-inspection/pc1_OeNCkbTLG_1.jpg!m_fill,w_280,h_210,f_jpg?from=ke.com
20231106,朝阳,东大桥,101121065002,此房楼层高视野好有钥匙看房随时正规3居室,619万,91555元/平,高楼层 (共15层) | 1984年 | 3室1厅 | 67.61平米 | 东北,https://ke-image.ljcdn.com/110000-inspection/8342d2b8-3bfc-4b9c-91cb-318802c7f24f_1000.jpg!m_fill,w_280,h_210,f_jpg?from=ke.com
20231106,朝阳,东大桥,101121061207,世贸国际公寓二次精装修一居看小区花园视野开阔无遮挡,780万,104098元/平,中楼层 (共30层) | 2001年 | 1室1厅 | 74.93平米 | 北,https://ke-image.ljcdn.com/110000-inspection/077ebb33-8379-4cc1-8dcf-123c08969303_1000.jpg!m_fill,w_280,h_210,f_jpg?from=ke.com
20231106,朝阳,东大桥,101121008087,新城国际二期特殊3居户型 主卧次卧双面采光双明卫设计,2300万,120457元/平,中楼层 (共24层) | 2005年 | 3室2厅 | 190.94平米 | 西南,https://ke-image.ljcdn.com/110000-inspection/pc1_71n2fLWQD.jpg!m_fill,w_280,h_210,f_jpg?from=ke.com
20231106,朝阳,东大桥,101120996810,关东店北街 正规三居室 中间楼层 无遮挡 采光充足,640万,94326元/平,中楼层 (共5层) | 1978年 | 3室1厅 | 67.85平米 | 南 北,https://ke-image.ljcdn.com/110000-inspection/1cf59200-2ab3-4fcf-8ebf-4bb529381452_1000.jpg!m_fill,w_280,h_210,f_jpg?from=ke.com
20231106,朝阳,东大桥,101120984143,工人体育场南路小区 高楼层三居室,512万,74811元/平,高楼层 (共6层) | 1987年 | 3室1厅 | 68.44平米 | 东 西,https://ke-image.ljcdn.com/110000-inspection/pc1_AzEP3iXGo_1.jpg!m_fill,w_280,h_210,f_jpg?from=ke.com
20231106,朝阳,东大桥,101120980548,圣世一品西南向方正复式四居室视野好,2090万,179940元/平,高楼层 (共22层) | 2010年 | 4室2厅 | 116.15平米 | 西南,https://ke-image.ljcdn.com/110000-inspection/afb14a00-bfd5-4f8f-bd4b-fec6deff9f48_1000.jpg!m_fill,w_280,h_210,f_jpg?from=ke.com
20231106,朝阳,东大桥,101120913596,SOHO尚都 1室0厅 南,1150万,41076元/平,中楼层 (共32层) | 2007年 | 1室0厅 | 279.97平米 | 南,https://ke-image.ljcdn.com/110000-inspection/b4204bc2-5b9e-40a4-8be2-d3612ccfc46b_1000.jpg!m_fill,w_280,h_210,f_jpg?from=ke.com
20231106,朝阳,东大桥,101120910211,新城国际 1室1厅 北,880万,116403元/平,高楼层 (共25层) | 2008年 | 1室1厅 | 75.6平米 | 北,https://ke-image.ljcdn.com/110000-inspection/a409d261-4ea8-4b7e-bd64-b3d12e221c5e_1000.jpg!m_fill,w_280,h_210,f_jpg?from=ke.com
20231106,朝阳,东大桥,101120908006,新城国际四期全新装修的两居室,1500万,111550元/平,低楼层 (共30层) | 2008年 | 2室1厅 | 134.47平米 | 南 西,https://ke-image.ljcdn.com/110000-inspection/5d09a993-f14c-4f7d-af29-52105e206c63_1000.jpg!m_fill,w_280,h_210,f_jpg?from=ke.com
20231106,朝阳,东大桥,101120891443,国贸北侧满五年唯一把边户型楼层高视野开阔无遮挡,2500万,96709元/平,高楼层 (共21层) | 2001年 | 4室3厅 | 258.51平米 | 东 北 南,https://ke-image.ljcdn.com/110000-inspection/11b33427-ff2f-457f-9218-f6c9f4874a17_1000.jpg!m_fill,w_280,h_210,f_jpg?from=ke.com
20231106,朝阳,东大桥,101120883944,新城国际4期2008年建成双供暖东南观景,1750万,126748元/平,高楼层 (共27层) 2室2厅 | 138.07平米 | 东 东南,https://ke-image.ljcdn.com/110000-inspection/672fea8e-2899-4f0e-b268-0b20c9c982e4_1000.jpg!m_fill,w_280,h_210,f_jpg?from=ke.com
20231106,朝阳,东大桥,101120868215,东大桥电梯精装三居室高楼层精装白家庄和八十,790万,100446元/平,高楼层 (共14层) | 1989年 | 3室1厅 | 78.65平米 | 南 西,https://ke-image.ljcdn.com/110000-inspection/7acc118c-ae98-4db2-93c9-3d215f154cda_1000.jpg!m_fill,w_280,h_210,f_jpg?from=ke.com
20231106,朝阳,东大桥,101120861578,二装房源房况好满五唯一仅契税欢迎来看,1499万,114071元/平,中楼层 (共31层) 2室1厅 | 131.41平米 | 东南,https://ke-image.ljcdn.com/110000-inspection/446b3978-986e-4ba9-a1f7-c97cfba74055_1000.jpg!m_fill,w_280,h_210,f_jpg?from=ke.com
20231106,朝阳,东大桥,101120855422,白家庄+八十精装三居可当两套房用不临街为占用,823万,102978元/平,顶层 (共6层) 3室1厅 | 79.92平米 | 南 北,https://ke-image.ljcdn.com/110000-inspection/pc1_LX7zkvyCx_2.jpg!m_fill,w_280,h_210,f_jpg?from=ke.com
20231106,朝阳,东大桥,101120842139,圣世一品东向一居室静谧观花园,790万,97652元/平,中楼层 (共21层) | 2010年 | 1室1厅 | 80.9平米 | 东,https://ke-image.ljcdn.com/110000-inspection/pc1_dpS8USm1g_2.jpg!m_fill,w_280,h_210,f_jpg?from=ke.com
20231106,朝阳,东大桥,101120839663,诚意出售、高层可观景西山西南北通透保养好。,3965万,130005元/平,高楼层 (共57层) | 2008年 | 3室2厅 | 304.99平米 | 南 西 北,https://ke-image.ljcdn.com/110000-inspection/adf3bb10-54a7-48dc-b66b-04c68a61749b_1000.jpg!m_fill,w_280,h_210,f_jpg?from=ke.com
20231106,朝阳,东大桥,101120820194,中间楼层南北通透  全明格局,715万,105024元/平,中楼层 (共6层) | 1981年 | 2室1厅 | 68.08平米 | 南 北,https://ke-image.ljcdn.com/110000-inspection/c2456183-88ef-4b51-bd5d-fbb6a2f92305_1000.jpg!m_fill,w_280,h_210,f_jpg?from=ke.com
20231106,朝阳,东大桥,101120805237,新城国际 东南向 实用观景3居室  产权清晰 满五唯一房主自荐,1760万,119395元/平,低楼层 (共31层) | 2005年 | 3室2厅 | 147.41平米 | 东南,https://ke-image.ljcdn.com/110000-inspection/6824547d-3e1c-4450-be76-5c1e9398ff62_1000.jpg!m_fill,w_280,h_210,f_jpg?from=ke.com
20231106,朝阳,东大桥,101120750509,世贸国际公寓 二次精装修 次顶层视野好 南北通透 边户,2600万,98567元/平,高楼层 (共30层) | 2001年 | 4室2厅 | 263.78平米 | 东 南 北,https://ke-image.ljcdn.com/110000-inspection/5480e50d-020b-4fc5-96f4-c59843de611b_1000.jpg!m_fill,w_280,h_210,f_jpg?from=ke.com
20231106,朝阳,东大桥,101120683487,京水公寓 2003年商品房 两梯三户 诚意售,900万,99668元/平,高楼层 (共14层) 1室2厅 | 90.3平米 | 东,https://ke-image.ljcdn.com/110000-inspection/8c8df636-9b7d-4d8a-9441-a3cf062ba0c6_1000.jpg!m_fill,w_280,h_210,f_jpg?from=ke.com
20231106,朝阳,东大桥,101120650998,工体南路 满五年  高楼层 业主诚意,348万,82173元/平,高楼层 (共18层) | 1987年 | 1室1厅 | 42.35平米 | 南,https://ke-image.ljcdn.com/110000-inspection/pc1_u46GMnaMr.jpg!m_fill,w_280,h_210,f_jpg?from=ke.com
20231106,朝阳,东大桥,101120645046,观景CBD 南北通透三居满五年唯一,2280万,97934元/平,中楼层 (共22层) | 2010年 | 3室2厅 | 232.81平米 | 南 北,https://ke-image.ljcdn.com/110000-inspection/26cde1c7-cd10-49f5-91c9-f3caa499b8fa_1000.jpg!m_fill,w_280,h_210,f_jpg?from=ke.com
20231106,朝阳,东大桥,101120598648,满五唯一看房有钥匙业主重新装修过看CBD花园,1700万,128866元/平,中楼层 (共24层) | 2005年 | 2室2厅 | 131.92平米 | 西南,https://ke-image.ljcdn.com/110000-inspection/pc1_GAOr7XWxL.jpg!m_fill,w_280,h_210,f_jpg?from=ke.com
20231106,朝阳,东大桥,101120576703,南向复式两居室动静区分离二次精装修可拎包入住,1699万,96120元/平,低楼层 (共20层) | 2001年 | 2室2厅 | 176.76平米 | 南,https://ke-image.ljcdn.com/110000-inspection/pc1_EIkeNeI31.jpg!m_fill,w_280,h_210,f_jpg?from=ke.com
20231106,朝阳,东大桥,101120490327,Penthouse【顶层复式】空中阳台和花园观国贸中国尊,5680万,177539元/平,顶层 (共27层) | 2008年 | 4室2厅 | 319.93平米 | 南 北,https://ke-image.ljcdn.com/110000-inspection/d1d3abc8-da6c-448e-8151-8ba9f2c55f4b_1000.jpg!m_fill,w_280,h_210,f_jpg?from=ke.com
20231106,朝阳,东大桥,101120435621,【世贸复式】楼下客厅楼上卧室动静分离满五唯一,1720万,97728元/平,中楼层 (共20层) 2室1厅 | 176平米 | 南,https://ke-image.ljcdn.com/110000-inspection/774db0e0-822b-40db-b26d-20ebcd9b354a_1000.jpg!m_fill,w_280,h_210,f_jpg?from=ke.com
20231106,朝阳,东大桥,101120360137,新城国际满五唯一正规一居室带燃气视野很好,1080万,123939元/平,中楼层 (共33层) | 2003年 | 1室1厅 | 87.14平米 | 东,https://ke-image.ljcdn.com/110000-inspection/41158171-9ede-44be-8739-a4b7f978bb38_1000.jpg!m_fill,w_280,h_210,f_jpg?from=ke.com
20231106,朝阳,东大桥,101120315835,看小区花园 中国尊央视东三环景观无遮挡,850万,94183元/平,低楼层 (共42层) 1室1厅 | 90.25平米 | 南,https://ke-image.ljcdn.com/110000-inspection/4e9b6660-f254-4ab2-8667-551c3d44ffa2_1000.jpg!m_fill,w_280,h_210,f_jpg?from=ke.com
20231106,朝阳,东大桥,101120295922,世贸国际公寓 二次精装修 高层南向 复式户型 拎包入住,1690万,96023元/平,高楼层 (共21层) 2室1厅 | 176平米 | 南,https://ke-image.ljcdn.com/110000-inspection/8b7bf96e-065a-4f58-b941-df7271b3e568_1000.jpg!m_fill,w_280,h_210,f_jpg?from=ke.com
20231106,朝阳,东大桥,101120206587,公司产权契税 高楼层59层 视野开阔采光无遮挡,5700万,129767元/平,高楼层 (共57层) | 2008年 | 4室2厅 | 439.25平米 | 东 南 北,https://ke-image.ljcdn.com/110000-inspection/fddfba42-1ffa-4636-a8d8-6ff2f0e55961_1000.jpg!m_fill,w_280,h_210,f_jpg?from=ke.com
20231106,朝阳,东大桥,101120092478,双采光明卫正规三居室落地窗物业管理好,1450万,87587元/平,低楼层 (共42层) | 2005年 | 3室1厅 | 165.55平米 | 东 北,https://ke-image.ljcdn.com/110000-inspection/pc1_MtFdRBmJ5.jpg!m_fill,w_280,h_210,f_jpg?from=ke.com
20231106,朝阳,东大桥,101120010244,新城国际四期视野看小区花园视野很好精装修,880万,108322元/平,顶层 (共6层) | 2008年 | 1室1厅 | 81.24平米 | 北,https://ke-image.ljcdn.com/110000-inspection/02962363-0fe0-4633-8c21-6a55a19eef7e_1000.jpg!m_fill,w_280,h_210,f_jpg?from=ke.com
20231106,朝阳,东大桥,101119966215,新城国际+精装四居室+南北通透+满眼都是绿色+采光好房主自荐,2800万,118765元/平,低楼层 (共24层) | 2005年 | 4室1厅 | 235.76平米 | 西南 东北,https://ke-image.ljcdn.com/110000-inspection/pc1_n4STNdKU4.jpg!m_fill,w_280,h_210,f_jpg?from=ke.com
20231106,朝阳,东大桥,101119896059,圣世一品 双层跃层 1梯1户 私享电梯 直观园林,3450万,97074元/平,中楼层 (共22层) 4室2厅 | 355.4平米 | 南,https://ke-image.ljcdn.com/110000-inspection/33f30367-07dd-40e3-8e5e-6a89c034350d_1000.jpg!m_fill,w_280,h_210,f_jpg?from=ke.com
20231106,朝阳,东大桥,101119852236,新城国际+四期+三面采光+正南+明卫+视野开阔房主自荐,1480万,117545元/平,中楼层 (共30层) 2室1厅 | 125.91平米 | 东南 西南 南,https://ke-image.ljcdn.com/110000-inspection/e4f19920-667c-4816-b0f6-f5ee37f4ab1d_1000.jpg!m_fill,w_280,h_210,f_jpg?from=ke.com
20231106,朝阳,东大桥,101119683954,世茂宫园 高楼层 正规一居室 外置阳台 随时签约,998万,90777元/平,高楼层 (共27层) | 2004年 | 1室1厅 | 109.94平米 | 北,https://ke-image.ljcdn.com/110000-inspection/pc1_Ajs0K8Hzo_1.jpg!m_fill,w_280,h_210,f_jpg?from=ke.com
20231106,朝阳,东大桥,101119659852,四站换乘 优质房源 满五唯一 三居 电梯房 精装修,548万,78297元/平,低楼层 (共12层) | 1980年 | 3室1厅 | 69.99平米 | 东 西,https://ke-image.ljcdn.com/110000-inspection/pc1_UpV8Lko06.jpg!m_fill,w_280,h_210,f_jpg?from=ke.com
20231106,朝阳,东大桥,101119652339,新城国际  随时看房 业主在京 随时签约,728万,84192元/平,中楼层 (共8层) | 2003年 | 1室1厅 | 86.47平米 | 北,https://ke-image.ljcdn.com/110000-inspection/pc1_ECUoAkFJP_2.jpg!m_fill,w_280,h_210,f_jpg?from=ke.com
20231106,朝阳,东大桥,101119605589,南北通透钢混结构楼龄新 户型方正,605万,99918元/平,高楼层 (共6层) | 1986年 | 2室1厅 | 60.55平米 | 南 北,https://ke-image.ljcdn.com/110000-inspection/f9ddcba5-c3ee-4bb2-8d01-da1590c87c74_1000.jpg!m_fill,w_280,h_210,f_jpg?from=ke.com
20231106,朝阳,东大桥,101119518406,新城国际 4期开间 落地窗 满五唯一,960万,126985元/平,中楼层 (共25层) | 2008年 | 1室1厅 | 75.6平米 | 北,https://ke-image.ljcdn.com/110000-inspection/30c9a256-7c1e-4690-a658-633747292619_1000.jpg!m_fill,w_280,h_210,f_jpg?from=ke.com
20231106,朝阳,东大桥,101119497652,新城国际 小户型 满五年 看小区花园 安静舒适 全水暖房主自荐,719万,114582元/平,中楼层 (共31层) | 2005年 | 1室0厅 | 62.75平米 | 西北,https://ke-image.ljcdn.com/110000-inspection/8ee964d5-8c3e-4722-be9d-5ad526e8c4c7_1000.jpg!m_fill,w_280,h_210,f_jpg?from=ke.com
20231106,朝阳,东大桥,101119472452,中间楼层  东北向一居有燃气  满五唯一,990万,113260元/平,中楼层 (共33层) 1室1厅 | 87.41平米 | 西北,https://ke-image.ljcdn.com/110000-inspection/pc1_UnbAD38qs.jpg!m_fill,w_280,h_210,f_jpg?from=ke.com
20231106,朝阳,东大桥,101119469870,东大桥 国贸三环内 关东店南街正规两居室满五年唯一,420万,73620元/平,中楼层 (共7层) | 1994年 | 2室1厅 | 57.05平米 | 东 西,https://ke-image.ljcdn.com/110000-inspection/022ce32b-54d2-4482-8def-b4c1c5a0d2e6_1000.jpg!m_fill,w_280,h_210,f_jpg?from=ke.com
20231106,朝阳,东大桥,101119426014,精装修 新城四期 满五唯一 落地窗,818万,108202元/平,中楼层 (共25层) | 2008年 | 1室0厅 | 75.6平米 | 北,https://ke-image.ljcdn.com/110000-inspection/831aeffc-b4ab-490e-ba18-3b857706b489_1000.jpg!m_fill,w_280,h_210,f_jpg?from=ke.com
20231106,朝阳,东大桥,101119426005,新装修 南向正规一居室 带衣帽间,790万,87535元/平,低楼层 (共42层) | 2005年 | 1室1厅 | 90.25平米 | 南,https://ke-image.ljcdn.com/110000-inspection/pc1_tygrx4Uiy.jpg!m_fill,w_280,h_210,f_jpg?from=ke.com
20231106,朝阳,东大桥,101119422597,新城国际+动静分离+中高楼层+视野开阔+采光充足+新装房主自荐,1850万,103439元/平,中楼层 (共29层) | 2003年 | 3室2厅 | 178.85平米 | 西南,https://ke-image.ljcdn.com/110000-inspection/ddff7f87-a5a0-4619-8897-971f2f686ac3_1000.jpg!m_fill,w_280,h_210,f_jpg?from=ke.com
20231106,朝阳,东大桥,101119388493,【边户】西南北三面采光+板楼得房率83%+明厨明卫房主自荐,2448万,93325元/平,中楼层 (共30层) | 2001年 | 3室2厅 | 262.31平米 | 南 西 北,https://ke-image.ljcdn.com/110000-inspection/ecc83528-2117-4867-85bd-dedeebed6b33_1000.jpg!m_fill,w_280,h_210,f_jpg?from=ke.com
20231106,朝阳,东大桥,101119356332,圣世一品 高楼层2居室 保养好 视野好 我遮挡房主自荐,1398万,91040元/平,高楼层 (共21层) 2室2厅 | 153.56平米 | 西,https://ke-image.ljcdn.com/110000-inspection/pc1_PW5ahC8Vz_1.jpg!m_fill,w_280,h_210,f_jpg?from=ke.com
20231106,朝阳,东大桥,101119333584,高楼层双采光明卫正规三居室落地窗物业管理好,1550万,92993元/平,高楼层 (共42层) | 2005年 | 3室1厅 | 166.68平米 | 东北,https://ke-image.ljcdn.com/110000-inspection/39043059-f695-4fcf-bc4b-bd6f343397f3_1000.jpg!m_fill,w_280,h_210,f_jpg?from=ke.com
20231106,朝阳,东大桥,101119323948,可以贷款500万  给交易周期   观全景花园景观漂亮,865万,119509元/平,低楼层 (共30层) 1室0厅 | 72.38平米 | 东,https://ke-image.ljcdn.com/110000-inspection/pc1_rb7m8ygh9.jpg!m_fill,w_280,h_210,f_jpg?from=ke.com
20231106,朝阳,东大桥,101119278524,四期高层带外置阳台观景国贸视野好随时看。,3550万,123815元/平,高楼层 (共27层) 4室2厅 | 286.72平米 | 东南 西北,https://ke-image.ljcdn.com/110000-inspection/867d0931-4edd-4b65-8399-aacd3b96ca3b_1000.jpg!m_fill,w_280,h_210,f_jpg?from=ke.com
20231106,朝阳,东大桥,101119275011,新城国际 2室1厅 东,1500万,120803元/平,中楼层 (共29层) | 2003年 | 2室1厅 | 124.17平米 | 东,https://ke-image.ljcdn.com/110000-inspection/9189d31b-3d30-4305-b52f-499d9d8e8dc1_1000.jpg!m_fill,w_280,h_210,f_jpg?from=ke.com
20231106,朝阳,东大桥,101119203999,新城国际一期正规一居室带燃气视野无遮挡,999万,112425元/平,低楼层 (共32层) | 2003年 | 1室1厅 | 88.86平米 | 西北,https://ke-image.ljcdn.com/110000-inspection/da496efd-cc98-447a-8a65-358034f7d22c_1000.jpg!m_fill,w_280,h_210,f_jpg?from=ke.com
20231106,朝阳,东大桥,101119173132,工体东路精装修两居室近地铁中间楼层全明格局房主自荐,385万,66852元/平,中楼层 (共5层) | 1974年 | 2室1厅 | 57.59平米 | 东,https://ke-image.ljcdn.com/110000-inspection/3ba7acb8-9468-486b-9e17-6c3da518d170_1000.jpg!m_fill,w_280,h_210,f_jpg?from=ke.com
20231106,朝阳,东大桥,101119061685,世茂宫园 一梯两户 南北通透 满五年 靠谱签约,2080万,92754元/平,中楼层 (共7层) 3室2厅 | 224.25平米 | 南 北,https://ke-image.ljcdn.com/110000-inspection/pc1_xq7pNRfKx.jpg!m_fill,w_280,h_210,f_jpg?from=ke.com
20231106,朝阳,东大桥,101119034839,世贸国际公寓 新上房源 南北通透 满五年唯一 无抵押房主自荐,2500万,96709元/平,中楼层 (共21层) 3室2厅 | 258.51平米 | 南 北,https://ke-image.ljcdn.com/110000-inspection/8feeb0f2-c0e4-4cbd-98d0-70edef22812f_1000.jpg!m_fill,w_280,h_210,f_jpg?from=ke.com
20231106,朝阳,东大桥,101119003368,满两年仅契税 有外置阳台 四期全新装修,4000万,139509元/平,低楼层 (共27层) | 2008年 | 4室1厅 | 286.72平米 | 东南 西北,https://ke-image.ljcdn.com/110000-inspection/55f2b961-288c-4b67-bb18-c478ca5acd46_1000.jpg!m_fill,w_280,h_210,f_jpg?from=ke.com
20231106,朝阳,东大桥,101118778879,呼家楼 向军南里 精装修一居室,435万,104167元/平,低楼层 (共25层) | 1993年 | 1室1厅 | 41.76平米 | 西南 西,https://ke-image.ljcdn.com/110000-inspection/bb3c8d60-a8ff-4ee6-a4ab-30bf1ea68b05_1000.jpg!m_fill,w_280,h_210,f_jpg?from=ke.com
20231106,朝阳,东大桥,101118762235,旺座中心公寓、景华南街、光华路以北住宅小区一居室,630万,57451元/平,中楼层 (共30层) | 2005年 | 1室1厅 | 109.66平米 | 西,https://ke-image.ljcdn.com/110000-inspection/pc1_pAAt4Y7VO.jpg!m_fill,w_280,h_210,f_jpg?from=ke.com
20231106,朝阳,东大桥,101118710414,新城高层两居博洛尼精装主力两居户型满五唯一,1560万,114211元/平,中楼层 (共29层) | 2003年 | 2室1厅 | 136.59平米 | 西南,https://ke-image.ljcdn.com/110000-inspection/pc1_lofZOgCNJ.jpg!m_fill,w_280,h_210,f_jpg?from=ke.com
20231106,朝阳,东大桥,101118710281,国贸精装修一居室 视野无遮挡 看房方便 诚意卖,725万,83603元/平,低楼层 (共42层) 1室1厅 | 86.72平米 | 北,https://ke-image.ljcdn.com/110000-inspection/pc1_q5JNlfWfj.jpg!m_fill,w_280,h_210,f_jpg?from=ke.com
20231106,朝阳,东大桥,101118684693,圣世一品 精装修2居室 1梯1户 诚意出售 配合签约,1470万,94056元/平,低楼层 (共22层) 2室1厅 | 156.29平米 | 西北,https://ke-image.ljcdn.com/110000-inspection/76f66c44-3abe-47ac-9a30-e6407dfbed30_1000.jpg!m_fill,w_280,h_210,f_jpg?from=ke.com
20231106,朝阳,东大桥,101118630910,四期高层两居室保养好带明卫满五唯一观景国贸。,1490万,118339元/平,高楼层 (共30层) 2室1厅 | 125.91平米 | 西南,https://ke-image.ljcdn.com/110000-inspection/71d62d2e-ad79-443c-aa2f-690cd997c489_1000.jpg!m_fill,w_280,h_210,f_jpg?from=ke.com
20231106,朝阳,东大桥,101118591343,【板楼】得房率83%+南北通透+正对小区花园+满五唯一房主自荐,2450万,92467元/平,中楼层 (共29层) | 2001年 | 3室2厅 | 264.96平米 | 南 北,https://ke-image.ljcdn.com/110000-inspection/776a8bcd-1365-441e-ab21-53b8ce53468e_1000.jpg!m_fill,w_280,h_210,f_jpg?from=ke.com
20231106,朝阳,东大桥,101118548875,御金台高层观景房 诚意出售 满五年唯一 看房方便,2450万,104701元/平,高楼层 (共57层) 3室2厅 | 234平米 | 北,https://ke-image.ljcdn.com/110000-inspection/eef5f85f-eecc-40a0-ba6b-36e2bb08944a_1000.jpg!m_fill,w_280,h_210,f_jpg?from=ke.com
20231106,朝阳,东大桥,101118528933,三期楼龄新双供暖对CBD花园主力两居随时看。,1895万,139380元/平,中楼层 (共31层) | 2006年 | 2室1厅 | 135.96平米 | 西南,https://ke-image.ljcdn.com/110000-inspection/e6d18530-0f23-4c38-87e1-73c78c306b6d_1000.jpg!m_fill,w_280,h_210,f_jpg?from=ke.com
20231106,朝阳,东大桥,101118512733,【Studio】新城开间各功能间齐全麻雀虽小五脏俱全,725万,116093元/平,中楼层 (共31层) | 2005年 | 1室0厅 | 62.45平米 | 西北,https://ke-image.ljcdn.com/110000-inspection/1f8a663b-edea-428e-a8f4-98f7cb672955_1000.jpg!m_fill,w_280,h_210,f_jpg?from=ke.com
20231106,朝阳,东大桥,101118376427,北京财富中心南向正规一居室 看国贸中国尊 视野无遮挡,818万,81305元/平,低楼层 (共42层) 2室1厅 | 100.61平米 | 南,https://ke-image.ljcdn.com/110000-inspection/pc1_RLIhZNxNk.jpg!m_fill,w_280,h_210,f_jpg?from=ke.com
20231106,朝阳,东大桥,101118335435,工体南路 满五年户型方正 有钥匙 看房随时,355万,83217元/平,中楼层 (共18层) | 1987年 | 1室1厅 | 42.66平米 | 南,https://ke-image.ljcdn.com/110000-inspection/pc1_7Clqbqc0v.jpg!m_fill,w_280,h_210,f_jpg?from=ke.com
20231106,朝阳,东大桥,101118191165,北京国贸北侧楼层高南北通透三居管理好。单价低,1820万,90042元/平,中楼层 (共42层) | 2005年 | 3室2厅 | 202.13平米 | 南 西 北,https://ke-image.ljcdn.com/110000-inspection/959be6f9-6c85-4349-aec2-e22b1cbd46b0_1000.jpg!m_fill,w_280,h_210,f_jpg?from=ke.com
20231106,朝阳,东大桥,101118125982,北京财富中心 西南向两居室户型方正 设计合理,1150万,93171元/平,低楼层 (共42层) | 2005年 | 2室2厅 | 123.43平米 | 南 西,https://ke-image.ljcdn.com/110000-inspection/pc1_whnbLZ7Ea.jpg!m_fill,w_280,h_210,f_jpg?from=ke.com
20231106,朝阳,东大桥,101118059489,首套费7万满五年唯一全南2+1无遮挡看国贸房主自荐,1420万,88535元/平,中楼层 (共42层) | 2005年 | 2室1厅 | 160.39平米 | 南,https://ke-image.ljcdn.com/110000-inspection/pc1_fjUrz9XNl.jpg!m_fill,w_280,h_210,f_jpg?from=ke.com
20231106,朝阳,东大桥,101118030735,业主精心装修可以直接拎包入住少有看花园景观,1298万,85995元/平,低楼层 (共42层) | 2005年 | 2室1厅 | 150.94平米 | 东,https://ke-image.ljcdn.com/110000-inspection/prod-10596f26-2d14-48c8-811c-da7305eb2683.jpg!m_fill,w_280,h_210,f_jpg?from=ke.com
20231106,朝阳,东大桥,101118025631,新城国际三居新装修+新风+双供暖已沟通好签约细节,2230万,117307元/平,低楼层 (共33层) 3室1厅 | 190.1平米 | 东南 西北,https://ke-image.ljcdn.com/110000-inspection/ad296a23-c919-4285-9827-a9e36cf22a7e_1000.jpg!m_fill,w_280,h_210,f_jpg?from=ke.com
20231106,朝阳,东大桥,101118014517,新城国际四期高层开间户型仅契税,920万,127107元/平,高楼层 (共30层) | 2008年 | 1室0厅 | 72.38平米 | 东,https://ke-image.ljcdn.com/110000-inspection/cde5f531-7944-4527-85fe-ea425648375d_1000.jpg!m_fill,w_280,h_210,f_jpg?from=ke.com
20231106,朝阳,东大桥,101117989167,此房满五唯一视野开阔南北通透。业主时间方便,1730万,92732元/平,高楼层 (共30层) | 2001年 | 2室2厅 | 186.56平米 | 南 北,https://ke-image.ljcdn.com/110000-inspection/4075f2f3-24c4-44f7-82a7-94fa4b6b462d_1000.jpg!m_fill,w_280,h_210,f_jpg?from=ke.com
20231106,朝阳,东大桥,101117947119,南北通透两居室二次装修可以拎包入住省时省力。,1849万,99404元/平,低楼层 (共30层) | 2001年 | 2室2厅 | 186.01平米 | 南 北,https://ke-image.ljcdn.com/110000-inspection/pc1_wpnaK8kdz_1.jpg!m_fill,w_280,h_210,f_jpg?from=ke.com
20231106,朝阳,东大桥,101117943312,东南向采光充足 视野无遮挡 看国贸中国尊央视,1480万,88538元/平,低楼层 (共42层) | 2005年 | 3室2厅 | 167.16平米 | 东南,https://ke-image.ljcdn.com/110000-inspection/7a4f70c1-a5f2-40e1-8b9e-6f1f41c6e5a1_1000.jpg!m_fill,w_280,h_210,f_jpg?from=ke.com
20231106,朝阳,东大桥,101117881748,高层东向两居室 有电梯 视野好 大阳台 诚意卖,509万,92630元/平,高楼层 (共16层) | 1988年 | 2室1厅 | 54.95平米 | 东,https://ke-image.ljcdn.com/110000-inspection/9d0a28ee-690a-4062-9760-9c6e111a546b_1000.jpg!m_fill,w_280,h_210,f_jpg?from=ke.com
20231106,朝阳,东大桥,101117846625,新城国际3期 满五唯一北向户型方正 二次装修看小区,965万,123608元/平,高楼层 (共29层) | 2006年 | 1室1厅 | 78.07平米 | 北,https://ke-image.ljcdn.com/110000-inspection/pc1_r0M6oSvDW_2.jpg!m_fill,w_280,h_210,f_jpg?from=ke.com
20231106,朝阳,东大桥,101117839149,白家庄核桃园北里南向一居室诚意出售,495万,113040元/平,顶层 (共15层) | 1987年 | 1室1厅 | 43.79平米 | 南,https://ke-image.ljcdn.com/110000-inspection/pc1_abzyFJIBw_1.jpg!m_fill,w_280,h_210,f_jpg?from=ke.com
20231106,朝阳,东大桥,101117838714,世茂宫园 正规三居室 带保姆间 诚意出售 可以看房,1380万,69987元/平,低楼层 (共27层) | 2004年 | 3室2厅 | 197.18平米 | 南 北,https://ke-image.ljcdn.com/110000-inspection/853aa6d3-ac9d-4d8a-ad53-bc92e0e8d254_1000.jpg!m_fill,w_280,h_210,f_jpg?from=ke.com
20231106,朝阳,东大桥,101117838699,世茂宫园 客厅有遮挡 满五年 可看房 随时签约,1400万,69150元/平,低楼层 (共27层) | 2004年 | 3室2厅 | 202.46平米 | 北 南,https://ke-image.ljcdn.com/110000-inspection/e153fc50-c3b8-406f-a05b-d73ede267d37_1000.jpg!m_fill,w_280,h_210,f_jpg?from=ke.com
20231106,朝阳,东大桥,101117837207,向军北里 南向两居室 高层不临街 采光视野好 楼道干净,469万,92780元/平,顶层 (共5层) | 1980年 | 2室1厅 | 50.55平米 | 南,https://ke-image.ljcdn.com/110000-inspection/pc1_uTi1LQrT0.jpg!m_fill,w_280,h_210,f_jpg?from=ke.com
20231106,朝阳,东大桥,101117837123,关东店南街南向两居室 近国贸金台夕照房主自荐,535万,75726元/平,中楼层 (共18层) | 1987年 | 2室1厅 | 70.65平米 | 南,https://ke-image.ljcdn.com/110000-inspection/prod-8b040517-35a9-4788-bee9-80b4ac6ff119.jpg!m_fill,w_280,h_210,f_jpg?from=ke.com
20231106,朝阳,东大桥,101117828976,【工体东路】【全明格局】【楼龄较新】【公积金商贷】,299万,82256元/平,底层 (共22层) | 1991年 | 1室1厅 | 36.35平米 | 东,https://ke-image.ljcdn.com/110000-inspection/9fddbec5-6cf9-4194-aeca-46d2db3c91e2_1000.jpg!m_fill,w_280,h_210,f_jpg?from=ke.com
20231106,朝阳,东大桥,101117657280,东三环国贸近地铁满五可贷款东南大三居田字格户型,618万,77923元/平,低楼层 (共18层) | 1987年 | 3室1厅 | 79.31平米 | 东南 东 南,https://ke-image.ljcdn.com/110000-inspection/pc1_SDpXx8bDk.jpg!m_fill,w_280,h_210,f_jpg?from=ke.com
20231106,朝阳,东大桥,101117225017,看国贸中国尊 视野无遮挡南向采光好 看房方便房主自荐,2290万,90830元/平,高楼层 (共42层) | 2005年 | 3室1厅 | 252.12平米 | 南,https://ke-image.ljcdn.com/110000-inspection/c670edde-6b46-4954-8df8-79a99ae28425_1000.jpg!m_fill,w_280,h_210,f_jpg?from=ke.com
20231106,朝阳,东大桥,101117142927,世贸国际公寓 北向一居室 看小区花园 视野开阔无遮挡,700万,93421元/平,中楼层 (共30层) | 2001年 | 1室1厅 | 74.93平米 | 北,https://ke-image.ljcdn.com/110000-inspection/pc1_sryg7ae9r.jpg!m_fill,w_280,h_210,f_jpg?from=ke.com
20231106,朝阳,东大桥,101117130676,新城国际三居 通透户型 满五唯一 二次装修过,1950万,120045元/平,高楼层 (共29层) | 2003年 | 3室1厅 | 162.44平米 | 东 西,https://ke-image.ljcdn.com/110000-inspection/72e1a18c-0ff1-4b9d-9bb6-3d907167cab7_1000.jpg!m_fill,w_280,h_210,f_jpg?from=ke.com
20231106,朝阳,东大桥,101117111660,向军北里双东向两居室 满五年唯一,559万,92950元/平,低楼层 (共18层) | 1990年 | 2室1厅 | 60.14平米 | 东 西,https://ke-image.ljcdn.com/110000-inspection/e7b24b0c-03d4-4586-9a97-72566182633b_1000.jpg!m_fill,w_280,h_210,f_jpg?from=ke.com
20231106,朝阳,东大桥,101117008524,新城国际+满五唯一+精装修+安静不临街+私密性好+诚意房主自荐,925万,118484元/平,低楼层 (共29层) | 2006年 | 1室0厅 | 78.07平米 | 北,https://ke-image.ljcdn.com/110000-inspection/pc1_VydRbqE4a_2.jpg!m_fill,w_280,h_210,f_jpg?from=ke.com
20231106,朝阳,东大桥,101116787742,新城国际正南向两居室高楼层,1880万,137669元/平,高楼层 (共29层) 2室2厅 | 136.56平米 | 南,https://ke-image.ljcdn.com/110000-inspection/pc1_zmfADxqaq.jpg!m_fill,w_280,h_210,f_jpg?from=ke.com
20231106,朝阳,东大桥,101116439845,新城国际3期 满五唯一 户型方正二次装修,925万,118484元/平,低楼层 (共29层) | 2006年 | 1室1厅 | 78.07平米 | 北,https://ke-image.ljcdn.com/110000-inspection/pc1_IX2VpLIug.jpg!m_fill,w_280,h_210,f_jpg?from=ke.com
20231106,朝阳,东大桥,101115922013,新城国际视野采光好只有契税,1650万,120959元/平,低楼层 (共29层) | 2003年 | 2室2厅 | 136.41平米 | 西南,https://ke-image.ljcdn.com/110000-inspection/9564a863-1364-484e-9c0a-964b294ce6a2_1000.jpg!m_fill,w_280,h_210,f_jpg?from=ke.com
20231106,朝阳,东大桥,101114762341,新城国际+中高楼层+满五年唯一+南北通透+舒适四居房主自荐,3300万,124944元/平,中楼层 (共28层) 4室1厅 | 264.12平米 | 南 北,https://ke-image.ljcdn.com/110000-inspection/4d0b97aa-7296-4d91-b4e5-c3cd8dc91ede_1000.jpg!m_fill,w_280,h_210,f_jpg?from=ke.com
20231106,朝阳,东大桥,101114645871,世茂宫园 高楼层 视野好 房屋保养好 诚意出售,865万,81960元/平,中楼层 (共27层) | 2004年 | 1室1厅 | 105.54平米 | 北,https://ke-image.ljcdn.com/110000-inspection/f77d74f3-79c1-4a3c-a566-f441d6aef9c0_1000.jpg!m_fill,w_280,h_210,f_jpg?from=ke.com
20231106,朝阳,东大桥,101114545335,西南向两居室 户型方正 设计合理 符合大多数客,1088万,88148元/平,低楼层 (共42层) | 2005年 | 2室2厅 | 123.43平米 | 西南,https://ke-image.ljcdn.com/110000-inspection/pc1_jcDBpIUiH.jpg!m_fill,w_280,h_210,f_jpg?from=ke.com
20231106,朝阳,东大桥,101113020154,新城国际+12号楼+东西通透+大面宽+高层高,1580万,112793元/平,中楼层 (共6层) 2室2厅 | 140.08平米 | 东南 西,https://ke-image.ljcdn.com/110000-inspection/pc1_g49f41KsD_2.jpg!m_fill,w_280,h_210,f_jpg?from=ke.com
20231106,朝阳,东大桥,101112207852,新城国际一期正规一居室视野无遮挡诚意出售。,1050万,119102元/平,中楼层 (共32层) | 2003年 | 1室1厅 | 88.16平米 | 西北,https://ke-image.ljcdn.com/110000-inspection/pc1_Bd0FFzDD8_2.jpg!m_fill,w_280,h_210,f_jpg?from=ke.com
20231106,朝阳,东大桥,101110724600,新城国际高层百万装修视野采光好只有契税,2050万,115663元/平,高楼层 (共33层) | 2005年 | 3室1厅 | 177.24平米 | 西南 西北,https://ke-image.ljcdn.com/110000-inspection/pc1_hKPOcteou_2.jpg!m_fill,w_280,h_210,f_jpg?from=ke.com
20231106,朝阳,东大桥,101107716407,圣世一品顶层大户型 上下复式 独门独户,10000万,114170元/平,高楼层 (共22层) | 2010年 | 6室3厅 | 875.89平米 | 东 南 西 北,https://ke-image.ljcdn.com/110000-inspection/pc1_lk6NVs9VH_1.jpg!m_fill,w_280,h_210,f_jpg?from=ke.com
20231106,朝阳,东大桥,101106838816,此房满五年全新装修装了水暖诚意出售,2100万,116312元/平,低楼层 (共29层) | 2003年 | 3室1厅 | 180.55平米 | 东南,https://ke-image.ljcdn.com/110000-inspection/pc1_fzzF98nDh_2.jpg!m_fill,w_280,h_210,f_jpg?from=ke.com
20231106,朝阳,东大桥,101121765053,世贸国际公寓 3室2厅 南 北新上,2400万,90580元/平,低楼层 (共29层) | 2001年 | 3室2厅 | 264.96平米 | 南 北,https://s1.ljcdn.com/pegasus/redskull/images/common/default_house_list.png?_v=20231101144749021
20231106,朝阳,东大桥,101121764982,世贸国际公寓 2室1厅 南新上,1800万,99049元/平,中楼层 (共31层) | 2001年 | 2室1厅 | 181.73平米 | 南,https://s1.ljcdn.com/pegasus/redskull/images/common/default_house_list.png?_v=20231101144749021
20231106,朝阳,东大桥,101121739835,新城国际  单价9.2万 复式三居室 满五唯一新上,1650万,92272元/平,低楼层 (共29层) | 2003年 | 3室1厅 | 178.82平米 | 西南,https://ke-image.ljcdn.com/110000-inspection/50f41f7e-eed6-4c80-a03a-46bec9fe57d9_1000.jpg!m_fill,w_280,h_210,f_jpg?from=ke.com
20231106,朝阳,东大桥,101121735101,白家庄中间楼层 正规三居室南北通透新上,550万,98761元/平,中楼层 (共5层) | 1988年 | 3室1厅 | 55.69平米 | 南 北,https://s1.ljcdn.com/pegasus/redskull/images/common/default_house_list.png?_v=20231101144749021
20231106,朝阳,东大桥,101121731457,买家可以贷款303万高楼层观景中国尊+CCTV新上,690万,59933元/平,中楼层 (共30层) | 2005年 | 1室1厅 | 115.13平米 | 东,https://s1.ljcdn.com/pegasus/redskull/images/common/default_house_list.png?_v=20231101144749021
20231106,朝阳,东大桥,101121636668,国贸北侧钢混两居带电梯满五唯一可给周期,385万,66186元/平,底层 (共18层) 2室1厅 | 58.17平米 | 西 北,https://s1.ljcdn.com/pegasus/redskull/images/common/default_house_list.png?_v=20231101144749021
20231106,朝阳,东大桥,101121606177,核桃园北里 2室1厅 南 北,690万,103713元/平,底层 (共6层) | 1995年 | 2室1厅 | 66.53平米 | 南 北,https://s1.ljcdn.com/pegasus/redskull/images/common/default_house_list.png?_v=20231101144749021
20231106,朝阳,东大桥,101121443284,工体东路 南向一居室 近地铁 交通便利 诚意出售,295万,89857元/平,顶层 (共5层) | 1974年 | 1室1厅 | 32.83平米 | 南,https://s1.ljcdn.com/pegasus/redskull/images/common/default_house_list.png?_v=20231101144749021
20231106,朝阳,东大桥,101121417137,新城国际三期 东西通透 景观房,2300万,121984元/平,顶层 (共30层) 4室2厅 | 188.55平米 | 东 西,https://s1.ljcdn.com/pegasus/redskull/images/common/default_house_list.png?_v=20231101144749021
20231106,朝阳,东大桥,101121415536,新城国际 车位,35万,8061元/平,地下室 | 2006年 | 1室0厅 | 43.42平米 | 南,https://s1.ljcdn.com/pegasus/redskull/images/common/default_house_list.png?_v=20231101144749021
20231106,朝阳,东大桥,101121404293,旺座中心公寓 1室1厅 西,650万,56458元/平,低楼层 (共30层) | 2005年 | 1室1厅 | 115.13平米 | 西,https://s1.ljcdn.com/pegasus/redskull/images/common/default_house_list.png?_v=20231101144749021
20231106,朝阳,东大桥,101121400659,向军北里 双电梯 南北通透两居室 随时看房,590万,94310元/平,中楼层 (共18层) | 1990年 | 2室1厅 | 62.56平米 | 南 北,https://s1.ljcdn.com/pegasus/redskull/images/common/default_house_list.png?_v=20231101144749021
20231106,朝阳,东大桥,101121399700,观花园一居室有独立衣帽间可贷款有燃气,775万,85873元/平,低楼层 (共42层) | 2005年 | 1室1厅 | 90.25平米 | 南,https://s1.ljcdn.com/pegasus/redskull/images/common/default_house_list.png?_v=20231101144749021
20231106,朝阳,东大桥,101121373984,新城国际 高层观景三居室 全明格局 通透户型房主自荐,1800万,110811元/平,高楼层 (共29层) | 2003年 | 3室2厅 | 162.44平米 | 东 西,https://s1.ljcdn.com/pegasus/redskull/images/common/default_house_list.png?_v=20231101144749021
20231106,朝阳,东大桥,101121356791,向军北里 南北通透 中间楼层 两居室,515万,89691元/平,中楼层 (共6层) | 1987年 | 2室1厅 | 57.42平米 | 南 北,https://s1.ljcdn.com/pegasus/redskull/images/common/default_house_list.png?_v=20231101144749021
20231106,朝阳,东大桥,101121265418,东三环国贸70年住宅小区 配套成熟 诚意出售 价格可谈,1180万,86555元/平,低楼层 (共42层) 2室1厅 | 136.33平米 | 东北,https://s1.ljcdn.com/pegasus/redskull/images/common/default_house_list.png?_v=20231101144749021
20231106,朝阳,东大桥,101121242579,世贸国际公寓全新装修复式户型,1690万,96001元/平,底层 (共21层) | 2001年 | 2室2厅 | 176.04平米 | 南,https://s1.ljcdn.com/pegasus/redskull/images/common/default_house_list.png?_v=20231101144749021
20231106,朝阳,东大桥,101121208653,世界城 1室1厅 东 南,500万,55562元/平,低楼层 (共31层) | 2008年 | 1室1厅 | 89.99平米 | 东 南,https://s1.ljcdn.com/pegasus/redskull/images/common/default_house_list.png?_v=20231101144749021
20231106,朝阳,东大桥,101121188070,北京财富中心 2室2厅 南,1250万,87212元/平,中楼层 (共42层) | 2005年 | 2室2厅 | 143.33平米 | 南,https://s1.ljcdn.com/pegasus/redskull/images/common/default_house_list.png?_v=20231101144749021
20231106,朝阳,东大桥,101121156764,世贸国际公寓 南北通透大三居 全新装修,2450万,92467元/平,中楼层 (共29层) | 2001年 | 3室2厅 | 264.96平米 | 南 北,https://s1.ljcdn.com/pegasus/redskull/images/common/default_house_list.png?_v=20231101144749021
20231106,朝阳,东大桥,101121147271,世界城 1室0厅 北,300万,54074元/平,低楼层 (共29层) | 2008年 | 1室0厅 | 55.48平米 | 北,https://s1.ljcdn.com/pegasus/redskull/images/common/default_house_list.png?_v=20231101144749021
20231106,朝阳,东大桥,101121144698,旺座中心公寓 1室1厅 西房主自荐,605万,55171元/平,中楼层 (共30层) | 2005年 | 1室1厅 | 109.66平米 | 西,https://s1.ljcdn.com/pegasus/redskull/images/common/default_house_list.png?_v=20231101144749021
20231106,朝阳,东大桥,101121112781,世界城小区 位置好 小区环境好 二次精装修 看房方便,650万,72231元/平,中楼层 (共31层) | 2008年 | 1室1厅 | 89.99平米 | 西南,https://s1.ljcdn.com/pegasus/redskull/images/common/default_house_list.png?_v=20231101144749021
20231106,朝阳,东大桥,101121047507,世界城 1室0厅 北,325万,52615元/平,低楼层 (共29层) | 2008年 | 1室0厅 | 61.77平米 | 北,https://s1.ljcdn.com/pegasus/redskull/images/common/default_house_list.png?_v=20231101144749021
20231106,朝阳,东大桥,101121015242,世界城 临近世贸天阶地理位置好 业主享用免费游泳池,460万,60100元/平,中楼层 (共29层) | 2008年 | 1室1厅 | 76.54平米 | 东北 西北 北 西南 东南,https://s1.ljcdn.com/pegasus/redskull/images/common/default_house_list.png?_v=20231101144749021
20231106,朝阳,东大桥,101121008169,核桃园北里 1室1厅 南,480万,109615元/平,顶层 (共15层) | 1987年 | 1室1厅 | 43.79平米 | 南,https://s1.ljcdn.com/pegasus/redskull/images/common/default_house_list.png?_v=20231101144749021
20231106,朝阳,东大桥,101120945138,SOHO尚都 3室1厅 东,1130万,58039元/平,低楼层 (共32层) | 2007年 | 3室1厅 | 194.7平米 | 东,https://s1.ljcdn.com/pegasus/redskull/images/common/default_house_list.png?_v=20231101144749021
20231106,朝阳,东大桥,101120906553,新城国际高层观景2居室  业主在京 全款仅契税,1550万,116454元/平,高楼层 (共33层) 2室1厅 | 133.1平米 | 西南,https://s1.ljcdn.com/pegasus/redskull/images/common/default_house_list.png?_v=20231101144749021
20231106,朝阳,东大桥,101120837512,世界城 1室0厅 南,315万,55753元/平,高楼层 (共29层) | 2008年 | 1室0厅 | 56.5平米 | 南,https://s1.ljcdn.com/pegasus/redskull/images/common/default_house_list.png?_v=20231101144749021
20231106,朝阳,东大桥,101120674983,东三环内国贸商圈  关东店南街钢混94年两居室  近地铁,378万,66258元/平,高楼层 (共7层) | 1994年 | 2室1厅 | 57.05平米 | 东 西,https://s1.ljcdn.com/pegasus/redskull/images/common/default_house_list.png?_v=20231101144749021
20231106,朝阳,东大桥,101120622307,尚都国际中心 东大桥旁 70年 民电 满五唯一,323万,28156元/平,高楼层 (共33层) 1室0厅 | 114.72平米 | 东 西,https://s1.ljcdn.com/pegasus/redskull/images/common/default_house_list.png?_v=20231101144749021
20231106,朝阳,东大桥,101120606561,新城国际 车位,33万,8443元/平,地下室 1室0厅 | 39.09平米 | 南,https://ke-image.ljcdn.com/110000-inspection/609aa46e-3916-4b9c-9b20-6544b53a98cf.png!m_fill,w_280,h_210,f_jpg?from=ke.com
20231106,朝阳,东大桥,101120540684,酒店式管理 位置好 免费泳池会所,499万,65144元/平,高楼层 (共31层) | 2008年 | 1室1厅 | 76.6平米 | 东 北,https://s1.ljcdn.com/pegasus/redskull/images/common/default_house_list.png?_v=20231101144749021
20231106,朝阳,东大桥,101120509700,本房满五唯一  中间楼层 看房提前预约  东南朝向,1450万,110595元/平,中楼层 (共32层) | 2003年 | 2室2厅 | 131.11平米 | 东南,https://s1.ljcdn.com/pegasus/redskull/images/common/default_house_list.png?_v=20231101144749021
20231106,朝阳,东大桥,101119926958,国贸东大桥世界城南向精装,310万,54386元/平,低楼层 (共29层) 1室0厅 | 57平米 | 南,https://s1.ljcdn.com/pegasus/redskull/images/common/default_house_list.png?_v=20231101144749021
20231106,朝阳,东大桥,101119520525,世界城B座高层北向视野无遮挡诚意出售,299万,51402元/平,高楼层 (共31层) | 2009年 | 1室0厅 | 58.17平米 | 北,https://s1.ljcdn.com/pegasus/redskull/images/common/default_house_list.png?_v=20231101144749021
20231106,朝阳,东大桥,101119491249,核桃园北里三居室南北通透满五唯一适合贷款,898万,112645元/平,中楼层 (共6层) | 1986年 | 3室1厅 | 79.72平米 | 东 南 北,https://s1.ljcdn.com/pegasus/redskull/images/common/default_house_list.png?_v=20231101144749021
20231106,朝阳,东大桥,101119055600,满五唯一 可贷款352万  70年产权房子 民水民电 优质,739万,36822元/平,中楼层 (共33层) | 2004年 | 3室1厅 | 200.7平米 | 西,https://s1.ljcdn.com/pegasus/redskull/images/common/default_house_list.png?_v=20231101144749021
20231106,朝阳,东大桥,101118994613,世界城高层10户型  视野开阔  随时签约,575万,63946元/平,中楼层 (共29层) 1室1厅 | 89.92平米 | 西南,https://s1.ljcdn.com/pegasus/redskull/images/common/default_house_list.png?_v=20231101144749021
20231106,朝阳,东大桥,101118921742,世贸国际公寓高层观景大开间 二次装修 满两年契税少房主自荐,937万,124635元/平,高楼层 (共30层) | 2001年 | 1室0厅 | 75.18平米 | 北,https://ke-image.ljcdn.com/110000-inspection/47580d26-97cf-4f04-bc73-d69746418c34.jpeg!m_fill,w_280,h_210,f_jpg?from=ke.com
20231106,朝阳,东大桥,101118906846,2008年建成精装修高品质物业管理高楼层,350万,63086元/平,高楼层 (共29层) 1室0厅 | 55.48平米 | 北,https://s1.ljcdn.com/pegasus/redskull/images/common/default_house_list.png?_v=20231101144749021
20231106,朝阳,东大桥,101118856360,东南朝向 高层观景   视野开阔  3梯4户,2050万,113492元/平,高楼层 (共29层) | 2003年 | 3室1厅 | 180.63平米 | 东南,https://s1.ljcdn.com/pegasus/redskull/images/common/default_house_list.png?_v=20231101144749021
20231106,朝阳,东大桥,101118243753,世茂宫园 地下产权车位 诚意卖 随时交易,43万,11301元/平,地下室 | 2011年 | 1室0厅 | 38.05平米 | 南,https://s1.ljcdn.com/pegasus/redskull/images/common/default_house_list.png?_v=20231101144749021
20231106,朝阳,东大桥,101118113033,世界城 1室1厅 西 北,530万,69191元/平,高楼层 (共31层) | 2009年 | 1室1厅 | 76.6平米 | 西 北,https://s1.ljcdn.com/pegasus/redskull/images/common/default_house_list.png?_v=20231101144749021
20231106,朝阳,东大桥,101117992937,国贸关东店南街高层带电梯满五年唯一钢混三居诚售,490万,73058元/平,高楼层 (共18层) 3室1厅 | 67.07平米 | 东北,https://ke-image.ljcdn.com/110000-inspection/fc7b0d54-9a12-40b4-b730-e0f166bad1e9.png!m_fill,w_280,h_210,f_jpg?from=ke.com
20231106,朝阳,东大桥,101117947870,世界城南向开间高楼层国贸CBD,314万,54742元/平,高楼层 (共29层) | 2009年 | 1室1厅 | 57.36平米 | 南,https://s1.ljcdn.com/pegasus/redskull/images/common/default_house_list.png?_v=20231101144749021
20231106,朝阳,东大桥,101117946642,国贸CBD世界城高楼层南向开间诚意出售,308万,54456元/平,中楼层 (共29层) 1室1厅 | 56.56平米 | 南,https://s1.ljcdn.com/pegasus/redskull/images/common/default_house_list.png?_v=20231101144749021
20231106,朝阳,东大桥,101117915758,北向大面宽 酒店式管理 有健身房游泳池高楼层,329万,54139元/平,高楼层 (共29层) | 2008年 | 1室0厅 | 60.77平米 | 北,https://s1.ljcdn.com/pegasus/redskull/images/common/default_house_list.png?_v=20231101144749021
20231106,朝阳,东大桥,101117894563,世贸天阶旁世界城 南向采光好 视野无遮挡 装修好,540万,60007元/平,中楼层 (共31层) 1室1厅 | 89.99平米 | 南,https://s1.ljcdn.com/pegasus/redskull/images/common/default_house_list.png?_v=20231101144749021
20231106,朝阳,东大桥,101117388511,南向正规一室诚产权清晰无抵押诚意出售！,490万,54506元/平,中楼层 (共29层) | 2008年 | 1室1厅 | 89.9平米 | 东 南,https://s1.ljcdn.com/pegasus/redskull/images/common/default_house_list.png?_v=20231101144749021
20231106,朝阳,东大桥,101116985371,世界城B座 南向 观小区花园 采光好 世贸天阶 东大桥,335万,59188元/平,中楼层 (共31层) | 2009年 | 1室0厅 | 56.6平米 | 南,https://s1.ljcdn.com/pegasus/redskull/images/common/default_house_list.png?_v=20231101144749021
20231106,朝阳,东大桥,101116640870,世界城A座西北向 全新装修  明年4月份到期  高楼层,515万,66884元/平,中楼层 (共29层) | 2008年 | 1室1厅 | 77平米 | 西北,https://s1.ljcdn.com/pegasus/redskull/images/common/default_house_list.png?_v=20231101144749021
20231106,朝阳,东大桥,101112653022,国贸商圈2008年建成物业管理完善,309万,54691元/平,高楼层 (共29层) | 2008年 | 1室0厅 | 56.5平米 | 南,https://s1.ljcdn.com/pegasus/redskull/images/common/default_house_list.png?_v=20231101144749021
20231106,朝阳,东大桥,101108524598,东三环世界城国贸商圈2008年建成,350万,63086元/平,低楼层 (共29层) | 2008年 | 1室0厅 | 55.48平米 | 北,https://s1.ljcdn.com/pegasus/redskull/images/common/default_house_list.png?_v=20231101144749021
20231106,朝阳,东大桥,101106501028,国贸 尚都国际中心  视野、采光好,478万,27941元/平,低楼层 (共33层) | 2004年 | 1室1厅 | 171.08平米 | 南,https://s1.ljcdn.com/pegasus/redskull/images/common/default_house_list.png?_v=20231101144749021
20231106,朝阳,东大桥,101105523128,南楼09户型  南向中间楼层  保养很新,335万,58404元/平,低楼层 (共29层) | 2009年 | 1室1厅 | 57.36平米 | 南,https://s1.ljcdn.com/pegasus/redskull/images/common/default_house_list.png?_v=20231101144749021
