20230523,西城,木樨地,101119279036,复兴门外大街 双南2居室  交通便利必看好房,899万,150587元/平,中楼层 (共16层) | 1983年建 | 2室1厅 | 59.7平米 | 南,https://ke-image.ljcdn.com/110000-inspection/pc1_Jufd9eKFG_1.jpg!m_fill,w_280,h_210,f_jpg?from=ke.com
20230523,西城,木樨地,101118998392,复兴门外大街 2室1厅 南 北必看好房,840万,144083元/平,低楼层 (共16层) 2室1厅 | 58.3平米 | 南 北,https://ke-image.ljcdn.com/110000-inspection/pc1_bD8oiufji_1.jpg!m_fill,w_280,h_210,f_jpg?from=ke.com
20230523,西城,木樨地,101118662919,西便门西里 精装修 两室正规客厅 楼层好无遮挡必看好房,686万,115801元/平,低楼层 (共20层) 2室1厅 | 59.24平米 | 南,https://ke-image.ljcdn.com/110000-inspection/50bc511b-49ed-4cb0-a5a0-725c34ab11cc_1000.jpg!m_fill,w_280,h_210,f_jpg?from=ke.com
20230523,西城,木樨地,101118402709,西城 木樨地 西便门 满五年唯一高楼层前后无遮挡必看好房,830万,107653元/平,高楼层 (共20层) 3室1厅 | 77.1平米 | 东 西 北,https://ke-image.ljcdn.com/110000-inspection/pc1_bwyu7r9Tw_1.jpg!m_fill,w_280,h_210,f_jpg?from=ke.com
20230523,西城,木樨地,101118373884,西便门西里 大一居 楼龄新 中高层 诚心出售必看好房,520万,104251元/平,高楼层 (共14层) | 1990年建 | 1室1厅 | 49.88平米 | 东,https://ke-image.ljcdn.com/110000-inspection/pc1_t3ab3VMMt_1.jpg!m_fill,w_280,h_210,f_jpg?from=ke.com
20230523,西城,木樨地,101119138229,真武庙三里 南向 正规一居室 采光好,630万,163637元/平,高楼层 (共6层) | 1979年建 | 1室1厅 | 38.5平米 | 南,https://ke-image.ljcdn.com/110000-inspection/pc1_AxDZk4Shr_1.jpg!m_fill,w_280,h_210,f_jpg?from=ke.com
20230523,西城,木樨地,101118999328,西便门东里 南北通透三居室  随时可看必看好房,670万,115081元/平,高楼层 (共6层) | 1975年建 | 3室1厅 | 58.22平米 | 东 南 北,https://ke-image.ljcdn.com/110000-inspection/pc1_wk5Mc2bl0_1.jpg!m_fill,w_280,h_210,f_jpg?from=ke.com
20230523,西城,木樨地,101118991750,真武庙二里朝南一居室采光视野好,738万,166217元/平,高楼层 (共18层) 1室1厅 | 44.4平米 | 南,https://ke-image.ljcdn.com/110000-inspection/pc1_RU6ApyPRm_1.jpg!m_fill,w_280,h_210,f_jpg?from=ke.com
20230523,西城,木樨地,101118935368,满五年唯一 1990年 店长推荐,649万,151283元/平,低楼层 (共18层) 1室1厅 | 42.9平米 | 西 北,https://ke-image.ljcdn.com/110000-inspection/pc1_zRAofvwkc_1.jpg!m_fill,w_280,h_210,f_jpg?from=ke.com
20230523,西城,木樨地,101118909485,白云路七号院 满五年唯一 精装修 南北通透。,880万,152250元/平,中楼层 (共6层) | 1988年建 | 2室1厅 | 57.8平米 | 南 北,https://ke-image.ljcdn.com/110000-inspection/pc1_ii5bvyMql_1.jpg!m_fill,w_280,h_210,f_jpg?from=ke.com
20230523,西城,木樨地,101118815751,朝南光线充足小区干净整洁装修好必看好房,889万,160383元/平,低楼层 (共12层) | 1984年建 | 2室1厅 | 55.43平米 | 南 北,https://ke-image.ljcdn.com/110000-inspection/pc1_RBdBqN5Nk_1.jpg!m_fill,w_280,h_210,f_jpg?from=ke.com
20230523,西城,木樨地,101118697871,满五年唯一低楼层南北通透不临街独立小区,1050万,151080元/平,低楼层 (共6层) | 1983年建 | 3室1厅 | 69.5平米 | 南 北,https://ke-image.ljcdn.com/110000-inspection/pc1_ZnMHiIbBM_1.jpg!m_fill,w_280,h_210,f_jpg?from=ke.com
20230523,西城,木樨地,101118676889,真武庙三里。满五可贷款朝东位置好,630万,162372元/平,高楼层 (共6层) 1室1厅 | 38.8平米 | 东,https://ke-image.ljcdn.com/110000-inspection/1d04df18-eb49-4b67-a94e-3cc6692e7355_1000.jpg!m_fill,w_280,h_210,f_jpg?from=ke.com
20230523,西城,木樨地,101118484275,西便门东里 南北通透三居室 田字格户型,830万,114991元/平,高楼层 (共6层) | 1980年建 | 3室1厅 | 72.18平米 | 南 北,https://ke-image.ljcdn.com/110000-inspection/pc1_hbb6IOM5j_1.jpg!m_fill,w_280,h_210,f_jpg?from=ke.com
20230523,西城,木樨地,101118370640,月坛铁一区小区南北通透两居室南礼士路地铁口,768万,142487元/平,中楼层 (共5层) 2室1厅 | 53.9平米 | 南 北,https://ke-image.ljcdn.com/110000-inspection/pc1_BmFL1lEnH_1.jpg!m_fill,w_280,h_210,f_jpg?from=ke.com
20230523,西城,木樨地,101118325281,木樨地 精装修 朝南 有电梯 精装 不临街 地铁,925万,141222元/平,中楼层 (共17层) | 1992年建 | 2室1厅 | 65.5平米 | 南,https://ke-image.ljcdn.com/110000-inspection/pc1_k25V2YeLy_1.jpg!m_fill,w_280,h_210,f_jpg?from=ke.com
20230523,西城,木樨地,101118031718,满五年精装修两居室中间楼层双南高层高。必看好房,669万,126705元/平,低楼层 (共3层) 2室1厅 | 52.8平米 | 南 北,https://ke-image.ljcdn.com/110000-inspection/pc1_uPcOVHRZq_1.jpg!m_fill,w_280,h_210,f_jpg?from=ke.com
20230523,西城,木樨地,101117968554,莲花池东路 南向无遮挡  满五年唯一必看好房,670万,159524元/平,低楼层 (共16层) | 1987年建 | 1室1厅 | 42平米 | 南,https://ke-image.ljcdn.com/110000-inspection/pc1_UTiGHr82O.jpg!m_fill,w_280,h_210,f_jpg?from=ke.com
20230523,西城,木樨地,101117758494,西便门外大街 满五年唯一 南北通透格局 三室一厅必看好房,679万,106427元/平,底层 (共7层) 3室1厅 | 63.8平米 | 南 北,https://ke-image.ljcdn.com/110000-inspection/pc1_heN4CFhZZ.jpg!m_fill,w_280,h_210,f_jpg?from=ke.com
20230523,西城,木樨地,101117402492,南北通透 白云观精装修两居室 户型方正 交通便利,820万,155598元/平,顶层 (共5层) | 1979年建 | 2室1厅 | 52.7平米 | 南 北,https://ke-image.ljcdn.com/110000-inspection/pc1_ZQAHT36s9_1.jpg!m_fill,w_280,h_210,f_jpg?from=ke.com
20230523,西城,木樨地,101117112453,白云观 电梯房三居室 户型方正 高楼层采光充足必看好房,1098万,129788元/平,顶层 (共11层) | 1993年建 | 3室1厅 | 84.6平米 | 东 西,https://ke-image.ljcdn.com/110000-inspection/5dfdb205-9bc3-4170-b340-95324bdf0285_1000.jpg!m_fill,w_280,h_210,f_jpg?from=ke.com
20230523,西城,木樨地,101116793326,西便门东里全南向大两居室转角大阳台。,750万,102000元/平,中楼层 (共16层) 2室1厅 | 73.53平米 | 南,https://ke-image.ljcdn.com/110000-inspection/pc1_SOi1ymtl2_1.jpg!m_fill,w_280,h_210,f_jpg?from=ke.com
20230523,西城,木樨地,101114384450,月坛三里河   双南电梯房 满五年 可以贷款 诚售,899万,126996元/平,高楼层 (共16层) | 1983年建 | 2室1厅 | 70.79平米 | 南,https://ke-image.ljcdn.com/110000-inspection/pc1_VYV0iU1sk.jpg!m_fill,w_280,h_210,f_jpg?from=ke.com
20230523,西城,木樨地,101119216784,三里河三  南北带电梯三居室 采光无遮挡,1031万,151396元/平,中楼层 (共12层) | 1982年建 | 3室1厅 | 68.1平米 | 南 北,https://ke-image.ljcdn.com/110000-inspection/pc1_ExKs9rFZN_1.jpg!m_fill,w_280,h_210,f_jpg?from=ke.com
20230523,西城,木樨地,101119100601,优质好房 满五年成本价明厨明卫长安街边上出行方便,805万,140981元/平,中楼层 (共5层) | 1980年建 | 2室1厅 | 57.1平米 | 南 北,https://ke-image.ljcdn.com/110000-inspection/pc1_PdX9HKFBq_1.jpg!m_fill,w_280,h_210,f_jpg?from=ke.com
20230523,西城,木樨地,101119046613,真武庙南北向的两居室有钥匙。随时可看必看好房,806万,142908元/平,底层 (共7层) | 1992年建 | 2室1厅 | 56.4平米 | 南 北,https://ke-image.ljcdn.com/110000-inspection/pc1_zcBykQBRS.jpg!m_fill,w_280,h_210,f_jpg?from=ke.com
20230523,西城,木樨地,101118991943,木樨地 南北通透 户型好 不临街,1025万,129912元/平,底层 (共4层) 3室1厅 | 78.9平米 | 南 北,https://ke-image.ljcdn.com/110000-inspection/pc1_EYKmwDsR0_1.jpg!m_fill,w_280,h_210,f_jpg?from=ke.com
20230523,西城,木樨地,101118239805,西便门西里满五唯一 中高楼层 采光视野好,615万,98780元/平,高楼层 (共6层) | 1984年建 | 3室1厅 | 62.26平米 | 南 北,https://ke-image.ljcdn.com/110000-inspection/pc1_ATsANInch.jpg!m_fill,w_280,h_210,f_jpg?from=ke.com
20230523,西城,木樨地,101118123640,真武庙二里 全总单位分房 精装 低楼层 整体改造,1170万,131314元/平,中楼层 (共4层) 3室1厅 | 89.1平米 | 南 北,https://ke-image.ljcdn.com/110000-inspection/pc1_Eai05wujr.jpg!m_fill,w_280,h_210,f_jpg?from=ke.com
20230523,西城,木樨地,101117880492,双南两居户型方正电梯直达采光好,650万,120438元/平,低楼层 (共20层) 2室1厅 | 53.97平米 | 南,https://ke-image.ljcdn.com/110000-inspection/pc1_WwOiiBtWc.jpg!m_fill,w_280,h_210,f_jpg?from=ke.com
20230523,西城,木樨地,101118149553,真武庙二里 3室1厅 东北,950万,142216元/平,中楼层 (共18层) 3室1厅 | 66.8平米 | 东北,https://ke-image.ljcdn.com/110000-inspection/pc1_BdBq0mtct.jpg!m_fill,w_280,h_210,f_jpg?from=ke.com
20230523,西城,木樨地,101119308529,木樨地电梯板楼两居室 户型方正楼层高视野好新上,880万,128655元/平,顶层 (共16层) | 1987年建 | 2室1厅 | 68.4平米 | 东北,https://ke-image.ljcdn.com/110000-inspection/pc1_ghktF3aY1_1.jpg!m_fill,w_280,h_210,f_jpg?from=ke.com
20230523,西城,木樨地,101119272338,莲花池东路 1室1厅 南,680万,178478元/平,底层 (共16层) | 1987年建 | 1室1厅 | 38.1平米 | 南,https://ke-image.ljcdn.com/110000-inspection/pc1_jVhSxYrgq.jpg!m_fill,w_280,h_210,f_jpg?from=ke.com
20230523,西城,木樨地,101119094498,南北通透采光好户型方正使用率高,880万,116804元/平,底层 (共6层) 3室1厅 | 75.34平米 | 东 南 北,https://ke-image.ljcdn.com/110000-inspection/pc1_9iNp5EBpF_1.jpg!m_fill,w_280,h_210,f_jpg?from=ke.com
20230523,西城,木樨地,101119079749,木樨地2居 南北朝向 电梯直达 采光好,692万,116912元/平,高楼层 (共14层) | 1980年建 | 2室1厅 | 59.19平米 | 南 北,https://ke-image.ljcdn.com/110000-inspection/pc1_sE6zprs8H_1.jpg!m_fill,w_280,h_210,f_jpg?from=ke.com
20230523,西城,木樨地,101119075759,真武庙六里 电梯直达两居 高楼层 视野开阔 诚售房主自荐,825万,147850元/平,顶层 (共18层) | 1989年建 | 2室1厅 | 55.8平米 | 东南,https://ke-image.ljcdn.com/110000-inspection/pc1_4DyEM9PCp_1.jpg!m_fill,w_280,h_210,f_jpg?from=ke.com
20230523,西城,木樨地,101119043613,南向两居采光通风效果很好电梯直达房主自荐,650万,111188元/平,顶层 (共20层) | 1983年建 | 2室1厅 | 58.46平米 | 东南,https://ke-image.ljcdn.com/110000-inspection/pc1_m3DI8F2Mp_1.jpg!m_fill,w_280,h_210,f_jpg?from=ke.com
20230523,西城,木樨地,101119017762,机械部家属院 带电梯南北通透三居 精装修前后不临街房主自荐,1080万,154507元/平,低楼层 (共16层) 3室1厅 | 69.9平米 | 南 北,https://ke-image.ljcdn.com/110000-inspection/pc1_VNd7DRnOY_1.jpg!m_fill,w_280,h_210,f_jpg?from=ke.com
20230523,西城,木樨地,101118958332,铁一区 东向两居室 小区管理好。,655万,123819元/平,顶层 (共4层) | 1957年建 | 2室1厅 | 52.9平米 | 东,https://ke-image.ljcdn.com/110000-inspection/pc1_oaCExFPbZ_1.jpg!m_fill,w_280,h_210,f_jpg?from=ke.com
20230523,西城,木樨地,101118946107,机械部汽南小区双南朝向格局好采光好无遮挡,976万,179083元/平,中楼层 (共16层) 2室1厅 | 54.5平米 | 南,https://ke-image.ljcdn.com/110000-inspection/pc1_RdP7wrYkZ.jpg!m_fill,w_280,h_210,f_jpg?from=ke.com
20230523,西城,木樨地,101118942357,房子满五年唯一精装修双南向大两居精装修,803万,144946元/平,顶层 (共12层) | 1981年建 | 2室1厅 | 55.4平米 | 南 北,https://ke-image.ljcdn.com/110000-inspection/pc1_ZeIq6NFnS_1.jpg!m_fill,w_280,h_210,f_jpg?from=ke.com
20230523,西城,木樨地,101118926540,白云路七号院满五年唯一东西向挂南窗 业主诚心出售,730万,99618元/平,地下室 (共6层) | 1987年建 | 3室1厅 | 73.28平米 | 东 南 西,https://ke-image.ljcdn.com/110000-inspection/pc1_W7BsRLxAZ_1.jpg!m_fill,w_280,h_210,f_jpg?from=ke.com
20230523,西城,木樨地,101118915243,汽南小区 南北通透 有车位 不临街,938万,129917元/平,底层 (共3层) 3室1厅 | 72.2平米 | 南 北,https://ke-image.ljcdn.com/110000-inspection/pc1_8F6KWIUuS_1.jpg!m_fill,w_280,h_210,f_jpg?from=ke.com
20230523,西城,木樨地,101118909418,复兴门外大街月坛满五唯一双南朝向随时签约,710万,147303元/平,底层 (共12层) | 1979年建 | 2室1厅 | 48.2平米 | 南,https://ke-image.ljcdn.com/110000-inspection/pc1_mUdES0BBl.jpg!m_fill,w_280,h_210,f_jpg?from=ke.com
20230523,西城,木樨地,101118891066,白云观 2室1厅 南,870万,163228元/平,底层 (共6层) | 1980年建 | 2室1厅 | 53.3平米 | 南,https://ke-image.ljcdn.com/110000-inspection/pc1_AtWEXPSzU_1.jpg!m_fill,w_280,h_210,f_jpg?from=ke.com
20230523,西城,木樨地,101118883548,月坛复兴门  铁四区家属院一居室 朝南 有钥匙,649万,163066元/平,顶层 (共6层) | 1981年建 | 1室1厅 | 39.8平米 | 南,https://ke-image.ljcdn.com/110000-inspection/pc1_G8dvrTJWe.jpg!m_fill,w_280,h_210,f_jpg?from=ke.com
20230523,西城,木樨地,101118883357,温馨家园 1室1厅 南,1098万,174286元/平,中楼层 (共7层) 1室1厅 | 63平米 | 南,https://ke-image.ljcdn.com/110000-inspection/pc1_TVQT21OxP_1.jpg!m_fill,w_280,h_210,f_jpg?from=ke.com
20230523,西城,木樨地,101118882068,月坛真武庙 南北通透四居前后不临街无遮挡,1675万,143777元/平,中楼层 (共4层) | 1956年建 | 4室1厅 | 116.5平米 | 南 北,https://ke-image.ljcdn.com/110000-inspection/pc1_BXHOLq9f4_1.jpg!m_fill,w_280,h_210,f_jpg?from=ke.com
20230523,西城,木樨地,101118881332,西便门东里 朝南向两居 精装修 满五唯一,648万,116652元/平,低楼层 (共14层) 2室1厅 | 55.55平米 | 南,https://ke-image.ljcdn.com/110000-inspection/pc1_mySBJxkJB_1.jpg!m_fill,w_280,h_210,f_jpg?from=ke.com
20230523,西城,木樨地,101118836800,复兴门南大街 广电部宿舍 小区品质好 东西南三居室,1150万,149545元/平,顶层 (共12层) | 1984年建 | 3室1厅 | 76.9平米 | 东 南 西,https://ke-image.ljcdn.com/110000-inspection/pc1_ozEaWAM5b_1.jpg!m_fill,w_280,h_210,f_jpg?from=ke.com
20230523,西城,木樨地,101118828892,汽南小区 满五年 可多贷款 中间层 交通便利,760万,134514元/平,中楼层 (共5层) | 1960年建 | 2室1厅 | 56.5平米 | 东 西,https://ke-image.ljcdn.com/110000-inspection/pc1_hHB0SRZ0m.jpg!m_fill,w_280,h_210,f_jpg?from=ke.com
20230523,西城,木樨地,101118828646,北滨河路2号院 2室1厅 南 北,1095万,179509元/平,高楼层 (共20层) | 1992年建 | 2室1厅 | 61平米 | 南 北,https://ke-image.ljcdn.com/110000-inspection/pc1_bUa9c9p2D_1.jpg!m_fill,w_280,h_210,f_jpg?from=ke.com
20230523,西城,木樨地,101118819269,西便门外大街 正规两居室 户型方正,866万,156037元/平,高楼层 (共7层) 2室1厅 | 55.5平米 | 东北,https://ke-image.ljcdn.com/110000-inspection/pc1_PbwZiomAY_1.jpg!m_fill,w_280,h_210,f_jpg?from=ke.com
20230523,西城,木樨地,101118777986,复兴门外大街6号楼  双南向两居室 精装修 交通便利房主自荐,970万,159017元/平,低楼层 (共20层) | 1990年建 | 2室1厅 | 61平米 | 南,https://ke-image.ljcdn.com/110000-inspection/pc1_bARC1Il0O_1.jpg!m_fill,w_280,h_210,f_jpg?from=ke.com
20230523,西城,木樨地,101118763448,木樨地 精装修 朝东 视野好 单位分房,719万,157676元/平,中楼层 (共18层) | 1996年建 | 1室1厅 | 45.6平米 | 东,https://ke-image.ljcdn.com/110000-inspection/pc1_gSRDUp79e.jpg!m_fill,w_280,h_210,f_jpg?from=ke.com
20230523,西城,木樨地,101118760753,北滨河路2号院 2室1厅 东,998万,163607元/平,底层 (共20层) | 1992年建 | 2室1厅 | 61平米 | 东,https://ke-image.ljcdn.com/110000-inspection/pc1_M7IwLcv9n_1.jpg!m_fill,w_280,h_210,f_jpg?from=ke.com
20230523,西城,木樨地,101118750766,月坛 朝南一居室 2007年新小区 电梯直达 70年住宅,650万,133718元/平,中楼层 (共28层) | 2007年建 | 1室1厅 | 48.61平米 | 南,https://ke-image.ljcdn.com/110000-inspection/pc1_lHBDRAQJ0.jpg!m_fill,w_280,h_210,f_jpg?from=ke.com
20230523,西城,木樨地,101118716450,西便门外大街 板楼两居室 采光好 户型方正,890万,162409元/平,中楼层 (共7层) | 1989年建 | 2室1厅 | 54.8平米 | 东 北,https://ke-image.ljcdn.com/110000-inspection/d9ba99db-62fc-42d6-b615-4ad4e552aa9f_1000.jpg!m_fill,w_280,h_210,f_jpg?from=ke.com
20230523,西城,木樨地,101118700288,白云观双南两居室精装修 无遮挡,815万,163327元/平,底层 (共5层) 2室1厅 | 49.9平米 | 南 北,https://ke-image.ljcdn.com/110000-inspection/pc1_3vSlCD1XJ_1.jpg!m_fill,w_280,h_210,f_jpg?from=ke.com
20230523,西城,木樨地,101118693303,西便门西里 电梯楼 正规三居室 户型方正,928万,114795元/平,低楼层 (共14层) | 1990年建 | 3室1厅 | 80.84平米 | 东 西,https://ke-image.ljcdn.com/110000-inspection/pc1_zX5jEuVQU_1.jpg!m_fill,w_280,h_210,f_jpg?from=ke.com
20230523,西城,木樨地,101118692482,机械部汽南小区小区环境优美适合居住。,960万,161617元/平,顶层 (共6层) 2室1厅 | 59.4平米 | 东 西,https://ke-image.ljcdn.com/110000-inspection/pc1_fTB4GKFv9_1.jpg!m_fill,w_280,h_210,f_jpg?from=ke.com
20230523,西城,木樨地,101118691439,月坛 白云观 成本价住房 楼龄新 房子无户口,745万,175295元/平,高楼层 (共6层) | 1993年建 | 1室1厅 | 42.5平米 | 东,https://ke-image.ljcdn.com/110000-inspection/eed72794-5fc3-4010-a120-4422a5cf6c69_1000.jpg!m_fill,w_280,h_210,f_jpg?from=ke.com
20230523,西城,木樨地,101118665699,西便门西里东院小区 南向一居 无遮挡 不临街 户型方正,520万,127171元/平,中楼层 (共6层) 1室1厅 | 40.89平米 | 南,https://ke-image.ljcdn.com/110000-inspection/pc1_0yCklIlDJ_1.jpg!m_fill,w_280,h_210,f_jpg?from=ke.com
20230523,西城,木樨地,101118657314,复兴门外大街精装修双南向两居室,820万,148015元/平,顶层 (共12层) | 1981年建 | 2室1厅 | 55.4平米 | 南,https://ke-image.ljcdn.com/110000-inspection/pc1_KBBs5DY4S_1.jpg!m_fill,w_280,h_210,f_jpg?from=ke.com
20230523,西城,木樨地,101118646179,月坛 木樨地 明厨明卫 南北通透两居 不临街 地铁,896万,145455元/平,底层 (共6层) 2室1厅 | 61.6平米 | 南 北,https://ke-image.ljcdn.com/110000-inspection/pc1_NCQHLYZFU_1.jpg!m_fill,w_280,h_210,f_jpg?from=ke.com
20230523,西城,木樨地,101118644422,温馨家园 电梯楼正规三室一厅 楼层好 视野开阔,1645万,179979元/平,高楼层 (共18层) 3室1厅 | 91.4平米 | 西 北,https://ke-image.ljcdn.com/110000-inspection/67f9c8c3-edee-405d-be01-0895cdb58122_1000.jpg!m_fill,w_280,h_210,f_jpg?from=ke.com
20230523,西城,木樨地,101118575316,复兴门外大街 精装双南大2居 视野好 双阳台,950万,134181元/平,高楼层 (共16层) | 1983年建 | 2室1厅 | 70.8平米 | 南,https://ke-image.ljcdn.com/110000-inspection/pc1_GkUf2ZaZR_1.jpg!m_fill,w_280,h_210,f_jpg?from=ke.com
20230523,西城,木樨地,101118572583,南北通透三居室 中间楼层 采光充足,1600万,178971元/平,中楼层 (共6层) | 1995年建 | 3室1厅 | 89.4平米 | 南 北,https://ke-image.ljcdn.com/110000-inspection/pc1_MSbUSMoNn_1.jpg!m_fill,w_280,h_210,f_jpg?from=ke.com
20230523,西城,木樨地,101118545137,白云观正规一居室视野好 装修不错,750万,142046元/平,中楼层 (共11层) | 1991年建 | 1室1厅 | 52.8平米 | 东,https://ke-image.ljcdn.com/110000-inspection/1cf0ed28-1d0b-481b-b2d7-9665408e7cef_1000.jpg!m_fill,w_280,h_210,f_jpg?from=ke.com
20230523,西城,木樨地,101118543654,店长推荐 月坛真武庙三里 明厨明卫 精装修 满五年唯一房主自荐,725万,146762元/平,高楼层 (共6层) 2室1厅 | 49.4平米 | 东 西,https://ke-image.ljcdn.com/110000-inspection/pc1_5jP7TszUZ_1.jpg!m_fill,w_280,h_210,f_jpg?from=ke.com
20230523,西城,木樨地,101118528522,西便门外大街 正规两居室 交通便利 诚心出售,838万,164961元/平,低楼层 (共7层) 2室1厅 | 50.8平米 | 东北,https://ke-image.ljcdn.com/110000-inspection/pc1_Bqgfvm8e1.jpg!m_fill,w_280,h_210,f_jpg?from=ke.com
20230523,西城,木樨地,101118521087,西便门西里南北通透正规三室一厅房主自荐,810万,116698元/平,高楼层 (共6层) | 1984年建 | 3室1厅 | 69.41平米 | 南 北,https://ke-image.ljcdn.com/110000-inspection/9cf3d33a-0d6d-4296-9161-1ea30099bf6e_1000.jpg!m_fill,w_280,h_210,f_jpg?from=ke.com
20230523,西城,木樨地,101118447682,温馨家园 南北通透4居 1999年 满五唯一 随时签约,2820万,170703元/平,中楼层 (共7层) 4室2厅 | 165.2平米 | 南 北,https://ke-image.ljcdn.com/110000-inspection/pc1_nf3BIKK8S_1.jpg!m_fill,w_280,h_210,f_jpg?from=ke.com
20230523,西城,木樨地,101118440888,汽南小区两居室双朝南满五年唯一有电梯,1050万,172982元/平,中楼层 (共16层) | 1982年建 | 2室1厅 | 60.7平米 | 南,https://ke-image.ljcdn.com/110000-inspection/pc1_vWuRluMpH_1.jpg!m_fill,w_280,h_210,f_jpg?from=ke.com
20230523,西城,木樨地,101118440083,店长推荐白云观南里优质两居好房,800万,148699元/平,中楼层 (共5层) 2室1厅 | 53.8平米 | 南 北,https://ke-image.ljcdn.com/110000-inspection/8859149b-74c8-4ccb-90b4-cec753dc2bc7_1000.jpg!m_fill,w_280,h_210,f_jpg?from=ke.com
20230523,西城,木樨地,101118425999,机械部汽南小区 管理好 户型方正无浪费,880万,156584元/平,高楼层 (共6层) 2室1厅 | 56.2平米 | 东 西,https://ke-image.ljcdn.com/110000-inspection/pc1_OWt8l6jvx_1.jpg!m_fill,w_280,h_210,f_jpg?from=ke.com
20230523,西城,木樨地,101118392184,汽南小区 1室1厅 东,695万,165477元/平,顶层 (共6层) | 1985年建 | 1室1厅 | 42平米 | 东,https://ke-image.ljcdn.com/110000-inspection/pc1_6DjKbt7zg_1.jpg!m_fill,w_280,h_210,f_jpg?from=ke.com
20230523,西城,木樨地,101118386203,复兴门南大街 广电宿舍电梯直达 东西通透 无遮挡,890万,158279元/平,低楼层 (共12层) | 1986年建 | 2室1厅 | 56.23平米 | 东 西,https://ke-image.ljcdn.com/110000-inspection/b3a02f41-60ca-4cc6-8b68-129c701fe3d9_1000.jpg!m_fill,w_280,h_210,f_jpg?from=ke.com
20230523,西城,木樨地,101118377559,白云观 南北通透两居 满五唯一视野宽阔,820万,139932元/平,顶层 (共5层) | 1976年建 | 2室1厅 | 58.6平米 | 南 北,https://ke-image.ljcdn.com/110000-inspection/pc1_5wHdbsPH8_1.jpg!m_fill,w_280,h_210,f_jpg?from=ke.com
20230523,西城,木樨地,101118358051,机械部汽南小区 精装修 中间楼层 诚售 楼已经改造完成,670万,159524元/平,中楼层 (共6层) | 1985年建 | 1室1厅 | 42平米 | 东,https://ke-image.ljcdn.com/110000-inspection/pc1_b6w7aaMSy_1.jpg!m_fill,w_280,h_210,f_jpg?from=ke.com
20230523,西城,木樨地,101118348819,复兴门南大街 带电梯两居室 广电部家属楼,898万,151179元/平,低楼层 (共16层) | 1984年建 | 2室1厅 | 59.4平米 | 东北,https://ke-image.ljcdn.com/110000-inspection/d3c1efff-fd15-4613-abb8-db01f8e56d16_1000.jpg!m_fill,w_280,h_210,f_jpg?from=ke.com
20230523,西城,木樨地,101118341221,此房满五年央产房有电梯视野好诚心出售业主随时签约,676万,151231元/平,中楼层 (共18层) | 1986年建 | 1室1厅 | 44.7平米 | 北,https://ke-image.ljcdn.com/110000-inspection/pc1_WzlMh9fTe_1.jpg!m_fill,w_280,h_210,f_jpg?from=ke.com
20230523,西城,木樨地,101118324079,真武庙二里三居室环境高看房方便,1125万,128279元/平,顶层 (共4层) 3室1厅 | 87.7平米 | 南 北,https://ke-image.ljcdn.com/110000-inspection/pc1_c7Ektejy2.jpg!m_fill,w_280,h_210,f_jpg?from=ke.com
20230523,西城,木樨地,101118310280,西便门东里 南北通透两居 低楼层 明厨明卫,630万,127145元/平,低楼层 (共6层) 2室1厅 | 49.55平米 | 南 北,https://ke-image.ljcdn.com/110000-inspection/5bbdded7-57e2-4284-a9f0-e9a920ffadf0_1000.jpg!m_fill,w_280,h_210,f_jpg?from=ke.com
20230523,西城,木樨地,101118308924,满五年唯一 朝南向 视野采光好 产权清晰 精装修,785万,173290元/平,低楼层 (共17层) | 1984年建 | 1室1厅 | 45.3平米 | 南,https://ke-image.ljcdn.com/110000-inspection/94f2c864-8cab-4fa0-9d0c-03eb29ddb334_1000.jpg!m_fill,w_280,h_210,f_jpg?from=ke.com
20230523,西城,木樨地,101118300492,汽南小区 机械部家属院 小区干净整洁 低楼层 通透好,855万,158041元/平,低楼层 (共6层) | 1989年建 | 2室1厅 | 54.1平米 | 西 东,https://ke-image.ljcdn.com/110000-inspection/pc1_Jf0ELNbV9_1.jpg!m_fill,w_280,h_210,f_jpg?from=ke.com
20230523,西城,木樨地,101118287990,户型方正电梯直达南北一居室明厨名卫,570万,115222元/平,地下室 (共19层) | 1990年建 | 1室1厅 | 49.47平米 | 南 北,https://ke-image.ljcdn.com/110000-inspection/pc1_RWMO0PRqM_1.jpg!m_fill,w_280,h_210,f_jpg?from=ke.com
20230523,西城,木樨地,101118267318,好房推荐 精装修三室大宽厅  高楼层河景房带车位房主自荐,1010万,129821元/平,顶层 (共16层) 3室1厅 | 77.8平米 | 东北,https://ke-image.ljcdn.com/110000-inspection/pc1_6GZuueJNF_1.jpg!m_fill,w_280,h_210,f_jpg?from=ke.com
20230523,西城,木樨地,101118247115,铁一区 1室1厅 南,750万,157564元/平,低楼层 (共6层) 1室1厅 | 47.6平米 | 南,https://ke-image.ljcdn.com/110000-inspection/pc1_BCvVsBoUd_1.jpg!m_fill,w_280,h_210,f_jpg?from=ke.com
20230523,西城,木樨地,101118217709,西便门西里 2室1厅 东南,665万,123217元/平,顶层 (共20层) 2室1厅 | 53.97平米 | 东南,https://ke-image.ljcdn.com/110000-inspection/pc1_aHeYDHWFc_1.jpg!m_fill,w_280,h_210,f_jpg?from=ke.com
20230523,西城,木樨地,101118213666,复兴门外大街 南向一居带电梯紧挨地铁,820万,167690元/平,低楼层 (共16层) | 1990年建 | 1室1厅 | 48.9平米 | 南,https://ke-image.ljcdn.com/110000-inspection/pc1_KwUAlWGng_1.jpg!m_fill,w_280,h_210,f_jpg?from=ke.com
20230523,西城,木樨地,101118197797,真武庙一居室采光好满五年央产,699万,166429元/平,顶层 (共6层) 1室1厅 | 42平米 | 东,https://ke-image.ljcdn.com/110000-inspection/pc1_27ezveMvS_1.jpg!m_fill,w_280,h_210,f_jpg?from=ke.com
20230523,西城,木樨地,101118190571,广电家属院满五唯一采光视野好户型方正,910万,149426元/平,中楼层 (共12层) | 1984年建 | 2室1厅 | 60.9平米 | 东,https://ke-image.ljcdn.com/110000-inspection/pc1_zXylT6OU9.jpg!m_fill,w_280,h_210,f_jpg?from=ke.com
20230523,西城,木樨地,101118183145,铁道部宿舍带电梯楼龄新。配套成熟出行方便,810万,148081元/平,中楼层 (共18层) 1室1厅 | 54.7平米 | 南,https://ke-image.ljcdn.com/110000-inspection/pc1_AxcAv9BX8.jpg!m_fill,w_280,h_210,f_jpg?from=ke.com
20230523,西城,木樨地,101118177165,西便门西里东院小区南北朝向三居无遮挡不临街户型方正,799万,103471元/平,顶层 (共6层) | 1988年建 | 3室1厅 | 77.22平米 | 东 南 北,https://ke-image.ljcdn.com/110000-inspection/pc1_LpR7o3JfV.jpg!m_fill,w_280,h_210,f_jpg?from=ke.com
20230523,西城,木樨地,101118166071,房子满五年商品房朝南两居楼前没有遮挡采光好户型方正,860万,151944元/平,中楼层 (共16层) | 1987年建 | 2室1厅 | 56.6平米 | 南,https://ke-image.ljcdn.com/110000-inspection/pc1_7g9LS4UI1.jpg!m_fill,w_280,h_210,f_jpg?from=ke.com
20230523,西城,木樨地,101118143439,西便门 木樨地两居室 带客厅 92年电梯楼,835万,128048元/平,高楼层 (共14层) | 1990年建 | 2室1厅 | 65.21平米 | 东,https://ke-image.ljcdn.com/110000-inspection/pc1_McCXXvKSO_1.jpg!m_fill,w_280,h_210,f_jpg?from=ke.com
20230523,西城,木樨地,101118123417,真武庙三里 南北挂西窗 满五年唯一,1100万,117396元/平,底层 (共6层) | 1980年建 | 3室1厅 | 93.7平米 | 南 北,https://ke-image.ljcdn.com/110000-inspection/pc1_JdU212Xon.jpg!m_fill,w_280,h_210,f_jpg?from=ke.com
20230523,西城,木樨地,101118043832,复兴门外大街紧凑小三居交通便利,990万,145375元/平,顶层 (共12层) | 1982年建 | 3室1厅 | 68.1平米 | 南 北,https://ke-image.ljcdn.com/110000-inspection/pc1_n76fVPZHM_1.jpg!m_fill,w_280,h_210,f_jpg?from=ke.com
20230523,西城,木樨地,101118035962,白云观北里朝南一居室中楼层采光充足视野开阔。,779万,155490元/平,高楼层 (共6层) | 1991年建 | 1室1厅 | 50.1平米 | 南,https://ke-image.ljcdn.com/110000-inspection/pc1_NzJ6jkIIg_1.jpg!m_fill,w_280,h_210,f_jpg?from=ke.com
20230523,西城,木樨地,101118032886,真武庙六里 朝南两居 户型好 高楼层 采光好,1020万,140110元/平,高楼层 (共18层) | 1988年建 | 2室1厅 | 72.8平米 | 南,https://ke-image.ljcdn.com/110000-inspection/pc1_ql6WUs2p0_1.jpg!m_fill,w_280,h_210,f_jpg?from=ke.com
20230523,西城,木樨地,101118012088,木樨地西便门东里全明格局低楼层两居室。,749万,121948元/平,低楼层 (共6层) | 1980年建 | 2室1厅 | 61.42平米 | 南 北,https://ke-image.ljcdn.com/110000-inspection/pc1_OzOpowICc.jpg!m_fill,w_280,h_210,f_jpg?from=ke.com
20230523,西城,木樨地,101118000382,西便门外大街  广电部家属院  单独管理  随时签约房主自荐,910万,152378元/平,底层 (共12层) | 1984年建 | 2室1厅 | 59.72平米 | 南 北,https://ke-image.ljcdn.com/110000-inspection/pc1_KYQd61kO7.jpg!m_fill,w_280,h_210,f_jpg?from=ke.com
20230523,西城,木樨地,101117997573,店长推荐  月坛 精装大三居 木樨地旁 满五唯一,1270万,149588元/平,中楼层 (共18层) | 1986年建 | 3室1厅 | 84.9平米 | 东 北,https://ke-image.ljcdn.com/110000-inspection/pc1_K4OrbEfa2_1.jpg!m_fill,w_280,h_210,f_jpg?from=ke.com
20230523,西城,木樨地,101117976345,莲花池东路甲5号院西城月坛1999年楼龄满五唯一房主自荐,1290万,148618元/平,底层 (共24层) | 1999年建 | 2室1厅 | 86.8平米 | 东南,https://ke-image.ljcdn.com/110000-inspection/pc1_x6vZ2e5W6.jpg!m_fill,w_280,h_210,f_jpg?from=ke.com
20230523,西城,木樨地,101117970099,此房满五不唯一楼龄新采光充足房主自荐,1260万,141892元/平,低楼层 (共19层) | 1990年建 | 3室1厅 | 88.8平米 | 东南,https://ke-image.ljcdn.com/110000-inspection/80df73c1-8e10-4c78-ae91-5d8974159639_1000.jpg!m_fill,w_280,h_210,f_jpg?from=ke.com
20230523,西城,木樨地,101117967181,汽南小区 木樨地 不临街 无遮挡 南北通透,1020万,133508元/平,低楼层 (共3层) | 1952年建 | 3室1厅 | 76.4平米 | 南 北,https://ke-image.ljcdn.com/110000-inspection/pc1_g3pIt6qvL_1.jpg!m_fill,w_280,h_210,f_jpg?from=ke.com
20230523,西城,木樨地,101117952627,月坛莲花池东路甲5号 满五年唯一央产房 采光好 户型好,790万,128456元/平,中楼层 (共4层) | 1964年建 | 2室1厅 | 61.5平米 | 南,https://ke-image.ljcdn.com/110000-inspection/pc1_WqwboyEll_1.jpg!m_fill,w_280,h_210,f_jpg?from=ke.com
20230523,西城,木樨地,101117931950,汽南小区精装2室1厅2卫 好视野好格局,1468万,172301元/平,高楼层 (共14层) 2室1厅 | 85.2平米 | 西南,https://ke-image.ljcdn.com/110000-inspection/pc1_8F3pi2jzZ_1.jpg!m_fill,w_280,h_210,f_jpg?from=ke.com
20230523,西城,木樨地,101117879959,复兴门南大街 带电梯两居室 无遮挡 视野采光好,910万,149426元/平,低楼层 (共12层) | 1984年建 | 2室1厅 | 60.9平米 | 东 西,https://ke-image.ljcdn.com/110000-inspection/pc1_iHG0XVNpU_1.jpg!m_fill,w_280,h_210,f_jpg?from=ke.com
20230523,西城,木樨地,101117855480,店长推荐 木樨地地铁300米 三居精装修 成本价明厨明卫,1300万,153665元/平,中楼层 (共18层) 3室1厅 | 84.6平米 | 东 北,https://ke-image.ljcdn.com/110000-inspection/dd3f2936-891b-4735-b00f-2a1f64d917ac_1000.jpg!m_fill,w_280,h_210,f_jpg?from=ke.com
20230523,西城,木樨地,101117840397,西便门西里 2室1厅 东 西 北,798万,122224元/平,中楼层 (共14层) | 1991年建 | 2室1厅 | 65.29平米 | 东 西 北,https://ke-image.ljcdn.com/110000-inspection/pc1_5HiY2Dnbo_1.jpg!m_fill,w_280,h_210,f_jpg?from=ke.com
20230523,西城,木樨地,101117798642,长椿街木樨地商圈 西便门东里大三居室 诚心出售,950万,116208元/平,高楼层 (共16层) 3室1厅 | 81.75平米 | 西北,https://ke-image.ljcdn.com/110000-inspection/pc1_z2QQWGf6m_1.jpg!m_fill,w_280,h_210,f_jpg?from=ke.com
20230523,西城,木樨地,101117794925,白云观街 四月份满两年 无遮挡 产权清晰诚心出售,775万,159794元/平,顶层 (共6层) 1室1厅 | 48.5平米 | 东,https://ke-image.ljcdn.com/110000-inspection/pc1_QAduFWqdX_1.jpg!m_fill,w_280,h_210,f_jpg?from=ke.com
20230523,西城,木樨地,101117782776,复兴门外大街  满五年 中高层  电梯房  视野好 无遮挡,1769万,179777元/平,中楼层 (共16层) | 1991年建 | 3室1厅 | 98.4平米 | 南 北,https://ke-image.ljcdn.com/110000-inspection/pc1_1uDSJM12z_1.jpg!m_fill,w_280,h_210,f_jpg?from=ke.com
20230523,西城,木樨地,101117778103,月坛板块 三居室 南北通透  配套完善 成熟社区,1445万,149123元/平,底层 (共16层) | 1991年建 | 3室1厅 | 96.9平米 | 南 北,https://ke-image.ljcdn.com/110000-inspection/pc1_LbR8kv08m.jpg!m_fill,w_280,h_210,f_jpg?from=ke.com
20230523,西城,木樨地,101117774121,木樨地 电梯 三室一厅 地铁 精装,1270万,149588元/平,中楼层 (共18层) 3室1厅 | 84.9平米 | 东 北,https://ke-image.ljcdn.com/110000-inspection/pc1_OzoFCCVOI_1.jpg!m_fill,w_280,h_210,f_jpg?from=ke.com
20230523,西城,木樨地,101117654590,月坛商圈 南礼士路 铁道部宿舍 层高3.3米 中楼层,655万,127432元/平,中楼层 (共4层) 2室1厅 | 51.4平米 | 西,https://ke-image.ljcdn.com/110000-inspection/166c888b-4bfb-4bf5-a966-5207f7856a12_1000.jpg!m_fill,w_280,h_210,f_jpg?from=ke.com
20230523,西城,木樨地,101117594402,楼层好南向两句户型方正无遮挡采光好,859万,163308元/平,低楼层 (共6层) | 1982年建 | 2室1厅 | 52.6平米 | 南,https://ke-image.ljcdn.com/110000-inspection/8b35baf1-aeec-466d-82fe-94fbeef5a6f1_1000.jpg!m_fill,w_280,h_210,f_jpg?from=ke.com
20230523,西城,木樨地,101117530542,机械部汽南小区 双南向两居室 中间楼层 无遮挡,840万,154129元/平,低楼层 (共16层) 2室0厅 | 54.5平米 | 南,https://ke-image.ljcdn.com/110000-inspection/pc1_8aoUKGJhd.jpg!m_fill,w_280,h_210,f_jpg?from=ke.com
20230523,西城,木樨地,101117506980,月坛 莲花池东路 南北通透三居 看房方便 诚心出售,905万,108644元/平,底层 (共5层) | 1964年建 | 3室0厅 | 83.3平米 | 南 北,https://ke-image.ljcdn.com/110000-inspection/pc1_Qs1owGgBf_1.jpg!m_fill,w_280,h_210,f_jpg?from=ke.com
20230523,西城,木樨地,101117500841,木樨地户型好一居室产权清晰诚心出售,679万,166015元/平,底层 (共18层) 1室2厅 | 40.9平米 | 北,https://ke-image.ljcdn.com/110000-inspection/pc1_9oJyYsRlK_1.jpg!m_fill,w_280,h_210,f_jpg?from=ke.com
20230523,西城,木樨地,101117467410,1991年央产房电梯满五唯一安静私密户型方正可停车,1039万,134065元/平,高楼层 (共17层) | 1991年建 | 3室1厅 | 77.5平米 | 西 北,https://ke-image.ljcdn.com/110000-inspection/pc1_SNHXvGzPD_1.jpg!m_fill,w_280,h_210,f_jpg?from=ke.com
20230523,西城,木樨地,101117355099,白云观南北通透二居室满五年不唯一、 看房提前联系,765万,159044元/平,顶层 (共5层) 2室1厅 | 48.1平米 | 南 北,https://ke-image.ljcdn.com/110000-inspection/pc1_tZO1O7wkc.jpg!m_fill,w_280,h_210,f_jpg?from=ke.com
20230523,西城,木樨地,101117267534,店长推荐汽南小区优质南北三居室,1080万,121622元/平,低楼层 (共3层) | 1952年建 | 3室1厅 | 88.8平米 | 南 北,https://ke-image.ljcdn.com/110000-inspection/pc1_wBjE65Kmh_1.jpg!m_fill,w_280,h_210,f_jpg?from=ke.com
20230523,西城,木樨地,101117254678,复兴门外大街 2室1厅 南,916万,157660元/平,低楼层 (共12层) | 1983年建 | 2室1厅 | 58.1平米 | 南,https://ke-image.ljcdn.com/110000-inspection/pc1_FEqtHxnua_1.jpg!m_fill,w_280,h_210,f_jpg?from=ke.com
20230523,西城,木樨地,101117208177,小区中间位置 中间楼层朝南无遮挡诚心出售,510万,119803元/平,中楼层 (共6层) | 1984年建 | 1室1厅 | 42.57平米 | 南,https://ke-image.ljcdn.com/110000-inspection/41bdcba0-b8c1-4f92-b923-6869e2bdee45_1000.jpg!m_fill,w_280,h_210,f_jpg?from=ke.com
20230523,西城,木樨地,101117204558,真武庙三条一号院 北京电台家属楼  诚心出售,770万,151874元/平,中楼层 (共6层) | 1982年建 | 2室1厅 | 50.7平米 | 南,https://ke-image.ljcdn.com/110000-inspection/pc1_cT6vxMFiF_1.jpg!m_fill,w_280,h_210,f_jpg?from=ke.com
20230523,西城,木樨地,101117150286,西便门东里 2室1厅 东 北,680万,109378元/平,高楼层 (共16层) | 1980年建 | 2室1厅 | 62.17平米 | 东 北,https://ke-image.ljcdn.com/110000-inspection/49c80904-a46a-4984-ac20-c8a88a6d11f2_1000.jpg!m_fill,w_280,h_210,f_jpg?from=ke.com
20230523,西城,木樨地,101117148509,白云路七号院小区环境温馨管理完善,790万,136679元/平,高楼层 (共6层) | 1987年建 | 2室1厅 | 57.8平米 | 东 西,https://ke-image.ljcdn.com/110000-inspection/pc1_P27QUbZ5h_1.jpg!m_fill,w_280,h_210,f_jpg?from=ke.com
20230523,西城,木樨地,101117110442,复兴门外大街3居室 南向无遮挡不临街 地铁沿线,1650万,166499元/平,低楼层 (共16层) | 1990年建 | 3室1厅 | 99.1平米 | 南 北,https://ke-image.ljcdn.com/110000-inspection/20d137dd-c816-43d5-9de5-8e0363466cdb_1000.jpg!m_fill,w_280,h_210,f_jpg?from=ke.com
20230523,西城,木樨地,101117108537,月坛三里河 满五年 1983年 电梯房,670万,172459元/平,低楼层 (共16层) | 1983年建 | 1室1厅 | 38.85平米 | 北,https://ke-image.ljcdn.com/110000-inspection/0cd7db61-167c-4240-a155-ea7b1ea4c5bb_1000.jpg!m_fill,w_280,h_210,f_jpg?from=ke.com
20230523,西城,木樨地,101117104106,广电部家属院优质管理采光充足无遮挡,940万,157165元/平,中楼层 (共5层) | 1965年建 | 2室0厅 | 59.81平米 | 南,https://ke-image.ljcdn.com/110000-inspection/pc1_W4PhdxX5N_1.jpg!m_fill,w_280,h_210,f_jpg?from=ke.com
20230523,西城,木樨地,101117079928,铁四区板楼一居室业主诚心出售,645万,162061元/平,高楼层 (共6层) | 1981年建 | 1室1厅 | 39.8平米 | 南,https://ke-image.ljcdn.com/110000-inspection/pc1_rM4aTcbG2_1.jpg!m_fill,w_280,h_210,f_jpg?from=ke.com
20230523,西城,木樨地,101117071238,木樨地西便门东里三居电梯直达视野开阔拎包入住房主自荐,989万,120979元/平,高楼层 (共16层) | 1980年建 | 3室1厅 | 81.75平米 | 西北,https://ke-image.ljcdn.com/110000-inspection/pc1_WhrtOFEuu_1.jpg!m_fill,w_280,h_210,f_jpg?from=ke.com
20230523,西城,木樨地,101117071021,机械部汽南小区环境好有管理。,950万,141792元/平,底层 (共5层) | 1970年建 | 3室1厅 | 67平米 | 东 西,https://ke-image.ljcdn.com/110000-inspection/pc1_jVfTqXYXz_1.jpg!m_fill,w_280,h_210,f_jpg?from=ke.com
20230523,西城,木樨地,101116974351,西便门东里 双朝南向 带电梯 精装修两居 交通便利,688万,125205元/平,高楼层 (共14层) | 1980年建 | 2室1厅 | 54.95平米 | 南,https://ke-image.ljcdn.com/110000-inspection/pc1_b2llcFd5a_1.jpg!m_fill,w_280,h_210,f_jpg?from=ke.com
20230523,西城,木樨地,101116971126,西便门西里 3室1厅 南 北,828万,119292元/平,中楼层 (共6层) 3室1厅 | 69.41平米 | 南 北,https://ke-image.ljcdn.com/110000-inspection/pc1_k7x03OCBT_1.jpg!m_fill,w_280,h_210,f_jpg?from=ke.com
20230523,西城,木樨地,101116909630,店长推荐 木樨地商圈  真武庙三里 满五年唯一 方正,920万,126201元/平,高楼层 (共6层) | 1979年建 | 3室1厅 | 72.9平米 | 南 北,https://ke-image.ljcdn.com/110000-inspection/pc1_vxPF6B2qZ_1.jpg!m_fill,w_280,h_210,f_jpg?from=ke.com
20230523,西城,木樨地,101116901792,新上铁一区 新楼满五年商品房两居室,1060万,161833元/平,中楼层 (共6层) | 1996年建 | 2室1厅 | 65.5平米 | 南 北,https://ke-image.ljcdn.com/110000-inspection/pc1_Snb8SxF3D_1.jpg!m_fill,w_280,h_210,f_jpg?from=ke.com
20230523,西城,木樨地,101116812298,广电部家属院小区环境好电梯直达随时签约,890万,149832元/平,中楼层 (共16层) | 1984年建 | 2室1厅 | 59.4平米 | 东北,https://ke-image.ljcdn.com/110000-inspection/pc1_9R76VUqEG.jpg!m_fill,w_280,h_210,f_jpg?from=ke.com
20230523,西城,木樨地,101116660507,西便门西里正规一居室朝北无遮挡,505万,118629元/平,中楼层 (共6层) | 1984年建 | 1室1厅 | 42.57平米 | 北,https://ke-image.ljcdn.com/110000-inspection/pc1_cK2GaV96F_1.jpg!m_fill,w_280,h_210,f_jpg?from=ke.com
20230523,西城,木樨地,101116660483,小区边户中间楼层朝南无遮挡采光好精装修,533万,124098元/平,中楼层 (共6层) | 1984年建 | 1室1厅 | 42.95平米 | 南,https://ke-image.ljcdn.com/110000-inspection/pc1_XLckjHARU_1.jpg!m_fill,w_280,h_210,f_jpg?from=ke.com
20230523,西城,木樨地,101116622290,木樨地 南礼士路 满5年央产房 南北通透 精装小3居房主自荐,743万,116422元/平,顶层 (共14层) | 1980年建 | 3室1厅 | 63.82平米 | 南 北,https://ke-image.ljcdn.com/110000-inspection/pc1_iI8WC7KLY_1.jpg!m_fill,w_280,h_210,f_jpg?from=ke.com
20230523,西城,木樨地,101116610249,白云观北里精装修一居室户型方正,830万,144852元/平,中楼层 (共11层) | 1992年建 | 1室1厅 | 57.3平米 | 东,https://ke-image.ljcdn.com/110000-inspection/pc1_3xosXslh2_1.jpg!m_fill,w_280,h_210,f_jpg?from=ke.com
20230523,西城,木樨地,101116585110,西便门东里 带电梯 南北通透 中楼层户型好采光好,723万,120060元/平,中楼层 (共14层) 2室1厅 | 60.22平米 | 南 北,https://ke-image.ljcdn.com/110000-inspection/pc1_Q3VSmzVQc_1.jpg!m_fill,w_280,h_210,f_jpg?from=ke.com
20230523,西城,木樨地,101116572084,白云观街南里 南北通透 安静 中间层带电梯,760万,155103元/平,中楼层 (共5层) | 1976年建 | 2室1厅 | 49平米 | 南 北,https://ke-image.ljcdn.com/110000-inspection/pc1_SHaDaTM13.jpg!m_fill,w_280,h_210,f_jpg?from=ke.com
20230523,西城,木樨地,101116554625,店长推荐月坛优质两居室诚心出售看房方便,945万,147426元/平,中楼层 (共6层) | 1991年建 | 2室1厅 | 64.1平米 | 南 北,https://ke-image.ljcdn.com/110000-inspection/pc1_YNHztM96O.jpg!m_fill,w_280,h_210,f_jpg?from=ke.com
20230523,西城,木樨地,101116525846,真武庙三条一号院 电视台单位分房诚心出售,900万,133730元/平,高楼层 (共6层) | 1982年建 | 3室1厅 | 67.3平米 | 东 南 西,https://ke-image.ljcdn.com/110000-inspection/pc1_BzZ861zus_1.jpg!m_fill,w_280,h_210,f_jpg?from=ke.com
20230523,西城,木樨地,101116499470,复兴门外大街 双南两居室 有电梯 采光好 无遮挡,1028万,156708元/平,底层 (共12层) | 1983年建 | 2室1厅 | 65.6平米 | 南 北,https://ke-image.ljcdn.com/110000-inspection/pc1_8H4Gf4s6n_1.jpg!m_fill,w_280,h_210,f_jpg?from=ke.com
20230523,西城,木樨地,101116398833,西便门西里4号楼木樨地两居室带电梯诚心出售,650万,120438元/平,中楼层 (共20层) | 1983年建 | 2室1厅 | 53.97平米 | 东,https://ke-image.ljcdn.com/110000-inspection/pc1_QqgQUycbg_1.jpg!m_fill,w_280,h_210,f_jpg?from=ke.com
20230523,西城,木樨地,101116393728,莲花池东路甲5号院 2室1厅 西,1066万,120046元/平,低楼层 (共24层) | 1999年建 | 2室1厅 | 88.8平米 | 西,https://ke-image.ljcdn.com/110000-inspection/pc1_X9hjZ3EP1_1.jpg!m_fill,w_280,h_210,f_jpg?from=ke.com
20230523,西城,木樨地,101116308244,店长推荐 铁一区新楼  精装修  南北通透,945万,148120元/平,顶层 (共6层) | 1995年建 | 2室1厅 | 63.8平米 | 南 北,https://ke-image.ljcdn.com/110000-inspection/pc1_7Gh6J9opN.jpg!m_fill,w_280,h_210,f_jpg?from=ke.com
20230523,西城,木樨地,101116297253,复兴门外大街 朝南两居 电梯直达 采光视野好 有钥匙,1080万,163885元/平,低楼层 (共16层) | 1990年建 | 2室1厅 | 65.9平米 | 南,https://ke-image.ljcdn.com/110000-inspection/pc1_w1K78f0q3_1.jpg!m_fill,w_280,h_210,f_jpg?from=ke.com
20230523,西城,木樨地,101116077033,真武庙头条2号楼满五年唯一商品房月坛两居室,869万,162127元/平,中楼层 (共6层) | 1982年建 | 2室1厅 | 53.6平米 | 南 北,https://ke-image.ljcdn.com/110000-inspection/pc1_NgG11GU7m_1.jpg!m_fill,w_280,h_210,f_jpg?from=ke.com
20230523,西城,木樨地,101116060178,月坛 白云观 精装修两居室 业主诚心出售,755万,154082元/平,中楼层 (共5层) | 1976年建 | 2室1厅 | 49平米 | 南 北,https://ke-image.ljcdn.com/110000-inspection/pc1_qhFNnrIW7_1.jpg!m_fill,w_280,h_210,f_jpg?from=ke.com
20230523,西城,木樨地,101115689006,白云观精装修东北向优质两居可直接拎包入住房主自荐,735万,146707元/平,顶层 (共6层) 2室1厅 | 50.1平米 | 东北,https://ke-image.ljcdn.com/110000-inspection/pc1_Aw9ZoPWi0.jpg!m_fill,w_280,h_210,f_jpg?from=ke.com
20230523,西城,木樨地,101115525016,真武庙头条8号楼  南北通透两居室精装,910万,149181元/平,顶层 (共6层) | 1982年建 | 2室1厅 | 61平米 | 南 北,https://ke-image.ljcdn.com/110000-inspection/prod-5fa939d9-bb8c-40ec-934b-dbff330667b9.jpg!m_fill,w_280,h_210,f_jpg?from=ke.com
20230523,西城,木樨地,101115391741,西便门东里 楼层采光好 满五年唯一 诚心出售 随时签约,728万,117099元/平,高楼层 (共16层) 2室1厅 | 62.17平米 | 东北,https://ke-image.ljcdn.com/110000-inspection/pc1_6Bz9yfr8l_1.jpg!m_fill,w_280,h_210,f_jpg?from=ke.com
20230523,西城,木樨地,101114110926,复兴门外大街高楼层视野好带电梯双南两居室,815万,139079元/平,顶层 (共12层) | 1981年建 | 2室0厅 | 58.6平米 | 南,https://ke-image.ljcdn.com/110000-inspection/pc1_9Hu5Xcz6G.jpg!m_fill,w_280,h_210,f_jpg?from=ke.com
20230523,西城,木樨地,101113422786,复兴门外大街有电梯两居室业主诚售,890万,125724元/平,低楼层 (共16层) | 1983年建 | 2室0厅 | 70.79平米 | 南,https://ke-image.ljcdn.com/110000-inspection/pc1_MZWmjWx0Y.jpg!m_fill,w_280,h_210,f_jpg?from=ke.com
20230523,西城,木樨地,101107684716,南北通透明厨明卫户型方正满五年,1030万,140903元/平,顶层 (共6层) | 1982年建 | 3室1厅 | 73.1平米 | 南 北,https://ke-image.ljcdn.com/110000-inspection/pc1_ZfCk9QuvI_1.jpg!m_fill,w_280,h_210,f_jpg?from=ke.com
20230523,西城,木樨地,101119357403,真武庙六里 楼龄新 正规一居室朝南采光视野无遮挡新上,767万,156851元/平,底层 (共19层) | 1990年建 | 1室1厅 | 48.9平米 | 东南,https://ke-image.ljcdn.com/110000-inspection/pc1_4OYLgPJM8_1.jpg!m_fill,w_280,h_210,f_jpg?from=ke.com
20230523,西城,木樨地,101119274030,木樨地 西便门东里 电梯房  不临街   随时签约,639万,116288元/平,顶层 (共14层) 2室1厅 | 54.95平米 | 南,https://ke-image.ljcdn.com/110000-inspection/pc1_9PQuImY3B_1.jpg!m_fill,w_280,h_210,f_jpg?from=ke.com
20230523,西城,木樨地,101119268374,西便门西里 南北三居室  穿堂风 适宜居住,870万,118047元/平,中楼层 (共6层) 3室1厅 | 73.7平米 | 南 北,https://ke-image.ljcdn.com/110000-inspection/9ae8fd3f-72fe-4aff-8c34-d241eae80b75_1000.jpg!m_fill,w_280,h_210,f_jpg?from=ke.com
20230523,西城,木樨地,101119230074,木樨地两居室满五年精装修1996年楼龄看房方便,925万,140152元/平,底层 (共18层) | 1996年建 | 2室1厅 | 66平米 | 西,https://ke-image.ljcdn.com/110000-inspection/pc1_OF89PRpCN_1.jpg!m_fill,w_280,h_210,f_jpg?from=ke.com
20230523,西城,木樨地,101119162322,白云观南北2居 中间楼层 看房方便,830万,149013元/平,中楼层 (共5层) 2室1厅 | 55.7平米 | 南 北,https://ke-image.ljcdn.com/110000-inspection/pc1_D1vqHgtAN.jpg!m_fill,w_280,h_210,f_jpg?from=ke.com
20230523,西城,木樨地,101119149797,真武庙六里朝东向舒适大两居！,1055万,140107元/平,低楼层 (共18层) 2室1厅 | 75.3平米 | 东,https://ke-image.ljcdn.com/110000-inspection/pc1_o74IwDexY_1.jpg!m_fill,w_280,h_210,f_jpg?from=ke.com
20230523,西城,木樨地,101119067333,复兴门外大街 精装双南2居室 电梯直达,848万,142282元/平,顶层 (共16层) | 1983年建 | 2室1厅 | 59.6平米 | 南,https://ke-image.ljcdn.com/110000-inspection/pc1_hXcb4cLyq_1.jpg!m_fill,w_280,h_210,f_jpg?from=ke.com
20230523,西城,木樨地,101119043985,木樨地 西便门东里 田子格全明三居 前后不临街 安静,818万,113328元/平,顶层 (共6层) | 1980年建 | 3室1厅 | 72.18平米 | 南 北,https://ke-image.ljcdn.com/110000-inspection/pc1_GMGCW0kIh.jpg!m_fill,w_280,h_210,f_jpg?from=ke.com
20230523,西城,木樨地,101119033093,西便门西里 2室1厅 南 北,430万,87470元/平,地下室 (共6层) | 1988年建 | 2室1厅 | 49.16平米 | 南 北,https://ke-image.ljcdn.com/110000-inspection/pc1_hDaLAgAch.jpg!m_fill,w_280,h_210,f_jpg?from=ke.com
20230523,西城,木樨地,101119019655,木樨地 3室1厅 南 北,860万,125916元/平,中楼层 (共6层) | 1981年建 | 3室1厅 | 68.3平米 | 南 北,https://ke-image.ljcdn.com/110000-inspection/pc1_EFkRUGxI7_1.jpg!m_fill,w_280,h_210,f_jpg?from=ke.com
20230523,西城,木樨地,101118976341,木樨地 西便门东里朝南一居室 电梯直达,520万,130131元/平,中楼层 (共14层) 1室1厅 | 39.96平米 | 南,https://ke-image.ljcdn.com/110000-inspection/pc1_l2vH1ixj7.jpg!m_fill,w_280,h_210,f_jpg?from=ke.com
20230523,西城,木樨地,101118973162,西便门东里 双南两居室 户型方正 看房方便 随时签约,560万,129510元/平,中楼层 (共6层) | 1975年建 | 2室0厅 | 43.24平米 | 南 北,https://ke-image.ljcdn.com/110000-inspection/pc1_4tDp00Jtn_1.jpg!m_fill,w_280,h_210,f_jpg?from=ke.com
20230523,西城,木樨地,101118934979,真武庙六里带电梯精装一居室诚意出售,699万,169661元/平,低楼层 (共19层) | 1990年建 | 1室1厅 | 41.2平米 | 西,https://ke-image.ljcdn.com/110000-inspection/pc1_XObwuQ9fQ_1.jpg!m_fill,w_280,h_210,f_jpg?from=ke.com
20230523,西城,木樨地,101118922924,1991年带电梯满五年唯一南向不临街户型方正合理房主自荐,1065万,142954元/平,低楼层 (共11层) | 1991年建 | 2室1厅 | 74.5平米 | 南,https://ke-image.ljcdn.com/110000-inspection/pc1_nlMLMqcvK_1.jpg!m_fill,w_280,h_210,f_jpg?from=ke.com
20230523,西城,木樨地,101118862043,机械部汽南小区 精装修两居室 商品房,780万,152344元/平,顶层 (共5层) 2室1厅 | 51.2平米 | 东 南 北,https://ke-image.ljcdn.com/110000-inspection/pc1_H4GOrtbYL.jpg!m_fill,w_280,h_210,f_jpg?from=ke.com
20230523,西城,木樨地,101118843543,木樨地 西便门 满五年 明厨明卫一居 格局好,489万,113854元/平,高楼层 (共6层) | 1984年建 | 1室1厅 | 42.95平米 | 东南,https://ke-image.ljcdn.com/110000-inspection/pc1_1gB26BBFa_1.jpg!m_fill,w_280,h_210,f_jpg?from=ke.com
20230523,西城,木樨地,101118815833,西便门西里南北向。业主诚心出售前后没有遮挡,616万,112266元/平,高楼层 (共6层) 2室1厅 | 54.87平米 | 南 北,https://ke-image.ljcdn.com/110000-inspection/cc125b10-f389-4fde-8cca-6e390a6f97b9_1000.jpg!m_fill,w_280,h_210,f_jpg?from=ke.com
20230523,西城,木樨地,101118739128,店长推荐 月坛 2007年 双卫 有燃气 集中供暖,1365万,95355元/平,低楼层 (共28层) | 2007年建 | 3室1厅 | 143.15平米 | 东北,https://ke-image.ljcdn.com/110000-inspection/pc1_FaW3YwcZP_1.jpg!m_fill,w_280,h_210,f_jpg?from=ke.com
20230523,西城,木樨地,101118726829,西城区木樨地 优质地段 满五年 诚心出售,730万,124787元/平,底层 (共4层) | 1957年建 | 2室1厅 | 58.5平米 | 西北,https://ke-image.ljcdn.com/110000-inspection/pc1_yzep0bYgb_1.jpg!m_fill,w_280,h_210,f_jpg?from=ke.com
20230523,西城,木樨地,101118689575,真武庙 东西通透方正三居室 有客厅  地铁 诚售,890万,122929元/平,顶层 (共6层) | 1982年建 | 3室1厅 | 72.4平米 | 东 西,https://ke-image.ljcdn.com/110000-inspection/pc1_oWf4Bvws8.jpg!m_fill,w_280,h_210,f_jpg?from=ke.com
20230523,西城,木樨地,101118686565,木樨地北里双朝南高楼层户型方正两居,970万,143280元/平,顶层 (共18层) 2室1厅 | 67.7平米 | 南,https://ke-image.ljcdn.com/110000-inspection/pc1_gAd0hha2Y_1.jpg!m_fill,w_280,h_210,f_jpg?from=ke.com
20230523,西城,木樨地,101118657141,木樨地 西便门西里 正规两室一厅 格局方正 自住装修,630万,114817元/平,中楼层 (共6层) | 1984年建 | 2室1厅 | 54.87平米 | 东 西,https://ke-image.ljcdn.com/110000-inspection/pc1_DTlLqGZwR_1.jpg!m_fill,w_280,h_210,f_jpg?from=ke.com
20230523,西城,木樨地,101118626411,复兴门 西便门东里朝南1居室 精装修 拎包入住房主自荐,499万,125820元/平,顶层 (共6层) | 1980年建 | 1室1厅 | 39.66平米 | 南,https://ke-image.ljcdn.com/110000-inspection/pc1_eHbDhsK1U.jpg!m_fill,w_280,h_210,f_jpg?from=ke.com
20230523,西城,木樨地,101118624020,西便门外大街 广电总局宿舍 南北通透大两居,1184万,178394元/平,低楼层 (共12层) | 1984年建 | 2室1厅 | 66.37平米 | 东 南 北,https://ke-image.ljcdn.com/110000-inspection/pc1_9DyAdfflG_1.jpg!m_fill,w_280,h_210,f_jpg?from=ke.com
20230523,西城,木樨地,101118595039,此房户型方正南北通透三居高楼层视野开阔采光充足房主自荐,1070万,131450元/平,顶层 (共6层) | 1991年建 | 3室1厅 | 81.4平米 | 南 北,https://ke-image.ljcdn.com/110000-inspection/pc1_4uFwcPgMj_1.jpg!m_fill,w_280,h_210,f_jpg?from=ke.com
20230523,西城,木樨地,101118541404,复兴外大街4号楼   纯南一居   视野开阔  拎包入住,858万,175461元/平,高楼层 (共16层) | 1990年建 | 1室1厅 | 48.9平米 | 南,https://ke-image.ljcdn.com/110000-inspection/pc1_2YPP6rxJv_1.jpg!m_fill,w_280,h_210,f_jpg?from=ke.com
20230523,西城,木樨地,101118530490,央产房中间层三居室业主诚心出售,960万,107143元/平,中楼层 (共4层) 3室1厅 | 89.6平米 | 西北,https://ke-image.ljcdn.com/110000-inspection/pc1_M9fxMKkKI_1.jpg!m_fill,w_280,h_210,f_jpg?from=ke.com
20230523,西城,木樨地,101118499878,莲花池东路甲5号院正规三居朝东户型正规,1450万,124357元/平,低楼层 (共24层) | 1999年建 | 3室1厅 | 116.6平米 | 东,https://ke-image.ljcdn.com/110000-inspection/pc1_K1XjrOP61_1.jpg!m_fill,w_280,h_210,f_jpg?from=ke.com
20230523,西城,木樨地,101118454403,真武庙六里新上两居满五唯一随时签约,1025万,140991元/平,低楼层 (共18层) | 1989年建 | 2室2厅 | 72.7平米 | 西,https://ke-image.ljcdn.com/110000-inspection/pc1_lP0fyDoxk_1.jpg!m_fill,w_280,h_210,f_jpg?from=ke.com
20230523,西城,木樨地,101118344984,真武庙 2室1厅 南,928万,155470元/平,底层 (共5层) 2室1厅 | 59.69平米 | 南,https://ke-image.ljcdn.com/110000-inspection/pc1_W8RbavHNk.jpg!m_fill,w_280,h_210,f_jpg?from=ke.com
20230523,西城,木樨地,101118296812,月坛电梯直达单价低采光通风效果好,1078万,132433元/平,低楼层 (共11层) | 1991年建 | 2室1厅 | 81.4平米 | 东 南,https://ke-image.ljcdn.com/110000-inspection/pc1_NVQjU9Srt_1.jpg!m_fill,w_280,h_210,f_jpg?from=ke.com
20230523,西城,木樨地,101118265163,白云观正规一居室采光好视野明亮,735万,151547元/平,顶层 (共6层) | 1991年建 | 1室1厅 | 48.5平米 | 西,https://ke-image.ljcdn.com/110000-inspection/pc1_EVebOfYde_1.jpg!m_fill,w_280,h_210,f_jpg?from=ke.com
20230523,西城,木樨地,101118088833,西便门外大街精装修拎包入住两居满五年随时签约,690万,140530元/平,底层 (共7层) | 1989年建 | 2室1厅 | 49.1平米 | 南 北,https://ke-image.ljcdn.com/110000-inspection/pc1_CcSCs5v4Z_1.jpg!m_fill,w_280,h_210,f_jpg?from=ke.com
20230523,西城,木樨地,101118017675,西便门正规两居户型方正诚心出售采光好视野开阔,695万,117320元/平,低楼层 (共20层) | 1983年建 | 2室1厅 | 59.24平米 | 东南,https://ke-image.ljcdn.com/110000-inspection/pc1_vvutkfwLh_1.jpg!m_fill,w_280,h_210,f_jpg?from=ke.com
20230523,西城,木樨地,101117984230,机械部汽南小区 通透 采光好 无遮挡,740万,144532元/平,中楼层 (共5层) | 1970年建 | 2室1厅 | 51.2平米 | 东 南 北,https://ke-image.ljcdn.com/110000-inspection/pc1_R5KZQy6jT.jpg!m_fill,w_280,h_210,f_jpg?from=ke.com
20230523,西城,木樨地,101117930780,真武庙二里 全总家属院 1993年建成有电梯 月坛木樨地,728万,163964元/平,低楼层 (共18层) | 1993年建 | 1室1厅 | 44.4平米 | 西北,https://ke-image.ljcdn.com/110000-inspection/pc1_Fyp1dpDLy_1.jpg!m_fill,w_280,h_210,f_jpg?from=ke.com
20230523,西城,木樨地,101117904011,莲花池东路甲5号院南北通透两居室,798万,148604元/平,中楼层 (共5层) | 1980年建 | 2室1厅 | 53.7平米 | 南 北,https://ke-image.ljcdn.com/110000-inspection/pc1_BB9Oiv2re_1.jpg!m_fill,w_280,h_210,f_jpg?from=ke.com
20230523,西城,木樨地,101117903177,汽南小区优质精装东西朝向三居室,920万,150573元/平,中楼层 (共5层) | 1970年建 | 3室1厅 | 61.1平米 | 东 西,https://ke-image.ljcdn.com/110000-inspection/pc1_OoSvOeU49_1.jpg!m_fill,w_280,h_210,f_jpg?from=ke.com
20230523,西城,木樨地,101117886365,西便门外大街 2室1厅 南 北,720万,105264元/平,底层 (共7层) 2室1厅 | 68.4平米 | 南 北,https://ke-image.ljcdn.com/110000-inspection/pc1_RkKGwx4IU.jpg!m_fill,w_280,h_210,f_jpg?from=ke.com
20230523,西城,木樨地,101117858354,月坛 全国总工会 1995年带电梯两居室,765万,147399元/平,中楼层 (共18层) 2室1厅 | 51.9平米 | 西北,https://ke-image.ljcdn.com/110000-inspection/pc1_QhiJeaM0Z_1.jpg!m_fill,w_280,h_210,f_jpg?from=ke.com
20230523,西城,木樨地,101117797479,真武庙四里 3室1厅 南 北,860万,123386元/平,底层 (共4层) | 1955年建 | 3室1厅 | 69.7平米 | 南 北,https://ke-image.ljcdn.com/110000-inspection/pc1_fYMnAldN5.jpg!m_fill,w_280,h_210,f_jpg?from=ke.com
20230523,西城,木樨地,101117782392,地段长安街南侧  电梯房 南向采光好 无遮挡,1169万,149489元/平,中楼层 (共16层) | 1990年建 | 2室1厅 | 78.2平米 | 南,https://ke-image.ljcdn.com/110000-inspection/68a99560-eecb-4e6f-8c9e-ce502c2ad831_1000.jpg!m_fill,w_280,h_210,f_jpg?from=ke.com
20230523,西城,木樨地,101117766964,复兴门外大街 精装修 南北一居室 交通便利房主自荐,830万,169735元/平,低楼层 (共16层) | 1990年建 | 1室1厅 | 48.9平米 | 南 北,https://ke-image.ljcdn.com/110000-inspection/bf30b5eb-bb85-474e-a394-c716f22c2cf0_1000.jpg!m_fill,w_280,h_210,f_jpg?from=ke.com
20230523,西城,木樨地,101117766580,白云路七号院 满五年唯一 诚心卖 随时签约,599万,99535元/平,地下室 (共6层) | 1987年建 | 2室2厅 | 60.18平米 | 东 西,https://ke-image.ljcdn.com/110000-inspection/pc1_UnsWBTwzk_1.jpg!m_fill,w_280,h_210,f_jpg?from=ke.com
20230523,西城,木樨地,101117766579,白云观南北通透正规两居室有客厅居住安静,780万,141819元/平,顶层 (共6层) | 1983年建 | 2室1厅 | 55平米 | 北 南,https://ke-image.ljcdn.com/110000-inspection/pc1_yp4tWxcwU_1.jpg!m_fill,w_280,h_210,f_jpg?from=ke.com
20230523,西城,木樨地,101117766541,汽南小区 南北通透两居 满五唯一 高楼层 视野好,925万,157581元/平,顶层 (共16层) | 1982年建 | 2室1厅 | 58.7平米 | 南 北,https://ke-image.ljcdn.com/110000-inspection/pc1_rKEXKgZme_1.jpg!m_fill,w_280,h_210,f_jpg?from=ke.com
20230523,西城,木樨地,101117764031,西便门东里精装修三居 诚心出售 随时签约 拎包入住房主自荐,698万,112273元/平,顶层 (共16层) | 1984年建 | 3室1厅 | 62.17平米 | 东北,https://ke-image.ljcdn.com/110000-inspection/pc1_wYMrXlc7X.jpg!m_fill,w_280,h_210,f_jpg?from=ke.com
20230523,西城,木樨地,101117711037,双朝南高楼层带电梯采光好,685万,126923元/平,高楼层 (共20层) 2室1厅 | 53.97平米 | 南 北,https://ke-image.ljcdn.com/110000-inspection/pc1_fM8waqRL0_1.jpg!m_fill,w_280,h_210,f_jpg?from=ke.com
20230523,西城,木樨地,101117701823,铁四区 南向 一居室 有钥匙 随时可看,655万,164573元/平,低楼层 (共6层) | 1981年建 | 1室1厅 | 39.8平米 | 南,https://ke-image.ljcdn.com/110000-inspection/pc1_qZa2378aj.jpg!m_fill,w_280,h_210,f_jpg?from=ke.com
20230523,西城,木樨地,101117698015,温馨家园西南向两居室采光好业主诚心出售可随时签约,1180万,152455元/平,顶层 (共7层) | 1999年建 | 2室2厅 | 77.4平米 | 南 西,https://ke-image.ljcdn.com/110000-inspection/pc1_pXquNw9J0_1.jpg!m_fill,w_280,h_210,f_jpg?from=ke.com
20230523,西城,木樨地,101117650965,木樨地北里 满五年唯一 双南向无遮挡,790万,125997元/平,顶层 (共5层) | 1970年建 | 2室1厅 | 62.7平米 | 南,https://ke-image.ljcdn.com/110000-inspection/pc1_PyBke1V1m_1.jpg!m_fill,w_280,h_210,f_jpg?from=ke.com
20230523,西城,木樨地,101117636303,月坛木樨地 白云观 精装南北两室一厅 电梯直达 无遮挡房主自荐,1128万,140649元/平,中楼层 (共11层) | 1991年建 | 2室2厅 | 80.2平米 | 南 北,https://ke-image.ljcdn.com/110000-inspection/pc1_9X6SS36um.jpg!m_fill,w_280,h_210,f_jpg?from=ke.com
20230523,西城,木樨地,101117607610,西便门西里 电梯直达 户型方正,649万,111017元/平,顶层 (共20层) | 1983年建 | 2室1厅 | 58.46平米 | 东,https://ke-image.ljcdn.com/110000-inspection/pc1_BtRgFOBTn.jpg!m_fill,w_280,h_210,f_jpg?from=ke.com
20230523,西城,木樨地,101117599338,真武庙南北通透两居室 业主诚心出售,735万,130320元/平,高楼层 (共7层) | 1992年建 | 2室1厅 | 56.4平米 | 南 北,https://ke-image.ljcdn.com/110000-inspection/pc1_BALqT2xml_1.jpg!m_fill,w_280,h_210,f_jpg?from=ke.com
20230523,西城,木樨地,101117516674,白云观街北里 东西向2居 不临街 环境好,860万,133334元/平,高楼层 (共6层) | 1991年建 | 2室1厅 | 64.5平米 | 东 西,https://ke-image.ljcdn.com/110000-inspection/pc1_BAbdMdaZh_1.jpg!m_fill,w_280,h_210,f_jpg?from=ke.com
20230523,西城,木樨地,101117510040,木樨地白云观 双南两居室 户型方正 诚心出售,1120万,149934元/平,中楼层 (共11层) | 1992年建 | 2室1厅 | 74.7平米 | 南,https://ke-image.ljcdn.com/110000-inspection/pc1_W7asu9qL5_1.jpg!m_fill,w_280,h_210,f_jpg?from=ke.com
20230523,西城,木樨地,101117502447,莲花池东路甲5号院西城月坛1999年楼龄有电梯,1280万,144145元/平,中楼层 (共24层) | 1999年建 | 2室1厅 | 88.8平米 | 西,https://ke-image.ljcdn.com/110000-inspection/pc1_px7i6JVpd_1.jpg!m_fill,w_280,h_210,f_jpg?from=ke.com
20230523,西城,木樨地,101117500007,莲花池东路甲5号院房子是2007年的商品房纯住宅,610万,135436元/平,中楼层 (共28层) | 2007年建 | 1室1厅 | 45.04平米 | 西,https://ke-image.ljcdn.com/110000-inspection/pc1_UCtN6paXa.jpg!m_fill,w_280,h_210,f_jpg?from=ke.com
20230523,西城,木樨地,101117492990,汽南小区 正规四居 小区中间位置 满五唯一,1570万,131271元/平,底层 (共3层) | 1954年建 | 4室0厅 | 119.6平米 | 东 南 北 西,https://ke-image.ljcdn.com/110000-inspection/pc1_YGQwuKaOp_1.jpg!m_fill,w_280,h_210,f_jpg?from=ke.com
20230523,西城,木樨地,101117280407,白云观街南里 南北通透两居 户型好,575万,120042元/平,底层 (共5层) | 1977年建 | 2室1厅 | 47.9平米 | 南 北,https://ke-image.ljcdn.com/110000-inspection/pc1_KSqIaqeim.jpg!m_fill,w_280,h_210,f_jpg?from=ke.com
20230523,西城,木樨地,101117273030,木樨地北里 一居室楼龄新带电梯 近地铁,696万,155705元/平,低楼层 (共18层) | 1986年建 | 1室1厅 | 44.7平米 | 北,https://ke-image.ljcdn.com/110000-inspection/pc1_EZCqQcD8Z.jpg!m_fill,w_280,h_210,f_jpg?from=ke.com
20230523,西城,木樨地,101117248511,西城 月坛 新上南北通透三居室 电梯房 诚心出售,1290万,169961元/平,中楼层 (共16层) | 1982年建 | 3室1厅 | 75.9平米 | 南 北,https://ke-image.ljcdn.com/110000-inspection/pc1_apBx5TAGt_1.jpg!m_fill,w_280,h_210,f_jpg?from=ke.com
20230523,西城,木樨地,101117117472,月坛 699万两居室 有钥匙看房随时,660万,135246元/平,顶层 (共6层) 2室1厅 | 48.8平米 | 东 西,https://ke-image.ljcdn.com/110000-inspection/pc1_v1IVGjHTH_1.jpg!m_fill,w_280,h_210,f_jpg?from=ke.com
20230523,西城,木樨地,101115513655,西便门东里户型优质两居室转角阳台,758万,103088元/平,中楼层 (共16层) | 1980年建 | 2室1厅 | 73.53平米 | 南,https://ke-image.ljcdn.com/110000-inspection/pc1_Ct1S0imrB_1.jpg!m_fill,w_280,h_210,f_jpg?from=ke.com
20230523,西城,木樨地,101119385627,金融世家 环境优美 东西通透三居室 两梯两户 诚售新上,3000万,171517元/平,低楼层 (共15层) | 2008年建 | 3室2厅 | 174.91平米 | 东 西,https://s1.ljcdn.com/pegasus/redskull/images/common/default_house_list.png?_v=20230517173317
20230523,西城,木樨地,101119368564,满五年商品房业主名下唯一住宅格局方正诚心出售新上,915万,156144元/平,中楼层 (共5层) | 1976年建 | 2室1厅 | 58.6平米 | 南 北,https://s1.ljcdn.com/pegasus/redskull/images/common/default_house_list.png?_v=20230517173317
20230523,西城,木樨地,101119333110,木樨地 西便门东里 电梯南北两居 客厅有窗 不临街新上,680万,121755元/平,高楼层 (共14层) | 1980年建 | 2室1厅 | 55.85平米 | 南 西 北,https://s1.ljcdn.com/pegasus/redskull/images/common/default_house_list.png?_v=20230517173317
20230523,西城,木樨地,101119129510,汽南小区 2室1厅 南,1300万,153483元/平,低楼层 (共14层) 2室1厅 | 84.7平米 | 南,https://s1.ljcdn.com/pegasus/redskull/images/common/default_house_list.png?_v=20230517173317
20230523,西城,木樨地,101119022261,西便门西里 2室1厅 东 西,698万,119398元/平,中楼层 (共20层) | 1983年建 | 2室1厅 | 58.46平米 | 东 西,https://s1.ljcdn.com/pegasus/redskull/images/common/default_house_list.png?_v=20230517173317
20230523,西城,木樨地,101118949032,真武庙三居南北通透采光好出行方便,860万,135647元/平,高楼层 (共6层) | 1982年建 | 3室1厅 | 63.4平米 | 南 北 西,https://s1.ljcdn.com/pegasus/redskull/images/common/default_house_list.png?_v=20230517173317
20230523,西城,木樨地,101118884379,真武庙 2室1厅 南,775万,177671元/平,底层 (共6层) | 1976年建 | 2室1厅 | 43.62平米 | 南,https://s1.ljcdn.com/pegasus/redskull/images/common/default_house_list.png?_v=20230517173317
20230523,西城,木樨地,101118743380,木樨地 西便门西里 正规一居室 户型方正 无浪费,530万,124501元/平,顶层 (共6层) 1室1厅 | 42.57平米 | 北,https://s1.ljcdn.com/pegasus/redskull/images/common/default_house_list.png?_v=20230517173317
20230523,西城,木樨地,101118709551,白云观正规两居室采光好无遮挡,910万,133824元/平,顶层 (共6层) 2室1厅 | 68平米 | 西,https://s1.ljcdn.com/pegasus/redskull/images/common/default_house_list.png?_v=20230517173317
20230523,西城,木樨地,101118697319,机械部家属院带电梯南北通透1996年房小区做过改造,868万,159267元/平,顶层 (共14层) | 1996年建 | 1室1厅 | 54.5平米 | 南 北,https://s1.ljcdn.com/pegasus/redskull/images/common/default_house_list.png?_v=20230517173317
20230523,西城,木樨地,101118616088,白云观南向一居室精装修户型方正采光充足房主自荐,866万,158900元/平,中楼层 (共11层) | 1992年建 | 1室1厅 | 54.5平米 | 南,https://s1.ljcdn.com/pegasus/redskull/images/common/default_house_list.png?_v=20230517173317
20230523,西城,木樨地,101118614701,长椿街 西便门满五年中间楼层客厅带窗带电梯,673万,120502元/平,中楼层 (共14层) | 1980年建 | 2室1厅 | 55.85平米 | 南 北,https://s1.ljcdn.com/pegasus/redskull/images/common/default_house_list.png?_v=20230517173317
20230523,西城,木樨地,101118504789,铁一区 南北通透 全明格局 板楼中间层 诚心出售,1100万,153418元/平,中楼层 (共6层) 2室1厅 | 71.7平米 | 南 北,https://s1.ljcdn.com/pegasus/redskull/images/common/default_house_list.png?_v=20230517173317
20230523,西城,木樨地,101118304947,白云观正规一居室高楼层视野好,760万,150496元/平,高楼层 (共11层) | 1992年建 | 1室1厅 | 50.5平米 | 西,https://s1.ljcdn.com/pegasus/redskull/images/common/default_house_list.png?_v=20230517173317
20230523,西城,木樨地,101118296070,机械部汽南小区精装修一居室适合居住。房主自荐,715万,170239元/平,中楼层 (共6层) 1室1厅 | 42平米 | 东,https://s1.ljcdn.com/pegasus/redskull/images/common/default_house_list.png?_v=20230517173317
20230523,西城,木樨地,101118197383,铁道部真武庙小区小一居诚心出售,498万,145700元/平,地下室 (共18层) | 1989年建 | 1室1厅 | 34.18平米 | 西,https://s1.ljcdn.com/pegasus/redskull/images/common/default_house_list.png?_v=20230517173317
20230523,西城,木樨地,101118006982,复兴门南大街 满五年 采光视野好 长椿街 带电梯 诚售,850万,148265元/平,中楼层 (共12层) | 1975年建 | 2室1厅 | 57.33平米 | 东,https://ke-image.ljcdn.com/110000-inspection/pc1_tY5CERCHO_1.jpg!m_fill,w_280,h_210,f_jpg?from=ke.com
20230523,西城,木樨地,101117851886,此房满五唯一楼层好采光充足层高舒适感强,1258万,141032元/平,中楼层 (共18层) | 1989年建 | 3室1厅 | 89.2平米 | 南 北,https://s1.ljcdn.com/pegasus/redskull/images/common/default_house_list.png?_v=20230517173317
20230523,西城,木樨地,101117837489,有电梯楼层好视野开阔采光充足1996年建成,1300万,153483元/平,低楼层 (共14层) 2室1厅 | 84.7平米 | 南,https://ke-image.ljcdn.com/110000-inspection/pc1_Nn1bOPkVT_1.jpg!m_fill,w_280,h_210,f_jpg?from=ke.com
20230523,西城,木樨地,101117674252,莲花池东路甲5号院采光好三居室,1100万,89236元/平,中楼层 (共28层) | 2007年建 | 3室1厅 | 123.27平米 | 西,https://s1.ljcdn.com/pegasus/redskull/images/common/default_house_list.png?_v=20230517173317
20230523,西城,木樨地,101117369630,木樨地莲花池东路甲5号院2室1厅,570万,43945元/平,低楼层 (共28层) | 2007年建 | 2室1厅 | 129.71平米 | 东,https://s1.ljcdn.com/pegasus/redskull/images/common/default_house_list.png?_v=20230517173317
20230523,西城,木樨地,101116525394,正规两居室带客厅 户型方正 有电梯,1050万,150215元/平,低楼层 (共12层) | 1983年建 | 2室1厅 | 69.9平米 | 南 北,https://s1.ljcdn.com/pegasus/redskull/images/common/default_house_list.png?_v=20230517173317
