20230620,朝阳,华威桥,101119441683,店长推荐满五年房改房中间楼层南北通透业主诚意卖必看好房,310万,55856元/平,中楼层 (共6层) 2室1厅 | 55.5平米 | 南 北,https://ke-image.ljcdn.com/110000-inspection/6623fc6a-a106-4ece-9697-1de3db7bb409_1000.jpg!m_fill,w_280,h_210,f_jpg?from=ke.com
20230620,朝阳,华威桥,101119354806,满五唯一+产权清晰+近地铁+精装修+视野开阔+看房随时必看好房,429万,59312元/平,低楼层 (共24层) | 1997年建 | 2室1厅 | 72.33平米 | 东南,https://ke-image.ljcdn.com/110000-inspection/88a9fa4e-f03a-4542-8ac1-6093151268ea_1000.jpg!m_fill,w_280,h_210,f_jpg?from=ke.com
20230620,朝阳,华威桥,101119336046,急售美景东方二期97.22平米双卫两居室满五唯一随时看必看好房,665万,68402元/平,高楼层 (共16层) | 2007年建 | 2室1厅 | 97.22平米 | 东南,https://ke-image.ljcdn.com/110000-inspection/254e643d-fb7d-477b-90ae-1c687ba6d607_1000.jpg!m_fill,w_280,h_210,f_jpg?from=ke.com
20230620,朝阳,华威桥,101119250697,双龙南里 中间楼层 南北通透 不临街 满五唯一 有钥匙必看好房,268万,56804元/平,中楼层 (共6层) 1室1厅 | 47.18平米 | 南 北,https://ke-image.ljcdn.com/110000-inspection/c7b971dd-d9c7-427f-8693-123784e7f8bc_1000.jpg!m_fill,w_280,h_210,f_jpg?from=ke.com
20230620,朝阳,华威桥,101119210324,高视野双阳台无遮挡户型方正无浪费空间必看好房,465万,71080元/平,中楼层 (共24层) 2室1厅 | 65.42平米 | 东南,https://ke-image.ljcdn.com/110000-inspection/pc1_5FmzJrQl3.jpg!m_fill,w_280,h_210,f_jpg?from=ke.com
20230620,朝阳,华威桥,101119655664,山水文园二期前后不临街南北3居室 观景视野好必看好房,1280万,100212元/平,中楼层 (共8层) 3室1厅 | 127.73平米 | 南 北,https://ke-image.ljcdn.com/110000-inspection/a533c7b4-cd0f-436b-a159-d78b2faf98de_1000.jpg!m_fill,w_280,h_210,f_jpg?from=ke.com
20230620,朝阳,华威桥,101119555085,美景东方 正规南向一居室 户型方正 舒适宜居房主自荐,388万,72578元/平,底层 (共22层) 1室1厅 | 53.46平米 | 南,https://ke-image.ljcdn.com/110000-inspection/cd611fdf-db31-403a-956f-6def250170f4_1000.jpg!m_fill,w_280,h_210,f_jpg?from=ke.com
20230620,朝阳,华威桥,101119529913,美景东方 正规小两居 看花园 随时交易,438万,72988元/平,底层 (共25层) 2室1厅 | 60.01平米 | 西,https://ke-image.ljcdn.com/110000-inspection/pc1_dJEy7nwyj.jpg!m_fill,w_280,h_210,f_jpg?from=ke.com
20230620,朝阳,华威桥,101119119924,双龙南里小区电梯一居室正南向,260万,63123元/平,顶层 (共18层) 1室1厅 | 41.19平米 | 南,https://ke-image.ljcdn.com/110000-inspection/pc1_6m0FS7Pu6.jpg!m_fill,w_280,h_210,f_jpg?from=ke.com
20230620,朝阳,华威桥,101119089584,南新园小区+满五唯一+购房成本低+板楼二层+南北通透必看好房,458万,63869元/平,中楼层 (共4层) 2室1厅 | 71.71平米 | 南 北,https://ke-image.ljcdn.com/110000-inspection/cb421ba1-f3e7-4e99-8039-b2bd3c3e1e06_1000.jpg!m_fill,w_280,h_210,f_jpg?from=ke.com
20230620,朝阳,华威桥,101119050462,北工大 双龙南里东 中间三层 双阳台 客厅卧室采光好,410万,55958元/平,中楼层 (共6层) 3室1厅 | 73.27平米 | 东南 北,https://ke-image.ljcdn.com/110000-inspection/96eef645-4e34-4306-b347-a9b01da41863_1000.jpg!m_fill,w_280,h_210,f_jpg?from=ke.com
20230620,朝阳,华威桥,101119047127,全南向 采光好 价格合适 业主信任,266万,53084元/平,顶层 (共6层) | 1997年建 | 1室1厅 | 50.11平米 | 南,https://ke-image.ljcdn.com/110000-inspection/fd02304e-3c5b-4c9a-8a3e-b798f98f32ca_1000.jpg!m_fill,w_280,h_210,f_jpg?from=ke.com
20230620,朝阳,华威桥,101119032349,双龙南里西区中间层近地铁婚房装修采光好,289万,57639元/平,中楼层 (共6层) 1室1厅 | 50.14平米 | 东 西,https://ke-image.ljcdn.com/110000-inspection/e3120cfd-81d5-47b5-89fc-c2b58e578ff6_1000.jpg!m_fill,w_280,h_210,f_jpg?from=ke.com
20230620,朝阳,华威桥,101119024486,双龙南里西区2层满五唯一商品房采光好近地铁必看好房,303万,55202元/平,低楼层 (共6层) 2室1厅 | 54.89平米 | 西南,https://ke-image.ljcdn.com/110000-inspection/a23bded3-fa62-4c9c-b9d6-4861ee627191_1000.jpg!m_fill,w_280,h_210,f_jpg?from=ke.com
20230620,朝阳,华威桥,101119024028,满五年唯一朝南采光好两年没出的好户型不临街必看好房,535万,54962元/平,低楼层 (共22层) | 2000年建 | 2室1厅 | 97.34平米 | 南,https://ke-image.ljcdn.com/110000-inspection/7f070d47-25c5-4de7-88a8-12583c20de7a_1000.jpg!m_fill,w_280,h_210,f_jpg?from=ke.com
20230620,朝阳,华威桥,101119014254,东景苑 正规两居 高层采光视野好,509万,60102元/平,高楼层 (共21层) 2室1厅 | 84.69平米 | 西南,https://ke-image.ljcdn.com/110000-inspection/pc1_LceTC5S6W.jpg!m_fill,w_280,h_210,f_jpg?from=ke.com
20230620,朝阳,华威桥,101118994055,双龙南里西区带电梯东南向中高楼层前后无遮挡必看好房,360万,55445元/平,中楼层 (共18层) 2室1厅 | 64.93平米 | 东南,https://ke-image.ljcdn.com/110000-inspection/58387b2d-6baf-4a68-ac41-0dd8fd66b877_1000.jpg!m_fill,w_280,h_210,f_jpg?from=ke.com
20230620,朝阳,华威桥,101118902200,北工大两居室 满五唯一 南北通透 拎包入住必看好房,289万,50720元/平,顶层 (共6层) | 1993年建 | 2室1厅 | 56.98平米 | 南 北,https://ke-image.ljcdn.com/110000-inspection/2e3d215a-2fc5-46d4-981c-20ce30dcce85_1000.jpg!m_fill,w_280,h_210,f_jpg?from=ke.com
20230620,朝阳,华威桥,101118886204,南新园小区+中高层+无遮挡+不临街+随时看房必看好房,439万,60644元/平,高楼层 (共24层) 2室1厅 | 72.39平米 | 西南,https://ke-image.ljcdn.com/110000-inspection/pc1_4g9SEFmDt_2.jpg!m_fill,w_280,h_210,f_jpg?from=ke.com
20230620,朝阳,华威桥,101118784165,美景东方 落地窗 无遮挡 无户口 无抵押 通车库,395万,77787元/平,顶层 (共11层) | 2012年建 | 1室0厅 | 50.78平米 | 西,https://ke-image.ljcdn.com/110000-inspection/0328b34a-2dea-483c-9ed7-b4fe13d14ade_1000.jpg!m_fill,w_280,h_210,f_jpg?from=ke.com
20230620,朝阳,华威桥,101118766537,满五年+精装修+电梯三居+楼道无广告+无遮挡视野好,467万,53293元/平,中楼层 (共24层) | 1997年建 | 3室1厅 | 87.63平米 | 西南 北,https://ke-image.ljcdn.com/110000-inspection/699f5a1e-6d2e-4036-9306-2b86ed611f2e_1000.jpg!m_fill,w_280,h_210,f_jpg?from=ke.com
20230620,朝阳,华威桥,101118571409,南新园小区+大院环境好+正规电梯三居+诚意出售,455万,43276元/平,低楼层 (共24层) 3室1厅 | 105.14平米 | 东南 北,https://ke-image.ljcdn.com/110000-inspection/pc1_9LdjkTfkr.jpg!m_fill,w_280,h_210,f_jpg?from=ke.com
20230620,朝阳,华威桥,101118474975,板楼户型户数少高楼层视野好采光充足诚意出售必看好房,660万,71460元/平,顶层 (共9层) | 2007年建 | 2室1厅 | 92.36平米 | 西,https://ke-image.ljcdn.com/110000-inspection/6d393a6b-d024-42d3-a5ba-c0da3751e642_1000.jpg!m_fill,w_280,h_210,f_jpg?from=ke.com
20230620,朝阳,华威桥,101118468664,周庄嘉园东里B区 低楼层一居室 采光好无遮挡 不临街必看好房,289万,64770元/平,低楼层 (共6层) 1室1厅 | 44.62平米 | 东南,https://ke-image.ljcdn.com/110000-inspection/c630e023-720d-4dc5-9826-681825ca77d3_1000.jpg!m_fill,w_280,h_210,f_jpg?from=ke.com
20230620,朝阳,华威桥,101118379646,南北通透两居西区方便出行满五年唯一商品房必看好房,335万,59125元/平,中楼层 (共6层) | 1995年建 | 2室1厅 | 56.66平米 | 南 北,https://ke-image.ljcdn.com/110000-inspection/da929cd7-7b33-4cff-9387-9669d88bf28f_1000.jpg!m_fill,w_280,h_210,f_jpg?from=ke.com
20230620,朝阳,华威桥,101118250173,满五年唯一+采光好+视野好+不临街+精装修+看房方便必看好房,243万,66631元/平,中楼层 (共7层) 1室1厅 | 36.47平米 | 东,https://ke-image.ljcdn.com/110000-inspection/pc1_dsDc3p2sq_2.jpg!m_fill,w_280,h_210,f_jpg?from=ke.com
20230620,朝阳,华威桥,101118245464,山水文园 南北通透 卫生间带窗户的2居室2个卫生间,1060万,93599元/平,低楼层 (共9层) 2室2厅 | 113.25平米 | 南 北,https://ke-image.ljcdn.com/110000-inspection/pc1_WiIdbEufB.jpg!m_fill,w_280,h_210,f_jpg?from=ke.com
20230620,朝阳,华威桥,101118077139,满五唯一商品房精装修中间楼层大客厅必看好房,462万,61981元/平,中楼层 (共6层) 3室1厅 | 74.54平米 | 东 南 北,https://ke-image.ljcdn.com/110000-inspection/dabad56f-acff-4cb7-8cbc-5c01c1706355_1000.jpg!m_fill,w_280,h_210,f_jpg?from=ke.com
20230620,朝阳,华威桥,101118051965,美景东方二期 东南朝向 大面宽 视野采光好,950万,81700元/平,高楼层 (共12层) 2室2厅 | 116.28平米 | 东南,https://ke-image.ljcdn.com/110000-inspection/8152edfb-912d-48ad-a440-20e8b2974471_1000.jpg!m_fill,w_280,h_210,f_jpg?from=ke.com
20230620,朝阳,华威桥,101117630040,山水文园四期 前后不临街 中间楼层 保养的好 无遮挡,1700万,99766元/平,中楼层 (共13层) | 2008年建 | 3室2厅 | 170.4平米 | 南 北,https://ke-image.ljcdn.com/110000-inspection/fc47ddc9-e06c-4b04-9ca0-eb3f3acccad4_1000.jpg!m_fill,w_280,h_210,f_jpg?from=ke.com
20230620,朝阳,华威桥,101117549945,山水文园 南北通透 眼睛户型 双卧室朝南 全天采光必看好房,1699万,92478元/平,高楼层 (共9层) 3室2厅 | 183.72平米 | 南 北,https://ke-image.ljcdn.com/110000-inspection/3c59f530-99ad-4bd1-9f6c-2c7e6f78715d_1000.jpg!m_fill,w_280,h_210,f_jpg?from=ke.com
20230620,朝阳,华威桥,101117487778,双龙南里西区 南北通透 精装修三居室房主自荐,453万,60773元/平,中楼层 (共6层) | 1994年建 | 3室1厅 | 74.54平米 | 南 北,https://ke-image.ljcdn.com/110000-inspection/pc1_dHT0XCrpT.jpg!m_fill,w_280,h_210,f_jpg?from=ke.com
20230620,朝阳,华威桥,101117482655,北工大双龙南里小区东西向两居室必看好房,279万,46139元/平,顶层 (共6层) 2室1厅 | 60.47平米 | 东 西,https://ke-image.ljcdn.com/110000-inspection/16ed2846-4e63-417e-8bc2-a622652e6ef2_1000.jpg!m_fill,w_280,h_210,f_jpg?from=ke.com
20230620,朝阳,华威桥,101117407943,自住全新装修两居室东向不临街必看好房,479万,55223元/平,低楼层 (共21层) 2室1厅 | 86.74平米 | 东南,https://ke-image.ljcdn.com/110000-inspection/5253ee3b-b352-4851-888b-c3609019f3e0_1000.jpg!m_fill,w_280,h_210,f_jpg?from=ke.com
20230620,朝阳,华威桥,101117290738,南新园+满五唯一+不临街+近出口+没抵押+没查封+诚心卖必看好房,216万,63530元/平,底层 (共6层) | 1995年建 | 1室1厅 | 34平米 | 西,https://ke-image.ljcdn.com/110000-inspection/e7a11f28-ee65-4218-8faf-20b25a3ee087_1000.jpg!m_fill,w_280,h_210,f_jpg?from=ke.com
20230620,朝阳,华威桥,101116882930,美景东方 南北三居室 客厅大面宽 电梯直达出库房主自荐,1100万,71680元/平,低楼层 (共18层) 3室1厅 | 153.46平米 | 南 北,https://ke-image.ljcdn.com/110000-inspection/5f11e5d7-c31e-4705-81f7-e3fe49bf53e1_1000.jpg!m_fill,w_280,h_210,f_jpg?from=ke.com
20230620,朝阳,华威桥,101116688790,美景东方 南北通透 全明格局 边户三居房主自荐,788万,68737元/平,顶层 (共9层) | 2002年建 | 3室2厅 | 114.64平米 | 南 东 北,https://ke-image.ljcdn.com/110000-inspection/02edc546-8bb7-4dbf-8591-3e40aaf56ba6_1000.jpg!m_fill,w_280,h_210,f_jpg?from=ke.com
20230620,朝阳,华威桥,101115546244,弘燕路小区 中间层2居室满五年房改房南北通2居室必看好房,419万,50495元/平,中楼层 (共6层) 2室1厅 | 82.98平米 | 南 北,https://ke-image.ljcdn.com/110000-inspection/pc1_qeda6lUTT.jpg!m_fill,w_280,h_210,f_jpg?from=ke.com
20230620,朝阳,华威桥,101115364934,美景东方 东向正规一居室 价格可谈 诚意出售,580万,82645元/平,高楼层 (共12层) | 2008年建 | 1室1厅 | 70.18平米 | 东,https://ke-image.ljcdn.com/110000-inspection/pc1_FQD0qw459.jpg!m_fill,w_280,h_210,f_jpg?from=ke.com
20230620,朝阳,华威桥,101114734136,满五年唯一 精装修 南北通透 前后不临街花园 诚意出售房主自荐,798万,69338元/平,高楼层 (共9层) | 2002年建 | 3室1厅 | 115.09平米 | 南 北,https://ke-image.ljcdn.com/110000-inspection/pc1_mspyzc1BD_2.jpg!m_fill,w_280,h_210,f_jpg?from=ke.com
20230620,朝阳,华威桥,101114642933,美景东方二期  东西通透  三居两卫 西向看花园 08年,935万,64783元/平,中楼层 (共18层) 3室2厅 | 144.33平米 | 东 西,https://ke-image.ljcdn.com/110000-inspection/pc1_s4KaPJMln.jpg!m_fill,w_280,h_210,f_jpg?from=ke.com
20230620,朝阳,华威桥,101114585521,美景东方二期满五唯一东向不临街,480万,59709元/平,底层 (共24层) | 2006年建 | 1室1厅 | 80.39平米 | 东,https://ke-image.ljcdn.com/110000-inspection/93902144-7ddf-400d-a6b5-0b7cbfb04f3a_1000.jpg!m_fill,w_280,h_210,f_jpg?from=ke.com
20230620,朝阳,华威桥,101119658437,美景东方 高绿化 两卧室朝南 高楼层视野好  满五唯一必看好房,685万,79996元/平,高楼层 (共25层) | 2002年建 | 2室1厅 | 85.63平米 | 西南,https://ke-image.ljcdn.com/110000-inspection/fa0101fd-91f3-4bf5-b815-c2d51615acd7_1000.jpg!m_fill,w_280,h_210,f_jpg?from=ke.com
20230620,朝阳,华威桥,101119578260,客厅挑空4.5米 双卧室南向带阳台 前后不临街必看好房,1560万,79710元/平,低楼层 (共9层) | 2003年建 | 4室2厅 | 195.71平米 | 北 南,https://ke-image.ljcdn.com/110000-inspection/983339d8-189e-400d-939f-d03626bf83c7_1000.jpg!m_fill,w_280,h_210,f_jpg?from=ke.com
20230620,朝阳,华威桥,101119576037,双龙西区近地铁两居室2层南北随时看不临街必看好房,313万,55804元/平,低楼层 (共6层) 2室1厅 | 56.09平米 | 南 北,https://ke-image.ljcdn.com/110000-inspection/325b7fc7-c195-4041-be0e-80a423de4ccc_1000.jpg!m_fill,w_280,h_210,f_jpg?from=ke.com
20230620,朝阳,华威桥,101119170980,汉华苑 满五年唯一精装修 三面朝阳采光充足视野无遮挡房主自荐,676万,76462元/平,中楼层 (共22层) | 1998年建 | 2室1厅 | 88.41平米 | 南,https://ke-image.ljcdn.com/110000-inspection/4d46fe61-3c8a-4d22-9e3f-70b36bfb9b5a_1000.jpg!m_fill,w_280,h_210,f_jpg?from=ke.com
20230620,朝阳,华威桥,101119034796,双龙南里小区采光充足设施齐全近地铁交通便利,253万,54351元/平,高楼层 (共6层) 1室1厅 | 46.55平米 | 南,https://ke-image.ljcdn.com/110000-inspection/706a8479-8df3-467b-af57-daed30490d51_1000.jpg!m_fill,w_280,h_210,f_jpg?from=ke.com
20230620,朝阳,华威桥,101118620788,香榭舍 1室1厅 南,273万,34614元/平,低楼层 (共20层) | 1997年建 | 1室1厅 | 78.87平米 | 南,https://ke-image.ljcdn.com/110000-inspection/pc1_ndeIVDyBz.jpg!m_fill,w_280,h_210,f_jpg?from=ke.com
20230620,朝阳,华威桥,101118283114,南北通透的精装复式采光充足视野开阔有花园,2450万,83833元/平,中楼层 (共12层) | 2008年建 | 5室2厅 | 292.25平米 | 南 北,https://ke-image.ljcdn.com/110000-inspection/pc1_gWG155JHt.jpg!m_fill,w_280,h_210,f_jpg?from=ke.com
20230620,朝阳,华威桥,101118174655,别墅区经典阳光满屋高楼层三居室 满五唯一必看好房,1350万,98454元/平,中楼层 (共12层) | 2008年建 | 3室2厅 | 137.12平米 | 南 北,https://ke-image.ljcdn.com/110000-inspection/c55303fb-eeda-41d1-9f61-7234466d0b7a_1000.jpg!m_fill,w_280,h_210,f_jpg?from=ke.com
20230620,朝阳,华威桥,101118135614,山水文园四期临湖  客厅挑高4.2米 2019年精装修,1880万,97577元/平,中楼层 (共13层) 3室2厅 | 192.67平米 | 南 北,https://ke-image.ljcdn.com/110000-inspection/2efc3842-8f4e-4903-b53d-29f356139665_1000.jpg!m_fill,w_280,h_210,f_jpg?from=ke.com
20230620,朝阳,华威桥,101117677587,双龙南里西区客厅有窗户一层两户采光好房主自荐,336万,57319元/平,高楼层 (共6层) | 1994年建 | 2室1厅 | 58.62平米 | 南 西 东,https://ke-image.ljcdn.com/110000-inspection/9bfeda98-5185-46a4-a332-af0106c04aaa_1000.jpg!m_fill,w_280,h_210,f_jpg?from=ke.com
20230620,朝阳,华威桥,101105513520,顶层复式开发商精装修空置正观湖景别墅房主自荐,3260万,82845元/平,高楼层 (共13层) | 2009年建 | 6室2厅 | 393.51平米 | 南 北,https://ke-image.ljcdn.com/110000-inspection/2cb93c5d-0d66-466b-a2cb-06977c16d369_1000.jpg!m_fill,w_280,h_210,f_jpg?from=ke.com
20230620,朝阳,华威桥,101119338655,汉华苑 东南朝向 满五唯一 视野采光无遮挡,715万,52640元/平,中楼层 (共22层) | 1998年建 | 3室2厅 | 135.83平米 | 东 南,https://s1.ljcdn.com/pegasus/redskull/images/common/default_house_list.png?_v=20230605162645687
20230620,朝阳,华威桥,101119756769,书香亭精装修两居室业主诚意出售。新上,563万,66314元/平,高楼层 (共21层) 2室1厅 | 84.9平米 | 东北,https://ke-image.ljcdn.com/110000-inspection/pc1_kEORQ96LE.jpg!m_fill,w_280,h_210,f_jpg?from=ke.com
20230620,朝阳,华威桥,101119755283,北工大+周家庄+双龙西区满五两居室+南北通透+诚意出售新上,294万,51507元/平,顶层 (共6层) 2室1厅 | 57.08平米 | 南 北,https://ke-image.ljcdn.com/110000-inspection/d64a8eec-5f07-45ff-abd7-18c79d1334fd_1000.jpg!m_fill,w_280,h_210,f_jpg?from=ke.com
20230620,朝阳,华威桥,101119702000,双龙南里西区不临街南北通透无遮挡新上,292万,50951元/平,顶层 (共6层) 2室1厅 | 57.31平米 | 南 北,https://ke-image.ljcdn.com/110000-inspection/pc1_aWbBGQoAo.jpg!m_fill,w_280,h_210,f_jpg?from=ke.com
20230620,朝阳,华威桥,101119675082,南新园 1室1厅 西房主自荐,299万,59080元/平,顶层 (共24层) 1室1厅 | 50.61平米 | 西,https://ke-image.ljcdn.com/110000-inspection/pc1_ULcQznDJE.jpg!m_fill,w_280,h_210,f_jpg?from=ke.com
20230620,朝阳,华威桥,101119623600,双龙南里西区房本满五年且无其他住房精装修,324万,56763元/平,高楼层 (共6层) | 1994年建 | 2室1厅 | 57.08平米 | 南 北,https://ke-image.ljcdn.com/110000-inspection/pc1_S4GyF87A9.jpg!m_fill,w_280,h_210,f_jpg?from=ke.com
20230620,朝阳,华威桥,101119623457,双龙南里 干部楼 小区干净 物业管理好 满五年唯一,270万,65550元/平,低楼层 (共18层) 1室1厅 | 41.19平米 | 南,https://ke-image.ljcdn.com/110000-inspection/pc1_lqGyhGspV.jpg!m_fill,w_280,h_210,f_jpg?from=ke.com
20230620,朝阳,华威桥,101119618538,北工大+双龙南里+满五唯一+近地铁,295万,49225元/平,顶层 (共6层) | 1995年建 | 2室1厅 | 59.93平米 | 东 西,https://ke-image.ljcdn.com/110000-inspection/b179063e-184e-4b56-8e17-ba2de211b54d_1000.jpg!m_fill,w_280,h_210,f_jpg?from=ke.com
20230620,朝阳,华威桥,101119598952,方华苑 2室1厅 南,525万,53935元/平,底层 (共22层) | 2000年建 | 2室1厅 | 97.34平米 | 南,https://ke-image.ljcdn.com/110000-inspection/ebc4e560-650c-4073-88e0-d879fd0c9dfc_1000.jpg!m_fill,w_280,h_210,f_jpg?from=ke.com
20230620,朝阳,华威桥,101119582120,全明格局三居室 高楼层   有钥匙随时可看房子,750万,57362元/平,中楼层 (共22层) | 2001年建 | 3室1厅 | 130.75平米 | 东北,https://ke-image.ljcdn.com/110000-inspection/7134e132-ad92-4616-8010-82907b1e488e_1000.jpg!m_fill,w_280,h_210,f_jpg?from=ke.com
20230620,朝阳,华威桥,101119563964,满二年+南北通透+双阳台+精装修+采光充足+不临街房主自荐,476万,66939元/平,中楼层 (共6层) | 1995年建 | 2室1厅 | 71.11平米 | 南 北,https://ke-image.ljcdn.com/110000-inspection/pc1_JjJSkt7Zb.jpg!m_fill,w_280,h_210,f_jpg?from=ke.com
20230620,朝阳,华威桥,101119536928,南新园小区+精装修拎包住+满五唯一+全南向采光好房主自荐,392万,58447元/平,顶层 (共6层) 2室1厅 | 67.07平米 | 南,https://ke-image.ljcdn.com/110000-inspection/34db9d1f-faae-4cc8-a0af-1bd0084f56d0_1000.jpg!m_fill,w_280,h_210,f_jpg?from=ke.com
20230620,朝阳,华威桥,101119528857,满五唯一商品房  精装修  采光好  无遮挡,319万,52667元/平,高楼层 (共6层) 2室1厅 | 60.57平米 | 东 西,https://ke-image.ljcdn.com/110000-inspection/ef8e0bb6-6d92-43f1-a72b-97fb1021bba7_1000.jpg!m_fill,w_280,h_210,f_jpg?from=ke.com
20230620,朝阳,华威桥,101119526180,满两年 精装修 看小区花园 全明格局 双明卫,830万,69064元/平,低楼层 (共25层) | 2010年建 | 3室1厅 | 120.18平米 | 南 西 北,https://ke-image.ljcdn.com/110000-inspection/pc1_uPBrdAELu.jpg!m_fill,w_280,h_210,f_jpg?from=ke.com
20230620,朝阳,华威桥,101119492645,弘燕路小区 南北向两居室 视野采光好,355万,55608元/平,高楼层 (共6层) | 1998年建 | 2室1厅 | 63.84平米 | 南 北,https://ke-image.ljcdn.com/110000-inspection/60d9cd4f-1414-41b2-9359-95fa90cdbe52_1000.jpg!m_fill,w_280,h_210,f_jpg?from=ke.com
20230620,朝阳,华威桥,101119488260,南新园小区+精装修拎包住+双卧朝南双阳台+诚意出售,495万,70584元/平,低楼层 (共24层) | 1997年建 | 2室1厅 | 70.13平米 | 东南,https://ke-image.ljcdn.com/110000-inspection/67c0cf24-457c-4e89-9088-d9a955900fe7_1000.jpg!m_fill,w_280,h_210,f_jpg?from=ke.com
20230620,朝阳,华威桥,101119477484,山水文园中园 精装修两居 拎包入住,1190万,105078元/平,中楼层 (共9层) 2室1厅 | 113.25平米 | 南 北,https://ke-image.ljcdn.com/110000-inspection/pc1_tDQXGF3jJ.jpg!m_fill,w_280,h_210,f_jpg?from=ke.com
20230620,朝阳,华威桥,101119401479,西南两居室 大客厅落地窗 卧室转角飘窗 高楼层视野好,710万,81218元/平,高楼层 (共21层) | 2012年建 | 2室1厅 | 87.42平米 | 西南,https://ke-image.ljcdn.com/110000-inspection/493bd52d-e460-4b9a-bf81-46352a133961_1000.jpg!m_fill,w_280,h_210,f_jpg?from=ke.com
20230620,朝阳,华威桥,101119369468,南新园中路  精装修 大两居 费用少,515万,57931元/平,低楼层 (共22层) | 1999年建 | 2室1厅 | 88.9平米 | 西,https://ke-image.ljcdn.com/110000-inspection/c6f3473c-805d-472e-806b-0ec44e573bfa_1000.jpg!m_fill,w_280,h_210,f_jpg?from=ke.com
20230620,朝阳,华威桥,101119292034,美景东方 户型方正 诚意出售 小区中间位置 看房方便房主自荐,850万,75382元/平,中楼层 (共24层) 3室2厅 | 112.76平米 | 东北,https://ke-image.ljcdn.com/110000-inspection/8d379058-e6f1-4e0e-8857-b24b5ee6e00d_1000.jpg!m_fill,w_280,h_210,f_jpg?from=ke.com
20230620,朝阳,华威桥,101119271912,山水文园一期 2室1厅 南 北,1160万,99854元/平,高楼层 (共9层) | 2002年建 | 2室1厅 | 116.17平米 | 南 北,https://ke-image.ljcdn.com/110000-inspection/pc1_AtT19T7w1.jpg!m_fill,w_280,h_210,f_jpg?from=ke.com
20230620,朝阳,华威桥,101119267435,华威桥东侧东南2居室满五唯一视野宽阔采光好.房主自荐,560万,58719元/平,顶层 (共22层) | 1998年建 | 2室1厅 | 95.37平米 | 东南,https://ke-image.ljcdn.com/110000-inspection/8c019e76-8319-4cd0-9a34-30231c4a4660_1000.jpg!m_fill,w_280,h_210,f_jpg?from=ke.com
20230620,朝阳,华威桥,101119260503,北工大商圈 弘燕路小区 南北向精装修两居室房主自荐,439万,51160元/平,高楼层 (共6层) | 1997年建 | 2室1厅 | 85.81平米 | 南 北,https://ke-image.ljcdn.com/110000-inspection/981c7804-8ba5-41a7-b655-234bfa9e9ff1_1000.jpg!m_fill,w_280,h_210,f_jpg?from=ke.com
20230620,朝阳,华威桥,101119249290,弘燕路小区 东西通透3居室 诚意出售,439万,46372元/平,高楼层 (共6层) | 1997年建 | 3室1厅 | 94.67平米 | 东 西 北,https://ke-image.ljcdn.com/110000-inspection/febe92ac-5bd5-4f08-b7e0-c134ad164817_1000.jpg!m_fill,w_280,h_210,f_jpg?from=ke.com
20230620,朝阳,华威桥,101119226760,满五年唯一只有契税明厨明卫全明格局,655万,53007元/平,低楼层 (共22层) | 2000年建 | 3室1厅 | 123.57平米 | 东北,https://ke-image.ljcdn.com/110000-inspection/744361cc-e7ca-420b-acc9-61472ca712fa_1000.jpg!m_fill,w_280,h_210,f_jpg?from=ke.com
20230620,朝阳,华威桥,101119220546,美景东方 精装修 高层三居室 采光好 视野开阔,860万,76127元/平,中楼层 (共25层) | 2006年建 | 3室1厅 | 112.97平米 | 东 北,https://ke-image.ljcdn.com/110000-inspection/4556f63d-c625-4cb5-9131-ad7884d9e112_1000.jpg!m_fill,w_280,h_210,f_jpg?from=ke.com
20230620,朝阳,华威桥,101119208001,周庄嘉园东里 小区中间位置 中间层 南北通透,588万,65240元/平,中楼层 (共6层) 2室1厅 | 90.13平米 | 南 北,https://ke-image.ljcdn.com/110000-inspection/c6d9c85e-40fc-4e3c-92f9-b6bb63f4d3a9_1000.jpg!m_fill,w_280,h_210,f_jpg?from=ke.com
20230620,朝阳,华威桥,101119196777,美景东方双卫两居室 看房有钥匙 诚意出售,830万,63437元/平,高楼层 (共18层) 2室2厅 | 130.84平米 | 东 西北,https://ke-image.ljcdn.com/110000-inspection/2ed2d597-c7ff-426c-a0ae-3a1da6b85275_1000.jpg!m_fill,w_280,h_210,f_jpg?from=ke.com
20230620,朝阳,华威桥,101119162968,双龙南里朝南一居采光充足无遮挡.,265万,59578元/平,低楼层 (共18层) 1室1厅 | 44.48平米 | 南,https://ke-image.ljcdn.com/110000-inspection/5bd60a99-6eb3-4d61-9b8b-71e3688bf963_1000.jpg!m_fill,w_280,h_210,f_jpg?from=ke.com
20230620,朝阳,华威桥,101119162842,满五唯一 没抵押没户口 产权清晰 楼层高 采光视野好房主自荐,585万,76722元/平,高楼层 (共22层) 2室1厅 | 76.25平米 | 西,https://ke-image.ljcdn.com/110000-inspection/6573d507-0f54-4514-8031-0a4596ea0a1b_1000.jpg!m_fill,w_280,h_210,f_jpg?from=ke.com
20230620,朝阳,华威桥,101119161279,弘燕路小区   中间层  适宜居住,319万,50024元/平,中楼层 (共6层) 2室1厅 | 63.77平米 | 东北,https://ke-image.ljcdn.com/110000-inspection/2ad8cbea-a140-4c65-843c-de8957914fa1_1000.jpg!m_fill,w_280,h_210,f_jpg?from=ke.com
20230620,朝阳,华威桥,101119160861,美景东方 满五唯一 窗户明亮 采光好 2012年楼龄,716万,80450元/平,低楼层 (共14层) 2室1厅 | 89平米 | 西 北,https://ke-image.ljcdn.com/110000-inspection/pc1_a9bdKMqhr.jpg!m_fill,w_280,h_210,f_jpg?from=ke.com
20230620,朝阳,华威桥,101119160709,方华苑 南向 小两居 无遮挡 满五年唯一 近地铁,509万,58668元/平,中楼层 (共22层) | 1998年建 | 2室1厅 | 86.76平米 | 南,https://ke-image.ljcdn.com/110000-inspection/a85175b1-dfee-453f-bac8-95b4edf2cb4e_1000.jpg!m_fill,w_280,h_210,f_jpg?from=ke.com
20230620,朝阳,华威桥,101119146675,周庄嘉园东里B区 南北通透两居室,499万,55817元/平,顶层 (共6层) | 2004年建 | 2室2厅 | 89.4平米 | 东 南 北,https://ke-image.ljcdn.com/110000-inspection/7db9c8a7-2e75-47ec-958d-cca838d365d2_1000.jpg!m_fill,w_280,h_210,f_jpg?from=ke.com
20230620,朝阳,华威桥,101119145304,美景东方优质南向一居户型方正小区中间不临街。房主自荐,476万,72584元/平,底层 (共25层) | 2006年建 | 1室0厅 | 65.58平米 | 南,https://ke-image.ljcdn.com/110000-inspection/pc1_gXBBJMVOi.jpg!m_fill,w_280,h_210,f_jpg?from=ke.com
20230620,朝阳,华威桥,101119095835,南新园大园  采光好 正规三居 满五年唯一 产权清晰,485万,54294元/平,中楼层 (共24层) 3室1厅 | 89.33平米 | 南 西 北,https://ke-image.ljcdn.com/110000-inspection/pc1_9fFNAG0bZ.jpg!m_fill,w_280,h_210,f_jpg?from=ke.com
20230620,朝阳,华威桥,101119089121,纯商品房封闭式管理满五唯一东南朝向无遮挡,755万,55585元/平,中楼层 (共22层) | 1998年建 | 3室2厅 | 135.83平米 | 东南 北,https://ke-image.ljcdn.com/110000-inspection/9d690fd7-4108-4e11-95cb-d4854daa7ccf_1000.jpg!m_fill,w_280,h_210,f_jpg?from=ke.com
20230620,朝阳,华威桥,101119077478,美景东方精装修的房子不临街安静满五唯一。房主自荐,627万,77417元/平,低楼层 (共25层) | 2006年建 | 2室1厅 | 80.99平米 | 东北,https://ke-image.ljcdn.com/110000-inspection/pc1_2eWONATyv.jpg!m_fill,w_280,h_210,f_jpg?from=ke.com
20230620,朝阳,华威桥,101119070431,美景东方 不临街 满五年唯一 无户口 无抵押,638万,77948元/平,中楼层 (共25层) 2室1厅 | 81.85平米 | 西,https://ke-image.ljcdn.com/110000-inspection/4afac359-3df6-4ca3-af68-579f9493234f_1000.jpg!m_fill,w_280,h_210,f_jpg?from=ke.com
20230620,朝阳,华威桥,101119040262,双龙南里 北工大 客厅带大窗户 精装修 看房方便,280万,46274元/平,顶层 (共6层) 2室1厅 | 60.51平米 | 东 西 北,https://ke-image.ljcdn.com/110000-inspection/12b90fe2-1edf-4797-ba06-eb299fc29d00_1000.jpg!m_fill,w_280,h_210,f_jpg?from=ke.com
20230620,朝阳,华威桥,101119039839,双龙南里 北工大 满五年唯一 两居室 无遮挡 户型方正,300万,49579元/平,顶层 (共6层) 2室1厅 | 60.51平米 | 东 西,https://ke-image.ljcdn.com/110000-inspection/prod-efd66714-3a21-40ed-aeac-75cb7a16bb27.jpg!m_fill,w_280,h_210,f_jpg?from=ke.com
20230620,朝阳,华威桥,101119027910,双龙南里西区采光好无遮挡近地铁房主自荐,252万,59972元/平,高楼层 (共6层) | 1996年建 | 1室1厅 | 42.02平米 | 东,https://ke-image.ljcdn.com/110000-inspection/pc1_gpmgPWbJE.jpg!m_fill,w_280,h_210,f_jpg?from=ke.com
20230620,朝阳,华威桥,101119014292,双龙南里满五家庭名下唯一94年诚心出售随时签约,275万,55422元/平,中楼层 (共6层) 1室1厅 | 49.62平米 | 西,https://ke-image.ljcdn.com/110000-inspection/pc1_aY3jJZvGO.jpg!m_fill,w_280,h_210,f_jpg?from=ke.com
20230620,朝阳,华威桥,101119001301,双龙南里西区不临街中间层一居室无遮挡。,266万,57965元/平,高楼层 (共6层) 1室1厅 | 45.89平米 | 南,https://ke-image.ljcdn.com/110000-inspection/ae61fabe-d89a-457b-8f58-a791cb340aa8_1000.jpg!m_fill,w_280,h_210,f_jpg?from=ke.com
20230620,朝阳,华威桥,101118998979,弘燕路小区 南北通透 格局好 大客厅,485万,56521元/平,低楼层 (共6层) | 1997年建 | 2室1厅 | 85.81平米 | 南 北,https://ke-image.ljcdn.com/110000-inspection/67916a65-4c28-4536-872b-9a43dbdca89e_1000.jpg!m_fill,w_280,h_210,f_jpg?from=ke.com
20230620,朝阳,华威桥,101118990191,美景东方东南向双卧朝南精装修正对花园,665万,77660元/平,低楼层 (共25层) 2室1厅 | 85.63平米 | 东南,https://ke-image.ljcdn.com/110000-inspection/6cf584b2-ff2c-4178-a5dc-d199d030fe0a_1000.jpg!m_fill,w_280,h_210,f_jpg?from=ke.com
20230620,朝阳,华威桥,101118988115,两居室 满五唯一 没抵押没户口 产权清晰 诚心出售,520万,59172元/平,低楼层 (共22层) | 2001年建 | 2室1厅 | 87.88平米 | 西,https://ke-image.ljcdn.com/110000-inspection/8b88caa0-bf91-4672-8303-dc805ade182c_1000.jpg!m_fill,w_280,h_210,f_jpg?from=ke.com
20230620,朝阳,华威桥,101118952161,东西通透 屋里很亮堂 满五年唯一,320万,48878元/平,顶层 (共6层) | 1998年建 | 2室1厅 | 65.47平米 | 东 西,https://ke-image.ljcdn.com/110000-inspection/b0452b9d-a299-42c6-b96c-cf5bfd1a178c_1000.jpg!m_fill,w_280,h_210,f_jpg?from=ke.com
20230620,朝阳,华威桥,101118946978,满五唯一+精装修+可给换房周期+中高层无遮挡,780万,59656元/平,高楼层 (共22层) | 2001年建 | 3室1厅 | 130.75平米 | 东北,https://ke-image.ljcdn.com/110000-inspection/pc1_0EwUaSxXW_2.jpg!m_fill,w_280,h_210,f_jpg?from=ke.com
20230620,朝阳,华威桥,101118933824,双龙南里 2室1厅 南 北,300万,52430元/平,顶层 (共6层) 2室1厅 | 57.22平米 | 南 北,https://ke-image.ljcdn.com/110000-inspection/8bd11c99-320d-449d-9aac-227172e05890_1000.jpg!m_fill,w_280,h_210,f_jpg?from=ke.com
20230620,朝阳,华威桥,101118932416,满五年唯一西南采光高楼层视野开阔不临街,535万,59938元/平,高楼层 (共22层) | 1998年建 | 2室1厅 | 89.26平米 | 西南,https://ke-image.ljcdn.com/110000-inspection/8975d653-7195-4e48-a86a-3764d6e0bff0_1000.jpg!m_fill,w_280,h_210,f_jpg?from=ke.com
20230620,朝阳,华威桥,101118804580,南新园  正规一居室  近地铁  诚心出售,280万,52751元/平,中楼层 (共24层) 1室1厅 | 53.08平米 | 西,https://ke-image.ljcdn.com/110000-inspection/de60381f-f37a-48a5-b7fe-d470b2c2b024_1000.jpg!m_fill,w_280,h_210,f_jpg?from=ke.com
20230620,朝阳,华威桥,101118789475,美景东方三期2012年楼龄正观花园不临街精装修采光好房主自荐,750万,85646元/平,中楼层 (共11层) | 2012年建 | 2室1厅 | 87.57平米 | 东,https://ke-image.ljcdn.com/110000-inspection/daaf35fa-2b25-49d7-8981-2eb7c91c76af_1000.jpg!m_fill,w_280,h_210,f_jpg?from=ke.com
20230620,朝阳,华威桥,101118784125,美景东方 满五年唯一 无抵押 19年装修 无遮挡,595万,78033元/平,中楼层 (共22层) | 2002年建 | 2室1厅 | 76.25平米 | 西,https://ke-image.ljcdn.com/110000-inspection/709989dd-46e6-49a8-8c68-dbbc7801ae35_1000.jpg!m_fill,w_280,h_210,f_jpg?from=ke.com
20230620,朝阳,华威桥,101118724561,弘燕路小区   满五年唯一 商品房 通透2居室   中间层,363万,55446元/平,中楼层 (共6层) | 1998年建 | 2室1厅 | 65.47平米 | 东 西,https://ke-image.ljcdn.com/110000-inspection/7cc5b1dd-01c2-4f4b-800b-308ae6c972bd_1000.jpg!m_fill,w_280,h_210,f_jpg?from=ke.com
20230620,朝阳,华威桥,101118723878,南新园+满五年成本价+不临街+近出口+没抵押+诚心卖房主自荐,226万,73449元/平,高楼层 (共7层) 1室1厅 | 30.77平米 | 东,https://ke-image.ljcdn.com/110000-inspection/fce982be-c475-4cf4-aeb8-7836d75acb88_1000.jpg!m_fill,w_280,h_210,f_jpg?from=ke.com
20230620,朝阳,华威桥,101118716282,弘燕路小区 精装修2居室户型好大客厅购房成本少,369万,56362元/平,高楼层 (共6层) | 1998年建 | 2室1厅 | 65.47平米 | 南 北,https://ke-image.ljcdn.com/110000-inspection/e24a3ce7-11bc-4871-b864-5fe9a592b089_1000.jpg!m_fill,w_280,h_210,f_jpg?from=ke.com
20230620,朝阳,华威桥,101118692437,美景东方二期满五唯一客厅落地窗面宽4.3 视野开阔,900万,77400元/平,低楼层 (共12层) 2室2厅 | 116.28平米 | 东南,https://ke-image.ljcdn.com/110000-inspection/pc1_WKOGsBq4i.jpg!m_fill,w_280,h_210,f_jpg?from=ke.com
20230620,朝阳,华威桥,101118648443,房子满五年且是家庭名下唯一住房,305万,54689元/平,高楼层 (共6层) 2室2厅 | 55.77平米 | 南 北,https://ke-image.ljcdn.com/110000-inspection/1ff49806-218a-4618-8cac-7c8567ca2d17_1000.jpg!m_fill,w_280,h_210,f_jpg?from=ke.com
20230620,朝阳,华威桥,101118634520,龙头公寓 拐角大阳台 品质社区 格局方正,860万,60795元/平,中楼层 (共14层) | 1995年建 | 3室1厅 | 141.46平米 | 南,https://ke-image.ljcdn.com/110000-inspection/13013627-1ea1-4036-9577-5b45f6e6831e_1000.jpg!m_fill,w_280,h_210,f_jpg?from=ke.com
20230620,朝阳,华威桥,101118608032,美景东方正南向不临街高层精装一居室,443万,82866元/平,中楼层 (共22层) | 2002年建 | 1室1厅 | 53.46平米 | 南,https://ke-image.ljcdn.com/110000-inspection/pc1_0baHrxmKW.jpg!m_fill,w_280,h_210,f_jpg?from=ke.com
20230620,朝阳,华威桥,101118597357,东景苑南向三居室楼层好视野宽阔采光充足。房主自荐,810万,54112元/平,高楼层 (共22层) | 2001年建 | 3室2厅 | 149.69平米 | 南,https://ke-image.ljcdn.com/110000-inspection/pc1_z9ZKHSWna_2.jpg!m_fill,w_280,h_210,f_jpg?from=ke.com
20230620,朝阳,华威桥,101118583267,美景东方北向一居业主诚意出售,538万,70604元/平,顶层 (共20层) | 2005年建 | 1室1厅 | 76.2平米 | 北,https://ke-image.ljcdn.com/110000-inspection/8b64bb49-60bc-431b-ac38-c136158d16ee_1000.jpg!m_fill,w_280,h_210,f_jpg?from=ke.com
20230620,朝阳,华威桥,101118577886,双龙南里西区近地铁精装修诚意出售,335万,57413元/平,底层 (共6层) | 1994年建 | 2室1厅 | 58.35平米 | 西 东,https://ke-image.ljcdn.com/110000-inspection/3afb22f8-3b6e-4159-acf0-c53d7a196c80_1000.jpg!m_fill,w_280,h_210,f_jpg?from=ke.com
20230620,朝阳,华威桥,101118575769,美景东方 高层大一居室 落地窗 视野采光好 满五唯一,523万,72619元/平,顶层 (共12层) 1室1厅 | 72.02平米 | 西北,https://ke-image.ljcdn.com/110000-inspection/pc1_JX5HaSNSE.jpg!m_fill,w_280,h_210,f_jpg?from=ke.com
20230620,朝阳,华威桥,101118537158,满五年唯一+采光充足+交通便利+不临街+近地铁+无遮挡,275万,61577元/平,中楼层 (共24层) 1室1厅 | 44.66平米 | 西,https://ke-image.ljcdn.com/110000-inspection/pc1_rXKNbuZdR.jpg!m_fill,w_280,h_210,f_jpg?from=ke.com
20230620,朝阳,华威桥,101118505026,南新园中路 舒适型大两居 采光好 满五年唯一,655万,56098元/平,中楼层 (共21层) 2室1厅 | 116.76平米 | 西,https://ke-image.ljcdn.com/110000-inspection/6675a43a-499f-4a1f-ae5a-ee2a3e29b4dc_1000.jpg!m_fill,w_280,h_210,f_jpg?from=ke.com
20230620,朝阳,华威桥,101118499035,美景东方三期 正观花园 视野开阔不临街,718万,79373元/平,中楼层 (共21层) 2室1厅 | 90.46平米 | 东,https://ke-image.ljcdn.com/110000-inspection/pc1_hDr7hA5s7.jpg!m_fill,w_280,h_210,f_jpg?from=ke.com
20230620,朝阳,华威桥,101118498276,美景东方 全明三居 落地窗 高层视野无遮挡 满五你唯一,850万,75382元/平,顶层 (共24层) | 2006年建 | 3室2厅 | 112.76平米 | 西北,https://ke-image.ljcdn.com/110000-inspection/dc4c4a4f-39b2-4165-b41c-d37dcff24f38_1000.jpg!m_fill,w_280,h_210,f_jpg?from=ke.com
20230620,朝阳,华威桥,101118495403,朝东两居室  视野开阔 满五年不唯一 诚意出售,560万,64524元/平,中楼层 (共22层) | 2000年建 | 2室2厅 | 86.79平米 | 东,https://ke-image.ljcdn.com/110000-inspection/03eec34d-2f2b-4d4c-9c65-87d2fea36242_1000.jpg!m_fill,w_280,h_210,f_jpg?from=ke.com
20230620,朝阳,华威桥,101118472181,双龙南里 中间楼层 全南一居室 满五唯一,263万,56414元/平,中楼层 (共6层) | 1993年建 | 1室1厅 | 46.62平米 | 南,https://ke-image.ljcdn.com/110000-inspection/pc1_SfXLxrrXT.jpg!m_fill,w_280,h_210,f_jpg?from=ke.com
20230620,朝阳,华威桥,101118466884,南新园 南北通透 全明格局 满五年唯一 前后不临街,468万,61113元/平,高楼层 (共6层) 2室1厅 | 76.58平米 | 南 北,https://ke-image.ljcdn.com/110000-inspection/313e0728-8b42-4098-878b-cfa9249c4034_1000.jpg!m_fill,w_280,h_210,f_jpg?from=ke.com
20230620,朝阳,华威桥,101118449968,双龙南里小区近地铁南向一居室,265万,57659元/平,低楼层 (共6层) 1室1厅 | 45.96平米 | 南,https://ke-image.ljcdn.com/110000-inspection/92eb1fdc-684b-4a91-8c24-7e15911a18c0_1000.jpg!m_fill,w_280,h_210,f_jpg?from=ke.com
20230620,朝阳,华威桥,101118446752,西区   无遮挡 方方正正  无浪费面积,215万,54638元/平,底层 (共6层) 1室1厅 | 39.35平米 | 南,https://ke-image.ljcdn.com/110000-inspection/pc1_DQ2mbNuaD.jpg!m_fill,w_280,h_210,f_jpg?from=ke.com
20230620,朝阳,华威桥,101118435702,美景东方 正规三居室 视野好 采光充足 诚意出售房主自荐,855万,73498元/平,中楼层 (共23层) | 2011年建 | 3室2厅 | 116.33平米 | 西北,https://ke-image.ljcdn.com/110000-inspection/8445d4d8-3234-49d1-9948-b898f5c24ca4_1000.jpg!m_fill,w_280,h_210,f_jpg?from=ke.com
20230620,朝阳,华威桥,101118424688,满五唯一餐客分离 3个阳台主、次卧室分布客厅两侧,758万,74879元/平,低楼层 (共25层) | 2006年建 | 2室1厅 | 101.23平米 | 西,https://ke-image.ljcdn.com/110000-inspection/pc1_ATk5WIGbV.jpg!m_fill,w_280,h_210,f_jpg?from=ke.com
20230620,朝阳,华威桥,101118418758,方华苑 南向 满五年唯一 19年装修 采光足 有车位,518万,59705元/平,中楼层 (共22层) | 1998年建 | 1室1厅 | 86.76平米 | 南,https://ke-image.ljcdn.com/110000-inspection/pc1_RyLjVrtJm.jpg!m_fill,w_280,h_210,f_jpg?from=ke.com
20230620,朝阳,华威桥,101118414036,北工大地铁双龙南里小区南向一居室,267万,57052元/平,底层 (共6层) | 1994年建 | 1室1厅 | 46.8平米 | 南,https://ke-image.ljcdn.com/110000-inspection/pc1_7DESw8k5L.jpg!m_fill,w_280,h_210,f_jpg?from=ke.com
20230620,朝阳,华威桥,101118388579,汉华苑高层两居室户型方正视野开阔小区管理好,570万,66256元/平,高楼层 (共22层) | 1999年建 | 2室1厅 | 86.03平米 | 北,https://ke-image.ljcdn.com/110000-inspection/pc1_nkwxmlhVj.jpg!m_fill,w_280,h_210,f_jpg?from=ke.com
20230620,朝阳,华威桥,101118377491,西区精装修通透格局视野好无遮挡业主诚心出售,315万,55595元/平,高楼层 (共6层) | 1995年建 | 2室1厅 | 56.66平米 | 东 西,https://ke-image.ljcdn.com/110000-inspection/pc1_vmS1ofG1H.jpg!m_fill,w_280,h_210,f_jpg?from=ke.com
20230620,朝阳,华威桥,101118376543,满五唯一商品房2层无遮挡交通便利,399万,56356元/平,低楼层 (共6层) | 1998年建 | 2室1厅 | 70.8平米 | 南 北,https://ke-image.ljcdn.com/110000-inspection/pc1_4luFqNtx5.jpg!m_fill,w_280,h_210,f_jpg?from=ke.com
20230620,朝阳,华威桥,101118375162,双龙南里西区近地铁二层满五家庭唯一,322万,53250元/平,低楼层 (共6层) | 1994年建 | 2室1厅 | 60.47平米 | 东 西,https://ke-image.ljcdn.com/110000-inspection/pc1_j0fTasT9X.jpg!m_fill,w_280,h_210,f_jpg?from=ke.com
20230620,朝阳,华威桥,101118372314,美景东方 西南双卫 卧室分开 2011年 有车位 满五唯一,860万,76944元/平,中楼层 (共23层) | 2011年建 | 2室2厅 | 111.77平米 | 西南,https://ke-image.ljcdn.com/110000-inspection/pc1_rxHfXrGp5.jpg!m_fill,w_280,h_210,f_jpg?from=ke.com
20230620,朝阳,华威桥,101118366664,美景东方全明格局不临街 满五年唯一,500万,63541元/平,底层 (共25层) 1室1厅 | 78.69平米 | 东,https://ke-image.ljcdn.com/110000-inspection/b7ca39c2-1512-4d1f-8b65-eacb58924a09_1000.jpg!m_fill,w_280,h_210,f_jpg?from=ke.com
20230620,朝阳,华威桥,101118344105,美景二期落地窗无遮挡东向对花园满五唯一,750万,74089元/平,中楼层 (共25层) 2室2厅 | 101.23平米 | 东,https://ke-image.ljcdn.com/110000-inspection/pc1_QxGeldt9D_2.jpg!m_fill,w_280,h_210,f_jpg?from=ke.com
20230620,朝阳,华威桥,101118337405,周庄嘉园东里  南北通透2居  户型少有  全明格局,515万,57517元/平,顶层 (共6层) | 2003年建 | 2室2厅 | 89.54平米 | 南 北,https://ke-image.ljcdn.com/110000-inspection/pc1_AnBP2uN6F.jpg!m_fill,w_280,h_210,f_jpg?from=ke.com
20230620,朝阳,华威桥,101118335484,弘燕路小区  高楼层低总价购房成本少房主自荐,286万,49447元/平,顶层 (共6层) | 1998年建 | 1室1厅 | 57.84平米 | 东南 北,https://ke-image.ljcdn.com/110000-inspection/pc1_ezfUm1G1J.jpg!m_fill,w_280,h_210,f_jpg?from=ke.com
20230620,朝阳,华威桥,101118332815,山水文园四期观湖景大平层  一梯一户,2600万,89048元/平,中楼层 (共13层) | 2009年建 | 4室2厅 | 291.98平米 | 东 南 北,https://ke-image.ljcdn.com/110000-inspection/a2e50a4e-1479-425e-887e-f2e75dc8352a_1000.jpg!m_fill,w_280,h_210,f_jpg?from=ke.com
20230620,朝阳,华威桥,101118326010,南新园 两居室 南北通透 满五唯一 视线开阔 小区中间,388万,57756元/平,顶层 (共6层) 2室1厅 | 67.18平米 | 南 北,https://ke-image.ljcdn.com/110000-inspection/pc1_SnwJ2OjIY.jpg!m_fill,w_280,h_210,f_jpg?from=ke.com
20230620,朝阳,华威桥,101118315279,周庄嘉园东里B区2020年精装3居室房主自荐,740万,59262元/平,中楼层 (共6层) | 2003年建 | 3室2厅 | 124.87平米 | 南 北,https://ke-image.ljcdn.com/110000-inspection/pc1_hPGpa8Cj4.jpg!m_fill,w_280,h_210,f_jpg?from=ke.com
20230620,朝阳,华威桥,101118307566,10号线 东三环 美景东方 精装修 小区环境好 有花园房主自荐,950万,72915元/平,高楼层 (共18层) | 2008年建 | 2室1厅 | 130.29平米 | 东 西 北,https://ke-image.ljcdn.com/110000-inspection/pc1_78HugRNFy_1.jpg!m_fill,w_280,h_210,f_jpg?from=ke.com
20230620,朝阳,华威桥,101118266003,北工大双龙南里小区南北通透两居室精装修房主自荐,306万,51248元/平,顶层 (共6层) 2室1厅 | 59.71平米 | 南 北,https://ke-image.ljcdn.com/110000-inspection/pc1_r42l90Yte.jpg!m_fill,w_280,h_210,f_jpg?from=ke.com
20230620,朝阳,华威桥,101118256276,山水文园 前后观花园 双通透的大三居,1580万,102319元/平,中楼层 (共9层) 3室2厅 | 154.42平米 | 南 北,https://ke-image.ljcdn.com/110000-inspection/pc1_mTedMxdIh.jpg!m_fill,w_280,h_210,f_jpg?from=ke.com
20230620,朝阳,华威桥,101118247138,东三环华威桥美景东方85平米东南向满五唯一观花园,689万,80463元/平,低楼层 (共25层) | 2002年建 | 2室1厅 | 85.63平米 | 东南,https://ke-image.ljcdn.com/110000-inspection/pc1_wGCDmKPs3.jpg!m_fill,w_280,h_210,f_jpg?from=ke.com
20230620,朝阳,华威桥,101118237531,美景东方三期楼龄新精装修不临街,785万,77166元/平,中楼层 (共25层) 2室2厅 | 101.73平米 | 西,https://ke-image.ljcdn.com/110000-inspection/6c669616-7d3c-4b3f-b5eb-147c10451878_1000.jpg!m_fill,w_280,h_210,f_jpg?from=ke.com
20230620,朝阳,华威桥,101118237527,美景东方南向两居室大客厅落地窗不临街,890万,76540元/平,中楼层 (共12层) 3室1厅 | 116.28平米 | 东南,https://ke-image.ljcdn.com/110000-inspection/14c8669e-b3e4-4dfb-8f2f-7f8e9b880fc7_1000.jpg!m_fill,w_280,h_210,f_jpg?from=ke.com
20230620,朝阳,华威桥,101118210960,双南向采光+满五年+中间层视野光线好+产权清晰+诚意售,312万,65191元/平,中楼层 (共24层) | 1996年建 | 1室1厅 | 47.86平米 | 南,https://ke-image.ljcdn.com/110000-inspection/e4dbf381-4d6b-4a9b-aef9-27e9d62da427_1000.jpg!m_fill,w_280,h_210,f_jpg?from=ke.com
20230620,朝阳,华威桥,101118192315,北工大+南北通透三居室+满五年+明厅+不临街+近地铁房主自荐,486万,61310元/平,高楼层 (共6层) 3室1厅 | 79.27平米 | 东 南 北,https://ke-image.ljcdn.com/110000-inspection/a2a49b09-defe-4fcc-82f7-7b940eed94a0_1000.jpg!m_fill,w_280,h_210,f_jpg?from=ke.com
20230620,朝阳,华威桥,101118160016,南新园+电梯房+不临街+近出口+没抵押+没查封+采光好,558万,71438元/平,低楼层 (共24层) | 1996年建 | 2室1厅 | 78.11平米 | 东南,https://ke-image.ljcdn.com/110000-inspection/4e18785e-b391-4598-a2a7-e31cead00777_1000.jpg!m_fill,w_280,h_210,f_jpg?from=ke.com
20230620,朝阳,华威桥,101118147489,满五年 高楼层 采光好 电梯刷卡 装修不错 有租赁车位,680万,64139元/平,高楼层 (共22层) | 1998年建 | 2室2厅 | 106.02平米 | 南,https://ke-image.ljcdn.com/110000-inspection/71119572-a2de-4334-a913-9505f53687e7_1000.jpg!m_fill,w_280,h_210,f_jpg?from=ke.com
20230620,朝阳,华威桥,101118141595,中楼层大两居视野开阔采光充足满五唯一费用低,615万,61067元/平,中楼层 (共21层) | 2002年建 | 2室1厅 | 100.71平米 | 西,https://ke-image.ljcdn.com/110000-inspection/pc1_UBpyoc5QR.jpg!m_fill,w_280,h_210,f_jpg?from=ke.com
20230620,朝阳,华威桥,101118138908,满五唯一+产权清晰+近地铁+看房随时+稳定签约,415万,51598元/平,低楼层 (共24层) | 1996年建 | 2室1厅 | 80.43平米 | 西南,https://ke-image.ljcdn.com/110000-inspection/df87c1d9-8d0e-4800-b601-6fd6f07618b8_1000.jpg!m_fill,w_280,h_210,f_jpg?from=ke.com
20230620,朝阳,华威桥,101118137676,南新园南向正规一居+不临街+满五唯一+近地铁+采光充足房主自荐,312万,57049元/平,中楼层 (共24层) | 1996年建 | 1室1厅 | 54.69平米 | 南,https://ke-image.ljcdn.com/110000-inspection/pc1_ixhmLyy31.jpg!m_fill,w_280,h_210,f_jpg?from=ke.com
20230620,朝阳,华威桥,101118132465,美景东方 南北三居室 不临街 高层 有车位 百万精装,1350万,88670元/平,高楼层 (共18层) 3室2厅 | 152.25平米 | 南 北,https://ke-image.ljcdn.com/110000-inspection/6550fa94-d42d-4ca0-91bb-b81371a124d6_1000.jpg!m_fill,w_280,h_210,f_jpg?from=ke.com
20230620,朝阳,华威桥,101118125667,美景东方 户型方正 采光充足 看房方便 诚意出售,390万,75802元/平,高楼层 (共18层) 1室1厅 | 51.45平米 | 北,https://ke-image.ljcdn.com/110000-inspection/pc1_VOGNwg19W.jpg!m_fill,w_280,h_210,f_jpg?from=ke.com
20230620,朝阳,华威桥,101118113023,美景东方 精装修东南向的房子业主诚意出售。,810万,70374元/平,低楼层 (共12层) 2室2厅 | 115.1平米 | 东南,https://ke-image.ljcdn.com/110000-inspection/9c7b1b70-ac3f-4435-bdef-145055b823f7_1000.jpg!m_fill,w_280,h_210,f_jpg?from=ke.com
20230620,朝阳,华威桥,101118090129,房子是满五唯一商品房    精装修  拎包入住,329万,64008元/平,低楼层 (共6层) | 1995年建 | 1室1厅 | 51.4平米 | 东 西,https://ke-image.ljcdn.com/110000-inspection/a2244204-b50e-4846-891b-bf3e700c252d_1000.jpg!m_fill,w_280,h_210,f_jpg?from=ke.com
20230620,朝阳,华威桥,101118085073,美景东方三居室满五唯一采光好自住诚意出售.房主自荐,699.9万,62109元/平,中楼层 (共22层) | 2002年建 | 3室2厅 | 112.69平米 | 西北,https://ke-image.ljcdn.com/110000-inspection/dc13b563-bd81-4e4d-bcfa-612539803412_1000.jpg!m_fill,w_280,h_210,f_jpg?from=ke.com
20230620,朝阳,华威桥,101118082837,北工大+南新园大园+板楼一居室+大客厅+西南朝向采光足,289万,57893元/平,低楼层 (共6层) 1室1厅 | 49.92平米 | 南 西,https://ke-image.ljcdn.com/110000-inspection/pc1_yPsS7EXGr.jpg!m_fill,w_280,h_210,f_jpg?from=ke.com
20230620,朝阳,华威桥,101118027624,北工大+双龙南里+南向+中间层+满五唯一,269万,57775元/平,中楼层 (共6层) | 1994年建 | 1室1厅 | 46.56平米 | 南,https://ke-image.ljcdn.com/110000-inspection/pc1_cZMEhANeJ.jpg!m_fill,w_280,h_210,f_jpg?from=ke.com
20230620,朝阳,华威桥,101118007789,满五唯一婚房装修近地铁户型方正房主自荐,319万,56813元/平,高楼层 (共6层) | 1994年建 | 2室1厅 | 56.15平米 | 东 西,https://ke-image.ljcdn.com/110000-inspection/pc1_2Xd6hki5I_2.jpg!m_fill,w_280,h_210,f_jpg?from=ke.com
20230620,朝阳,华威桥,101118006489,落地窗南向采光双阳台设计拎包入住餐客一体房主自荐,980万,80007元/平,中楼层 (共18层) | 2008年建 | 2室1厅 | 122.49平米 | 南,https://ke-image.ljcdn.com/110000-inspection/pc1_t1GT7VO6B.jpg!m_fill,w_280,h_210,f_jpg?from=ke.com
20230620,朝阳,华威桥,101117984220,双阳台高楼层视野开阔观小区花园主卧东向采光,725万,64336元/平,高楼层 (共22层) | 2002年建 | 3室2厅 | 112.69平米 | 东北,https://ke-image.ljcdn.com/110000-inspection/pc1_gadlWl8FE_1.jpg!m_fill,w_280,h_210,f_jpg?from=ke.com
20230620,朝阳,华威桥,101117954741,满五年唯一 西向两居室  商品房 楼龄新,739万,72644元/平,中楼层 (共25层) 2室1厅 | 101.73平米 | 西,https://ke-image.ljcdn.com/110000-inspection/pc1_pZLB9mJ4p.jpg!m_fill,w_280,h_210,f_jpg?from=ke.com
20230620,朝阳,华威桥,101117946148,东三环华威桥美景东方105平米东南向观花园只有契税,798万,75433元/平,顶层 (共25层) | 2005年建 | 2室1厅 | 105.79平米 | 东南,https://ke-image.ljcdn.com/110000-inspection/pc1_YbOeEL4eb.jpg!m_fill,w_280,h_210,f_jpg?from=ke.com
20230620,朝阳,华威桥,101117918566,双龙南里东西两居室近地铁有钥匙,300万,50092元/平,顶层 (共6层) | 1995年建 | 2室1厅 | 59.89平米 | 东 西,https://ke-image.ljcdn.com/110000-inspection/4b7a773b-2e72-4fda-b268-528132bdda24_1000.jpg!m_fill,w_280,h_210,f_jpg?from=ke.com
20230620,朝阳,华威桥,101117897143,美景东方 看小区花园 视野好 不临街 满五年唯一,735万,72751元/平,高楼层 (共24层) 2室1厅 | 101.03平米 | 西,https://ke-image.ljcdn.com/110000-inspection/622c0aa8-6b0d-48d7-a1ee-69db9e07db22_1000.jpg!m_fill,w_280,h_210,f_jpg?from=ke.com
20230620,朝阳,华威桥,101117863575,南新园小区+带电梯+满五年+诚意出售+看房方便,306万,51874元/平,顶层 (共24层) 1室1厅 | 58.99平米 | 南,https://ke-image.ljcdn.com/110000-inspection/95d99bb2-4515-4848-978f-1ac42bf789c6_1000.jpg!m_fill,w_280,h_210,f_jpg?from=ke.com
20230620,朝阳,华威桥,101117816920,店长推荐北工大满五唯一商品房中间楼层正朝南,265万,56819元/平,中楼层 (共6层) | 1994年建 | 1室1厅 | 46.64平米 | 南,https://ke-image.ljcdn.com/110000-inspection/e8fb1e49-3bfd-4744-954a-918e6db5b6fa_1000.jpg!m_fill,w_280,h_210,f_jpg?from=ke.com
20230620,朝阳,华威桥,101117779234,双龙南里 1室1厅 西南,269万,53058元/平,低楼层 (共12层) | 1994年建 | 1室1厅 | 50.7平米 | 西南,https://ke-image.ljcdn.com/110000-inspection/pc1_nHVLXlcaD_2.jpg!m_fill,w_280,h_210,f_jpg?from=ke.com
20230620,朝阳,华威桥,101117769458,双龙南里西区东西通透交通便利,330万,55923元/平,底层 (共6层) | 1995年建 | 2室1厅 | 59.01平米 | 东 西,https://ke-image.ljcdn.com/110000-inspection/pc1_9zdmlNfoE_2.jpg!m_fill,w_280,h_210,f_jpg?from=ke.com
20230620,朝阳,华威桥,101117756288,弘燕路小区  南北通透2居室   采光好,435万,50694元/平,高楼层 (共6层) | 1997年建 | 2室1厅 | 85.81平米 | 南 北,https://ke-image.ljcdn.com/110000-inspection/016ede0d-dcfb-4ca0-a540-ec1f4eaaee58_1000.jpg!m_fill,w_280,h_210,f_jpg?from=ke.com
20230620,朝阳,华威桥,101117728920,美景东方 2012年东向两居 无遮挡 看花园 通车库,710万,80986元/平,低楼层 (共11层) | 2012年建 | 2室1厅 | 87.67平米 | 东,https://ke-image.ljcdn.com/110000-inspection/583a226c-01ef-4b02-a5c8-5c57bfce8a57_1000.jpg!m_fill,w_280,h_210,f_jpg?from=ke.com
20230620,朝阳,华威桥,101117723861,满五唯一+产权清晰+看房方便+稳定签约+配套齐全,445万,63238元/平,底层 (共6层) | 1995年建 | 2室1厅 | 70.37平米 | 南 北,https://ke-image.ljcdn.com/110000-inspection/pc1_mPBR5BU0A_2.jpg!m_fill,w_280,h_210,f_jpg?from=ke.com
20230620,朝阳,华威桥,101117658269,美景东方精装两居业主诚意出售看房方便。房主自荐,595万,72561元/平,低楼层 (共25层) | 2002年建 | 2室1厅 | 82平米 | 东,https://ke-image.ljcdn.com/110000-inspection/pc1_nSDOy9ixC.jpg!m_fill,w_280,h_210,f_jpg?from=ke.com
20230620,朝阳,华威桥,101117650617,周庄嘉园东里B区+南北大三居+满五唯一+装修,730万,53653元/平,顶层 (共6层) | 2003年建 | 3室1厅 | 136.06平米 | 南 北,https://ke-image.ljcdn.com/110000-inspection/1786423d-7ab5-4755-93aa-8106f12d7406_1000.jpg!m_fill,w_280,h_210,f_jpg?from=ke.com
20230620,朝阳,华威桥,101117634520,新上汉华苑眼睛户型三居室高楼层看房随时诚意出售！,710万,60405元/平,高楼层 (共22层) | 1998年建 | 3室1厅 | 117.54平米 | 西,https://ke-image.ljcdn.com/110000-inspection/c453435a-82bd-422b-b769-2aa7dcb0decc_1000.jpg!m_fill,w_280,h_210,f_jpg?from=ke.com
20230620,朝阳,华威桥,101117633356,汉华苑 双地铁 满五年唯一 刷卡入户,688万,64894元/平,中楼层 (共22层) | 1998年建 | 2室2厅 | 106.02平米 | 南,https://ke-image.ljcdn.com/110000-inspection/c2e0adfa-6150-45bc-a7c3-4c2af98be241_1000.jpg!m_fill,w_280,h_210,f_jpg?from=ke.com
20230620,朝阳,华威桥,101117590465,弘燕路小区 低楼层2居室 前后不临街,440万,51277元/平,底层 (共5层) | 1997年建 | 2室1厅 | 85.81平米 | 南 北,https://ke-image.ljcdn.com/110000-inspection/9ad03846-dba3-49e0-9b92-76159d0d8946_1000.jpg!m_fill,w_280,h_210,f_jpg?from=ke.com
20230620,朝阳,华威桥,101117571718,东三环华威桥方华苑64平米东向无遮挡精装修看房方便,385万,59802元/平,低楼层 (共22层) | 1998年建 | 1室1厅 | 64.38平米 | 东,https://ke-image.ljcdn.com/110000-inspection/83da70df-6053-43e4-9b20-21b1ca2be192_1000.jpg!m_fill,w_280,h_210,f_jpg?from=ke.com
20230620,朝阳,华威桥,101117560058,北工大商圈 14号线 弘燕路小区三居室 边户,420万,48210元/平,顶层 (共6层) | 1997年建 | 3室1厅 | 87.12平米 | 南 北,https://ke-image.ljcdn.com/110000-inspection/7953e124-9660-4f38-804a-704cd4146d88_1000.jpg!m_fill,w_280,h_210,f_jpg?from=ke.com
20230620,朝阳,华威桥,101117414523,南北双通透次顶层采光好格局规整,513万,56994元/平,高楼层 (共6层) | 2004年建 | 2室1厅 | 90.01平米 | 南 北,https://ke-image.ljcdn.com/110000-inspection/335eb84e-c926-4b3a-b7db-82351364025d_1000.jpg!m_fill,w_280,h_210,f_jpg?from=ke.com
20230620,朝阳,华威桥,101117341178,美景东方南北通透前后不临街9层板楼带电梯,708万,68512元/平,低楼层 (共9层) 2室1厅 | 103.34平米 | 南 北,https://ke-image.ljcdn.com/110000-inspection/pc1_o0mxGWE9D_2.jpg!m_fill,w_280,h_210,f_jpg?from=ke.com
20230620,朝阳,华威桥,101117269507,南新园   大客厅   卧室朝南  客厅朝西   产权清晰,468万,70920元/平,中楼层 (共24层) 2室1厅 | 65.99平米 | 西南,https://ke-image.ljcdn.com/110000-inspection/c3eb85c7-4e3e-4172-b292-b37e9e70a1a7_1000.jpg!m_fill,w_280,h_210,f_jpg?from=ke.com
20230620,朝阳,华威桥,101117256579,满五唯一 双卫大两居室 中高层 视野采光好 卧厅都大,805万,76246元/平,中楼层 (共24层) 2室2厅 | 105.58平米 | 东南,https://ke-image.ljcdn.com/110000-inspection/9124356c-2e99-41ca-bb3b-308a0067b2d5_1000.jpg!m_fill,w_280,h_210,f_jpg?from=ke.com
20230620,朝阳,华威桥,101117211838,双龙南里西区带电梯西南向中高楼层满五年,350万,53905元/平,中楼层 (共18层) 2室1厅 | 64.93平米 | 南 北,https://ke-image.ljcdn.com/110000-inspection/pc1_OTdXJ1MOp_2.jpg!m_fill,w_280,h_210,f_jpg?from=ke.com
20230620,朝阳,华威桥,101117211732,南新园小区+中高层+视野采光好+不临街+近地铁房主自荐,336万,64405元/平,高楼层 (共24层) 1室1厅 | 52.17平米 | 南,https://ke-image.ljcdn.com/110000-inspection/pc1_JJMKWlF5K_1.jpg!m_fill,w_280,h_210,f_jpg?from=ke.com
20230620,朝阳,华威桥,101117211610,南北通透三居室 满五唯一 双卧室朝南 格局好,998万,70640元/平,低楼层 (共20层) | 2005年建 | 3室2厅 | 141.28平米 | 南 北,https://ke-image.ljcdn.com/110000-inspection/3054313a-1791-4145-b25f-29350e6ea69f_1000.jpg!m_fill,w_280,h_210,f_jpg?from=ke.com
20230620,朝阳,华威桥,101117193094,产权清晰 商品房满五唯一 客厅挑空 接受周期,505万,55981元/平,顶层 (共6层) | 2004年建 | 2室2厅 | 90.21平米 | 南 北,https://ke-image.ljcdn.com/110000-inspection/e897ba4e-27ab-4526-9397-a791bad18269_1000.jpg!m_fill,w_280,h_210,f_jpg?from=ke.com
20230620,朝阳,华威桥,101117156527,东景苑 4室2厅 南,780万,52108元/平,底层 (共22层) | 2001年建 | 4室2厅 | 149.69平米 | 南,https://ke-image.ljcdn.com/110000-inspection/pc1_1tCO8Fzr4.jpg!m_fill,w_280,h_210,f_jpg?from=ke.com
20230620,朝阳,华威桥,101117126626,西向两居 落地窗 卧室分开 高楼层 正对小区花园,705万,69782元/平,中楼层 (共24层) | 2006年建 | 2室2厅 | 101.03平米 | 西,https://ke-image.ljcdn.com/110000-inspection/0b3735d7-31a2-43ef-a17e-5ab74ae11890_1000.jpg!m_fill,w_280,h_210,f_jpg?from=ke.com
20230620,朝阳,华威桥,101117092328,东景苑商品房小区优质两居不临街配套设施齐全。,520万,59950元/平,低楼层 (共21层) 2室1厅 | 86.74平米 | 东,https://ke-image.ljcdn.com/110000-inspection/2dc29392-f246-4db4-b861-f0d0d2ac1e84_1000.jpg!m_fill,w_280,h_210,f_jpg?from=ke.com
20230620,朝阳,华威桥,101117004320,美景东方三期146平米南北通透板楼一梯两户视野开阔,1198万,81530元/平,中楼层 (共11层) 3室1厅 | 146.94平米 | 南 北,https://ke-image.ljcdn.com/110000-inspection/pc1_Azr8jsA14_1.jpg!m_fill,w_280,h_210,f_jpg?from=ke.com
20230620,朝阳,华威桥,101116969730,急售 南新园中路方华苑精装修 南向 全天采光温馨舒适房主自荐,499万,63269元/平,低楼层 (共22层) | 1998年建 | 1室2厅 | 78.87平米 | 南,https://ke-image.ljcdn.com/110000-inspection/d445a94c-8d20-4a9b-82f8-a131d6618b91_1000.jpg!m_fill,w_280,h_210,f_jpg?from=ke.com
20230620,朝阳,华威桥,101116964864,美景东方 全明格局三居 卧室分开 看国贸 落地窗,850万,75242元/平,中楼层 (共25层) 3室2厅 | 112.97平米 | 西北,https://ke-image.ljcdn.com/110000-inspection/a4a36513-2074-493f-a49b-578495e397c0_1000.jpg!m_fill,w_280,h_210,f_jpg?from=ke.com
20230620,朝阳,华威桥,101116952503,美景东方东向高层一居视野开阔,372万,79234元/平,高楼层 (共16层) | 2007年建 | 1室0厅 | 46.95平米 | 东,https://ke-image.ljcdn.com/110000-inspection/pc1_FFeiG161K_2.jpg!m_fill,w_280,h_210,f_jpg?from=ke.com
20230620,朝阳,华威桥,101116903347,弘燕路低楼层 南北通透 不临街 费用少,470万,56641元/平,低楼层 (共6层) | 1997年建 | 2室1厅 | 82.98平米 | 南 北,https://ke-image.ljcdn.com/110000-inspection/pc1_piEeI5aWN_1.jpg!m_fill,w_280,h_210,f_jpg?from=ke.com
20230620,朝阳,华威桥,101116902276,近地铁  小户型 采光好不临街,210万,60905元/平,高楼层 (共6层) | 1995年建 | 1室1厅 | 34.48平米 | 西,https://ke-image.ljcdn.com/110000-inspection/3d4e5151-498f-40b2-b4a4-50b61330d548_1000.jpg!m_fill,w_280,h_210,f_jpg?from=ke.com
20230620,朝阳,华威桥,101116899955,美景东方 满五唯一 2011年建成落地窗观花园  无挡,798万,79018元/平,中楼层 (共25层) 2室2厅 | 100.99平米 | 西,https://ke-image.ljcdn.com/110000-inspection/c1afaf2e-586b-4751-b69e-0a26dc181f5b_1000.jpg!m_fill,w_280,h_210,f_jpg?from=ke.com
20230620,朝阳,华威桥,101116867108,美景东方 1室1厅 西,666万,74556元/平,顶层 (共20层) | 2005年建 | 1室1厅 | 89.33平米 | 西,https://ke-image.ljcdn.com/110000-inspection/ff792e35-7dfc-4e9c-9b1c-01799f67217b_1000.jpg!m_fill,w_280,h_210,f_jpg?from=ke.com
20230620,朝阳,华威桥,101116843333,此房满5年唯一中间楼层视野开阔业主诚心出售,769万,57192元/平,低楼层 (共33层) | 2001年建 | 2室2厅 | 134.46平米 | 东南,https://ke-image.ljcdn.com/110000-inspection/55e76603-3669-46c2-bbba-240c94c1de19_1000.jpg!m_fill,w_280,h_210,f_jpg?from=ke.com
20230620,朝阳,华威桥,101116835775,大院环境好+产权清晰+业主诚意出售+满五年无增值税,458万,62509元/平,中楼层 (共24层) 2室1厅 | 73.27平米 | 东南,https://ke-image.ljcdn.com/110000-inspection/f8198e64-17fd-4aba-a673-0e875eed20a0_1000.jpg!m_fill,w_280,h_210,f_jpg?from=ke.com
20230620,朝阳,华威桥,101116830093,北工大+双龙西区+满五唯一+大客厅+近地铁+通透不临街,275万,46650元/平,顶层 (共6层) | 1994年建 | 2室1厅 | 58.95平米 | 东 西,https://ke-image.ljcdn.com/110000-inspection/06efa610-7795-438c-9496-d96517b1a1fc_1000.jpg!m_fill,w_280,h_210,f_jpg?from=ke.com
20230620,朝阳,华威桥,101116814796,南新园小区东西通透两居室精装修无遮挡,455万,57911元/平,高楼层 (共6层) | 1995年建 | 3室1厅 | 78.57平米 | 东 西,https://ke-image.ljcdn.com/110000-inspection/pc1_Qihp95tiV.jpg!m_fill,w_280,h_210,f_jpg?from=ke.com
20230620,朝阳,华威桥,101116783134,弘燕路小区  小面积2居室 高楼层采光好 无遮挡房主自荐,363万,56799元/平,高楼层 (共6层) | 1998年建 | 2室1厅 | 63.91平米 | 南 北,https://ke-image.ljcdn.com/110000-inspection/72f82413-7e20-4513-98c1-f5b2b5806472_1000.jpg!m_fill,w_280,h_210,f_jpg?from=ke.com
20230620,朝阳,华威桥,101116777756,山水文园四期 中间楼层 采光充足无遮挡全落地飘窗,1450万,104460元/平,中楼层 (共12层) | 2008年建 | 3室2厅 | 138.81平米 | 南 北,https://ke-image.ljcdn.com/110000-inspection/fe2e3a03-e03a-4644-8789-bdf9a949f6ae_1000.jpg!m_fill,w_280,h_210,f_jpg?from=ke.com
20230620,朝阳,华威桥,101116673107,南新园南新园 东向 精装 一居室 大客厅 电梯直达,295万,58289元/平,中楼层 (共24层) | 1996年建 | 1室1厅 | 50.61平米 | 东,https://ke-image.ljcdn.com/110000-inspection/a1cc7f86-ead6-41df-b3fc-9cc38bef6bfe_1000.jpg!m_fill,w_280,h_210,f_jpg?from=ke.com
20230620,朝阳,华威桥,101116637799,美景东方 南北通透 一梯两户 观花园  满五年唯一,780万,67774元/平,中楼层 (共9层) 3室2厅 | 115.09平米 | 南 北,https://ke-image.ljcdn.com/110000-inspection/5f708462-4e49-4ff5-b88a-10ac902c3139_1000.jpg!m_fill,w_280,h_210,f_jpg?from=ke.com
20230620,朝阳,华威桥,101116623224,三环边满五唯一精装修随时看房不临街,435万,55316元/平,中楼层 (共22层) | 1998年建 | 1室1厅 | 78.64平米 | 西,https://ke-image.ljcdn.com/110000-inspection/3c9d19e0-f62b-4fa8-aba7-a14368556df9_1000.jpg!m_fill,w_280,h_210,f_jpg?from=ke.com
20230620,朝阳,华威桥,101116612412,不临街4.6米大面宽无遮挡观景改善南向三居室,1150万,68307元/平,顶层 (共12层) 3室1厅 | 168.36平米 | 西南,https://ke-image.ljcdn.com/110000-inspection/pc1_u6aj4k2qJ_2.jpg!m_fill,w_280,h_210,f_jpg?from=ke.com
20230620,朝阳,华威桥,101116594399,近地铁 南新园 板楼一居  有阳台 大客厅房主自荐,259万,51884元/平,高楼层 (共6层) | 1995年建 | 1室1厅 | 49.92平米 | 西南,https://ke-image.ljcdn.com/110000-inspection/d2269eeb-f4d1-4e24-87e4-65a9a4befe64_1000.jpg!m_fill,w_280,h_210,f_jpg?from=ke.com
20230620,朝阳,华威桥,101116552093,美景东方 不临街观花园 业主随时签约 首套只交1%契税房主自荐,715万,81649元/平,顶层 (共11层) | 2012年建 | 2室1厅 | 87.57平米 | 东,https://ke-image.ljcdn.com/110000-inspection/9d890c16-47ce-4e53-90b8-8f89dd32671d_1000.jpg!m_fill,w_280,h_210,f_jpg?from=ke.com
20230620,朝阳,华威桥,101116442192,弘燕路小区 把边南北通正规三居室 采光好无遮挡,450万,51653元/平,顶层 (共6层) | 1997年建 | 3室1厅 | 87.12平米 | 南 西 北,https://ke-image.ljcdn.com/110000-inspection/534c4ad5-c11a-4a9b-b7d8-4250fc4950ea_1000.jpg!m_fill,w_280,h_210,f_jpg?from=ke.com
20230620,朝阳,华威桥,101116425090,美景二期 大三居 一梯两户 改善 精装一年,955万,66168元/平,低楼层 (共18层) | 2008年建 | 3室2厅 | 144.33平米 | 东 西,https://ke-image.ljcdn.com/110000-inspection/5e9a44dd-315a-4dab-afef-af08b2c25679_1000.jpg!m_fill,w_280,h_210,f_jpg?from=ke.com
20230620,朝阳,华威桥,101116420771,方华苑 满五唯一 卫生间带窗 诚意出售房主自荐,677万,50542元/平,低楼层 (共22层) | 1998年建 | 3室1厅 | 133.95平米 | 东 西 北,https://ke-image.ljcdn.com/110000-inspection/pc1_IxBlBxVCH.jpg!m_fill,w_280,h_210,f_jpg?from=ke.com
20230620,朝阳,华威桥,101116352590,美景东方双卫大两居满五唯一看房方便,649万,64296元/平,底层 (共24层) | 2006年建 | 2室1厅 | 100.94平米 | 西南,https://ke-image.ljcdn.com/110000-inspection/4a54638b-edef-410e-b09d-22d693d5883c_1000.jpg!m_fill,w_280,h_210,f_jpg?from=ke.com
20230620,朝阳,华威桥,101116336642,南新园大院+样板小区+电梯房+无遮挡+近出口+不临街,295万,65702元/平,低楼层 (共24层) 1室1厅 | 44.9平米 | 西,https://ke-image.ljcdn.com/110000-inspection/f011bc0d-ce7c-44ce-9d55-538b184143d4_1000.jpg!m_fill,w_280,h_210,f_jpg?from=ke.com
20230620,朝阳,华威桥,101116314883,美景东方+落地飘窗+满五唯一+精装自住中高层房主自荐,698万,78138元/平,中楼层 (共20层) | 2005年建 | 2室1厅 | 89.33平米 | 西,https://ke-image.ljcdn.com/110000-inspection/d0ab5674-9350-41ac-ba5e-95065ff004d2_1000.jpg!m_fill,w_280,h_210,f_jpg?from=ke.com
20230620,朝阳,华威桥,101116304702,南新园 满五年精装修近地铁14号线业主诚意出售房主自荐,468万,44513元/平,低楼层 (共24层) 3室1厅 | 105.14平米 | 南 西 北,https://ke-image.ljcdn.com/110000-inspection/dd61a1d2-5aa3-4fa2-bf39-95dad89811e5_1000.jpg!m_fill,w_280,h_210,f_jpg?from=ke.com
20230620,朝阳,华威桥,101116241452,三环边上单价4.6万的东西通透两居室 满五年 诚意出售,385万,44867元/平,顶层 (共6层) | 1999年建 | 2室1厅 | 85.81平米 | 东 西,https://ke-image.ljcdn.com/110000-inspection/67ea8eb6-558b-4a8b-93ef-5c3df9d65104_1000.jpg!m_fill,w_280,h_210,f_jpg?from=ke.com
20230620,朝阳,华威桥,101116061254,美景东方   精装南北一居 满五年唯一 落地窗看花园,448万,71600元/平,中楼层 (共12层) | 2008年建 | 1室1厅 | 62.57平米 | 南 北,https://ke-image.ljcdn.com/110000-inspection/647e9aef-078a-4b2b-9b27-460a6a9646e1_1000.jpg!m_fill,w_280,h_210,f_jpg?from=ke.com
20230620,朝阳,华威桥,101116018916,东三环 美景东方三期11年楼龄,880万,78734元/平,高楼层 (共23层) | 2011年建 | 2室1厅 | 111.77平米 | 东南,https://ke-image.ljcdn.com/110000-inspection/pc1_t1r6rwkYP.jpg!m_fill,w_280,h_210,f_jpg?from=ke.com
20230620,朝阳,华威桥,101115975768,美景东方  高层 南北向一居 落地窗看花园,460万,73518元/平,高楼层 (共12层) | 2008年建 | 1室1厅 | 62.57平米 | 南 北,https://ke-image.ljcdn.com/110000-inspection/feefe5f7-9b19-4ac3-9504-e8596c0d2cd5_1000.jpg!m_fill,w_280,h_210,f_jpg?from=ke.com
20230620,朝阳,华威桥,101115898975,三环边地铁边西南向大二居 封闭式管理住宅社区,698万,50783元/平,低楼层 (共33层) | 2003年建 | 2室1厅 | 137.45平米 | 西南,https://ke-image.ljcdn.com/110000-inspection/pc1_XJqs83lJk.jpg!m_fill,w_280,h_210,f_jpg?from=ke.com
20230620,朝阳,华威桥,101115875814,南新园 1室1厅 东房主自荐,293万,65083元/平,低楼层 (共24层) | 1996年建 | 1室1厅 | 45.02平米 | 东,https://ke-image.ljcdn.com/110000-inspection/33f7b9a9-0984-400e-86a1-2cb4b23c2ea5_1000.jpg!m_fill,w_280,h_210,f_jpg?from=ke.com
20230620,朝阳,华威桥,101115848368,满五年且唯一商品房 精装2居室 无遮挡 只有契税房主自荐,566万,62743元/平,高楼层 (共6层) | 2004年建 | 2室1厅 | 90.21平米 | 南 北,https://ke-image.ljcdn.com/110000-inspection/6de91c26-3fe1-4fdd-8adf-1e22eff2fa10_1000.jpg!m_fill,w_280,h_210,f_jpg?from=ke.com
20230620,朝阳,华威桥,101115815592,龙头公寓精装修南向一居室有阳台,307万,54607元/平,低楼层 (共20层) | 1995年建 | 1室0厅 | 56.22平米 | 南,https://ke-image.ljcdn.com/110000-inspection/pc1_4zexEcpOU_1.jpg!m_fill,w_280,h_210,f_jpg?from=ke.com
20230620,朝阳,华威桥,101115470853,书香亭 于书香中.体会生活的优雅与经松,560万,66116元/平,顶层 (共21层) | 2002年建 | 2室1厅 | 84.7平米 | 西北,https://ke-image.ljcdn.com/110000-inspection/pc1_IsEs6Mxfs.jpg!m_fill,w_280,h_210,f_jpg?from=ke.com
20230620,朝阳,华威桥,101115330039,南新园小区+满五年唯一+精装修+不临街+看房方便,288万,62664元/平,低楼层 (共24层) | 1996年建 | 1室1厅 | 45.96平米 | 西,https://ke-image.ljcdn.com/110000-inspection/410c8056-17a7-48c7-b6dd-6ad6145ecd09_1000.jpg!m_fill,w_280,h_210,f_jpg?from=ke.com
20230620,朝阳,华威桥,101114872077,南新园+北工大+样板小区+挑高3.3m+采光好+不临街,212万,68036元/平,高楼层 (共6层) 1室1厅 | 31.16平米 | 东,https://ke-image.ljcdn.com/110000-inspection/4e0b3698-feed-4c78-bc2b-55ffdc72deee_1000.jpg!m_fill,w_280,h_210,f_jpg?from=ke.com
20230620,朝阳,华威桥,101114690243,房满五年住房楼层无遮挡 装修保持的好 封闭式刷卡入户,500万,50608元/平,高楼层 (共22层) | 1998年建 | 2室1厅 | 98.8平米 | 北,https://ke-image.ljcdn.com/110000-inspection/pc1_Pj6CuyRYB.jpg!m_fill,w_280,h_210,f_jpg?from=ke.com
20230620,朝阳,华威桥,101114680721,美景东方 东南双卫两居 卧室分开 有一明卫,756万,74896元/平,底层 (共24层) 2室2厅 | 100.94平米 | 东南,https://ke-image.ljcdn.com/110000-inspection/42f878dc-36be-4221-9d62-f7bbb0186934_1000.jpg!m_fill,w_280,h_210,f_jpg?from=ke.com
20230620,朝阳,华威桥,101114389242,美景东方 全明三居室适宜一家人居住；视野好房主自荐,705万,62131元/平,中楼层 (共25层) | 2002年建 | 3室1厅 | 113.47平米 | 东北,https://ke-image.ljcdn.com/110000-inspection/pc1_zHMAVceMV.jpg!m_fill,w_280,h_210,f_jpg?from=ke.com
20230620,朝阳,华威桥,101114301696,美景东方东南小两居主朝南不临街,573万,74271元/平,低楼层 (共22层) | 2002年建 | 2室1厅 | 77.15平米 | 东南,https://ke-image.ljcdn.com/110000-inspection/pc1_574uKzjuB_3.jpg!m_fill,w_280,h_210,f_jpg?from=ke.com
20230620,朝阳,华威桥,101113609828,双龙南里+中间层+没有遮挡+业主诚意出售,270万,56180元/平,中楼层 (共6层) | 1995年建 | 1室1厅 | 48.06平米 | 东,https://ke-image.ljcdn.com/110000-inspection/pc1_Yt17JzmQT_1.jpg!m_fill,w_280,h_210,f_jpg?from=ke.com
20230620,朝阳,华威桥,101113412213,采光好+地铁14号线+工大+靠谱出售+车位,460万,58892元/平,底层 (共24层) | 1996年建 | 2室1厅 | 78.11平米 | 西南,https://ke-image.ljcdn.com/110000-inspection/da561ae4-d6ef-4f44-b210-a22e0ea80988_1000.jpg!m_fill,w_280,h_210,f_jpg?from=ke.com
20230620,朝阳,华威桥,101113016038,东三环边10号线地铁满五唯一精装修前后花园房主自荐,2880万,95226元/平,底层 (共9层) | 2005年建 | 4室3厅 | 302.44平米 | 南 北,https://ke-image.ljcdn.com/110000-inspection/df482228-d3b3-4995-a71c-82a25fe51d7d_1000.jpg!m_fill,w_280,h_210,f_jpg?from=ke.com
20230620,朝阳,华威桥,101112696930,美景东方 高层东向两居  观花园 诚意出售,620万,75749元/平,高楼层 (共25层) 2室1厅 | 81.85平米 | 东,https://ke-image.ljcdn.com/110000-inspection/04b6965b-dbb4-449f-aa3b-18012d4544e2_1000.jpg!m_fill,w_280,h_210,f_jpg?from=ke.com
20230620,朝阳,华威桥,101111586103,山水文园中园南北双通透的两居 景观视野好,1100万,98426元/平,中楼层 (共9层) 2室2厅 | 111.76平米 | 南 北,https://ke-image.ljcdn.com/110000-inspection/02e18301-db86-4453-a9f6-444332b7df7e_1000.jpg!m_fill,w_280,h_210,f_jpg?from=ke.com
20230620,朝阳,华威桥,101111399356,两个卧室朝南 +电梯直达+业主诚意出售,466万,59660元/平,顶层 (共24层) 2室1厅 | 78.11平米 | 西南,https://ke-image.ljcdn.com/110000-inspection/pc1_vX1k5pvMN_1.jpg!m_fill,w_280,h_210,f_jpg?from=ke.com
20230620,朝阳,华威桥,101111238141,周庄嘉园东里满五唯一正规一居室 车位充足 看房随时,275万,60707元/平,顶层 (共6层) | 2002年建 | 1室1厅 | 45.3平米 | 东北,https://ke-image.ljcdn.com/110000-inspection/pc1_nJO17gzTq_2.jpg!m_fill,w_280,h_210,f_jpg?from=ke.com
20230620,朝阳,华威桥,101119790513,东三环别墅区闹中取静次新装修一天未入住新上,4600万,87241元/平,高楼层 (共13层) 7室3厅 | 527.28平米 | 南 北,https://ke-image.ljcdn.com/110000-inspection/pc1_AjYFdsni7_2.jpg!m_fill,w_280,h_210,f_jpg?from=ke.com
20230620,朝阳,华威桥,101119778958,山水文园四期 6室3厅 南 北新上,3150万,73568元/平,高楼层 (共14层) | 2008年建 | 6室3厅 | 428.18平米 | 南 北,https://ke-image.ljcdn.com/110000-inspection/pc1_dLxBxwBUR_1.jpg!m_fill,w_280,h_210,f_jpg?from=ke.com
20230620,朝阳,华威桥,101119750398,周庄嘉园东里B区 双通透 方正四居室 双卧朝南中间楼层新上,915万,53691元/平,中楼层 (共5层) | 2003年建 | 4室2厅 | 170.42平米 | 南 北,https://ke-image.ljcdn.com/110000-inspection/ab44931c-41af-4330-85ac-ba6c22ff6ac2_1000.jpg!m_fill,w_280,h_210,f_jpg?from=ke.com
20230620,朝阳,华威桥,101119740315,此房满五唯一美景东方二期 中间位置安静不临街新上,990万,76378元/平,高楼层 (共24层) 3室1厅 | 129.62平米 | 东南,https://ke-image.ljcdn.com/110000-inspection/805dff4d-464d-4a24-9484-64d1c4aa04a4_1000.jpg!m_fill,w_280,h_210,f_jpg?from=ke.com
20230620,朝阳,华威桥,101119724031,百万装修 平层三居室 满五唯一 诚意出售 封闭式管理新上,1080万,52296元/平,中楼层 (共33层) | 2001年建 | 3室1厅 | 206.52平米 | 西南 北,https://ke-image.ljcdn.com/110000-inspection/66346027-758c-4127-9495-fa91dfeb68f2_1000.jpg!m_fill,w_280,h_210,f_jpg?from=ke.com
20230620,朝阳,华威桥,101119705369,周庄嘉园东里 南北通透 户型方正新上,493万,54821元/平,顶层 (共6层) | 2004年建 | 2室1厅 | 89.93平米 | 南 北,https://ke-image.ljcdn.com/110000-inspection/06503db5-b3c8-4ccc-9a01-4df83792b156_1000.jpg!m_fill,w_280,h_210,f_jpg?from=ke.com
20230620,朝阳,华威桥,101119653680,弘燕路小区  南向 采光好无遮挡,290万,57873元/平,顶层 (共6层) | 1997年建 | 1室1厅 | 50.11平米 | 南,https://ke-image.ljcdn.com/110000-inspection/f4277f8c-41c7-4b5e-a97c-9ced7a55605c_1000.jpg!m_fill,w_280,h_210,f_jpg?from=ke.com
20230620,朝阳,华威桥,101119606542,山水文园二期 4室2厅 南 北,2750万,98836元/平,高楼层 (共9层) | 2005年建 | 4室2厅 | 278.24平米 | 南 北,https://ke-image.ljcdn.com/110000-inspection/5da6eb05-a109-48b7-a0ad-28f6ded844f4_1000.jpg!m_fill,w_280,h_210,f_jpg?from=ke.com
20230620,朝阳,华威桥,101119591672,双龙南里明厨明卫不临街没有遮挡,355万,59365元/平,高楼层 (共6层) 2室1厅 | 59.8平米 | 南 北,https://ke-image.ljcdn.com/110000-inspection/77301c23-9f1d-4f6a-ad88-e28d4d4d45d4_1000.jpg!m_fill,w_280,h_210,f_jpg?from=ke.com
20230620,朝阳,华威桥,101119577812,双龙南里西区南北通透两居室独立下水不临街,315万,55448元/平,底层 (共6层) 2室1厅 | 56.81平米 | 南 北,https://ke-image.ljcdn.com/110000-inspection/bb990c90-d8ad-4a63-a5aa-9eb85f3fb1d8_1000.jpg!m_fill,w_280,h_210,f_jpg?from=ke.com
20230620,朝阳,华威桥,101119463850,美景东方 南西向2居室 高楼层 视野采光好 看房方便,665万,80198元/平,高楼层 (共22层) | 2002年建 | 2室1厅 | 82.92平米 | 南 西,https://ke-image.ljcdn.com/110000-inspection/63d3b7f0-0b10-478e-a856-8785fb99b772_1000.jpg!m_fill,w_280,h_210,f_jpg?from=ke.com
20230620,朝阳,华威桥,101119427021,山水文园一期 5室2厅 南 北,2399万,90097元/平,高楼层 (共9层) 5室2厅 | 266.27平米 | 南 北,https://ke-image.ljcdn.com/110000-inspection/372463bd-ee12-4db1-ae40-f452aaceaf63_1000.jpg!m_fill,w_280,h_210,f_jpg?from=ke.com
20230620,朝阳,华威桥,101119361803,南新园小区 满五唯一+带电梯两居室+两居室+采光好,445万,61473元/平,中楼层 (共24层) 2室1厅 | 72.39平米 | 南 西,https://ke-image.ljcdn.com/110000-inspection/pc1_NfR4aKlHv.jpg!m_fill,w_280,h_210,f_jpg?from=ke.com
20230620,朝阳,华威桥,101119322723,精装修三居室格局好高楼层 单价低 地铁近,995万,48082元/平,中楼层 (共33层) | 2001年建 | 3室1厅 | 206.94平米 | 西北,https://ke-image.ljcdn.com/110000-inspection/pc1_qMo8mrknj_1.jpg!m_fill,w_280,h_210,f_jpg?from=ke.com
20230620,朝阳,华威桥,101119319240,南新园小区+满五唯一+中间层+不临街+诚意出售,420万,58020元/平,低楼层 (共24层) | 1997年建 | 2室1厅 | 72.39平米 | 西南,https://ke-image.ljcdn.com/110000-inspection/1ca156af-55ef-44bc-8416-5150781c8eb3_1000.jpg!m_fill,w_280,h_210,f_jpg?from=ke.com
20230620,朝阳,华威桥,101119315117,满五年+南北通透+双南向+单价低+采光充足+视野宽阔,530万,49252元/平,顶层 (共6层) | 1995年建 | 4室2厅 | 107.61平米 | 南 北,https://ke-image.ljcdn.com/110000-inspection/df94744f-91d2-43ae-815c-e268c5cc9176_1000.jpg!m_fill,w_280,h_210,f_jpg?from=ke.com
20230620,朝阳,华威桥,101119292187,别墅区全新装修拎包入住花园洋房视野开阔四居室,2730万,91507元/平,高楼层 (共13层) | 2008年建 | 4室2厅 | 298.34平米 | 南 北,https://ke-image.ljcdn.com/110000-inspection/71eecdab-f8b6-41a4-9015-f75d8f6507f8_1000.jpg!m_fill,w_280,h_210,f_jpg?from=ke.com
20230620,朝阳,华威桥,101119246391,地铁10号线14号线17号线三轨换成出行便利,248万,44160元/平,低楼层 (共20层) | 1995年建 | 1室1厅 | 56.16平米 | 北,https://ke-image.ljcdn.com/110000-inspection/8fd84fed-c015-4dc1-b61d-7957007f6205_1000.jpg!m_fill,w_280,h_210,f_jpg?from=ke.com
20230620,朝阳,华威桥,101119157904,山水文园别墅区 动静分离 户型方正 卧室带阳台,2799万,90151元/平,低楼层 (共12层) | 2008年建 | 5室2厅 | 310.48平米 | 南 北,https://ke-image.ljcdn.com/110000-inspection/8fed3f4e-46a7-4f22-9e17-e581b51fb2dc_1000.jpg!m_fill,w_280,h_210,f_jpg?from=ke.com
20230620,朝阳,华威桥,101119145262,美景东方 东向大面宽 单价6.8满五年唯一次顶层有钥匙,798万,68375元/平,高楼层 (共18层) | 2008年建 | 2室1厅 | 116.71平米 | 东,https://ke-image.ljcdn.com/110000-inspection/f3a90c0e-481b-4247-9644-480b1a2163a9_1000.jpg!m_fill,w_280,h_210,f_jpg?from=ke.com
20230620,朝阳,华威桥,101119129760,御景园精装自住东南三环边地铁边随时可看。,1060万,52603元/平,低楼层 (共33层) | 2003年建 | 3室2厅 | 201.51平米 | 东 北,https://ke-image.ljcdn.com/110000-inspection/0d79c984-1bb1-4725-91c8-16635754e980_1000.jpg!m_fill,w_280,h_210,f_jpg?from=ke.com
20230620,朝阳,华威桥,101119126675,2008年房龄落地窗3个阳台满五年唯一仅契税,588万,70964元/平,顶层 (共12层) | 2007年建 | 2室1厅 | 82.86平米 | 东北,https://ke-image.ljcdn.com/110000-inspection/000d5fe8-7e2c-4fe9-bf1c-8d5b863c24ff_1000.jpg!m_fill,w_280,h_210,f_jpg?from=ke.com
20230620,朝阳,华威桥,101119113922,中间楼层  前后不临街  业主靠谱出售,259万,55628元/平,中楼层 (共6层) 1室1厅 | 46.56平米 | 南,https://ke-image.ljcdn.com/110000-inspection/c49d06f1-19f0-4940-9540-acbe189d61b0_1000.jpg!m_fill,w_280,h_210,f_jpg?from=ke.com
20230620,朝阳,华威桥,101119107742,店长介绍北工大附近正规南北通透两居室精装修,304万,53045元/平,顶层 (共6层) 2室1厅 | 57.31平米 | 南 北,https://ke-image.ljcdn.com/110000-inspection/131cfc86-cda1-48bf-866e-f06c87271950_1000.jpg!m_fill,w_280,h_210,f_jpg?from=ke.com
20230620,朝阳,华威桥,101119070128,原 值高没有个其他费用商品房可贷款,345万,50639元/平,中楼层 (共14层) | 1998年建 | 1室1厅 | 68.13平米 | 南,https://ke-image.ljcdn.com/110000-inspection/91efb1c7-c1f0-4f5e-abc2-f61755a022aa_1000.jpg!m_fill,w_280,h_210,f_jpg?from=ke.com
20230620,朝阳,华威桥,101118990921,方华苑西南三居室无遮挡随时可看满五年唯一,685万,52235元/平,底层 (共22层) | 2000年建 | 3室2厅 | 131.14平米 | 东南,https://ke-image.ljcdn.com/110000-inspection/43e05f2b-ac2f-4ef2-b9fd-ad12dc0fb212_1000.jpg!m_fill,w_280,h_210,f_jpg?from=ke.com
20230620,朝阳,华威桥,101118925938,南新园 满五唯一 南北通透 精装修 双卫 上下两层,599万,55883元/平,顶层 (共6层) | 1995年建 | 3室2厅 | 107.19平米 | 南 北,https://ke-image.ljcdn.com/110000-inspection/64402f7d-e57e-4a01-9222-5913978f4812_1000.jpg!m_fill,w_280,h_210,f_jpg?from=ke.com
20230620,朝阳,华威桥,101118883294,方华苑小区满五唯一南向无遮挡。视野光线好。房主自荐,519万,59821元/平,低楼层 (共22层) | 1998年建 | 2室1厅 | 86.76平米 | 南,https://ke-image.ljcdn.com/110000-inspection/pc1_e8f301Re3_1.jpg!m_fill,w_280,h_210,f_jpg?from=ke.com
20230620,朝阳,华威桥,101118842104,房是满五年公 房无浪费面积无遮挡交通便利房主自荐,319万,45294元/平,顶层 (共5层) 2室1厅 | 70.43平米 | 西北 南,https://ke-image.ljcdn.com/110000-inspection/c8b2f8f6-de2c-42cb-ada3-309817b19289_1000.jpg!m_fill,w_280,h_210,f_jpg?from=ke.com
20230620,朝阳,华威桥,101118831027,随时可看东三环华威桥御景园3室187平米满五唯一西南,920万,48950元/平,中楼层 (共33层) | 2001年建 | 3室2厅 | 187.95平米 | 西南,https://ke-image.ljcdn.com/110000-inspection/test-2d97227f-34c6-4692-a835-227f4813bb07.png!m_fill,w_280,h_210,f_jpg?from=ke.com
20230620,朝阳,华威桥,101118787606,北工大近地铁满五唯一中间楼层南北通透两居室,329万,58427元/平,中楼层 (共6层) 2室1厅 | 56.31平米 | 南 北,https://ke-image.ljcdn.com/110000-inspection/3225e19a-ff68-495a-8fb5-71e68f966d99_1000.jpg!m_fill,w_280,h_210,f_jpg?from=ke.com
20230620,朝阳,华威桥,101118774509,南新园  近地铁  满五唯一  随时签约,328万,68792元/平,中楼层 (共24层) 1室1厅 | 47.68平米 | 南,https://ke-image.ljcdn.com/110000-inspection/ffc55a29-dc79-4f38-8306-17b913996760_1000.jpg!m_fill,w_280,h_210,f_jpg?from=ke.com
20230620,朝阳,华威桥,101118768036,南新园小区  东南向正规两居  满五唯一,499万,67278元/平,中楼层 (共24层) | 1996年建 | 2室1厅 | 74.17平米 | 东 南,https://ke-image.ljcdn.com/110000-inspection/pc1_WtxOHaMYn.jpg!m_fill,w_280,h_210,f_jpg?from=ke.com
20230620,朝阳,华威桥,101118757309,山水文园顶层复式观小区花园前后不临街,2100万,93650元/平,顶层 (共9层) 4室2厅 | 224.24平米 | 南 北,https://ke-image.ljcdn.com/110000-inspection/24e1883e-abc6-4e5d-9502-576e6ab4f27d_1000.jpg!m_fill,w_280,h_210,f_jpg?from=ke.com
20230620,朝阳,华威桥,101118754011,前后不临街大面宽三卧室朝南客厅朝南动静分离,3150万,89864元/平,顶层 (共9层) 6室2厅 | 350.53平米 | 西 北 南,https://ke-image.ljcdn.com/110000-inspection/3f925708-30e8-40aa-8e53-fa0c8d9bcffe_1000.jpg!m_fill,w_280,h_210,f_jpg?from=ke.com
20230620,朝阳,华威桥,101118752915,满五年全南采光落地窗观小区花园高楼层,515万,79673元/平,中楼层 (共25层) | 2006年建 | 1室0厅 | 64.64平米 | 南,https://ke-image.ljcdn.com/110000-inspection/5a2ab65d-af06-4f4a-a26a-347712c51f8a_1000.jpg!m_fill,w_280,h_210,f_jpg?from=ke.com
20230620,朝阳,华威桥,101118748241,汉华苑满五年唯一高层全南向两居室有钥匙随时看房,511万,65707元/平,顶层 (共22层) | 1999年建 | 2室1厅 | 77.77平米 | 南,https://ke-image.ljcdn.com/110000-inspection/599202ab-0574-4bf9-bfb9-f661bcbf2dc7_1000.jpg!m_fill,w_280,h_210,f_jpg?from=ke.com
20230620,朝阳,华威桥,101118739068,东景苑小区87.88平做两居满五唯一楼层采光好,522万,59400元/平,中楼层 (共22层) | 2002年建 | 2室1厅 | 87.88平米 | 东,https://ke-image.ljcdn.com/110000-inspection/pc1_dLctyzeDE_2.jpg!m_fill,w_280,h_210,f_jpg?from=ke.com
20230620,朝阳,华威桥,101118686689,满五年唯一高楼层视野好观国贸无抵押无户口,398万,55774元/平,中楼层 (共21层) 1室1厅 | 71.36平米 | 北,https://ke-image.ljcdn.com/110000-inspection/pc1_LXujsFPCs_1.jpg!m_fill,w_280,h_210,f_jpg?from=ke.com
20230620,朝阳,华威桥,101118609949,方华苑精装修大一居室采光视野好不临街。,439万,55825元/平,顶层 (共22层) | 1998年建 | 1室1厅 | 78.64平米 | 西,https://ke-image.ljcdn.com/110000-inspection/pc1_udpTCeOaT_1.jpg!m_fill,w_280,h_210,f_jpg?from=ke.com
20230620,朝阳,华威桥,101118571141,南新园小区+大院环境好+不临街+满五唯一+诚心卖,412万,55850元/平,顶层 (共24层) | 1996年建 | 2室1厅 | 73.77平米 | 东南,https://ke-image.ljcdn.com/110000-inspection/bb067195-989c-42e9-a765-29642132a067_1000.jpg!m_fill,w_280,h_210,f_jpg?from=ke.com
20230620,朝阳,华威桥,101118506729,龙头公寓精装修房子业主诚意出售；,301万,53540元/平,低楼层 (共20层) | 1995年建 | 1室1厅 | 56.22平米 | 南,https://ke-image.ljcdn.com/110000-inspection/pc1_zBTAnnIH7_1.jpg!m_fill,w_280,h_210,f_jpg?from=ke.com
20230620,朝阳,华威桥,101118488616,满五年唯一+采光充足+交通便利+不临街+近地铁,290万,63765元/平,低楼层 (共24层) | 1996年建 | 1室1厅 | 45.48平米 | 东,https://ke-image.ljcdn.com/110000-inspection/7455f8e8-ed88-4a15-a9bb-d03b7c1409bf_1000.jpg!m_fill,w_280,h_210,f_jpg?from=ke.com
20230620,朝阳,华威桥,101118455543,南新园小区+中间楼层+南北通透+看房随时+不临街,398万,61439元/平,中楼层 (共6层) | 1995年建 | 2室1厅 | 64.78平米 | 南 北,https://ke-image.ljcdn.com/110000-inspection/cec7b9dd-65e7-432e-a10d-d440fe4b8817_1000.jpg!m_fill,w_280,h_210,f_jpg?from=ke.com
20230620,朝阳,华威桥,101118388623,双龙南里小区板楼2层一居室南向,270万,57891元/平,低楼层 (共6层) 1室1厅 | 46.64平米 | 南,https://ke-image.ljcdn.com/110000-inspection/7785133c-3984-4e2c-abee-296001d1f77f_1000.jpg!m_fill,w_280,h_210,f_jpg?from=ke.com
20230620,朝阳,华威桥,101118340791,北工大近地铁 满五唯一 不临街无遮挡 厨电家具新,297万,52895元/平,顶层 (共6层) | 1994年建 | 2室1厅 | 56.15平米 | 东 西,https://ke-image.ljcdn.com/110000-inspection/e9bfa785-b0a9-41a3-8f45-e5bc6c1ab167_1000.jpg!m_fill,w_280,h_210,f_jpg?from=ke.com
20230620,朝阳,华威桥,101118334406,高层视野好正对花园格局可灵活运用得房率85%,520万,59950元/平,顶层 (共21层) | 2002年建 | 2室1厅 | 86.74平米 | 西,https://ke-image.ljcdn.com/110000-inspection/pc1_mGIT188GG_2.jpg!m_fill,w_280,h_210,f_jpg?from=ke.com
20230620,朝阳,华威桥,101118328104,前后左右不临街客厅挑高南北跃层三居 满五唯一房主自荐,1499万,93858元/平,中楼层 (共9层) 3室2厅 | 159.71平米 | 南 北,https://ke-image.ljcdn.com/110000-inspection/pc1_UsjoyORqi_1.jpg!m_fill,w_280,h_210,f_jpg?from=ke.com
20230620,朝阳,华威桥,101118303679,西南大三居室 眼镜户型 满五年 视野好采光好,915万,48684元/平,中楼层 (共33层) | 2001年建 | 3室2厅 | 187.95平米 | 西南,https://ke-image.ljcdn.com/110000-inspection/pc1_Gy2xLpoCY.jpg!m_fill,w_280,h_210,f_jpg?from=ke.com
20230620,朝阳,华威桥,101118253206,美景东方2012年 南向 满五年唯一 不临街房主自荐,370万,78341元/平,中楼层 (共18层) | 2012年建 | 1室0厅 | 47.23平米 | 南,https://ke-image.ljcdn.com/110000-inspection/6cf5477a-6325-46f6-8df2-aab3d89313aa_1000.jpg!m_fill,w_280,h_210,f_jpg?from=ke.com
20230620,朝阳,华威桥,101118233221,满五唯一 东南  没有遮挡 大面宽  诚意卖,1098万,47591元/平,低楼层 (共33层) | 2001年建 | 3室1厅 | 230.72平米 | 东南,https://ke-image.ljcdn.com/110000-inspection/pc1_JX39AFawD_1.jpg!m_fill,w_280,h_210,f_jpg?from=ke.com
20230620,朝阳,华威桥,101118208765,满五年唯一商品房 东南向 采光好 无遮挡房主自荐,319万,59738元/平,顶层 (共6层) | 2004年建 | 1室1厅 | 53.4平米 | 东南,https://ke-image.ljcdn.com/110000-inspection/pc1_bG1M84kHr_1.jpg!m_fill,w_280,h_210,f_jpg?from=ke.com
20230620,朝阳,华威桥,101118202496,正观水系大景观 全明格局 高得房率 全落地窗,880万,73224元/平,低楼层 (共25层) | 2010年建 | 3室2厅 | 120.18平米 | 东北,https://ke-image.ljcdn.com/110000-inspection/c8ebd504-fe50-477b-8961-8bc176324d6e_1000.jpg!m_fill,w_280,h_210,f_jpg?from=ke.com
20230620,朝阳,华威桥,101118190711,客厅挑高设计采光好南北通透精装修双卧室朝南,1880万,84693元/平,中楼层 (共9层) | 2005年建 | 3室2厅 | 221.98平米 | 南 北,https://ke-image.ljcdn.com/110000-inspection/1ec9dbf2-cc23-4568-951e-a94e0315b423_1000.jpg!m_fill,w_280,h_210,f_jpg?from=ke.com
20230620,朝阳,华威桥,101118190037,南北通透南向80平米的花园客厅朝南三个卧室朝南,2450万,96800元/平,底层 (共9层) 5室3厅 | 253.1平米 | 南 北,https://ke-image.ljcdn.com/110000-inspection/8e73244a-7257-41bb-8eb4-07494a306c17_1000.jpg!m_fill,w_280,h_210,f_jpg?from=ke.com
20230620,朝阳,华威桥,101118121641,美景东方 户型方正无浪费 费用少 朝南向,880万,71843元/平,低楼层 (共18层) | 2008年建 | 2室2厅 | 122.49平米 | 南,https://ke-image.ljcdn.com/110000-inspection/pc1_8koTLNkeq_1.jpg!m_fill,w_280,h_210,f_jpg?from=ke.com
20230620,朝阳,华威桥,101118066882,东三环 龙头公寓 户型方正 70年产权 全南向 采光好房主自荐,373万,53401元/平,低楼层 (共20层) | 1995年建 | 1室1厅 | 69.85平米 | 南,https://ke-image.ljcdn.com/110000-inspection/0dbe162c-3654-4e13-9b76-de74d9187e12_1000.jpg!m_fill,w_280,h_210,f_jpg?from=ke.com
20230620,朝阳,华威桥,101118028263,山水文园二期顶层5居复式观小区花园房主自荐,2120万,85574元/平,顶层 (共9层) | 2005年建 | 4室2厅 | 247.74平米 | 南 北,https://ke-image.ljcdn.com/110000-inspection/pc1_IyqhAOykI_2.jpg!m_fill,w_280,h_210,f_jpg?from=ke.com
20230620,朝阳,华威桥,101118012544,满五唯一 精装修 高层视野好 采光充足 三环边,1195万,52252元/平,高楼层 (共33层) 3室1厅 | 228.7平米 | 西南,https://ke-image.ljcdn.com/110000-inspection/962250b3-8be5-4c32-9285-6e5cb04f62f2_1000.jpg!m_fill,w_280,h_210,f_jpg?from=ke.com
20230620,朝阳,华威桥,101117995897,南新园小区 三居室 高层带电梯 无遮挡采光好,465万,43844元/平,顶层 (共24层) 3室1厅 | 106.06平米 | 东南 北,https://ke-image.ljcdn.com/110000-inspection/f563fb8c-d677-4e76-aaae-e97e1ce22cae_1000.jpg!m_fill,w_280,h_210,f_jpg?from=ke.com
20230620,朝阳,华威桥,101117993371,美景东方二期两居室。精装修。户型合理。交通便利。房主自荐,795万,63912元/平,低楼层 (共18层) | 2008年建 | 2室1厅 | 124.39平米 | 西北,https://ke-image.ljcdn.com/110000-inspection/pc1_7ejOkPKRT_1.jpg!m_fill,w_280,h_210,f_jpg?from=ke.com
20230620,朝阳,华威桥,101117991452,南新园电梯楼三居满五年唯一高楼层采光好视野棒,468万,47489元/平,顶层 (共24层) | 1996年建 | 3室1厅 | 98.55平米 | 西 南 北,https://ke-image.ljcdn.com/110000-inspection/d741e532-ba36-4af3-9b76-8b486c7e2723_1000.jpg!m_fill,w_280,h_210,f_jpg?from=ke.com
20230620,朝阳,华威桥,101117989600,满五年 高层南向采光好 楼龄新 环境好房主自荐,365万,77282元/平,中楼层 (共18层) | 2012年建 | 1室0厅 | 47.23平米 | 南,https://ke-image.ljcdn.com/110000-inspection/cd8bcc3a-c3dc-465a-902f-4c0357e17d56_1000.jpg!m_fill,w_280,h_210,f_jpg?from=ke.com
20230620,朝阳,华威桥,101117974015,精装修两居室二期楼龄新小区中间位置安静采光好,670万,70011元/平,底层 (共24层) | 2006年建 | 2室2厅 | 95.7平米 | 西南,https://ke-image.ljcdn.com/110000-inspection/pc1_UBnpIVAkG.jpg!m_fill,w_280,h_210,f_jpg?from=ke.com
20230620,朝阳,华威桥,101117898963,美景东方南北通透全明格局无遮挡采光通风好东边户,780万,68040元/平,底层 (共9层) | 2002年建 | 3室1厅 | 114.64平米 | 南 北,https://ke-image.ljcdn.com/110000-inspection/9705c9b6-327c-4498-ad2d-78efb574e7bf_1000.jpg!m_fill,w_280,h_210,f_jpg?from=ke.com
20230620,朝阳,华威桥,101117898096,美景东方优质大一居室2010年楼龄落地窗花园社区房主自荐,608万,69990元/平,低楼层 (共25层) | 2010年建 | 1室1厅 | 86.87平米 | 东北,https://ke-image.ljcdn.com/110000-inspection/pc1_3H8Krnejz.jpg!m_fill,w_280,h_210,f_jpg?from=ke.com
20230620,朝阳,华威桥,101117893531,南北通透 东边户 一梯一户 次顶层 客厅观湖,2460万,87873元/平,顶层 (共12层) | 2008年建 | 4室2厅 | 279.95平米 | 南 北 东,https://ke-image.ljcdn.com/110000-inspection/test-c0f2e6cd-a031-42b8-bb6e-7185ee7255fd.png!m_fill,w_280,h_210,f_jpg?from=ke.com
20230620,朝阳,华威桥,101117892734,山水文园别墅区 坐在客厅看星星您体验过没想您所想房主自荐,6360万,121171元/平,高楼层 (共12层) | 2008年建 | 5室3厅 | 524.88平米 | 南 北,https://ke-image.ljcdn.com/110000-inspection/8d197ce8-3b8e-422c-af49-e5ec954cefe8_1000.jpg!m_fill,w_280,h_210,f_jpg?from=ke.com
20230620,朝阳,华威桥,101117892732,满五唯一 小区中间位置 安静不临街 精致装修,939万,72673元/平,低楼层 (共25层) | 2006年建 | 3室1厅 | 129.21平米 | 东南,https://ke-image.ljcdn.com/110000-inspection/pc1_x7m5d6Dwx_1.jpg!m_fill,w_280,h_210,f_jpg?from=ke.com
20230620,朝阳,华威桥,101117888584,不临街南北双通透只有契税,508万,56508元/平,顶层 (共6层) | 2003年建 | 2室2厅 | 89.9平米 | 南 北,https://ke-image.ljcdn.com/110000-inspection/2d59b6a6-11c2-4324-8906-b5c497da5168_1000.jpg!m_fill,w_280,h_210,f_jpg?from=ke.com
20230620,朝阳,华威桥,101117887839,双龙南里 南北通透三居室 客厅朝东,369万,48933元/平,顶层 (共6层) 3室1厅 | 75.41平米 | 东 南 北,https://ke-image.ljcdn.com/110000-inspection/1ff43b84-6f9e-4f50-bc34-f46277d501be_1000.jpg!m_fill,w_280,h_210,f_jpg?from=ke.com
20230620,朝阳,华威桥,101117881763,南北3居不临街且全明格局带固定车位,1265万,83088元/平,低楼层 (共18层) | 2012年建 | 3室2厅 | 152.25平米 | 东 南 北,https://ke-image.ljcdn.com/110000-inspection/pc1_6AEawocSb_2.jpg!m_fill,w_280,h_210,f_jpg?from=ke.com
20230620,朝阳,华威桥,101117877572,东三环 龙头公寓  70年大产权   十里河地铁房主自荐,245万,43165元/平,低楼层 (共14层) | 1998年建 | 1室0厅 | 56.76平米 | 北,https://ke-image.ljcdn.com/110000-inspection/pc1_Nmdwu9tMk_1.jpg!m_fill,w_280,h_210,f_jpg?from=ke.com
20230620,朝阳,华威桥,101117876684,东三环华威桥汉华苑3居室135平米西向视野开阔随时签约,668万,49180元/平,中楼层 (共22层) | 1998年建 | 3室2厅 | 135.83平米 | 西,https://ke-image.ljcdn.com/110000-inspection/04ff4a4d-bdad-40cc-b865-fb057b77d7cf_1000.jpg!m_fill,w_280,h_210,f_jpg?from=ke.com
20230620,朝阳,华威桥,101117876722,买家承担契税三环华威桥汉华苑2居室动静分离98.76平米,498万,50426元/平,中楼层 (共22层) | 1998年建 | 2室2厅 | 98.76平米 | 北,https://ke-image.ljcdn.com/110000-inspection/pc1_lSkQIBS30_1.jpg!m_fill,w_280,h_210,f_jpg?from=ke.com
20230620,朝阳,华威桥,101117870352,美景东方 东南三居  07年 满五年唯一 诚意出售,890万,69942元/平,底层 (共25层) | 2006年建 | 3室2厅 | 127.25平米 | 东南,https://ke-image.ljcdn.com/110000-inspection/abede178-2a38-4d83-992e-e9d9707b7815_1000.jpg!m_fill,w_280,h_210,f_jpg?from=ke.com
20230620,朝阳,华威桥,101117869497,御景园满五唯一户型方正业主自住保持干净,945万,46896元/平,低楼层 (共33层) 3室2厅 | 201.51平米 | 东北,https://ke-image.ljcdn.com/110000-inspection/f95c248e-e437-4d6f-b782-863f76398725_1000.jpg!m_fill,w_280,h_210,f_jpg?from=ke.com
20230620,朝阳,华威桥,101117753122,山水文园中园 观景房  采光充足 满五年唯一 南北通透房主自荐,1810万,86637元/平,顶层 (共9层) 4室2厅 | 208.92平米 | 南 北,https://ke-image.ljcdn.com/110000-inspection/37df0852-13a7-419b-ba97-c18489434528_1000.jpg!m_fill,w_280,h_210,f_jpg?from=ke.com
20230620,朝阳,华威桥,101117747557,南新园 南北通透6至7层复式楼 单价低 业主诚心出售,550万,42481元/平,顶层 (共6层) 4室2厅 | 129.47平米 | 南 北,https://ke-image.ljcdn.com/110000-inspection/22b6c483-7a89-40b9-80c3-5168d95a37b6_1000.jpg!m_fill,w_280,h_210,f_jpg?from=ke.com
20230620,朝阳,华威桥,101117731230,美景东方 正规两居 诚意出售 看房方便 户型方正房主自荐,583万,71228元/平,高楼层 (共25层) | 2002年建 | 2室1厅 | 81.85平米 | 西,https://ke-image.ljcdn.com/110000-inspection/09f3e575-24b1-4819-8734-eb204fd845ca_1000.jpg!m_fill,w_280,h_210,f_jpg?from=ke.com
20230620,朝阳,华威桥,101117707469,美景东方 商品房社区 精装两居 价格可谈,578万,70617元/平,中楼层 (共25层) | 2002年建 | 2室1厅 | 81.85平米 | 东,https://ke-image.ljcdn.com/110000-inspection/62c5571d-e8e0-43b9-904e-99edde681096_1000.jpg!m_fill,w_280,h_210,f_jpg?from=ke.com
20230620,朝阳,华威桥,101117657359,东三环华威桥御景园194平米满五唯一眼镜户型动静分离,965万,49658元/平,高楼层 (共33层) | 2003年建 | 3室1厅 | 194.33平米 | 西,https://ke-image.ljcdn.com/110000-inspection/pc1_DiQ0Q0leD_2.jpg!m_fill,w_280,h_210,f_jpg?from=ke.com
20230620,朝阳,华威桥,101117465539,满五唯一西南复式百米之上视野好采光好带车位,2180万,48228元/平,顶层 (共33层) | 2003年建 | 5室3厅 | 452.02平米 | 西南,https://ke-image.ljcdn.com/110000-inspection/pc1_Yz1iHV6Ib_2.jpg!m_fill,w_280,h_210,f_jpg?from=ke.com
20230620,朝阳,华威桥,101117260428,人脸识别入单元+样板社区+视野开阔+采光充足,548万,44568元/平,顶层 (共6层) 3室1厅 | 122.96平米 | 南 北,https://ke-image.ljcdn.com/110000-inspection/d7dfd870-6bf1-4079-b28b-c08525ee106e_1000.jpg!m_fill,w_280,h_210,f_jpg?from=ke.com
20230620,朝阳,华威桥,101117175057,南新园+样板小区+复式+不临街+刷脸门禁+诚意出售,545万,47699元/平,顶层 (共5层) | 1994年建 | 3室1厅 | 114.26平米 | 东 西,https://ke-image.ljcdn.com/110000-inspection/11d76e19-6548-4093-a2d2-bba68f1c539a_1000.jpg!m_fill,w_280,h_210,f_jpg?from=ke.com
20230620,朝阳,华威桥,101117169699,三环华威桥东 三居室 业主诚意出手房主自荐,738万,54333元/平,低楼层 (共22层) | 1998年建 | 3室1厅 | 135.83平米 | 南 西,https://ke-image.ljcdn.com/110000-inspection/pc1_2eclJ5QW3_1.jpg!m_fill,w_280,h_210,f_jpg?from=ke.com
20230620,朝阳,华威桥,101117117719,首图东路5号近地铁高楼层单价低,755万,55597元/平,中楼层 (共33层) | 2003年建 | 2室2厅 | 135.8平米 | 西南,https://ke-image.ljcdn.com/110000-inspection/c37dc8a0-8008-4304-be4b-3117d7d55b83_1000.jpg!m_fill,w_280,h_210,f_jpg?from=ke.com
20230620,朝阳,华威桥,101117110819,山水文园中园 精装修  错层四居   客厅挑高4.5米,2100万,94604元/平,高楼层 (共9层) | 2005年建 | 4室2厅 | 221.98平米 | 南 北,https://ke-image.ljcdn.com/110000-inspection/f0341d95-d312-4997-b893-6c9490a94dea_1000.jpg!m_fill,w_280,h_210,f_jpg?from=ke.com
20230620,朝阳,华威桥,101116936438,满五唯一 高层视野好 采光充足 封闭管理 三环边,1190万,52034元/平,中楼层 (共33层) 3室1厅 | 228.7平米 | 西南,https://ke-image.ljcdn.com/110000-inspection/a2bf9a4a-691c-47cf-9093-708546e1a408_1000.jpg!m_fill,w_280,h_210,f_jpg?from=ke.com
20230620,朝阳,华威桥,101116720187,南北通透三居室 一二层复式结构 带40平米大花园诚意卖,1698万,94983元/平,低楼层 (共9层) 3室2厅 | 178.77平米 | 南 北,https://ke-image.ljcdn.com/110000-inspection/186bfd6a-9f04-48a8-b925-f5e94115ee94_1000.jpg!m_fill,w_280,h_210,f_jpg?from=ke.com
20230620,朝阳,华威桥,101116699415,此房满五唯一南北通透东边户三面采光一梯一户。,4000万,99991元/平,顶层 (共9层) | 2005年建 | 5室2厅 | 400.04平米 | 东 南 北,https://ke-image.ljcdn.com/110000-inspection/pc1_iYnaoRUjo_2.jpg!m_fill,w_280,h_210,f_jpg?from=ke.com
20230620,朝阳,华威桥,101116473339,御景园东南3居民水民电有燃气封闭式管理,1180万,51596元/平,高楼层 (共33层) 3室2厅 | 228.7平米 | 东南,https://ke-image.ljcdn.com/110000-inspection/ede79787-5aba-449d-8fc0-5609d9101917_1000.jpg!m_fill,w_280,h_210,f_jpg?from=ke.com
20230620,朝阳,华威桥,101116469393,潘家园+南北5层复式+满五一套+采光通风好+商圈主推房主自荐,578万,50587元/平,顶层 (共5层) | 1994年建 | 3室1厅 | 114.26平米 | 南 北,https://ke-image.ljcdn.com/110000-inspection/160333e5-2f10-4354-8c60-ab858aca86fc_1000.jpg!m_fill,w_280,h_210,f_jpg?from=ke.com
20230620,朝阳,华威桥,101116106129,东三环华威桥御景园两居首套贷340万 契税78600元房主自荐,698万,51601元/平,低楼层 (共33层) | 2001年建 | 2室1厅 | 135.27平米 | 西,https://ke-image.ljcdn.com/110000-inspection/adca282d-4a62-42c5-9748-7f34f1dec289_1000.jpg!m_fill,w_280,h_210,f_jpg?from=ke.com
20230620,朝阳,华威桥,101115773482,美景东方 复式4居 南北通透 一梯2户 落地飘窗大客厅房主自荐,1680万,68842元/平,中楼层 (共18层) | 2008年建 | 4室2厅 | 244.04平米 | 南 北,https://ke-image.ljcdn.com/110000-inspection/891e4c69-2cd4-4cfd-9a14-cba3409ede03_1000.jpg!m_fill,w_280,h_210,f_jpg?from=ke.com
20230620,朝阳,华威桥,101115621396,山水文园一期 前后不临街户型 南边可以喝茶看水系,2180万,98318元/平,底层 (共9层) | 2003年建 | 5室1厅 | 221.73平米 | 南 北,https://ke-image.ljcdn.com/110000-inspection/pc1_nTbKnpAnY.jpg!m_fill,w_280,h_210,f_jpg?from=ke.com
20230620,朝阳,华威桥,101114393881,三环边 改善大平层 东南朝向 边户全明格局 一圈阳台,1198万,51084元/平,中楼层 (共14层) | 1998年建 | 4室1厅 | 234.52平米 | 南,https://ke-image.ljcdn.com/110000-inspection/169a6e45-8a0f-41f6-9c3d-209f4759225b_1000.jpg!m_fill,w_280,h_210,f_jpg?from=ke.com
20230620,朝阳,华威桥,101114356693,龙头公寓 1室0厅 南,279万,49653元/平,低楼层 (共20层) | 2007年建 | 1室0厅 | 56.19平米 | 南,https://ke-image.ljcdn.com/110000-inspection/5a0beac9-bcb6-4aa9-8142-7ca06bce21b9_1000.jpg!m_fill,w_280,h_210,f_jpg?from=ke.com
20230620,朝阳,华威桥,101113852102,御景园东三环平层大宅近地铁生活便捷,999万,53289元/平,低楼层 (共33层) | 2001年建 | 3室1厅 | 187.47平米 | 东南,https://ke-image.ljcdn.com/110000-inspection/pc1_ejQUGE121_1.jpg!m_fill,w_280,h_210,f_jpg?from=ke.com
20230620,朝阳,华威桥,101113267344,山水文园中园边户 客厅朝南三个卧室朝南,2068万,88809元/平,低楼层 (共9层) | 2003年建 | 4室2厅 | 232.86平米 | 南 北,https://ke-image.ljcdn.com/110000-inspection/59d724b5-f0bd-4bff-b315-5d955ab161a4_1000.jpg!m_fill,w_280,h_210,f_jpg?from=ke.com
20230620,朝阳,华威桥,101111287611,精装修满二年封闭小区24小时热水出门三环。房主自荐,958万,48938元/平,低楼层 (共33层) | 2003年建 | 3室1厅 | 195.76平米 | 西南,https://ke-image.ljcdn.com/110000-inspection/a41bdc1f-a84e-44a8-9161-fa2ff01ad06d_1000.jpg!m_fill,w_280,h_210,f_jpg?from=ke.com
20230620,朝阳,华威桥,101110412154,山水文园别墅区 客厅挑空4.6米观湖双通透采光充足,3100万,96014元/平,低楼层 (共13层) | 2009年建 | 5室2厅 | 322.87平米 | 南 北,https://ke-image.ljcdn.com/110000-inspection/pc1_SHhJ15uai_1.jpg!m_fill,w_280,h_210,f_jpg?from=ke.com
20230620,朝阳,华威桥,101109440641,方华苑新中式装修三居室产权清晰没有抵押诚意出售。,700万,52259元/平,低楼层 (共22层) | 1999年建 | 3室2厅 | 133.95平米 | 东北,https://ke-image.ljcdn.com/110000-inspection/be5483fe-1c83-4caa-b444-3bfbec335e61_1000.jpg!m_fill,w_280,h_210,f_jpg?from=ke.com
20230620,朝阳,华威桥,101107434386,中园东南北4居室+前后不临街+客厅70平米落地窗户,2080万,90787元/平,中楼层 (共9层) | 2003年建 | 4室1厅 | 229.11平米 | 东南 北,https://ke-image.ljcdn.com/110000-inspection/prod-fb637fed-4d13-4f10-91c8-193364337ede.jpg!m_fill,w_280,h_210,f_jpg?from=ke.com
20230620,朝阳,华威桥,101119782668,书香亭 2室1厅 东北新上,525万,61984元/平,顶层 (共21层) | 2002年建 | 2室1厅 | 84.7平米 | 东北,https://s1.ljcdn.com/pegasus/redskull/images/common/default_house_list.png?_v=20230605162645687
20230620,朝阳,华威桥,101119763054,山水文园中园  南北通透2居室 视野开阔 卫生间带窗户新上,1090万,97592元/平,高楼层 (共9层) 2室2厅 | 111.69平米 | 南 北,https://s1.ljcdn.com/pegasus/redskull/images/common/default_house_list.png?_v=20230605162645687
20230620,朝阳,华威桥,101119734116,双龙南里干部楼西南向两居室有租赁车位新上,420万,69722元/平,中楼层 (共18层) | 1995年建 | 2室1厅 | 60.24平米 | 南 西,https://s1.ljcdn.com/pegasus/redskull/images/common/default_house_list.png?_v=20230605162645687
20230620,朝阳,华威桥,101119716392,南新园 1室1厅 南新上,318万,63121元/平,高楼层 (共24层) | 1996年建 | 1室1厅 | 50.38平米 | 南,https://s1.ljcdn.com/pegasus/redskull/images/common/default_house_list.png?_v=20230605162645687
20230620,朝阳,华威桥,101119626552,此房中间楼层视野好看小区花园 全明格局诚意出售,850万,73068元/平,中楼层 (共23层) | 2011年建 | 3室1厅 | 116.33平米 | 西北,https://s1.ljcdn.com/pegasus/redskull/images/common/default_house_list.png?_v=20230605162645687
20230620,朝阳,华威桥,101119549328,三环边 香榭舍 全南向 可以注册办公,500万,43141元/平,高楼层 (共20层) | 1997年建 | 2室1厅 | 115.9平米 | 西南,https://s1.ljcdn.com/pegasus/redskull/images/common/default_house_list.png?_v=20230605162645687
20230620,朝阳,华威桥,101119447151,御景园 观景大三居 满五年唯一 视野好,1018万,49341元/平,低楼层 (共33层) 3室1厅 | 206.32平米 | 东北,https://s1.ljcdn.com/pegasus/redskull/images/common/default_house_list.png?_v=20230605162645687
20230620,朝阳,华威桥,101119361328,双龙南里小区东西向两居室精装修,318万,52502元/平,中楼层 (共6层) 2室1厅 | 60.57平米 | 东 西,https://s1.ljcdn.com/pegasus/redskull/images/common/default_house_list.png?_v=20230605162645687
20230620,朝阳,华威桥,101119344609,美景东方精装修3居室不临街安静满五唯一观花园房主自荐,738万,65490元/平,低楼层 (共22层) 3室2厅 | 112.69平米 | 东北,https://s1.ljcdn.com/pegasus/redskull/images/common/default_house_list.png?_v=20230605162645687
20230620,朝阳,华威桥,101119311564,双龙南里 1室1厅 西南,268万,52860元/平,中楼层 (共12层) 1室1厅 | 50.7平米 | 西南,https://s1.ljcdn.com/pegasus/redskull/images/common/default_house_list.png?_v=20230605162645687
20230620,朝阳,华威桥,101119285278,东景苑 2室1厅 东 南,550万,64253元/平,中楼层 (共22层) | 2001年建 | 2室1厅 | 85.6平米 | 东 南,https://s1.ljcdn.com/pegasus/redskull/images/common/default_house_list.png?_v=20230605162645687
20230620,朝阳,华威桥,101119284126,山水文园一期边户顶层南北复式 前后不临街观景好,2250万,91364元/平,顶层 (共8层) | 2002年建 | 5室1厅 | 246.27平米 | 东 南 北,https://s1.ljcdn.com/pegasus/redskull/images/common/default_house_list.png?_v=20230605162645687
20230620,朝阳,华威桥,101119246203,美景东方 户型方正 诚意出售 看房方便 小区中间位置,850万,71555元/平,低楼层 (共25层) | 2010年建 | 3室2厅 | 118.79平米 | 东北,https://s1.ljcdn.com/pegasus/redskull/images/common/default_house_list.png?_v=20230605162645687
20230620,朝阳,华威桥,101119133496,美景东方 2室1厅 南 北,665万,68480元/平,中楼层 (共9层) 2室1厅 | 97.11平米 | 南 北,https://s1.ljcdn.com/pegasus/redskull/images/common/default_house_list.png?_v=20230605162645687
20230620,朝阳,华威桥,101119078518,美景东方观景两居室大客厅落地窗不临街,735万,85695元/平,低楼层 (共11层) | 2012年建 | 2室1厅 | 85.77平米 | 东,https://s1.ljcdn.com/pegasus/redskull/images/common/default_house_list.png?_v=20230605162645687
20230620,朝阳,华威桥,101118402160,美景东方 车位,45万,11114元/平,地下室 1室0厅 | 40.49平米 | 南,https://ke-image.ljcdn.com/110000-inspection/9978553f-bba1-4656-89e9-80b28770c70b.jpeg!m_fill,w_280,h_210,f_jpg?from=ke.com
20230620,朝阳,华威桥,101118401985,美景东方 车位,45万,11114元/平,地下室 1室0厅 | 40.49平米 | 南,https://ke-image.ljcdn.com/110000-inspection/bd93ebc77ade5a1b4379aea77c7d5ecb-094.jpg!m_fill,w_280,h_210,f_jpg?from=ke.com
20230620,朝阳,华威桥,101118351664,美景东方9号楼地下1层车库业主诚意出售随时签约。,46万,11475元/平,地下室 | 2007年建 | 1室0厅 | 40.09平米 | 南,https://s1.ljcdn.com/pegasus/redskull/images/common/default_house_list.png?_v=20230605162645687
20230620,朝阳,华威桥,101118264363,美景东方地下车位随时可看诚意出售,42万,11808元/平,地下室 | 2005年建 | 1室0厅 | 35.57平米 | 南,https://s1.ljcdn.com/pegasus/redskull/images/common/default_house_list.png?_v=20230605162645687
20230620,朝阳,华威桥,101118179579,香榭舍可注册办公 位置好 诚意卖 交通方便,277万,37509元/平,高楼层 (共20层) | 1997年建 | 1室1厅 | 73.85平米 | 北,https://s1.ljcdn.com/pegasus/redskull/images/common/default_house_list.png?_v=20230605162645687
20230620,朝阳,华威桥,101118179559,位置好挨着三环刷卡进电梯物业管理好 单价低,277万,37509元/平,高楼层 (共20层) | 1997年建 | 1室1厅 | 73.85平米 | 北,https://s1.ljcdn.com/pegasus/redskull/images/common/default_house_list.png?_v=20230605162645687
20230620,朝阳,华威桥,101118179523,香榭舍 普通水电集中供暖 可注册办公 交通方便,277万,33707元/平,高楼层 (共20层) | 1997年建 | 1室1厅 | 82.18平米 | 北,https://s1.ljcdn.com/pegasus/redskull/images/common/default_house_list.png?_v=20230605162645687
20230620,朝阳,华威桥,101117197172,美景东方 车位,43万,10315元/平,地下室 | 2007年建 | 1室0厅 | 41.69平米 | 南,https://ke-image.ljcdn.com/110000-inspection/eaadccbdcaf68af30781810c2ec933a4-087.jpg!m_fill,w_280,h_210,f_jpg?from=ke.com
20230620,朝阳,华威桥,101116888647,美景东方 车位,46万,22955元/平,地下室 (共18层) 1室0厅 | 20.04平米 | 北,https://s1.ljcdn.com/pegasus/redskull/images/common/default_house_list.png?_v=20230605162645687
20230620,朝阳,华威桥,101114722920,香榭舍优质南向三环边采光充足诚意出售。,280万,35502元/平,低楼层 (共20层) | 1997年建 | 1室1厅 | 78.87平米 | 南,https://s1.ljcdn.com/pegasus/redskull/images/common/default_house_list.png?_v=20230605162645687
20230620,朝阳,华威桥,101113542915,挑高5.7米 复式结构 直达地下车库,2300万,53485元/平,顶层 (共33层) | 2001年建 | 4室2厅 | 430.03平米 | 东南,https://ke-image.ljcdn.com/110000-inspection/afcc401f-cdf7-4d44-8985-dc480e3cb760.jpg!m_fill,w_280,h_210,f_jpg?from=ke.com
