20230705,丰台,右安门外,101119758160,* 亚林西居住区9号院 *必看好房,420万,72917元/平,中楼层 (共26层) 2室1厅 | 57.6平米 | 南 北,https://ke-image.ljcdn.com/110000-inspection/d6e197ca-4348-4077-9359-eaba715f3172_1000.jpg!m_fill,w_280,h_210,f_jpg?from=ke.com
20230705,丰台,右安门外,101119586330,*右安门外玉林里*必看好房,455万,75645元/平,低楼层 (共20层) 2室1厅 | 60.15平米 | 东 东南 南,https://ke-image.ljcdn.com/110000-inspection/9339226d-dab0-4111-93da-dfcf49201762_1000.jpg!m_fill,w_280,h_210,f_jpg?from=ke.com
20230705,丰台,右安门外,101119550527,近14和19号线地铁、近万达广场、交通便利、配套齐全,605万,73682元/平,中楼层 (共22层) 2室1厅 | 82.11平米 | 西南,https://ke-image.ljcdn.com/110000-inspection/39adf01b-a561-40bb-993f-d27a9a15fb61_1000.jpg!m_fill,w_280,h_210,f_jpg?from=ke.com
20230705,丰台,右安门外,101119403475,右外玉林里东里一区 * * *房主自荐,405万,67165元/平,中楼层 (共6层) 2室1厅 | 60.3平米 | 南 北,https://ke-image.ljcdn.com/110000-inspection/f76241d8-95ca-4453-a210-be4436b2d63c_1000.jpg!m_fill,w_280,h_210,f_jpg?from=ke.com
20230705,丰台,右安门外,101118730667,少有户型、正规两居室、朝向好、格局好、特诚心出售,388万,68431元/平,低楼层 (共6层) 2室1厅 | 56.7平米 | 南 西南,https://ke-image.ljcdn.com/110000-inspection/1d85fe0f-6e47-4dac-a8c3-8b23f63f1083_1000.jpg!m_fill,w_280,h_210,f_jpg?from=ke.com
20230705,丰台,右安门外,101119758141,亚林西居住区9号院 2室1厅 南,420万,72615元/平,中楼层 (共26层) 2室1厅 | 57.84平米 | 南,https://ke-image.ljcdn.com/110000-inspection/c0a5e900-b79a-480e-8060-4616e9999f1b_1000.jpg!m_fill,w_280,h_210,f_jpg?from=ke.com
20230705,丰台,右安门外,101119653376,亚林西居住区南北通透全明格局中间楼层不吵。,650万,75058元/平,中楼层 (共27层) 2室1厅 | 86.6平米 | 西南 北,https://ke-image.ljcdn.com/110000-inspection/727bd881-4e1d-4aa0-914a-2194ede94f53_1000.jpg!m_fill,w_280,h_210,f_jpg?from=ke.com
20230705,丰台,右安门外,101119376253,玉林里小区 近万达 西铁营地铁站 二环边必看好房,399万,70558元/平,低楼层 (共6层) 2室1厅 | 56.55平米 | 西南,https://ke-image.ljcdn.com/110000-inspection/ae14135f-a805-4c2c-b3ea-ff35e56f9d19_1000.jpg!m_fill,w_280,h_210,f_jpg?from=ke.com
20230705,丰台,右安门外,101119048606,玉林东里三区南北通透大两居低楼层近地铁,445万,70568元/平,低楼层 (共6层) | 1990年建 | 2室1厅 | 63.06平米 | 南 北,https://ke-image.ljcdn.com/110000-inspection/85e0d847-7bcb-4680-a77a-67d9cc083493_1000.jpg!m_fill,w_280,h_210,f_jpg?from=ke.com
20230705,丰台,右安门外,101118649274,南二环外 家和园小区 南北通透 三居室,1225万,90134元/平,中楼层 (共16层) | 2007年建 | 3室1厅 | 135.91平米 | 南 北,https://ke-image.ljcdn.com/110000-inspection/7881b1be-736b-4cba-b823-034d3da399e9_1000.jpg!m_fill,w_280,h_210,f_jpg?from=ke.com
20230705,丰台,右安门外,101118321335,右外祖家庄小区经典三居满五年唯一必看好房,465万,66639元/平,中楼层 (共6层) 3室1厅 | 69.78平米 | 南 北,https://ke-image.ljcdn.com/110000-inspection/pc1_LXn61aACA_1.jpg!m_fill,w_280,h_210,f_jpg?from=ke.com
20230705,丰台,右安门外,101118246143,二环边不临街无遮挡可乘地铁1419号线景风门站房主自荐,435万,63412元/平,高楼层 (共6层) | 1989年建 | 3室1厅 | 68.6平米 | 南 北,https://ke-image.ljcdn.com/110000-inspection/d72539a7-9db3-455c-8b28-e1e525a1bcd8_1000.jpg!m_fill,w_280,h_210,f_jpg?from=ke.com
20230705,丰台,右安门外,101118110626,南二环 万达旁 电梯房 两居室 诚心出售必看好房,320万,60930元/平,低楼层 (共20层) | 1996年建 | 2室1厅 | 52.52平米 | 东北,https://ke-image.ljcdn.com/110000-inspection/9599b518-ceb7-4405-a5e4-af9d15f0c611_1000.jpg!m_fill,w_280,h_210,f_jpg?from=ke.com
20230705,丰台,右安门外,101117906447,此房满五年唯一南北通透采光充足交通便利必看好房,353万,66354元/平,中楼层 (共5层) 2室1厅 | 53.2平米 | 南 北,https://ke-image.ljcdn.com/110000-inspection/c30b36e7-b583-4d75-9148-bbd514b18296_1000.jpg!m_fill,w_280,h_210,f_jpg?from=ke.com
20230705,丰台,右安门外,101117813062,玉林东里满五年精装修电梯直达中高楼层诚心出售房主自荐,355万,66356元/平,高楼层 (共18层) 2室1厅 | 53.5平米 | 东北,https://ke-image.ljcdn.com/110000-inspection/pc1_zwW1Mfklj_2.jpg!m_fill,w_280,h_210,f_jpg?from=ke.com
20230705,丰台,右安门外,101117135858,南二环三条地铁交汇 南北通透全明两居室,425万,69787元/平,中楼层 (共18层) 2室1厅 | 60.9平米 | 南 北,https://ke-image.ljcdn.com/110000-inspection/pc1_9fkHgmVsP_2.jpg!m_fill,w_280,h_210,f_jpg?from=ke.com
20230705,丰台,右安门外,101116904479,中国玺 地铁14号线西铁营站 万达广场,1780万,120515元/平,高楼层 (共25层) 3室2厅 | 147.7平米 | 南 北,https://ke-image.ljcdn.com/110000-inspection/pc1_YnYwYJtH6_1.jpg!m_fill,w_280,h_210,f_jpg?from=ke.com
20230705,丰台,右安门外,101116831880,西铁营西路1号院精品住宅昆仑域,2300万,143000元/平,中楼层 (共25层) 4室2厅 | 160.84平米 | 南 北,https://ke-image.ljcdn.com/110000-inspection/1a963141-a941-4622-9100-f934d8506d60_1000.jpg!m_fill,w_280,h_210,f_jpg?from=ke.com
20230705,丰台,右安门外,101114575197,中国玺 3室2厅 南 北房主自荐,1685万,114408元/平,低楼层 (共25层) 3室2厅 | 147.28平米 | 南 北,https://ke-image.ljcdn.com/110000-inspection/87926874-d07e-4c43-9b57-a64664fe6776_1000.jpg!m_fill,w_280,h_210,f_jpg?from=ke.com
20230705,丰台,右安门外,101119847970,玉林里小区 3室1厅 南 北必看好房,379万,55248元/平,顶层 (共6层) | 1987年建 | 3室1厅 | 68.6平米 | 南 北,https://ke-image.ljcdn.com/110000-inspection/pc1_dgzvQHnYU_1.jpg!m_fill,w_280,h_210,f_jpg?from=ke.com
20230705,丰台,右安门外,101118114723,百合园 2室1厅 东 南,580万,74037元/平,低楼层 (共22层) | 1999年建 | 2室1厅 | 78.34平米 | 东 南,https://ke-image.ljcdn.com/110000-inspection/56b9ba4e-8dbe-44b5-b256-489d6f852249_1000.jpg!m_fill,w_280,h_210,f_jpg?from=ke.com
20230705,丰台,右安门外,101116991286,急售、全明格局、方正户型、视野好采光好、通透性好房主自荐,328万,57444元/平,高楼层 (共6层) 2室1厅 | 57.1平米 | 东 南 西 北,https://ke-image.ljcdn.com/110000-inspection/10a84a48-e652-4233-802a-8b54493e55d7_1000.jpg!m_fill,w_280,h_210,f_jpg?from=ke.com
20230705,丰台,右安门外,101119976601,* 玉林里小区 * *新上,365万,60103元/平,高楼层 (共6层) 2室1厅 | 60.73平米 | 南 北,https://ke-image.ljcdn.com/110000-inspection/0f9a762a-164e-4499-86bc-efd03b6369a8_1000.jpg!m_fill,w_280,h_210,f_jpg?from=ke.com
20230705,丰台,右安门外,101119890509,*亚林西居住区8号院,650万,75180元/平,底层 (共28层) | 2019年建 | 2室1厅 | 86.46平米 | 南 北,https://ke-image.ljcdn.com/110000-inspection/pc1_Ry9m1LUUI_2.jpg!m_fill,w_280,h_210,f_jpg?from=ke.com
20230705,丰台,右安门外,101119875845,南二环外 亚林西居住区9号院 南北户型,640万,74015元/平,高楼层 (共28层) 2室1厅 | 86.47平米 | 南 北,https://ke-image.ljcdn.com/110000-inspection/9edf6360-a58b-4a4a-9549-ae8a9dd423d3_1000.jpg!m_fill,w_280,h_210,f_jpg?from=ke.com
20230705,丰台,右安门外,101119874415,玉林东里二区 2室1厅 南 北,355万,66232元/平,中楼层 (共6层) | 1987年建 | 2室1厅 | 53.6平米 | 南 北,https://ke-image.ljcdn.com/110000-inspection/ecc93614-3382-46f7-890a-9f52d7d34a24_1000.jpg!m_fill,w_280,h_210,f_jpg?from=ke.com
20230705,丰台,右安门外,101119796380,玉林里小区 1室1厅 南,310万,73635元/平,低楼层 (共6层) 1室1厅 | 42.1平米 | 南,https://ke-image.ljcdn.com/110000-inspection/039d2d18-16d5-4447-abc0-8262518ce227_1000.jpg!m_fill,w_280,h_210,f_jpg?from=ke.com
20230705,丰台,右安门外,101119743514,南二环 2018年小区 2梯4户 地铁14号线 人车分流有车位,620万,70551元/平,低楼层 (共28层) 2室1厅 | 87.88平米 | 南,https://ke-image.ljcdn.com/110000-inspection/dbdb4a83-22bb-41e6-ba04-d66adf7d3f8c_1000.jpg!m_fill,w_280,h_210,f_jpg?from=ke.com
20230705,丰台,右安门外,101119739319,玉林里小区 南二环 14/19号地铁 万达广场,330万,67210元/平,中楼层 (共18层) 1室1厅 | 49.1平米 | 东南,https://ke-image.ljcdn.com/110000-inspection/b8610b9b-a896-40b2-b352-f16037bf7fb3_1000.jpg!m_fill,w_280,h_210,f_jpg?from=ke.com
20230705,丰台,右安门外,101119698691,玉林东里二区诚售满五年唯一住房带电梯采光好房主自荐,370万,69056元/平,高楼层 (共18层) | 1990年建 | 2室1厅 | 53.58平米 | 东北,https://ke-image.ljcdn.com/110000-inspection/ad984bed-3a8e-44b1-939d-bbeefc02ce5b_1000.jpg!m_fill,w_280,h_210,f_jpg?from=ke.com
20230705,丰台,右安门外,101119686426,右安门外玉林东里三区 南北通透两居室 满五唯一,338万,62190元/平,高楼层 (共6层) | 1990年建 | 2室1厅 | 54.35平米 | 南 北,https://ke-image.ljcdn.com/110000-inspection/0169508f-9695-4d16-90f7-968dbac9448f_1000.jpg!m_fill,w_280,h_210,f_jpg?from=ke.com
20230705,丰台,右安门外,101119683473,玉林里小区 2室1厅 西南,400万,70734元/平,高楼层 (共6层) 2室1厅 | 56.55平米 | 西南,https://ke-image.ljcdn.com/110000-inspection/7b308f54-885a-4155-9189-4a5b6b197941_1000.jpg!m_fill,w_280,h_210,f_jpg?from=ke.com
20230705,丰台,右安门外,101119655594,玉林东里二区 2室1厅 南 北,400万,74627元/平,中楼层 (共6层) | 1987年建 | 2室1厅 | 53.6平米 | 南 北,https://ke-image.ljcdn.com/110000-inspection/e8d59fc9-90f9-4c2d-9e69-69132767566a_1000.jpg!m_fill,w_280,h_210,f_jpg?from=ke.com
20230705,丰台,右安门外,101119655487,百合园 2室1厅 东 东南 南,650万,80846元/平,高楼层 (共22层) | 1999年建 | 2室1厅 | 80.4平米 | 东 东南 南,https://ke-image.ljcdn.com/110000-inspection/pc1_cyixmUeGj_1.jpg!m_fill,w_280,h_210,f_jpg?from=ke.com
20230705,丰台,右安门外,101119627981,百合园 2室1厅 东 西,558万,77072元/平,中楼层 (共14层) 2室1厅 | 72.4平米 | 东 西,https://ke-image.ljcdn.com/110000-inspection/7fa9b2ad-5b74-4064-b586-9641ae4066be_1000.jpg!m_fill,w_280,h_210,f_jpg?from=ke.com
20230705,丰台,右安门外,101119620404,*玉林东里三区 * *,368万,64755元/平,低楼层 (共6层) | 1986年建 | 2室1厅 | 56.83平米 | 南 北,https://ke-image.ljcdn.com/110000-inspection/b9e7d793-d6a6-417b-b58f-3164a452edd4_1000.jpg!m_fill,w_280,h_210,f_jpg?from=ke.com
20230705,丰台,右安门外,101119562625,霍道口 2室1厅 南 北,360万,68312元/平,低楼层 (共6层) | 1980年建 | 2室1厅 | 52.7平米 | 南 北,https://ke-image.ljcdn.com/110000-inspection/06d6e4d3-ca25-4df3-be2c-16dddc5dc8e6_1000.jpg!m_fill,w_280,h_210,f_jpg?from=ke.com
20230705,丰台,右安门外,101119516167,玉林里小区 2室1厅 南 北,330万,61225元/平,高楼层 (共6层) | 1993年建 | 2室1厅 | 53.9平米 | 南 北,https://ke-image.ljcdn.com/110000-inspection/pc1_tDVoeea0u_1.jpg!m_fill,w_280,h_210,f_jpg?from=ke.com
20230705,丰台,右安门外,101119462038,右安门外玉林里 带电梯两居 户型方正 满五年带车位,385万,62198元/平,中楼层 (共20层) 2室1厅 | 61.9平米 | 西北,https://ke-image.ljcdn.com/110000-inspection/a41882e4-87e0-4e2d-b392-bf13a1c3eb73_1000.jpg!m_fill,w_280,h_210,f_jpg?from=ke.com
20230705,丰台,右安门外,101119445700,南二环外亚林西居住区2018年小区朝南,445万,76069元/平,高楼层 (共28层) 2室1厅 | 58.5平米 | 南,https://ke-image.ljcdn.com/110000-inspection/pc1_FrtM1yVQR_1.jpg!m_fill,w_280,h_210,f_jpg?from=ke.com
20230705,丰台,右安门外,101119335907,玉林里小区 交通便利 配套齐全 地铁14号线,325万,62609元/平,顶层 (共6层) | 1992年建 | 2室1厅 | 51.91平米 | 西南,https://ke-image.ljcdn.com/110000-inspection/8286df8f-33fd-4c9b-9bca-40e17bc57b34_1000.jpg!m_fill,w_280,h_210,f_jpg?from=ke.com
20230705,丰台,右安门外,101119333700,右外玉林东里二区南北通透两居室诚心出售。,340万,60177元/平,顶层 (共6层) | 1980年建 | 2室1厅 | 56.5平米 | 南 北,https://ke-image.ljcdn.com/110000-inspection/b74f7678-bd49-4648-add2-8b1562f5c644_1000.jpg!m_fill,w_280,h_210,f_jpg?from=ke.com
20230705,丰台,右安门外,101119290531,14+19号线景风门站旁南北通透中间楼层两居室,365万,64227元/平,低楼层 (共6层) | 1986年建 | 2室1厅 | 56.83平米 | 南 北,https://ke-image.ljcdn.com/110000-inspection/af2b2611-617b-44c7-ac68-27b84b987c36_1000.jpg!m_fill,w_280,h_210,f_jpg?from=ke.com
20230705,丰台,右安门外,101119286155,南二环 精装修高层两居 视野采光棒 人车分流车位充足,415万,71160元/平,高楼层 (共28层) | 2019年建 | 2室1厅 | 58.32平米 | 南,https://ke-image.ljcdn.com/110000-inspection/510dffba-6316-473f-a1da-42a86e5d4e1f_1000.jpg!m_fill,w_280,h_210,f_jpg?from=ke.com
20230705,丰台,右安门外,101119226402,玉林东里二区 西南向两居室 采光视野无遮挡,480万,78278元/平,高楼层 (共18层) 2室1厅 | 61.32平米 | 西南,https://ke-image.ljcdn.com/110000-inspection/a4b5dc37-9e1c-496e-ba52-3982bf8d5c14_1000.jpg!m_fill,w_280,h_210,f_jpg?from=ke.com
20230705,丰台,右安门外,101119210160,* 亚林西居住区9号院 * *,1150万,79602元/平,高楼层 (共28层) 3室2厅 | 144.47平米 | 南 北,https://ke-image.ljcdn.com/110000-inspection/d7c660e4-1e76-464f-a8be-1262d21c08b6_1000.jpg!m_fill,w_280,h_210,f_jpg?from=ke.com
20230705,丰台,右安门外,101119181098,南二环外 全明格局3居室 明厨明卫 精装修 拎包入住房主自荐,458万,58270元/平,顶层 (共6层) | 1987年建 | 3室1厅 | 78.6平米 | 南 北,https://ke-image.ljcdn.com/110000-inspection/d76129a0-8343-415c-8d07-64440be2a838_1000.jpg!m_fill,w_280,h_210,f_jpg?from=ke.com
20230705,丰台,右安门外,101119180818,玉林东里一区 右安门外近二环 14和19号地铁线房主自荐,430万,64468元/平,高楼层 (共6层) | 1992年建 | 3室1厅 | 66.7平米 | 南,https://ke-image.ljcdn.com/110000-inspection/f658a99c-cb6d-4194-9c92-d69b72e64fe1_1000.jpg!m_fill,w_280,h_210,f_jpg?from=ke.com
20230705,丰台,右安门外,101119129890,玉林里小区诚售带电梯一居室满五唯一住房,325万,68006元/平,低楼层 (共18层) 1室1厅 | 47.79平米 | 西南,https://ke-image.ljcdn.com/110000-inspection/361dd3af-f850-4271-95b4-4d2402c9f8b3_1000.jpg!m_fill,w_280,h_210,f_jpg?from=ke.com
20230705,丰台,右安门外,101119119041,玉林东里一区诚售低楼层南北通透两居室诚心卖,430万,73631元/平,底层 (共6层) | 1995年建 | 2室1厅 | 58.4平米 | 南 北,https://ke-image.ljcdn.com/110000-inspection/pc1_v20dGpheD_2.jpg!m_fill,w_280,h_210,f_jpg?from=ke.com
20230705,丰台,右安门外,101119116637,玉林里小区中间层明厨明卫满五唯一,480万,80537元/平,中楼层 (共18层) 2室1厅 | 59.6平米 | 东南,https://ke-image.ljcdn.com/110000-inspection/dd58c42a-09f3-4d07-a856-acc7f249ec03_1000.jpg!m_fill,w_280,h_210,f_jpg?from=ke.com
20230705,丰台,右安门外,101119084940,玉林东里三区 3室1厅 南 北,500万,77197元/平,底层 (共6层) 3室1厅 | 64.77平米 | 南 北,https://ke-image.ljcdn.com/110000-inspection/11752db0-1c1d-419d-9b7a-defb37d3b167_1000.jpg!m_fill,w_280,h_210,f_jpg?from=ke.com
20230705,丰台,右安门外,101119041756,祖家庄小区*房主自荐,329万,60136元/平,顶层 (共6层) 2室1厅 | 54.71平米 | 南 北,https://ke-image.ljcdn.com/110000-inspection/pc1_TUMo9uUIt_1.jpg!m_fill,w_280,h_210,f_jpg?from=ke.com
20230705,丰台,右安门外,101119018302,全明格局全南户型有电梯精装修,680万,77423元/平,低楼层 (共28层) 2室1厅 | 87.83平米 | 南,https://ke-image.ljcdn.com/110000-inspection/47d5862d-480d-4258-b954-746769b2f855_1000.jpg!m_fill,w_280,h_210,f_jpg?from=ke.com
20230705,丰台,右安门外,101118992525,右安门外玉林里*,370万,69549元/平,底层 (共6层) 2室1厅 | 53.2平米 | 东南 西北,https://ke-image.ljcdn.com/110000-inspection/b1ba2fd4-ebb7-4de5-bfbd-e9f294342f44_1000.jpg!m_fill,w_280,h_210,f_jpg?from=ke.com
20230705,丰台,右安门外,101118978964,南二环 西铁营 双南两居室塔楼 2018新小区 不临铁路,430万,73505元/平,高楼层 (共24层) 2室1厅 | 58.5平米 | 南,https://ke-image.ljcdn.com/110000-inspection/d323ebc9-dd43-4595-a383-2115ab416a01_1000.jpg!m_fill,w_280,h_210,f_jpg?from=ke.com
20230705,丰台,右安门外,101118947492,右安门外玉林里电梯精装南向大一居,400万,65585元/平,高楼层 (共20层) | 1996年建 | 1室2厅 | 60.99平米 | 南,https://ke-image.ljcdn.com/110000-inspection/6877c939-4cec-4cf6-a761-790cc78cf16e_1000.jpg!m_fill,w_280,h_210,f_jpg?from=ke.com
20230705,丰台,右安门外,101118923053,中国玺 近地铁 满两年 招商物业 品质社区,1750万,119000元/平,低楼层 (共25层) 3室2厅 | 147.06平米 | 南 北,https://ke-image.ljcdn.com/110000-inspection/eb37ecde-1c86-4ea6-99ee-16bb0be7f188_1000.jpg!m_fill,w_280,h_210,f_jpg?from=ke.com
20230705,丰台,右安门外,101118902314,南二环 玉林里14/19号线地铁 临万达广场,368万,67313元/平,顶层 (共6层) | 1993年建 | 2室1厅 | 54.67平米 | 南 北,https://ke-image.ljcdn.com/110000-inspection/f4bc0589-a102-467a-b85e-1498348f83bb_1000.jpg!m_fill,w_280,h_210,f_jpg?from=ke.com
20230705,丰台,右安门外,101118888730,玉林里小区 3室1厅 南 北,500万,73357元/平,高楼层 (共6层) | 1988年建 | 3室1厅 | 68.16平米 | 南 北,https://ke-image.ljcdn.com/110000-inspection/pc1_lSQb62BJA_2.jpg!m_fill,w_280,h_210,f_jpg?from=ke.com
20230705,丰台,右安门外,101118878430,玉林东里三区 2室1厅 南 北房主自荐,345万,63478元/平,高楼层 (共6层) | 1990年建 | 2室1厅 | 54.35平米 | 南 北,https://ke-image.ljcdn.com/110000-inspection/pc1_SFDexdPF3.jpg!m_fill,w_280,h_210,f_jpg?from=ke.com
20230705,丰台,右安门外,101118875002,玉林东里 地铁19号线 南向一居室,266万,66236元/平,高楼层 (共6层) | 1986年建 | 1室1厅 | 40.16平米 | 南,https://ke-image.ljcdn.com/110000-inspection/0a5b5fea-f8d1-4152-a13b-1e96532f4bf0_1000.jpg!m_fill,w_280,h_210,f_jpg?from=ke.com
20230705,丰台,右安门外,101118860732,南二环边房子是南北通透前后不临街！采光无遮挡！,335万,55556元/平,顶层 (共6层) 2室1厅 | 60.3平米 | 南 北,https://ke-image.ljcdn.com/110000-inspection/c4ec803c-863a-454d-b135-8d09e15cf2ba_1000.jpg!m_fill,w_280,h_210,f_jpg?from=ke.com
20230705,丰台,右安门外,101118856600,玉林东里三区 2室1厅 北 南,365万,67158元/平,中楼层 (共6层) 2室1厅 | 54.35平米 | 北 南,https://ke-image.ljcdn.com/110000-inspection/cb77f330-fa30-434a-8d29-82513e693cb7_1000.jpg!m_fill,w_280,h_210,f_jpg?from=ke.com
20230705,丰台,右安门外,101118803489,景风门地铁站百合园中国银行家属楼独门独院管理房主自荐,608万,77730元/平,中楼层 (共14层) | 2001年建 | 2室2厅 | 78.22平米 | 东 西,https://ke-image.ljcdn.com/110000-inspection/pc1_g1Q9OchRX_2.jpg!m_fill,w_280,h_210,f_jpg?from=ke.com
20230705,丰台,右安门外,101118800145,右安门外玉林里 经典户型 精装修可拎包入住,335万,70084元/平,高楼层 (共18层) | 1993年建 | 1室1厅 | 47.8平米 | 东,https://ke-image.ljcdn.com/110000-inspection/aa263b0b-7c30-4d3d-8e39-f56c041acb16_1000.jpg!m_fill,w_280,h_210,f_jpg?from=ke.com
20230705,丰台,右安门外,101118796959,玉林东里三区 3室1厅 南 北,550万,72656元/平,低楼层 (共6层) | 1985年建 | 3室1厅 | 75.7平米 | 南 北,https://ke-image.ljcdn.com/110000-inspection/327a8b2a-c663-42d3-b31f-4a7ac9c9ed08_1000.jpg!m_fill,w_280,h_210,f_jpg?from=ke.com
20230705,丰台,右安门外,101118781320,玉林里小区 2室1厅 东南,385万,67426元/平,底层 (共6层) 2室1厅 | 57.1平米 | 东南,https://ke-image.ljcdn.com/110000-inspection/pc1_r6LFs85xe.jpg!m_fill,w_280,h_210,f_jpg?from=ke.com
20230705,丰台,右安门外,101118747556,百合园 2室1厅 西房主自荐,549万,78440元/平,中楼层 (共18层) | 1999年建 | 2室1厅 | 69.99平米 | 西,https://ke-image.ljcdn.com/110000-inspection/08003d95-5233-4fb8-9968-8c13ee2b9f9b_1000.jpg!m_fill,w_280,h_210,f_jpg?from=ke.com
20230705,丰台,右安门外,101118743024,右安门外玉林里 带电梯南北通透 精装修两居,445万,69859元/平,中楼层 (共20层) | 1992年建 | 2室1厅 | 63.7平米 | 南 北,https://ke-image.ljcdn.com/110000-inspection/pc1_iCXWVgLPb_1.jpg!m_fill,w_280,h_210,f_jpg?from=ke.com
20230705,丰台,右安门外,101118736775,玉林里小区诚售电梯三居室大客厅高楼层视野好,665万,64432元/平,高楼层 (共21层) 3室1厅 | 103.21平米 | 东北,https://ke-image.ljcdn.com/110000-inspection/1a9c3d9c-0af4-4b4f-a9f7-6173399e08d8_1000.jpg!m_fill,w_280,h_210,f_jpg?from=ke.com
20230705,丰台,右安门外,101118716297,亚林西居住区南北两居全明格局高楼层视野好。,650万,75128元/平,高楼层 (共28层) 2室1厅 | 86.52平米 | 南 北,https://ke-image.ljcdn.com/110000-inspection/2aefc215-e55f-47db-b84f-d572875fc74b_1000.jpg!m_fill,w_280,h_210,f_jpg?from=ke.com
20230705,丰台,右安门外,101118696473,亚林西居住区8号院全朝南两居室楼层高视野好,620万,70599元/平,低楼层 (共28层) 2室1厅 | 87.82平米 | 南,https://ke-image.ljcdn.com/110000-inspection/bde5aaf4-87bd-43c6-8382-ba380d04d907_1000.jpg!m_fill,w_280,h_210,f_jpg?from=ke.com
20230705,丰台,右安门外,101118673955,亚林西居住区9号院* * *,660万,75120元/平,高楼层 (共26层) 2室1厅 | 87.86平米 | 南,https://ke-image.ljcdn.com/110000-inspection/pc1_fDuGsNYVJ_1.jpg!m_fill,w_280,h_210,f_jpg?from=ke.com
20230705,丰台,右安门外,101118644569,玉林里小区诚售满五年住房带电梯采光视野好,338万,68840元/平,高楼层 (共18层) | 1990年建 | 1室1厅 | 49.1平米 | 东南,https://ke-image.ljcdn.com/110000-inspection/pc1_hgpRstMEQ_1.jpg!m_fill,w_280,h_210,f_jpg?from=ke.com
20230705,丰台,右安门外,101118641250,二环边带电梯两居室楼层直达诚心出售,410万,67324元/平,低楼层 (共18层) 2室1厅 | 60.9平米 | 南 北,https://ke-image.ljcdn.com/110000-inspection/f6f77bbd-1328-471c-b44c-7f0c5f2bc0d2_1000.jpg!m_fill,w_280,h_210,f_jpg?from=ke.com
20230705,丰台,右安门外,101118617443,南二环西铁营万达旁单独管理 国税局央产单位朝南一居,290万,72500元/平,中楼层 (共6层) | 1990年建 | 1室1厅 | 40平米 | 南,https://ke-image.ljcdn.com/110000-inspection/pc1_0w9jAWcro_1.jpg!m_fill,w_280,h_210,f_jpg?from=ke.com
20230705,丰台,右安门外,101118604535,满五年 采光好 无遮挡 离地铁近 性价高,248万,49740元/平,高楼层 (共7层) 1室1厅 | 49.86平米 | 西,https://ke-image.ljcdn.com/110000-inspection/043aa35d-5b36-4b14-bb44-f1e7b3829ab9_1000.jpg!m_fill,w_280,h_210,f_jpg?from=ke.com
20230705,丰台,右安门外,101118604494,玉林里小区 2室1厅 西南,315万,60682元/平,顶层 (共6层) | 1995年建 | 2室1厅 | 51.91平米 | 西南,https://ke-image.ljcdn.com/110000-inspection/ce4c4133-9851-4b23-ab59-deaceecd961d_1000.jpg!m_fill,w_280,h_210,f_jpg?from=ke.com
20230705,丰台,右安门外,101118570559,南二环 西铁营万达 玉林里小区 户型方正 3居室房主自荐,370万,54094元/平,高楼层 (共6层) 3室1厅 | 68.4平米 | 西 东,https://ke-image.ljcdn.com/110000-inspection/6f085f68-0be0-443a-a19c-5027cded71c1_1000.jpg!m_fill,w_280,h_210,f_jpg?from=ke.com
20230705,丰台,右安门外,101118546368,亚林西居住区9号院 2室1厅 南 北,400万,69445元/平,底层 (共26层) 2室1厅 | 57.6平米 | 南 北,https://ke-image.ljcdn.com/110000-inspection/5aa239fc-679c-4d94-8263-6e28536f8287_1000.jpg!m_fill,w_280,h_210,f_jpg?from=ke.com
20230705,丰台,右安门外,101118537212,南二环边房子是南北通透前后不临街！采光无遮挡！,424万,71261元/平,低楼层 (共6层) | 1992年建 | 2室1厅 | 59.5平米 | 南 北,https://ke-image.ljcdn.com/110000-inspection/ea35a3a1-3b55-4b05-8bec-7069104fe577_1000.jpg!m_fill,w_280,h_210,f_jpg?from=ke.com
20230705,丰台,右安门外,101118536894,南二环玉林里精装两居室 中间楼层无遮挡,450万,74111元/平,低楼层 (共6层) 2室1厅 | 60.72平米 | 南 北,https://ke-image.ljcdn.com/110000-inspection/4f78bdd6-95b3-4925-96d2-060b887a1fea_1000.jpg!m_fill,w_280,h_210,f_jpg?from=ke.com
20230705,丰台,右安门外,101118534193,右安门外玉林东里三区南北通透无遮挡,338万,59299元/平,高楼层 (共6层) | 1987年建 | 2室1厅 | 57平米 | 南 北,https://ke-image.ljcdn.com/110000-inspection/b24c2bbb-018a-4ff5-8922-d12ced21071b_1000.jpg!m_fill,w_280,h_210,f_jpg?from=ke.com
20230705,丰台,右安门外,101118516043,右安门玉林小区精装修南北通透两居室 随时签约,330万,61568元/平,顶层 (共6层) | 1987年建 | 2室1厅 | 53.6平米 | 南 北,https://ke-image.ljcdn.com/110000-inspection/735b4189-6a21-4ed0-be0e-4ef91a2db655_1000.jpg!m_fill,w_280,h_210,f_jpg?from=ke.com
20230705,丰台,右安门外,101118495997,玉林里小区 南二环 万达广场 14号线西铁营地铁站房主自荐,420万,76924元/平,底层 (共6层) 2室1厅 | 54.6平米 | 南,https://ke-image.ljcdn.com/110000-inspection/96cde9b3-214b-4a4b-a9b3-fff5e48b6d6c_1000.jpg!m_fill,w_280,h_210,f_jpg?from=ke.com
20230705,丰台,右安门外,101118443220,右外玉林东里二区 * * *,382万,62114元/平,低楼层 (共18层) 1室2厅 | 61.5平米 | 南,https://ke-image.ljcdn.com/110000-inspection/pc1_U9f0Hni53_1.jpg!m_fill,w_280,h_210,f_jpg?from=ke.com
20230705,丰台,右安门外,101118419424,玉林东里一区低楼层南北两居室 户型好位置好 诚售,460万,81287元/平,中楼层 (共4层) | 1996年建 | 2室1厅 | 56.59平米 | 南 北,https://ke-image.ljcdn.com/110000-inspection/52ad4be5-77e9-49c9-a2ae-68be4fd9049f_1000.jpg!m_fill,w_280,h_210,f_jpg?from=ke.com
20230705,丰台,右安门外,101118415609,右安门外玉林里单独管理南北通透两居室,345万,56809元/平,顶层 (共6层) 2室1厅 | 60.73平米 | 南 北,https://ke-image.ljcdn.com/110000-inspection/e7bc9332-b343-4eea-99e8-44237f3e677f_1000.jpg!m_fill,w_280,h_210,f_jpg?from=ke.com
20230705,丰台,右安门外,101118414388,西铁营万达旁 家和园 2008年电梯商品房 大两居室,880万,84869元/平,高楼层 (共16层) 2室2厅 | 103.69平米 | 西南,https://ke-image.ljcdn.com/110000-inspection/pc1_7fpBwQBEJ_1.jpg!m_fill,w_280,h_210,f_jpg?from=ke.com
20230705,丰台,右安门外,101118400680,南二环外 中国玺 南北大四居 户型方正,2799万,143443元/平,顶层 (共13层) 4室2厅 | 195.13平米 | 南 北,https://ke-image.ljcdn.com/110000-inspection/2fac0564-70c6-4d5d-be20-863e2cce9884_1000.jpg!m_fill,w_280,h_210,f_jpg?from=ke.com
20230705,丰台,右安门外,101118388005,精装修南北向两居室中间楼层,363万,66350元/平,中楼层 (共6层) | 1989年建 | 2室1厅 | 54.71平米 | 南 北,https://ke-image.ljcdn.com/110000-inspection/4a87a106-2080-44f8-bd6f-bdc7ea7fe35b_1000.jpg!m_fill,w_280,h_210,f_jpg?from=ke.com
20230705,丰台,右安门外,101118311981,西铁营西路1号院昆仑域精品住宅,2290万,157432元/平,中楼层 (共25层) 3室2厅 | 145.46平米 | 南 北,https://ke-image.ljcdn.com/110000-inspection/1964f99d-ab09-40bd-b933-3f38f28397cf_1000.jpg!m_fill,w_280,h_210,f_jpg?from=ke.com
20230705,丰台,右安门外,101118289909,右外玉林东里二区南北通透无遮挡格局合理无浪费,445万,60876元/平,高楼层 (共6层) | 1990年建 | 3室1厅 | 73.1平米 | 南 北,https://ke-image.ljcdn.com/110000-inspection/pc1_xWWZLXJ4Q_2.jpg!m_fill,w_280,h_210,f_jpg?from=ke.com
20230705,丰台,右安门外,101118265090,玉林东里三区 3室1厅 南 北,498万,67572元/平,高楼层 (共6层) | 1985年建 | 3室1厅 | 73.7平米 | 南 北,https://ke-image.ljcdn.com/110000-inspection/68d845ef-6e9b-4183-bed2-038309f29681_1000.jpg!m_fill,w_280,h_210,f_jpg?from=ke.com
20230705,丰台,右安门外,101118264900,玉林东里正规南向一居全明格局低楼层近地铁,298万,69142元/平,低楼层 (共6层) | 1985年建 | 1室1厅 | 43.1平米 | 南,https://ke-image.ljcdn.com/110000-inspection/6fe8ca92-297e-4c1e-a53f-eb6e0f9fab26_1000.jpg!m_fill,w_280,h_210,f_jpg?from=ke.com
20230705,丰台,右安门外,101118257249,玉林东里三区 2室1厅 南 北,350万,61588元/平,高楼层 (共6层) | 1986年建 | 2室1厅 | 56.83平米 | 南 北,https://ke-image.ljcdn.com/110000-inspection/e9c15abf-3a10-4a55-9e68-2e2bdbcd5870_1000.jpg!m_fill,w_280,h_210,f_jpg?from=ke.com
20230705,丰台,右安门外,101118206778,玉林里2000年后低楼层两居室诚心出售,650万,66031元/平,底层 (共21层) 2室1厅 | 98.44平米 | 西,https://ke-image.ljcdn.com/110000-inspection/6460bc52-645a-4a02-842d-8b8ede373da9_1000.jpg!m_fill,w_280,h_210,f_jpg?from=ke.com
20230705,丰台,右安门外,101118203887,亚林西居住区8号院 2室1厅 南,415万,71233元/平,低楼层 (共28层) 2室1厅 | 58.26平米 | 南,https://ke-image.ljcdn.com/110000-inspection/40a3997f-e83d-4719-8e80-89bfa0f51ead_1000.jpg!m_fill,w_280,h_210,f_jpg?from=ke.com
20230705,丰台,右安门外,101118189327,南二环中国玺别墅洋房社区低密园林近地铁万达,1720万,116162元/平,中楼层 (共25层) 3室2厅 | 148.07平米 | 南 北,https://ke-image.ljcdn.com/110000-inspection/pc1_MY6IV3kCH.jpg!m_fill,w_280,h_210,f_jpg?from=ke.com
20230705,丰台,右安门外,101118179792,南二环 景风门站 电梯纯南向一居室 诚意出售,430万,74966元/平,低楼层 (共22层) | 1998年建 | 1室1厅 | 57.36平米 | 南,https://ke-image.ljcdn.com/110000-inspection/ed027392-e39f-4211-aa9c-2f601a3449c7_1000.jpg!m_fill,w_280,h_210,f_jpg?from=ke.com
20230705,丰台,右安门外,101118178568,玉林东里一区 1室1厅 东南房主自荐,279万,62697元/平,中楼层 (共6层) 1室1厅 | 44.5平米 | 东南,https://ke-image.ljcdn.com/110000-inspection/pc1_ql1RFvH9j_1.jpg!m_fill,w_280,h_210,f_jpg?from=ke.com
20230705,丰台,右安门外,101118142748,右外祖家庄前进棉织厂宿舍三居室,485万,70128元/平,底层 (共6层) 3室1厅 | 69.16平米 | 南 北,https://ke-image.ljcdn.com/110000-inspection/pc1_F6W5B2lda_2.jpg!m_fill,w_280,h_210,f_jpg?from=ke.com
20230705,丰台,右安门外,101118138506,此格局户型方正没有浪费面积南北通透通风良好。房主自荐,350万,64936元/平,顶层 (共5层) | 1990年建 | 2室1厅 | 53.9平米 | 南 北,https://ke-image.ljcdn.com/110000-inspection/14078446-e6c7-4be4-84e7-7d7c328e8e7e_1000.jpg!m_fill,w_280,h_210,f_jpg?from=ke.com
20230705,丰台,右安门外,101118127592,2018年次新房昆仑域精装修四居室拎包入住。房主自荐,2499万,135016元/平,高楼层 (共25层) 4室2厅 | 185.09平米 | 南 北,https://ke-image.ljcdn.com/110000-inspection/pc1_6VSlxYvym.jpg!m_fill,w_280,h_210,f_jpg?from=ke.com
20230705,丰台,右安门外,101118074902,家和园 2室1厅 西南,829万,79950元/平,高楼层 (共16层) | 2007年建 | 2室1厅 | 103.69平米 | 西南,https://ke-image.ljcdn.com/110000-inspection/1d3f40d8-763d-4514-8dbf-3bab719f55a6_1000.jpg!m_fill,w_280,h_210,f_jpg?from=ke.com
20230705,丰台,右安门外,101118033109,祖家庄小区 1室1厅 南,290万,67521元/平,低楼层 (共6层) 1室1厅 | 42.95平米 | 南,https://ke-image.ljcdn.com/110000-inspection/4bb0113e-ac48-44d5-90ec-7a8b18107416_1000.jpg!m_fill,w_280,h_210,f_jpg?from=ke.com
20230705,丰台,右安门外,101118017542,亚林西居住区小两居朝南无遮挡采光好,430万,73808元/平,低楼层 (共28层) 2室1厅 | 58.26平米 | 南,https://ke-image.ljcdn.com/110000-inspection/pc1_y6k0M14hc_1.jpg!m_fill,w_280,h_210,f_jpg?from=ke.com
20230705,丰台,右安门外,101117994151,玉林小区 中石油宿舍 管理好 精装修两居 有固定车位房主自荐,480万,77134元/平,顶层 (共6层) | 1990年建 | 2室1厅 | 62.23平米 | 南 北,https://ke-image.ljcdn.com/110000-inspection/c77a0c28-cacf-47d7-a4ed-a037a15dcc44_1000.jpg!m_fill,w_280,h_210,f_jpg?from=ke.com
20230705,丰台,右安门外,101117979659,玉林里小区双南户型无遮挡采光充足,340万,62963元/平,顶层 (共6层) | 1989年建 | 2室1厅 | 54平米 | 南,https://ke-image.ljcdn.com/110000-inspection/5371d862-786e-4384-a65e-84a8930d1041_1000.jpg!m_fill,w_280,h_210,f_jpg?from=ke.com
20230705,丰台,右安门外,101117979232,右安门外玉林里一层方正两居室满五年唯一,323万,60094元/平,底层 (共7层) | 1992年建 | 2室1厅 | 53.75平米 | 东,https://ke-image.ljcdn.com/110000-inspection/pc1_Gpv5DmweQ_1.jpg!m_fill,w_280,h_210,f_jpg?from=ke.com
20230705,丰台,右安门外,101117973177,亚林西居住区9号院 三居室 南北通透 精装修,850万,74621元/平,高楼层 (共26层) | 2018年建 | 3室1厅 | 113.91平米 | 南 北,https://ke-image.ljcdn.com/110000-inspection/a097edf0-2a7b-4189-afea-596c7c81c004_1000.jpg!m_fill,w_280,h_210,f_jpg?from=ke.com
20230705,丰台,右安门外,101117937479,2018年商品房华润昆仑域精装修南北通透三居室,2258万,154299元/平,中楼层 (共16层) | 2018年建 | 3室2厅 | 146.34平米 | 南 北,https://ke-image.ljcdn.com/110000-inspection/8fe7fc0f-cd79-4928-9819-d1e5f7e454ca_1000.jpg!m_fill,w_280,h_210,f_jpg?from=ke.com
20230705,丰台,右安门外,101117928334,右安门全新装修婚房 近地铁 户型方正无遮挡采光好房主自荐,328万,54631元/平,高楼层 (共7层) 2室1厅 | 60.04平米 | 东,https://ke-image.ljcdn.com/110000-inspection/50eeaa3f-45cb-4c62-ab08-566dc8617e19_1000.jpg!m_fill,w_280,h_210,f_jpg?from=ke.com
20230705,丰台,右安门外,101117896715,中国玺 下跃产品 4居室 南北通透,2880万,155231元/平,底层 (共9层) 4室2厅 | 185.53平米 | 南 北,https://ke-image.ljcdn.com/110000-inspection/02d5289f-6883-489a-a301-e2cd99f7016d_1000.jpg!m_fill,w_280,h_210,f_jpg?from=ke.com
20230705,丰台,右安门外,101117891087,右外南北两居低楼层采光充足近地铁房主自荐,380万,67020元/平,低楼层 (共6层) 2室1厅 | 56.7平米 | 南 北,https://ke-image.ljcdn.com/110000-inspection/98893adf-1e4f-4263-8444-c54ad60e65a0_1000.jpg!m_fill,w_280,h_210,f_jpg?from=ke.com
20230705,丰台,右安门外,101117842822,玉林东里三区 2室1厅 南 北,370万,67334元/平,顶层 (共6层) 2室1厅 | 54.95平米 | 南 北,https://ke-image.ljcdn.com/110000-inspection/pc1_pL7qc7VDB.jpg!m_fill,w_280,h_210,f_jpg?from=ke.com
20230705,丰台,右安门外,101117827609,玉林东里三区 * * *房主自荐,365万,66425元/平,中楼层 (共6层) 2室1厅 | 54.95平米 | 南 北,https://ke-image.ljcdn.com/110000-inspection/04d4a149-e434-481d-9bb7-4ec350c68daf_1000.jpg!m_fill,w_280,h_210,f_jpg?from=ke.com
20230705,丰台,右安门外,101117803566,右安门外玉林东里三区满五年唯一南北通透,416万,59900元/平,顶层 (共6层) | 1990年建 | 3室1厅 | 69.45平米 | 南 北,https://ke-image.ljcdn.com/110000-inspection/f1f8cf2a-a667-466a-9cb3-e632934ffa2e_1000.jpg!m_fill,w_280,h_210,f_jpg?from=ke.com
20230705,丰台,右安门外,101117792919,右外玉林东里三区 南北通透两居室 采光充足 没有遮挡,378万,67260元/平,顶层 (共6层) 2室1厅 | 56.2平米 | 南 北,https://ke-image.ljcdn.com/110000-inspection/pc1_YsPjDI0fY.jpg!m_fill,w_280,h_210,f_jpg?from=ke.com
20230705,丰台,右安门外,101117733260,百合园精装一居室高楼层视野好满五年,325万,64819元/平,顶层 (共18层) | 1999年建 | 1室1厅 | 50.14平米 | 西,https://ke-image.ljcdn.com/110000-inspection/3676f387-0a6b-47b2-b429-be21f6d433d2_1000.jpg!m_fill,w_280,h_210,f_jpg?from=ke.com
20230705,丰台,右安门外,101117723765,2019年商品房社区 高层南北通透 满2年仅契税房主自荐,2090万,128450元/平,高楼层 (共25层) 3室2厅 | 162.71平米 | 南 北,https://ke-image.ljcdn.com/110000-inspection/pc1_IJhi2mPBR_1.jpg!m_fill,w_280,h_210,f_jpg?from=ke.com
20230705,丰台,右安门外,101117715908,玉林里小区 2室1厅 南房主自荐,458万,74837元/平,低楼层 (共18层) | 1988年建 | 2室1厅 | 61.2平米 | 南,https://ke-image.ljcdn.com/110000-inspection/97ad6d33-5b05-48a3-8a62-650175b76368_1000.jpg!m_fill,w_280,h_210,f_jpg?from=ke.com
20230705,丰台,右安门外,101117708704,南二环 西铁营万达 3居室  明厨明卫 诚心出售 视野好,465万,60351元/平,高楼层 (共7层) | 1992年建 | 3室1厅 | 77.05平米 | 西南 东,https://ke-image.ljcdn.com/110000-inspection/pc1_Nr0uCRWY9_1.jpg!m_fill,w_280,h_210,f_jpg?from=ke.com
20230705,丰台,右安门外,101117707139,二环外2008年商品房正规两居室金罗马物业满五唯一,880万,84861元/平,中楼层 (共16层) 2室1厅 | 103.7平米 | 西南,https://ke-image.ljcdn.com/110000-inspection/66192c11-e08b-4eb9-96cd-8ed89aa4721c_1000.jpg!m_fill,w_280,h_210,f_jpg?from=ke.com
20230705,丰台,右安门外,101117669278,南二环外 中国玺小区 商品房 南北四居,3250万,148865元/平,中楼层 (共12层) 4室2厅 | 218.32平米 | 南 北,https://ke-image.ljcdn.com/110000-inspection/1b46c1cc-05ac-41ca-a24b-b8fae02db38c_1000.jpg!m_fill,w_280,h_210,f_jpg?from=ke.com
20230705,丰台,右安门外,101117666642,右安门外大街 塔楼带电梯 东南一居室 高楼层 视野好,289万,60613元/平,中楼层 (共10层) | 1997年建 | 1室1厅 | 47.68平米 | 东南,https://ke-image.ljcdn.com/110000-inspection/ed5779de-8c8b-4421-83fc-1836e579b65a_1000.jpg!m_fill,w_280,h_210,f_jpg?from=ke.com
20230705,丰台,右安门外,101117622423,近14和19号线地铁、近万达广场交通便利、配套完善,395万,67812元/平,中楼层 (共6层) | 1982年建 | 3室0厅 | 58.25平米 | 南 北,https://ke-image.ljcdn.com/110000-inspection/dfdee9e2-0b54-487b-8225-1baff5202de2_1000.jpg!m_fill,w_280,h_210,f_jpg?from=ke.com
20230705,丰台,右安门外,101117612135,右安门外 玉林里小区 交通便利 配套齐全,340万,60284元/平,顶层 (共6层) 2室1厅 | 56.4平米 | 西南,https://ke-image.ljcdn.com/110000-inspection/ad67842e-19f0-4fc1-a717-b0c0e6a03a0a_1000.jpg!m_fill,w_280,h_210,f_jpg?from=ke.com
20230705,丰台,右安门外,101117608973,南二环 玉林里小区 14/19号地铁线 近万达,410万,60153元/平,顶层 (共6层) | 1985年建 | 3室1厅 | 68.16平米 | 南 北,https://ke-image.ljcdn.com/110000-inspection/0153c411-d560-478b-abc3-083986ec3d26_1000.jpg!m_fill,w_280,h_210,f_jpg?from=ke.com
20230705,丰台,右安门外,101117595087,南二环 玉林东里一区 低楼层 满五唯一南北通透两居室,450万,77187元/平,低楼层 (共6层) | 1993年建 | 2室1厅 | 58.3平米 | 南 北,https://ke-image.ljcdn.com/110000-inspection/31916bec-10c6-472d-9606-00d3525dd3e5_1000.jpg!m_fill,w_280,h_210,f_jpg?from=ke.com
20230705,丰台,右安门外,101117582070,玉林东里三区 满五年唯一 全明格局 有钥匙随时看,380万,62204元/平,低楼层 (共6层) | 1986年建 | 2室1厅 | 61.09平米 | 东南,https://ke-image.ljcdn.com/110000-inspection/0ed0ebff-2ac3-491c-a7ff-42a2361dd9ab_1000.jpg!m_fill,w_280,h_210,f_jpg?from=ke.com
20230705,丰台,右安门外,101117573296,玉林里小区 1室1厅 西南,328万,66050元/平,中楼层 (共7层) | 1992年建 | 1室1厅 | 49.66平米 | 西南,https://ke-image.ljcdn.com/110000-inspection/43272559-4772-4570-b577-4584ad4c2516_1000.jpg!m_fill,w_280,h_210,f_jpg?from=ke.com
20230705,丰台,右安门外,101117535716,玉林东里三区 1室1厅 南,285万,67059元/平,高楼层 (共6层) 1室1厅 | 42.5平米 | 南,https://ke-image.ljcdn.com/110000-inspection/148649fd-ba3d-4034-88e5-1de35f008282_1000.jpg!m_fill,w_280,h_210,f_jpg?from=ke.com
20230705,丰台,右安门外,101117475522,右安门外祖家庄小区满五唯一视野好,350万,63974元/平,高楼层 (共6层) | 1980年建 | 2室1厅 | 54.71平米 | 南 北,https://ke-image.ljcdn.com/110000-inspection/pc1_AEjR2HNl8.jpg!m_fill,w_280,h_210,f_jpg?from=ke.com
20230705,丰台,右安门外,101117394149,亚林西居住区9号院 * *,420万,71980元/平,高楼层 (共28层) | 2019年建 | 2室1厅 | 58.35平米 | 南,https://ke-image.ljcdn.com/110000-inspection/42780856-adc4-47be-8951-8c928d9d3dd3_1000.jpg!m_fill,w_280,h_210,f_jpg?from=ke.com
20230705,丰台,右安门外,101117383048,南二环 精装修两居室 电梯直达双地铁高楼层光线充足,635万,81725元/平,高楼层 (共22层) | 1998年建 | 2室1厅 | 77.7平米 | 东,https://ke-image.ljcdn.com/110000-inspection/a39e9add-ad93-459a-ae69-3bfb6b12b932_1000.jpg!m_fill,w_280,h_210,f_jpg?from=ke.com
20230705,丰台,右安门外,101117347236,亚林西居住区 三居室 精装修 西铁营万达 2018年小区,1160万,80294元/平,中楼层 (共28层) 3室1厅 | 144.47平米 | 南 北,https://ke-image.ljcdn.com/110000-inspection/d7cd3750-0a50-4a8e-929c-2743b458784b_1000.jpg!m_fill,w_280,h_210,f_jpg?from=ke.com
20230705,丰台,右安门外,101117336856,南北通透明厨2室1厅1卫南 北,428万,86013元/平,底层 (共6层) | 1990年建 | 2室1厅 | 49.76平米 | 南 北,https://ke-image.ljcdn.com/110000-inspection/pc1_9Y1qaWBQz_1.jpg!m_fill,w_280,h_210,f_jpg?from=ke.com
20230705,丰台,右安门外,101117331688,南二环西铁营万达 玉林里小区 塔楼电梯一居 满五唯一,325万,65631元/平,低楼层 (共18层) 1室1厅 | 49.52平米 | 东 南,https://ke-image.ljcdn.com/110000-inspection/1320e77e-4d27-44cf-aeb6-d16907ad4e3b_1000.jpg!m_fill,w_280,h_210,f_jpg?from=ke.com
20230705,丰台,右安门外,101117281507,玉林东里三区 2室1厅 南 北,368万,68262元/平,低楼层 (共6层) 2室1厅 | 53.91平米 | 南 北,https://ke-image.ljcdn.com/110000-inspection/d276a718-dcd2-491e-8732-f02d3dc8df8c_1000.jpg!m_fill,w_280,h_210,f_jpg?from=ke.com
20230705,丰台,右安门外,101117248213,满五年唯一双地铁14号线19号线前后无遮挡不临街,378万,72138元/平,底层 (共6层) | 1987年建 | 2室1厅 | 52.4平米 | 南,https://ke-image.ljcdn.com/110000-inspection/pc1_qaua8Yg0C_1.jpg!m_fill,w_280,h_210,f_jpg?from=ke.com
20230705,丰台,右安门外,101117216251,右外南北通透三居低楼层采光充足交通便利,490万,73442元/平,低楼层 (共6层) | 1980年建 | 3室1厅 | 66.72平米 | 南 北,https://ke-image.ljcdn.com/110000-inspection/pc1_8fyOM9xYx.jpg!m_fill,w_280,h_210,f_jpg?from=ke.com
20230705,丰台,右安门外,101117196402,南二环 玉林里 双南向 正规两居室,500万,82102元/平,中楼层 (共18层) | 1991年建 | 2室1厅 | 60.9平米 | 南,https://ke-image.ljcdn.com/110000-inspection/a31e63d2-2952-402b-8654-baba422f5258_1000.jpg!m_fill,w_280,h_210,f_jpg?from=ke.com
20230705,丰台,右安门外,101117157191,南二环 西铁营万达 玉林里小区 塔楼两居室 2002新小区,738万,73099元/平,中楼层 (共21层) 2室1厅 | 100.96平米 | 东,https://ke-image.ljcdn.com/110000-inspection/pc1_t86STEHet_1.jpg!m_fill,w_280,h_210,f_jpg?from=ke.com
20230705,丰台,右安门外,101117129876,南二环 昆仑域 2019年商品社区 次新房 人车分流,2190万,151978元/平,低楼层 (共25层) | 2018年建 | 4室2厅 | 144.1平米 | 南 北,https://ke-image.ljcdn.com/110000-inspection/pc1_EOpX4w3Lu_1.jpg!m_fill,w_280,h_210,f_jpg?from=ke.com
20230705,丰台,右安门外,101117127411,二环边新楼盘此房南北通透格局好精装修,2250万,154735元/平,低楼层 (共25层) | 2018年建 | 3室2厅 | 145.41平米 | 南 北,https://ke-image.ljcdn.com/110000-inspection/pc1_Y5di3ASa4.jpg!m_fill,w_280,h_210,f_jpg?from=ke.com
20230705,丰台,右安门外,101117099356,玉林里小区 无遮挡 东南向大一居,330万,66640元/平,低楼层 (共18层) | 1995年建 | 1室1厅 | 49.52平米 | 东南,https://ke-image.ljcdn.com/110000-inspection/pc1_BXHxLevGC.jpg!m_fill,w_280,h_210,f_jpg?from=ke.com
20230705,丰台,右安门外,101117087006,中国玺诚售高层三居室商品房社区,1800万,121565元/平,高楼层 (共25层) 3室2厅 | 148.07平米 | 南 北,https://ke-image.ljcdn.com/110000-inspection/4934b023-a031-4879-b716-6e547ff90186_1000.jpg!m_fill,w_280,h_210,f_jpg?from=ke.com
20230705,丰台,右安门外,101117068929,百合园* * * *,540万,70950元/平,低楼层 (共18层) | 1999年建 | 2室1厅 | 76.11平米 | 东,https://ke-image.ljcdn.com/110000-inspection/ca0f0959-6755-41bd-be62-a36a27984495_1000.jpg!m_fill,w_280,h_210,f_jpg?from=ke.com
20230705,丰台,右安门外,101117065649,玉林里小区诚心出售满五年唯一商品房带电梯房主自荐,339万,69326元/平,低楼层 (共18层) | 1990年建 | 1室1厅 | 48.9平米 | 西南,https://ke-image.ljcdn.com/110000-inspection/pc1_lEqLGRPBM_1.jpg!m_fill,w_280,h_210,f_jpg?from=ke.com
20230705,丰台,右安门外,101117046253,中国玺 3室2厅 南 北,1998.9万,134997元/平,高楼层 (共25层) 3室2厅 | 148.07平米 | 南 北,https://ke-image.ljcdn.com/110000-inspection/effe62a0-9fc7-4980-b1ed-24c6348415c2_1000.jpg!m_fill,w_280,h_210,f_jpg?from=ke.com
20230705,丰台,右安门外,101117021858,百合园 南向 钢混塔楼 电梯直达 近地铁,410万,74723元/平,低楼层 (共22层) | 1999年建 | 2室1厅 | 54.87平米 | 南,https://ke-image.ljcdn.com/110000-inspection/61763ace-3d68-4915-9026-f3755229f2f9_1000.jpg!m_fill,w_280,h_210,f_jpg?from=ke.com
20230705,丰台,右安门外,101117004662,*玉林里小区*房主自荐,428万,65195元/平,顶层 (共18层) 2室1厅 | 65.65平米 | 东南,https://ke-image.ljcdn.com/110000-inspection/a7b0718f-97e7-4081-a646-f99709588432_1000.jpg!m_fill,w_280,h_210,f_jpg?from=ke.com
20230705,丰台,右安门外,101116992255,南二环2019年商品房社区 南北通透 仅契税 带产权车位,1792万,121024元/平,高楼层 (共25层) | 2019年建 | 3室2厅 | 148.07平米 | 南 北,https://ke-image.ljcdn.com/110000-inspection/pc1_qGOYW7AnZ.jpg!m_fill,w_280,h_210,f_jpg?from=ke.com
20230705,丰台,右安门外,101116989429,右安门外地铁19+14号线出行方便,433万,62053元/平,高楼层 (共6层) | 1990年建 | 3室1厅 | 69.78平米 | 南 北,https://ke-image.ljcdn.com/110000-inspection/2e8ff729-d16b-456c-adce-a4160390be91_1000.jpg!m_fill,w_280,h_210,f_jpg?from=ke.com
20230705,丰台,右安门外,101116987946,百合园 2室1厅 东,590万,77520元/平,高楼层 (共22层) | 1999年建 | 2室1厅 | 76.11平米 | 东,https://ke-image.ljcdn.com/110000-inspection/pc1_NhByjq0hX.jpg!m_fill,w_280,h_210,f_jpg?from=ke.com
20230705,丰台,右安门外,101116889236,玉林东里一区 1室1厅 东南,278万,64056元/平,低楼层 (共6层) 1室1厅 | 43.4平米 | 东南,https://ke-image.ljcdn.com/110000-inspection/4385b112-5c41-4531-95f0-23340423dd42_1000.jpg!m_fill,w_280,h_210,f_jpg?from=ke.com
20230705,丰台,右安门外,101116875347,南二环小两居精装修交通便利诚心出售,345万,61062元/平,顶层 (共6层) | 1980年建 | 2室1厅 | 56.5平米 | 南 北,https://ke-image.ljcdn.com/110000-inspection/pc1_3z3Dx8jWT_1.jpg!m_fill,w_280,h_210,f_jpg?from=ke.com
20230705,丰台,右安门外,101116855078,中国玺 3室2厅 南 北房主自荐,1860万,125617元/平,高楼层 (共25层) 3室2厅 | 148.07平米 | 南 北,https://ke-image.ljcdn.com/110000-inspection/pc1_336ptiOAj.jpg!m_fill,w_280,h_210,f_jpg?from=ke.com
20230705,丰台,右安门外,101116851362,亚林西居住区南北通透精装大两居不临铁路,635万,73343元/平,低楼层 (共28层) 2室1厅 | 86.58平米 | 南 北,https://ke-image.ljcdn.com/110000-inspection/pc1_vyrEB8vRa.jpg!m_fill,w_280,h_210,f_jpg?from=ke.com
20230705,丰台,右安门外,101116820231,亚林西居住区8号院全南向大两居,628万,71510元/平,低楼层 (共28层) 2室1厅 | 87.82平米 | 南,https://ke-image.ljcdn.com/110000-inspection/3d1e093d-cb1b-4a7b-819f-c8f359200948_1000.jpg!m_fill,w_280,h_210,f_jpg?from=ke.com
20230705,丰台,右安门外,101116787813,玉林东里一区满五年唯一二环边前后无遮挡,229万,64617元/平,顶层 (共6层) | 1981年建 | 1室1厅 | 35.44平米 | 南,https://ke-image.ljcdn.com/110000-inspection/pc1_32YZ90rOG.jpg!m_fill,w_280,h_210,f_jpg?from=ke.com
20230705,丰台,右安门外,101116733188,右外玉林东里二区*,380万,60645元/平,高楼层 (共18层) 2室1厅 | 62.66平米 | 西 北,https://ke-image.ljcdn.com/110000-inspection/pc1_rThtMfgCV_2.jpg!m_fill,w_280,h_210,f_jpg?from=ke.com
20230705,丰台,右安门外,101116730434,玉林里小区一层双南向二居室 户型方正 全明格局,385万,70475元/平,底层 (共6层) | 1992年建 | 2室1厅 | 54.63平米 | 东 南,https://ke-image.ljcdn.com/110000-inspection/3c78aab0-e4ff-4d81-bb87-215a7316c6e3_1000.jpg!m_fill,w_280,h_210,f_jpg?from=ke.com
20230705,丰台,右安门外,101116713642,玉林里小区 2室1厅 东北,415万,67207元/平,高楼层 (共20层) | 1996年建 | 2室1厅 | 61.75平米 | 东北,https://ke-image.ljcdn.com/110000-inspection/pc1_TuR3kg57E_1.jpg!m_fill,w_280,h_210,f_jpg?from=ke.com
20230705,丰台,右安门外,101116703200,玉林东里三区 14和19号线 南北通透三居室,425万,61479元/平,顶层 (共6层) | 1990年建 | 3室1厅 | 69.13平米 | 南 北,https://ke-image.ljcdn.com/110000-inspection/bb9325d9-d536-4524-aa5e-98dfdc0e02f2_1000.jpg!m_fill,w_280,h_210,f_jpg?from=ke.com
20230705,丰台,右安门外,101116664928,南二环精装修一居室诚心出售。房主自荐,318万,74196元/平,中楼层 (共6层) 1室1厅 | 42.86平米 | 南,https://ke-image.ljcdn.com/110000-inspection/4228aa78-82d8-4ce0-8364-1ae30e0d0119_1000.jpg!m_fill,w_280,h_210,f_jpg?from=ke.com
20230705,丰台,右安门外,101116620834,南二环 西铁营 万达 塔楼一居室 诚心出售 采光好,335万,69215元/平,中楼层 (共18层) | 1990年建 | 1室1厅 | 48.4平米 | 西南,https://ke-image.ljcdn.com/110000-inspection/3609c857-62ab-4b95-ac16-acb6fe810c64_1000.jpg!m_fill,w_280,h_210,f_jpg?from=ke.com
20230705,丰台,右安门外,101116608943,家和园 3室1厅 东 西,950万,85225元/平,中楼层 (共16层) | 2007年建 | 3室1厅 | 111.47平米 | 东 西,https://ke-image.ljcdn.com/110000-inspection/pc1_11CJGuBic_1.jpg!m_fill,w_280,h_210,f_jpg?from=ke.com
20230705,丰台,右安门外,101116604551,玉林东里三区 南北通透 交通便利 满五年,350万,59423元/平,顶层 (共6层) | 1988年建 | 2室1厅 | 58.9平米 | 南 北,https://ke-image.ljcdn.com/110000-inspection/84cfb4af-b02c-4d07-8457-d950fdac9772_1000.jpg!m_fill,w_280,h_210,f_jpg?from=ke.com
20230705,丰台,右安门外,101116589042,南二环外 百合园小区户型方正满五年有电梯,558万,74980元/平,顶层 (共22层) 2室1厅 | 74.42平米 | 西北,https://ke-image.ljcdn.com/110000-inspection/pc1_Pc9WWvA2C_2.jpg!m_fill,w_280,h_210,f_jpg?from=ke.com
20230705,丰台,右安门外,101116563844,南二环 西铁营万达旁 一居室 城心出售,265万,62500元/平,高楼层 (共6层) | 1990年建 | 1室1厅 | 42.4平米 | 东,https://ke-image.ljcdn.com/110000-inspection/567790ce-432e-4acc-bde7-f58bae2fe666_1000.jpg!m_fill,w_280,h_210,f_jpg?from=ke.com
20230705,丰台,右安门外,101116511795,南二环外 百合园小区 满五年唯一,628万,76409元/平,顶层 (共22层) 2室1厅 | 82.19平米 | 东,https://ke-image.ljcdn.com/110000-inspection/pc1_ETC6cP9BT.jpg!m_fill,w_280,h_210,f_jpg?from=ke.com
20230705,丰台,右安门外,101116480600,玉林里小区 1室1厅 东南,289万,53918元/平,中楼层 (共20层) | 1992年建 | 1室1厅 | 53.6平米 | 东南,https://ke-image.ljcdn.com/110000-inspection/4d6781f4-cd9e-420a-8ce6-8b1684cfeb5f_1000.jpg!m_fill,w_280,h_210,f_jpg?from=ke.com
20230705,丰台,右安门外,101116457485,南二环 西铁营万达旁 精装修 一居室 满五唯一诚心出售,345万,69585元/平,低楼层 (共18层) | 1992年建 | 1室1厅 | 49.58平米 | 东南,https://ke-image.ljcdn.com/110000-inspection/pc1_cUvb6W23r.jpg!m_fill,w_280,h_210,f_jpg?from=ke.com
20230705,丰台,右安门外,101116388829,南二环 西铁营万达 两居室 电梯房 诚心出售 看房方便房主自荐,385万,57532元/平,底层 (共18层) | 1993年建 | 2室1厅 | 66.92平米 | 西北 东北,https://ke-image.ljcdn.com/110000-inspection/73250be2-78cf-49ac-9cfd-0b5c8e31535d_1000.jpg!m_fill,w_280,h_210,f_jpg?from=ke.com
20230705,丰台,右安门外,101116386692,玉林里小区 2室1厅 东 西,329万,61039元/平,中楼层 (共6层) | 1987年建 | 2室1厅 | 53.9平米 | 东 西,https://ke-image.ljcdn.com/110000-inspection/pc1_fC3wiuNRQ_1.jpg!m_fill,w_280,h_210,f_jpg?from=ke.com
20230705,丰台,右安门外,101116376418,玉林里小区 2室1厅 东 南 西 北房主自荐,343万,60816元/平,高楼层 (共6层) | 1993年建 | 2室1厅 | 56.4平米 | 东 南 西 北,https://ke-image.ljcdn.com/110000-inspection/pc1_tChrF6m3d.jpg!m_fill,w_280,h_210,f_jpg?from=ke.com
20230705,丰台,右安门外,101116357490,中国银行家属楼百合园朝东两居室,560万,78807元/平,中楼层 (共14层) | 2001年建 | 2室1厅 | 71.06平米 | 东,https://ke-image.ljcdn.com/110000-inspection/pc1_adVd7PaXH.jpg!m_fill,w_280,h_210,f_jpg?from=ke.com
20230705,丰台,右安门外,101116356766,玉林里两居室满五年唯一业主诚心出售房主自荐,308万,56205元/平,顶层 (共6层) 2室1厅 | 54.8平米 | 南 北,https://ke-image.ljcdn.com/110000-inspection/d632b527-72c1-4447-9d62-24432b79fb13_1000.jpg!m_fill,w_280,h_210,f_jpg?from=ke.com
20230705,丰台,右安门外,101116332584,玉林东里三区 南北两居 有正规客厅 满五唯一,390万,61827元/平,顶层 (共6层) | 1990年建 | 2室1厅 | 63.08平米 | 南 西 北,https://ke-image.ljcdn.com/110000-inspection/51057423-2132-45ad-a957-a3fd1ea2c4f3_1000.jpg!m_fill,w_280,h_210,f_jpg?from=ke.com
20230705,丰台,右安门外,101116331804,南二环独门独院环境好交通便利随时签约,329万,61278元/平,顶层 (共6层) 2室1厅 | 53.69平米 | 东 西,https://ke-image.ljcdn.com/110000-inspection/pc1_9FW8YbVHx_1.jpg!m_fill,w_280,h_210,f_jpg?from=ke.com
20230705,丰台,右安门外,101116273550,亚林西居住区8号院 2室1厅 南,660万,75154元/平,中楼层 (共28层) 2室1厅 | 87.82平米 | 南,https://ke-image.ljcdn.com/110000-inspection/8130e136-93a9-425a-8042-8bacaefd7730_1000.jpg!m_fill,w_280,h_210,f_jpg?from=ke.com
20230705,丰台,右安门外,101116232022,玉林东里三区 3室1厅 南 北房主自荐,421万,60733元/平,顶层 (共6层) | 1990年建 | 3室1厅 | 69.32平米 | 南 北,https://ke-image.ljcdn.com/110000-inspection/e2903fe4-038e-464a-95ec-2342232da1a0_1000.jpg!m_fill,w_280,h_210,f_jpg?from=ke.com
20230705,丰台,右安门外,101116227550,百合园中间楼层满五唯一地铁14+19万达。,618万,75192元/平,中楼层 (共22层) 2室1厅 | 82.19平米 | 东,https://ke-image.ljcdn.com/110000-inspection/pc1_U85AobKpC.jpg!m_fill,w_280,h_210,f_jpg?from=ke.com
20230705,丰台,右安门外,101116208028,右外玉林里东里一区 满五唯一 东南一居室,253万,58295元/平,低楼层 (共6层) 1室1厅 | 43.4平米 | 东南,https://ke-image.ljcdn.com/110000-inspection/pc1_ZHitSPKhd_1.jpg!m_fill,w_280,h_210,f_jpg?from=ke.com
20230705,丰台,右安门外,101116201221,家和园南北通透三居室满五年唯一,1230万,97946元/平,底层 (共8层) | 2007年建 | 3室2厅 | 125.58平米 | 南 北,https://ke-image.ljcdn.com/110000-inspection/pc1_cGdmUW4YM.jpg!m_fill,w_280,h_210,f_jpg?from=ke.com
20230705,丰台,右安门外,101116172816,此房户型方正无遮挡主卧带阳台采光好视野棒。,320万,58352元/平,高楼层 (共6层) | 1980年建 | 2室1厅 | 54.84平米 | 南 北,https://ke-image.ljcdn.com/110000-inspection/ac48f7eb-760b-43b1-a2dd-94a287e4a0c3_1000.jpg!m_fill,w_280,h_210,f_jpg?from=ke.com
20230705,丰台,右安门外,101116152631,通透户型有车位停车方便诚心出售随时签约。,720万,68163元/平,底层 (共6层) 2室1厅 | 105.63平米 | 东南 西,https://ke-image.ljcdn.com/110000-inspection/29062b3f-0e83-446e-8073-0f857a4dc4bf_1000.jpg!m_fill,w_280,h_210,f_jpg?from=ke.com
20230705,丰台,右安门外,101116016805,右外西头条6号院 2室1厅 东 西,330万,61996元/平,低楼层 (共6层) 2室1厅 | 53.23平米 | 东 西,https://ke-image.ljcdn.com/110000-inspection/3e67e06a-446d-4527-bcb3-c12858fe1d00_1000.jpg!m_fill,w_280,h_210,f_jpg?from=ke.com
20230705,丰台,右安门外,101115996600,南二环 西铁营万达旁 塔楼一居室 满五年,329万,65998元/平,低楼层 (共18层) | 1992年建 | 1室1厅 | 49.85平米 | 西南,https://ke-image.ljcdn.com/110000-inspection/87f0c01e-aed9-414b-8f32-671dd1ee42cd_1000.jpg!m_fill,w_280,h_210,f_jpg?from=ke.com
20230705,丰台,右安门外,101115895159,南二环外家和园小区商品房采光充足,828万,79318元/平,低楼层 (共16层) | 2007年建 | 2室1厅 | 104.39平米 | 东 西,https://ke-image.ljcdn.com/110000-inspection/pc1_VFvOS0bw9_1.jpg!m_fill,w_280,h_210,f_jpg?from=ke.com
20230705,丰台,右安门外,101115891680,玉林东里一区 南北通透 不临街采光视野无遮挡房主自荐,370万,61360元/平,顶层 (共6层) 2室1厅 | 60.3平米 | 南 北,https://ke-image.ljcdn.com/110000-inspection/bc93e095-3dd9-45b3-a6ee-9abca3b9468b_1000.jpg!m_fill,w_280,h_210,f_jpg?from=ke.com
20230705,丰台,右安门外,101115815973,玉林里小区 2004年小区 带直达电梯正规两居室,800万,81800元/平,低楼层 (共21层) 2室2厅 | 97.8平米 | 东,https://ke-image.ljcdn.com/110000-inspection/pc1_E5akVFAW9.jpg!m_fill,w_280,h_210,f_jpg?from=ke.com
20230705,丰台,右安门外,101115785341,右外玉林东里一区 满五唯一板楼中间层西南一居室房主自荐,249万,57374元/平,中楼层 (共6层) 1室1厅 | 43.4平米 | 西南,https://ke-image.ljcdn.com/110000-inspection/82a3b6c8-e328-490a-99a6-faf4696136f3_1000.jpg!m_fill,w_280,h_210,f_jpg?from=ke.com
20230705,丰台,右安门外,101115730780,亚林西居住区9号院 精装修 花园边南北通透,660万,75524元/平,低楼层 (共28层) 2室1厅 | 87.39平米 | 南 北,https://ke-image.ljcdn.com/110000-inspection/c8392ddb-23d2-4245-9b1d-b01ab1b08c1f_1000.jpg!m_fill,w_280,h_210,f_jpg?from=ke.com
20230705,丰台,右安门外,101115599822,玉林里小区诚售满五唯一电梯一居室,295万,55038元/平,中楼层 (共20层) | 1992年建 | 1室1厅 | 53.6平米 | 南 西,https://ke-image.ljcdn.com/110000-inspection/5762b04b-9ac2-4816-85cf-8eba0e937bea_1000.jpg!m_fill,w_280,h_210,f_jpg?from=ke.com
20230705,丰台,右安门外,101115567106,玉林里小区 3室1厅 北 东 南 西,595万,71956元/平,高楼层 (共18层) 3室1厅 | 82.69平米 | 北 东 南 西,https://ke-image.ljcdn.com/110000-inspection/cfc1ba5f-3860-49b7-a8b2-4e7165894549_1000.jpg!m_fill,w_280,h_210,f_jpg?from=ke.com
20230705,丰台,右安门外,101115565406,南二环2018年亚林西居住区8号院,648万,74879元/平,中楼层 (共27层) | 2019年建 | 2室1厅 | 86.54平米 | 南 北,https://ke-image.ljcdn.com/110000-inspection/d8de6865-6a9e-4c4e-9faa-75c343152169_1000.jpg!m_fill,w_280,h_210,f_jpg?from=ke.com
20230705,丰台,右安门外,101115509561,玉林东里一区 2室1厅 东 西,389万,64942元/平,中楼层 (共6层) | 1992年建 | 2室1厅 | 59.9平米 | 东 西,https://ke-image.ljcdn.com/110000-inspection/pc1_UaXDMhBYP.jpg!m_fill,w_280,h_210,f_jpg?from=ke.com
20230705,丰台,右安门外,101115393607,南二环 中间3层 东南一居室 诚意出售 价格可聊,260万,59091元/平,中楼层 (共6层) | 1992年建 | 1室1厅 | 44平米 | 东,https://ke-image.ljcdn.com/110000-inspection/6887c919-8dc5-4e52-8b9b-4711eec6698a_1000.jpg!m_fill,w_280,h_210,f_jpg?from=ke.com
20230705,丰台,右安门外,101115054276,南二环 西铁营万达旁 2017年塔楼大两居室 生活便利房主自荐,640万,72877元/平,中楼层 (共28层) 2室1厅 | 87.82平米 | 南,https://ke-image.ljcdn.com/110000-inspection/pc1_S1i5Fmq19.jpg!m_fill,w_280,h_210,f_jpg?from=ke.com
20230705,丰台,右安门外,101114879797,亚林西居住区9号院 2室1厅 南,415万,71014元/平,中楼层 (共26层) | 2019年建 | 2室1厅 | 58.44平米 | 南,https://ke-image.ljcdn.com/110000-inspection/de244c3a-c9f1-4531-b5f0-875be7153949_1000.jpg!m_fill,w_280,h_210,f_jpg?from=ke.com
20230705,丰台,右安门外,101114871917,景风门地铁口 百合园 中间楼层1居室,390万,72993元/平,中楼层 (共22层) | 1999年建 | 1室1厅 | 53.43平米 | 西,https://ke-image.ljcdn.com/110000-inspection/b53f9092-ec94-43b6-8630-e300e855d034_1000.jpg!m_fill,w_280,h_210,f_jpg?from=ke.com
20230705,丰台,右安门外,101114741251,玉林里小区 双朝南向电梯明厨明卫明厅两居室,420万,70755元/平,中楼层 (共18层) | 1995年建 | 2室1厅 | 59.36平米 | 南,https://ke-image.ljcdn.com/110000-inspection/pc1_klwywfIDi_1.jpg!m_fill,w_280,h_210,f_jpg?from=ke.com
20230705,丰台,右安门外,101114700960,亚林西居住区9号院 2室1厅 南 北,580万,66698元/平,底层 (共28层) | 2019年建 | 2室1厅 | 86.96平米 | 南 北,https://ke-image.ljcdn.com/110000-inspection/5637de32-1ee0-4ea1-aed9-88b4d0b251ed_1000.jpg!m_fill,w_280,h_210,f_jpg?from=ke.com
20230705,丰台,右安门外,101114678071,玉林东里一区 正规两居 满五唯一 小区中间,398万,66445元/平,高楼层 (共6层) 2室1厅 | 59.9平米 | 东 西,https://ke-image.ljcdn.com/110000-inspection/afb64337-20c3-44b7-afdb-5b30e9ff6f68_1000.jpg!m_fill,w_280,h_210,f_jpg?from=ke.com
20230705,丰台,右安门外,101114621869,亚林西居住区9号院  南二环外三环里,580万,66370元/平,顶层 (共28层) 2室1厅 | 87.39平米 | 南 北,https://ke-image.ljcdn.com/110000-inspection/c751d59d-afab-45d2-a100-0c7399cae910_1000.jpg!m_fill,w_280,h_210,f_jpg?from=ke.com
20230705,丰台,右安门外,101114578320,玉林东里三区 景风门站 全南明卫小户型,296万,68361元/平,高楼层 (共6层) | 1988年建 | 1室1厅 | 43.3平米 | 南,https://ke-image.ljcdn.com/110000-inspection/pc1_b4ICWSH9d_1.jpg!m_fill,w_280,h_210,f_jpg?from=ke.com
20230705,丰台,右安门外,101114535587,右外西二条正规东南三居室 户型方正 业主随时签约,500万,63939元/平,顶层 (共6层) 3室1厅 | 78.2平米 | 东南,https://ke-image.ljcdn.com/110000-inspection/pc1_pP75gIubh_1.jpg!m_fill,w_280,h_210,f_jpg?from=ke.com
20230705,丰台,右安门外,101114210545,玉林东里满五年两居室业主诚心出售户型方正。,320万,58352元/平,顶层 (共6层) | 1980年建 | 2室1厅 | 54.84平米 | 南 北,https://ke-image.ljcdn.com/110000-inspection/c2e3a5d9-9250-45eb-a47a-26470d7cb8a9_1000.jpg!m_fill,w_280,h_210,f_jpg?from=ke.com
20230705,丰台,右安门外,101114104837,南二环 万达旁 精装修 东西通透 两居室 诚心出售,398万,63988元/平,高楼层 (共6层) | 1987年建 | 2室1厅 | 62.2平米 | 西 东,https://ke-image.ljcdn.com/110000-inspection/pc1_PXxMc4kli_1.jpg!m_fill,w_280,h_210,f_jpg?from=ke.com
20230705,丰台,右安门外,101114085838,亚林西居住区9号院 2室1厅 南,398万,68245元/平,底层 (共28层) | 2019年建 | 2室1厅 | 58.32平米 | 南,https://ke-image.ljcdn.com/110000-inspection/pc1_VGR8xYgLR_1.jpg!m_fill,w_280,h_210,f_jpg?from=ke.com
20230705,丰台,右安门外,101114059636,南二环右安门外大街朝东一居室采光好。,251万,60541元/平,低楼层 (共10层) 1室1厅 | 41.46平米 | 西,https://ke-image.ljcdn.com/110000-inspection/pc1_8hQeMPQsm_1.jpg!m_fill,w_280,h_210,f_jpg?from=ke.com
20230705,丰台,右安门外,101114037545,南二环玉林里2000年后卫生部家属楼,638万,64438元/平,中楼层 (共21层) 2室1厅 | 99.01平米 | 西,https://ke-image.ljcdn.com/110000-inspection/pc1_65JZECsLr_1.jpg!m_fill,w_280,h_210,f_jpg?from=ke.com
20230705,丰台,右安门外,101114022321,百合园精致两居室 电梯直达 满五年唯一,556万,75247元/平,高楼层 (共14层) | 2001年建 | 2室1厅 | 73.89平米 | 东 西,https://ke-image.ljcdn.com/110000-inspection/pc1_NZgGYmQWe_1.jpg!m_fill,w_280,h_210,f_jpg?from=ke.com
20230705,丰台,右安门外,101114021769,玉林里小区诚售满五年一居室精装修,349万,73013元/平,高楼层 (共18层) | 1993年建 | 1室1厅 | 47.8平米 | 东,https://ke-image.ljcdn.com/110000-inspection/pc1_sH5U148ut_1.jpg!m_fill,w_280,h_210,f_jpg?from=ke.com
20230705,丰台,右安门外,101113707348,百合园 南向好房源 满五年 商品房,438万,76360元/平,低楼层 (共22层) | 1998年建 | 1室1厅 | 57.36平米 | 南 北,https://ke-image.ljcdn.com/110000-inspection/pc1_Hd5ojqJbm_1.jpg!m_fill,w_280,h_210,f_jpg?from=ke.com
20230705,丰台,右安门外,101113600723,南二环南北三居室业主诚心出售。房主自荐,520万,76024元/平,低楼层 (共6层) 3室1厅 | 68.4平米 | 南 北,https://ke-image.ljcdn.com/110000-inspection/pc1_768Au3pkX_1.jpg!m_fill,w_280,h_210,f_jpg?from=ke.com
20230705,丰台,右安门外,101113587256,南二环 玉林东里一区 南北通透两居室 采光好 配套齐全,395万,65506元/平,高楼层 (共6层) | 1992年建 | 2室1厅 | 60.3平米 | 南 北,https://ke-image.ljcdn.com/110000-inspection/pc1_QO9ulhRkI_1.jpg!m_fill,w_280,h_210,f_jpg?from=ke.com
20230705,丰台,右安门外,101113401178,右安门外大街 右外玉林东里二区,418万,66667元/平,中楼层 (共18层) | 1993年建 | 2室1厅 | 62.7平米 | 西北,https://ke-image.ljcdn.com/110000-inspection/pc1_PVSzcwL2K_1.jpg!m_fill,w_280,h_210,f_jpg?from=ke.com
20230705,丰台,右安门外,101113280908,右外玉林东里二区南北通透大三居业主诚心卖房主自荐,760万,75690元/平,顶层 (共5层) 3室1厅 | 100.41平米 | 南 北,https://ke-image.ljcdn.com/110000-inspection/pc1_fplDkZH53_2.jpg!m_fill,w_280,h_210,f_jpg?from=ke.com
20230705,丰台,右安门外,101112869757,南二环 万达旁 玉林里小区 全明格局两居室 诚心出售,325万,60297元/平,底层 (共6层) | 1990年建 | 2室1厅 | 53.9平米 | 东南 西北,https://ke-image.ljcdn.com/110000-inspection/pc1_euAZytHrE_1.jpg!m_fill,w_280,h_210,f_jpg?from=ke.com
20230705,丰台,右安门外,101112737179,南二环小三居电梯房中间楼层南向采光好,459万,70055元/平,中楼层 (共18层) | 1995年建 | 3室1厅 | 65.52平米 | 南,https://ke-image.ljcdn.com/110000-inspection/pc1_XoGxeSMO5.jpg!m_fill,w_280,h_210,f_jpg?from=ke.com
20230705,丰台,右安门外,101112691963,玉林里小区诚心出售明厨明卫三居室,512万,67547元/平,顶层 (共6层) 3室1厅 | 75.8平米 | 北 南,https://ke-image.ljcdn.com/110000-inspection/pc1_uQ0wLItxR_1.jpg!m_fill,w_280,h_210,f_jpg?from=ke.com
20230705,丰台,右安门外,101112602476,玉林里小区满五年且是业主名下唯一住房户型方正,325万,61437元/平,底层 (共20层) | 1993年建 | 2室1厅 | 52.9平米 | 北,https://ke-image.ljcdn.com/110000-inspection/pc1_Nia2m2XXA_1.jpg!m_fill,w_280,h_210,f_jpg?from=ke.com
20230705,丰台,右安门外,101112537146,二环边优质两居室满五年且是业主名下唯一住房,340万,62044元/平,顶层 (共6层) 2室1厅 | 54.8平米 | 南 北,https://ke-image.ljcdn.com/110000-inspection/pc1_wi4PPYpVS_1.jpg!m_fill,w_280,h_210,f_jpg?from=ke.com
20230705,丰台,右安门外,101111701798,右安门外玉林东里三区南北通透三居室房主自荐,355万,64382元/平,顶层 (共5层) 3室1厅 | 55.14平米 | 东 南 北,https://ke-image.ljcdn.com/110000-inspection/pc1_0zYRKhDdB_1.jpg!m_fill,w_280,h_210,f_jpg?from=ke.com
20230705,丰台,右安门外,101111669253,*玉林东里三区*,299万,54974元/平,顶层 (共6层) 2室1厅 | 54.39平米 | 南 北,https://ke-image.ljcdn.com/110000-inspection/pc1_2wb3sh7KR_1.jpg!m_fill,w_280,h_210,f_jpg?from=ke.com
20230705,丰台,右安门外,101111342597,右安门祖家庄小区全南向正规一居室,280万,65193元/平,顶层 (共6层) 1室1厅 | 42.95平米 | 南,https://ke-image.ljcdn.com/110000-inspection/pc1_4Tpt4O0ln_1.jpg!m_fill,w_280,h_210,f_jpg?from=ke.com
20230705,丰台,右安门外,101108869373,二环边 一层南向没遮挡 业主诚心卖,228万,97813元/平,底层 (共6层) 1室1厅 | 23.31平米 | 南,https://ke-image.ljcdn.com/110000-inspection/pc1_EocWhOAcN_1.jpg!m_fill,w_280,h_210,f_jpg?from=ke.com
20230705,丰台,右安门外,101107328887,玉林里小区 南北通透 好户型 楼栋位置佳 周边环境优美,360万,62500元/平,高楼层 (共6层) | 1989年建 | 2室1厅 | 57.6平米 | 南 北,https://ke-image.ljcdn.com/110000-inspection/pc1_ieoIQSEVO.jpg!m_fill,w_280,h_210,f_jpg?from=ke.com
20230705,丰台,右安门外,101104984950,南二环外中国玺商品房住宅小区环境优美,1950万,119846元/平,低楼层 (共25层) | 2019年建 | 3室2厅 | 162.71平米 | 南 北,https://ke-image.ljcdn.com/110000-inspection/24a25d6d-1636-4468-98cb-374a8074a37e_1000.jpg!m_fill,w_280,h_210,f_jpg?from=ke.com
20230705,丰台,右安门外,101120001518,* 百合园 * *新上,569万,76254元/平,中楼层 (共22层) | 1998年建 | 2室1厅 | 74.62平米 | 东,https://ke-image.ljcdn.com/110000-inspection/d158c666-3e7b-420d-98c7-abe20313a8d3_1000.jpg!m_fill,w_280,h_210,f_jpg?from=ke.com
20230705,丰台,右安门外,101119915074,右安门外玉林里高楼层电梯全明格局大两居新上,578万,66821元/平,高楼层 (共18层) | 1993年建 | 2室1厅 | 86.5平米 | 西南,https://ke-image.ljcdn.com/110000-inspection/pc1_EvGFedLVV.jpg!m_fill,w_280,h_210,f_jpg?from=ke.com
20230705,丰台,右安门外,101119889903,玉林里* * * *,328万,67159元/平,中楼层 (共18层) | 1995年建 | 1室1厅 | 48.84平米 | 西南,https://ke-image.ljcdn.com/110000-inspection/pc1_3mgFvF3YU_2.jpg!m_fill,w_280,h_210,f_jpg?from=ke.com
20230705,丰台,右安门外,101119832622,西铁营万达广场 08年商品房社区 满五年家庭唯一住房,820万,79082元/平,顶层 (共16层) | 2007年建 | 2室1厅 | 103.69平米 | 西南,https://ke-image.ljcdn.com/110000-inspection/a4ef71b9-8218-41d8-b290-4a21eea24f77_1000.jpg!m_fill,w_280,h_210,f_jpg?from=ke.com
20230705,丰台,右安门外,101119755330,南二环 西铁营万达 塔楼一居室 满五唯一 诚心出售,333万,61942元/平,中楼层 (共18层) 1室1厅 | 53.76平米 | 东南,https://ke-image.ljcdn.com/110000-inspection/pc1_WlL5KS0H8_1.jpg!m_fill,w_280,h_210,f_jpg?from=ke.com
20230705,丰台,右安门外,101119742453,东南高层2居 满五年唯一 带租赁车位 19号线景风门地铁,640万,79602元/平,中楼层 (共18层) | 1999年建 | 2室1厅 | 80.4平米 | 东南,https://ke-image.ljcdn.com/110000-inspection/pc1_Mbg1Coe52_2.jpg!m_fill,w_280,h_210,f_jpg?from=ke.com
20230705,丰台,右安门外,101119542162,祖家庄小区 2层 南北通透 精装修两居室,388万,71746元/平,低楼层 (共6层) | 1980年建 | 2室1厅 | 54.08平米 | 南 北,https://ke-image.ljcdn.com/110000-inspection/pc1_62CiNelfJ_1.jpg!m_fill,w_280,h_210,f_jpg?from=ke.com
20230705,丰台,右安门外,101119526450,南二环、万达广场旁、纯商品房社区、优质电梯房大两居,860万,83488元/平,低楼层 (共16层) | 2007年建 | 2室1厅 | 103.01平米 | 西南,https://ke-image.ljcdn.com/110000-inspection/bbb64130-f32b-41ae-94f7-8980422356ff_1000.jpg!m_fill,w_280,h_210,f_jpg?from=ke.com
20230705,丰台,右安门外,101119482239,玉林里小区 南二环 14/19号地铁线 万达广场,330万,66640元/平,中楼层 (共18层) 1室1厅 | 49.52平米 | 东 南,https://ke-image.ljcdn.com/110000-inspection/8fc977d4-a887-452b-8d93-a15224c5ffe7_1000.jpg!m_fill,w_280,h_210,f_jpg?from=ke.com
20230705,丰台,右安门外,101119322316,百合园 1室1厅 西,378万,75389元/平,中楼层 (共22层) | 1999年建 | 1室1厅 | 50.14平米 | 西,https://ke-image.ljcdn.com/110000-inspection/dc7a1813-a0af-493d-bebf-2d2ad65cae0a_1000.jpg!m_fill,w_280,h_210,f_jpg?from=ke.com
20230705,丰台,右安门外,101119320101,玉林里小区 2室1厅 南 西,336万,64728元/平,中楼层 (共6层) | 1988年建 | 2室1厅 | 51.91平米 | 南 西,https://ke-image.ljcdn.com/110000-inspection/pc1_5Ev7weqUD_1.jpg!m_fill,w_280,h_210,f_jpg?from=ke.com
20230705,丰台,右安门外,101119300947,右外西头条6号院 南二环 三居 景风门地铁站,600万,66160元/平,顶层 (共4层) 3室1厅 | 90.69平米 | 南 北,https://ke-image.ljcdn.com/110000-inspection/79f3fdbc-1377-49d1-8ae0-ce858e98d929_1000.jpg!m_fill,w_280,h_210,f_jpg?from=ke.com
20230705,丰台,右安门外,101119256268,右外西二条 西南朝向大两居 精装修 采光好,355万,61697元/平,顶层 (共6层) 2室1厅 | 57.54平米 | 西南,https://ke-image.ljcdn.com/110000-inspection/94d3237c-d298-4bcb-8721-7e2663ab6398_1000.jpg!m_fill,w_280,h_210,f_jpg?from=ke.com
20230705,丰台,右安门外,101119256228,玉林东里三区 正规二居室 格局方正 没浪费 采光好,268万,53654元/平,顶层 (共6层) 2室1厅 | 49.95平米 | 东北,https://ke-image.ljcdn.com/110000-inspection/pc1_5Zi7InNAH_1.jpg!m_fill,w_280,h_210,f_jpg?from=ke.com
20230705,丰台,右安门外,101119128176,玉林东里一区全明格局一居近地铁14+19交通便利,243万,54485元/平,顶层 (共6层) 1室1厅 | 44.6平米 | 东南 南,https://ke-image.ljcdn.com/110000-inspection/7d3988a7-46fc-4dd9-9e38-f852f5df4175_1000.jpg!m_fill,w_280,h_210,f_jpg?from=ke.com
20230705,丰台,右安门外,101119105986,百合园 景风门地铁站 满五年家庭名下唯一住房房主自荐,615万,77603元/平,中楼层 (共22层) | 1999年建 | 2室1厅 | 79.25平米 | 西北,https://ke-image.ljcdn.com/110000-inspection/54de8217-dfdd-467d-9919-04549a927605_1000.jpg!m_fill,w_280,h_210,f_jpg?from=ke.com
20230705,丰台,右安门外,101119090568,南二环 西铁营万达 低楼层 两居室 满五 看房方便,420万,69170元/平,低楼层 (共6层) 2室1厅 | 60.72平米 | 东 西,https://ke-image.ljcdn.com/110000-inspection/pc1_B1avNaHjy_1.jpg!m_fill,w_280,h_210,f_jpg?from=ke.com
20230705,丰台,右安门外,101119038641,玉林里小区* * * * *,398万,63075元/平,顶层 (共18层) | 1993年建 | 2室1厅 | 63.1平米 | 西南,https://ke-image.ljcdn.com/110000-inspection/0f1c0477-569b-4558-a363-f4cdcebd794b_1000.jpg!m_fill,w_280,h_210,f_jpg?from=ke.com
20230705,丰台,右安门外,101118987334,南二环东南三居室交通便利诚心出售。,510万,71730元/平,中楼层 (共18层) | 1993年建 | 3室1厅 | 71.1平米 | 东 南,https://ke-image.ljcdn.com/110000-inspection/pc1_iW6DlWDKY_1.jpg!m_fill,w_280,h_210,f_jpg?from=ke.com
20230705,丰台,右安门外,101118969121,右安门外 配套齐全 户型方正 近地铁,338万,58176元/平,顶层 (共7层) | 1992年建 | 2室1厅 | 58.1平米 | 东,https://ke-image.ljcdn.com/110000-inspection/693c671c-d122-454c-b1fe-83de10faf36e_1000.jpg!m_fill,w_280,h_210,f_jpg?from=ke.com
20230705,丰台,右安门外,101118892162,右安门外玉林里正规四居室位置好,865万,59701元/平,中楼层 (共6层) 4室1厅 | 144.89平米 | 东南 北,https://ke-image.ljcdn.com/110000-inspection/pc1_qUAdwma7F.jpg!m_fill,w_280,h_210,f_jpg?from=ke.com
20230705,丰台,右安门外,101118874494,二环外万达对面低楼层南北通透两居室,386万,70606元/平,低楼层 (共6层) | 1993年建 | 2室1厅 | 54.67平米 | 南 北,https://ke-image.ljcdn.com/110000-inspection/pc1_t2tdquOmn_1.jpg!m_fill,w_280,h_210,f_jpg?from=ke.com
20230705,丰台,右安门外,101118813454,右安门外大街97号百合园小区三居室看房方便,820万,82504元/平,高楼层 (共22层) | 1999年建 | 3室1厅 | 99.39平米 | 东 北,https://ke-image.ljcdn.com/110000-inspection/e7545a96-a11b-4497-a2fd-234c92ed52f8_1000.jpg!m_fill,w_280,h_210,f_jpg?from=ke.com
20230705,丰台,右安门外,101118780577,南二环外2018年商品房华润昆仑域下跃产品,2370万,179641元/平,底层 (共25层) | 2018年建 | 2室2厅 | 131.93平米 | 南 北,https://ke-image.ljcdn.com/110000-inspection/pc1_uK27bjDld_1.jpg!m_fill,w_280,h_210,f_jpg?from=ke.com
20230705,丰台,右安门外,101118667156,玉林东里二区 南北通透 户型方正,419万,61258元/平,顶层 (共6层) | 1987年建 | 3室1厅 | 68.4平米 | 南 北,https://ke-image.ljcdn.com/110000-inspection/pc1_2tsrYZy3z_1.jpg!m_fill,w_280,h_210,f_jpg?from=ke.com
20230705,丰台,右安门外,101118628373,景风门地铁站2001年百合园改善三居室房主自荐,645万,69632元/平,顶层 (共22层) 3室1厅 | 92.63平米 | 东北,https://ke-image.ljcdn.com/110000-inspection/36ad3f8d-3560-4b0b-9d5c-32efb0b4d55f_1000.jpg!m_fill,w_280,h_210,f_jpg?from=ke.com
20230705,丰台,右安门外,101118613273,玉林东里二区二居室南北通透中间楼层,440万,65869元/平,中楼层 (共6层) | 1980年建 | 2室1厅 | 66.8平米 | 南 北,https://ke-image.ljcdn.com/110000-inspection/73fa4611-8e01-4362-b1ca-06cc62fda9af_1000.jpg!m_fill,w_280,h_210,f_jpg?from=ke.com
20230705,丰台,右安门外,101118561393,右安门外玉林里 满五年唯一 带电梯正规三居 全明格局,570万,69683元/平,顶层 (共18层) 3室1厅 | 81.8平米 | 东南 西北,https://ke-image.ljcdn.com/110000-inspection/fc5e42b2-3a15-4e55-8536-f22b05c2340e_1000.jpg!m_fill,w_280,h_210,f_jpg?from=ke.com
20230705,丰台,右安门外,101118554306,全明格局明厨1室1厅1卫南 西,280万,66826元/平,顶层 (共6层) | 1992年建 | 1室1厅 | 41.9平米 | 南 西,https://ke-image.ljcdn.com/110000-inspection/pc1_lz2udcqGI_1.jpg!m_fill,w_280,h_210,f_jpg?from=ke.com
20230705,丰台,右安门外,101118530590,玉林里户型方正电梯直达交通方便采光充足。,349万,72108元/平,中楼层 (共18层) | 1991年建 | 1室1厅 | 48.4平米 | 西南,https://ke-image.ljcdn.com/110000-inspection/pc1_yLHaeoX9J_1.jpg!m_fill,w_280,h_210,f_jpg?from=ke.com
20230705,丰台,右安门外,101118517581,玉林东里三区 3室1厅 南 北房主自荐,509万,78744元/平,底层 (共6层) 3室1厅 | 64.64平米 | 南 北,https://ke-image.ljcdn.com/110000-inspection/4274d9e7-c1c4-4063-8299-e96efd628600_1000.jpg!m_fill,w_280,h_210,f_jpg?from=ke.com
20230705,丰台,右安门外,101118512769,南二环 景风门地铁 朝南正规一居室 中楼层 满五唯一,272万,66181元/平,中楼层 (共6层) | 1988年建 | 1室1厅 | 41.1平米 | 南,https://ke-image.ljcdn.com/110000-inspection/83eb4214-1eef-4e9d-b7b6-78807c2b1cb1_1000.jpg!m_fill,w_280,h_210,f_jpg?from=ke.com
20230705,丰台,右安门外,101118486720,玉林东里三区 3室2厅 东 西,476万,61018元/平,高楼层 (共6层) | 1986年建 | 3室2厅 | 78.01平米 | 东 西,https://ke-image.ljcdn.com/110000-inspection/118412d6-209c-435d-84e6-71d7a6907218_1000.jpg!m_fill,w_280,h_210,f_jpg?from=ke.com
20230705,丰台,右安门外,101118452571,玉林里小区 3室1厅 东南,525万,65798元/平,中楼层 (共6层) 3室1厅 | 79.79平米 | 东南,https://ke-image.ljcdn.com/110000-inspection/pc1_6bjbLiHIF_1.jpg!m_fill,w_280,h_210,f_jpg?from=ke.com
20230705,丰台,右安门外,101118349698,玉林东里二区 南北两居 诚心出售,340万,62847元/平,顶层 (共5层) | 1985年建 | 2室1厅 | 54.1平米 | 南 北,https://ke-image.ljcdn.com/110000-inspection/pc1_KVLEL2MnY_1.jpg!m_fill,w_280,h_210,f_jpg?from=ke.com
20230705,丰台,右安门外,101118256137,右安门玉林里家属楼  独门独院  无遮挡采光好房主自荐,725万,68636元/平,高楼层 (共6层) 2室1厅 | 105.63平米 | 东 西,https://ke-image.ljcdn.com/110000-inspection/a1c3c3cc-9472-4876-b336-8dc08d24e774_1000.jpg!m_fill,w_280,h_210,f_jpg?from=ke.com
20230705,丰台,右安门外,101118225599,右外玉林东里三区 精装修一居室 南向采光好 全明格局,288万,66822元/平,高楼层 (共6层) | 1985年建 | 1室1厅 | 43.1平米 | 南,https://ke-image.ljcdn.com/110000-inspection/8717da5f-61a6-4eff-b107-1799f7fe8f62_1000.jpg!m_fill,w_280,h_210,f_jpg?from=ke.com
20230705,丰台,右安门外,101118207230,* 玉林东里三区* * *,540万,72679元/平,高楼层 (共6层) | 1988年建 | 2室1厅 | 74.3平米 | 南 北,https://ke-image.ljcdn.com/110000-inspection/pc1_YZv1BO0iX_1.jpg!m_fill,w_280,h_210,f_jpg?from=ke.com
20230705,丰台,右安门外,101118206926,南二环家和园08年商品房社区朝南采光好。,988万,99497元/平,低楼层 (共16层) | 2007年建 | 2室1厅 | 99.3平米 | 南,https://ke-image.ljcdn.com/110000-inspection/pc1_JJb8dXPlL.jpg!m_fill,w_280,h_210,f_jpg?from=ke.com
20230705,丰台,右安门外,101118192794,玉林东里一区 满五年 塔楼带电梯 中间楼层 西南三居,598万,79017元/平,中楼层 (共18层) | 1992年建 | 3室1厅 | 75.68平米 | 西南,https://ke-image.ljcdn.com/110000-inspection/pc1_pTsS4NKRV_1.jpg!m_fill,w_280,h_210,f_jpg?from=ke.com
20230705,丰台,右安门外,101118159776,南二环外 亚林西居住区 2018年小区 南北户型,738万,64760元/平,底层 (共28层) | 2019年建 | 3室1厅 | 113.96平米 | 南 北 东,https://ke-image.ljcdn.com/110000-inspection/3a9fd5f5-930e-4d51-bbe8-f5c11ffdcbe5_1000.jpg!m_fill,w_280,h_210,f_jpg?from=ke.com
20230705,丰台,右安门外,101118121230,玉林里小区 2室1厅 东,339万,73061元/平,中楼层 (共20层) | 1997年建 | 2室1厅 | 46.4平米 | 东,https://ke-image.ljcdn.com/110000-inspection/4dbf0d1b-eb5a-4f8d-ae8e-1303f815dcdf_1000.jpg!m_fill,w_280,h_210,f_jpg?from=ke.com
20230705,丰台,右安门外,101118025995,右安门外玉林里新楼正规三居室单独管理,635万,61526元/平,中楼层 (共21层) 3室1厅 | 103.21平米 | 西北,https://ke-image.ljcdn.com/110000-inspection/pc1_2YLiTzsJX_1.jpg!m_fill,w_280,h_210,f_jpg?from=ke.com
20230705,丰台,右安门外,101117993053,右安门外 玉林东里三区正规南向一居室 户型方正,259万,64493元/平,高楼层 (共6层) | 1986年建 | 1室1厅 | 40.16平米 | 南,https://ke-image.ljcdn.com/110000-inspection/pc1_kKt2MzS9P_1.jpg!m_fill,w_280,h_210,f_jpg?from=ke.com
20230705,丰台,右安门外,101117983893,地铁边、正规一居室、中间楼层、东南向、特诚心出售,280万,51330元/平,中楼层 (共6层) 1室1厅 | 54.55平米 | 东南 北,https://ke-image.ljcdn.com/110000-inspection/pc1_kJATbxQBr.jpg!m_fill,w_280,h_210,f_jpg?from=ke.com
20230705,丰台,右安门外,101117835355,地铁14号线玉林里小区电梯二居室 全明格局,390万,58279元/平,高楼层 (共18层) 2室1厅 | 66.92平米 | 东北,https://ke-image.ljcdn.com/110000-inspection/ed8021f2-17a9-4195-851e-c6d200d8bdbe_1000.jpg!m_fill,w_280,h_210,f_jpg?from=ke.com
20230705,丰台,右安门外,101117694437,右安门玉林里03年离14号线500米,715万,73979元/平,中楼层 (共21层) 2室1厅 | 96.65平米 | 西南,https://ke-image.ljcdn.com/110000-inspection/pc1_n4Ra626by_1.jpg!m_fill,w_280,h_210,f_jpg?from=ke.com
20230705,丰台,右安门外,101117688073,二环边14和19双地铁满五年唯一玉林东里三区产权清晰,319万,58000元/平,顶层 (共6层) | 1985年建 | 2室1厅 | 55平米 | 南 北,https://ke-image.ljcdn.com/110000-inspection/1666fd75-1896-4c03-8f4e-2b7cffc40899_1000.jpg!m_fill,w_280,h_210,f_jpg?from=ke.com
20230705,丰台,右安门外,101116888722,右安门外玉林东里三区 南北通透两居室 满五唯一,362万,63509元/平,中楼层 (共6层) | 1987年建 | 2室1厅 | 57平米 | 南 北,https://ke-image.ljcdn.com/110000-inspection/284823cc-9e0e-4ef0-aff0-4b33f68d9aa7_1000.jpg!m_fill,w_280,h_210,f_jpg?from=ke.com
20230705,丰台,右安门外,101116830411,地铁边上、万达广场旁、楼栋已经改造完毕、特诚心出售,279万,52346元/平,高楼层 (共20层) 1室1厅 | 53.3平米 | 西南,https://ke-image.ljcdn.com/110000-inspection/67dbcc1a-44db-4390-b116-1ea2f187dca2_1000.jpg!m_fill,w_280,h_210,f_jpg?from=ke.com
20230705,丰台,右安门外,101113895660,玉林里小区两居业主诚心出售,239万,48578元/平,地下室 (共6层) | 1990年建 | 2室1厅 | 49.2平米 | 东 西,https://ke-image.ljcdn.com/110000-inspection/pc1_lRd9OQy87_1.jpg!m_fill,w_280,h_210,f_jpg?from=ke.com
20230705,丰台,右安门外,101119999309,玉林里小区 1室1厅 西南新上,360万,73711元/平,中楼层 (共18层) 1室1厅 | 48.84平米 | 西南,https://s1.ljcdn.com/pegasus/redskull/images/common/default_house_list.png?_v=20230627184713780
20230705,丰台,右安门外,101119995959,玉林里小区 3室1厅 西南 北新上,580万,78858元/平,中楼层 (共18层) 3室1厅 | 73.55平米 | 西南 北,https://s1.ljcdn.com/pegasus/redskull/images/common/default_house_list.png?_v=20230627184713780
20230705,丰台,右安门外,101119921158,玉林里小区 3室1厅 西南新上,538万,67419元/平,低楼层 (共18层) 3室1厅 | 79.8平米 | 西南,https://s1.ljcdn.com/pegasus/redskull/images/common/default_house_list.png?_v=20230627184713780
20230705,丰台,右安门外,101119856052,中国玺 2018年商品房 管家式服务 一梯一户,1700万,114811元/平,顶层 (共25层) 3室2厅 | 148.07平米 | 南 北,https://s1.ljcdn.com/pegasus/redskull/images/common/default_house_list.png?_v=20230627184713780
20230705,丰台,右安门外,101119807131,此房满五年唯一高楼层采光好无遮挡配套齐全！,235万,57234元/平,高楼层 (共6层) | 1990年建 | 2室1厅 | 41.06平米 | 南 北,https://s1.ljcdn.com/pegasus/redskull/images/common/default_house_list.png?_v=20230627184713780
20230705,丰台,右安门外,101119524419,百合园 精装修 价格可以谈 诚心卖,435万,79279元/平,高楼层 (共22层) | 1999年建 | 1室1厅 | 54.87平米 | 南,https://s1.ljcdn.com/pegasus/redskull/images/common/default_house_list.png?_v=20230627184713780
20230705,丰台,右安门外,101119490494,右安门外一层带空地双南朝向近地铁,420万,89362元/平,底层 (共5层) | 1970年建 | 2室1厅 | 47平米 | 南,https://s1.ljcdn.com/pegasus/redskull/images/common/default_house_list.png?_v=20230627184713780
20230705,丰台,右安门外,101118599022,南二环外 中国玺 产权车位 平层车位,27万,8462元/平,地下室 (共4层) 1室1厅 | 31.91平米 | 南,https://s1.ljcdn.com/pegasus/redskull/images/common/default_house_list.png?_v=20230627184713780
20230705,丰台,右安门外,101118485029,南二环外 中国玺 产权车位 平层车位,32万,10013元/平,地下室 (共4层) 1室1厅 | 31.96平米 | 南 北,https://s1.ljcdn.com/pegasus/redskull/images/common/default_house_list.png?_v=20230627184713780
20230705,丰台,右安门外,101118296931,南二环 2018年小区 南北3居室 双卫诚意出售,760万,66691元/平,低楼层 (共28层) 3室2厅 | 113.96平米 | 南 北,https://s1.ljcdn.com/pegasus/redskull/images/common/default_house_list.png?_v=20230627184713780
20230705,丰台,右安门外,101117969151,中国玺地下产权车位电梯直达随时签约,57万,18200元/平,地下室 (共4层) 1室0厅 | 31.32平米 | 南,https://s1.ljcdn.com/pegasus/redskull/images/common/default_house_list.png?_v=20230627184713780
20230705,丰台,右安门外,101117969093,中国玺地下产权车位电梯直达随时签约,30万,9579元/平,地下室 (共4层) 1室0厅 | 31.32平米 | 南,https://s1.ljcdn.com/pegasus/redskull/images/common/default_house_list.png?_v=20230627184713780
20230705,丰台,右安门外,101117800241,南二环 次新房 亚林西南北通透 格局方正 近地铁,620万,71298元/平,低楼层 (共28层) 2室1厅 | 86.96平米 | 南 北,https://s1.ljcdn.com/pegasus/redskull/images/common/default_house_list.png?_v=20230627184713780
20230705,丰台,右安门外,101117775311,亚林西9号院 中间楼层 次新房光线充足视野开阔有电梯,435万,74512元/平,中楼层 (共26层) 2室1厅 | 58.38平米 | 南,https://s1.ljcdn.com/pegasus/redskull/images/common/default_house_list.png?_v=20230627184713780
20230705,丰台,右安门外,101111879173,南二环外 中国玺 车位出售 电梯直达,46万,14553元/平,地下室 (共4层) | 2019年建 | 1室1厅 | 31.61平米 | 南,https://ke-image.ljcdn.com/110000-inspection/2b877bc0-c44e-47a7-9b75-c498725e55c8.jpg!m_fill,w_280,h_210,f_jpg?from=ke.com
