20240311,海淀,安宁庄,101123140408,上林溪新上两居 朝南向 中高楼层 正对花园 急售必看好房,829万,89419元/平,中楼层 (共21层) | 2012年 | 2室1厅 | 92.71平米 | 南,https://ke-image.ljcdn.com/110000-inspection/3f401194-70e8-442a-a6d7-e624e3671bbf_1000.jpg!m_fill,w_280,h_210,f_jpg?from=ke.com
20240311,海淀,安宁庄,101122549542,清上园二期南北通透两居室满五唯一精装修价可谈必看好房,888万,89103元/平,中楼层 (共11层) | 2005年 | 2室1厅 | 99.66平米 | 南 北,https://ke-image.ljcdn.com/110000-inspection/72bc5979-b6ce-475a-9f71-29f78d0a293e_1000.jpg!m_fill,w_280,h_210,f_jpg?from=ke.com
20240311,海淀,安宁庄,101122063272,清上园高楼层精装修婚房两居室。必看好房,617万,79964元/平,高楼层 (共15层) | 2003年 | 2室1厅 | 77.16平米 | 西北,https://ke-image.ljcdn.com/110000-inspection/225212d4-3a6b-4603-88c4-ce89680a75e1_1000.jpg!m_fill,w_280,h_210,f_jpg?from=ke.com
20240311,海淀,安宁庄,101121706470,清上园 满五唯一 精装修 全屋新风地暖 室内采光风景好必看好房,1030万,80019元/平,中楼层 (共19层) 3室2厅 | 128.72平米 | 西南 北,https://ke-image.ljcdn.com/110000-inspection/085230c7-9ee1-4f89-b940-a1021a31f991_1000.jpg!m_fill,w_280,h_210,f_jpg?from=ke.com
20240311,海淀,安宁庄,101121118384,安宁里南区新上大两居南北通透看房方便必看好房,480万,65610元/平,中楼层 (共7层) | 2002年 | 2室1厅 | 73.16平米 | 南 北,https://ke-image.ljcdn.com/110000-inspection/f8d25f4e-de0b-4a04-95f7-41e9006eb305_1000.jpg!m_fill,w_280,h_210,f_jpg?from=ke.com
20240311,海淀,安宁庄,101122979036,毛纺住宅北小区 看房方便 诚意出售房主自荐,388万,94404元/平,底层 (共6层) 1室1厅 | 41.1平米 | 南 北,https://ke-image.ljcdn.com/110000-inspection/c9c45284-ef5a-4641-8ac6-79e7c9d8ed0e_1000.jpg!m_fill,w_280,h_210,f_jpg?from=ke.com
20240311,海淀,安宁庄,101122253064,安宁佳园东南两居室、业主诚心卖、高楼层采光好。房主自荐,680万,79963元/平,中楼层 (共18层) | 2007年 | 2室1厅 | 85.04平米 | 东南,https://ke-image.ljcdn.com/110000-inspection/3472cd02-739e-49b4-91e4-70f3526a0534_1000.jpg!m_fill,w_280,h_210,f_jpg?from=ke.com
20240311,海淀,安宁庄,101122243378,海淀产权  地壳所  精装3居 南北通透,438万,64223元/平,低楼层 (共6层) 3室1厅 | 68.2平米 | 南 北,https://ke-image.ljcdn.com/110000-inspection/1dc90524-6d7e-4eef-b7c3-84e6bb0b5a2d_1000.jpg!m_fill,w_280,h_210,f_jpg?from=ke.com
20240311,海淀,安宁庄,101122164581,南北通透 精装修 满五年唯一 中间层 采光好 诚售,478万,82117元/平,中楼层 (共6层) 2室1厅 | 58.21平米 | 南 北,https://ke-image.ljcdn.com/110000-inspection/aa567696-4b77-4ae3-b16f-d3003b515249_1000.jpg!m_fill,w_280,h_210,f_jpg?from=ke.com
20240311,海淀,安宁庄,101122106374,上林溪两居室 南北通透 次顶层,1150万,106808元/平,高楼层 (共9层) 2室2厅 | 107.67平米 | 南 北,https://ke-image.ljcdn.com/110000-inspection/51d3624d-325d-4263-bcf0-aab063dcf06c_1000.jpg!m_fill,w_280,h_210,f_jpg?from=ke.com
20240311,海淀,安宁庄,101121983048,96年建成通透一居室 中楼层 随时可看 诚意出售,338万,80152元/平,中楼层 (共6层) | 1995年 | 1室1厅 | 42.17平米 | 东南 西北,https://ke-image.ljcdn.com/110000-inspection/6baffa4f-16d6-4397-9f98-b0c42ba5fac4_1000.jpg!m_fill,w_280,h_210,f_jpg?from=ke.com
20240311,海淀,安宁庄,101121751009,海淀清河陶瓷厂宿舍小米旁边满五年唯一（公）急售房主自荐,338万,63415元/平,中楼层 (共5层) | 1980年 | 2室1厅 | 53.3平米 | 南,https://ke-image.ljcdn.com/110000-inspection/6d23aff3-a0fa-4c43-b51a-b3b15af36368_1000.jpg!m_fill,w_280,h_210,f_jpg?from=ke.com
20240311,海淀,安宁庄,101121500405,安宁佳园海淀清河全明格局2008年小区满五唯一急,455万,86470元/平,低楼层 (共18层) 1室1厅 | 52.62平米 | 东北,https://ke-image.ljcdn.com/110000-inspection/pc1_HlEjVfGdb_1.jpg!m_fill,w_280,h_210,f_jpg?from=ke.com
20240311,海淀,安宁庄,101121261924,东南向正规二居室高楼层采光好居住温馨舒适。房主自荐,636万,74213元/平,高楼层 (共19层) 2室1厅 | 85.7平米 | 东南,https://ke-image.ljcdn.com/110000-inspection/02f6f28e-ecaf-454c-9485-9b9a4f13b51c_1000.jpg!m_fill,w_280,h_210,f_jpg?from=ke.com
20240311,海淀,安宁庄,101121202038,全明格局 朝南向双飘窗 2007年建成 诚意出售 随时看房主自荐,659万,84564元/平,中楼层 (共18层) | 2007年 | 2室1厅 | 77.93平米 | 南,https://ke-image.ljcdn.com/110000-inspection/e8692a6f-a059-474b-9984-9f2f320cf1db_1000.jpg!m_fill,w_280,h_210,f_jpg?from=ke.com
20240311,海淀,安宁庄,101121164229,安宁里新上优质两居室看房方便诚心卖,398万,68385元/平,高楼层 (共6层) | 1994年 | 2室1厅 | 58.2平米 | 南 北,https://ke-image.ljcdn.com/110000-inspection/69e2814b-2e4e-4e1f-9140-90600b7e6002_1000.jpg!m_fill,w_280,h_210,f_jpg?from=ke.com
20240311,海淀,安宁庄,101121108545,毛纺住宅北小区 诚意出售 价格可谈房主自荐,490万,86726元/平,中楼层 (共6层) 2室1厅 | 56.5平米 | 南 北,https://ke-image.ljcdn.com/110000-inspection/pc1_jgnssG6Pe_1.jpg!m_fill,w_280,h_210,f_jpg?from=ke.com
20240311,海淀,安宁庄,101120857727,西三旗安宁庄满五年唯一07年建筑南向看房方便,318万,83641元/平,低楼层 (共18层) | 2007年 | 1室0厅 | 38.02平米 | 南,https://ke-image.ljcdn.com/110000-inspection/pc1_164PpVMU8_1.jpg!m_fill,w_280,h_210,f_jpg?from=ke.com
20240311,海淀,安宁庄,101120785191,卧室均朝南 全新装修 全屋定制家具 区域聚焦房源必看好房,855万,92976元/平,高楼层 (共18层) | 2011年 | 2室1厅 | 91.96平米 | 南,https://ke-image.ljcdn.com/110000-inspection/05119836-cd75-4a3e-a137-90190be20bb8_1000.jpg!m_fill,w_280,h_210,f_jpg?from=ke.com
20240311,海淀,安宁庄,101120229919,阳光北里 正规三居室 楼层好 视野好必看好房,650万,76024元/平,中楼层 (共18层) | 1996年 | 3室1厅 | 85.5平米 | 西南,https://ke-image.ljcdn.com/110000-inspection/pc1_EDxdBbOlv_1.jpg!m_fill,w_280,h_210,f_jpg?from=ke.com
20240311,海淀,安宁庄,101119755951,安宁里南区全明格局一居室满五唯一看房方便房主自荐,490万,76635元/平,底层 (共7层) 1室1厅 | 63.94平米 | 南 北,https://ke-image.ljcdn.com/110000-inspection/7a433198-8b71-4c09-9b4c-bc15269b571d_1000.jpg!m_fill,w_280,h_210,f_jpg?from=ke.com
20240311,海淀,安宁庄,101119443838,南北通透 中间层 户型方正 价格可以谈必看好房,385万,67544元/平,低楼层 (共6层) 2室1厅 | 57平米 | 南 北,https://ke-image.ljcdn.com/110000-inspection/dde3dc80-d24b-42b0-bd2b-56cdb34839dc_1000.jpg!m_fill,w_280,h_210,f_jpg?from=ke.com
20240311,海淀,安宁庄,101119339349,阳光北里 看房方便 诚意出售 价格可谈房主自荐,418万,77696元/平,低楼层 (共18层) 1室1厅 | 53.8平米 | 南,https://ke-image.ljcdn.com/110000-inspection/pc1_Myg8XJkla_1.jpg!m_fill,w_280,h_210,f_jpg?from=ke.com
20240311,海淀,安宁庄,101118647234,安宁里南区  电梯三居室   满五年唯一  诚心出售,680万,64151元/平,中楼层 (共18层) 3室1厅 | 106平米 | 东北,https://ke-image.ljcdn.com/110000-inspection/16cd626c-f9f1-46ba-9f11-8117f65dbd23_1000.jpg!m_fill,w_280,h_210,f_jpg?from=ke.com
20240311,海淀,安宁庄,101118472025,清上园南向精装修一居室诚意出售随时签约必看好房,420万,67104元/平,低楼层 (共19层) 1室1厅 | 62.59平米 | 南,https://ke-image.ljcdn.com/110000-inspection/96902a5b-4844-4ea0-8b46-23b5e4030716_1000.jpg!m_fill,w_280,h_210,f_jpg?from=ke.com
20240311,海淀,安宁庄,101118136828,海淀区安宁里南区全明格局正规一居室满五唯一商品房房主自荐,470万,73507元/平,高楼层 (共7层) 1室1厅 | 63.94平米 | 南 北,https://ke-image.ljcdn.com/110000-inspection/389e2d9a-dfdf-47f9-87e4-ab43cff2d83a_1000.jpg!m_fill,w_280,h_210,f_jpg?from=ke.com
20240311,海淀,安宁庄,101123040815,毛纺住宅北小区 看房方便 诚意出售必看好房,430万,74524元/平,中楼层 (共7层) 2室1厅 | 57.7平米 | 东 西,https://ke-image.ljcdn.com/110000-inspection/6cc238db-0b87-4b3d-aac3-48a5b3a2b06b_1000.jpg!m_fill,w_280,h_210,f_jpg?from=ke.com
20240311,海淀,安宁庄,101122742936,毛纺北小区 精装两居 满五唯一 中间层  带电梯必看好房,484万,83019元/平,中楼层 (共6层) 2室1厅 | 58.3平米 | 东南 西北,https://ke-image.ljcdn.com/110000-inspection/61172078-9ea3-4711-b394-be73b434ed5d_1000.jpg!m_fill,w_280,h_210,f_jpg?from=ke.com
20240311,海淀,安宁庄,101122415854,阳光北里 精装两居  南向 采光视野好房主自荐,370万,68774元/平,低楼层 (共18层) 2室1厅 | 53.8平米 | 南,https://ke-image.ljcdn.com/110000-inspection/390393fd-569a-431a-9c8c-86b715fe3115_1000.jpg!m_fill,w_280,h_210,f_jpg?from=ke.com
20240311,海淀,安宁庄,101122225099,清河小米旁边陶瓷厂宿舍双南向两居满五年唯一房主自荐,315万,59100元/平,顶层 (共5层) 2室1厅 | 53.3平米 | 南,https://ke-image.ljcdn.com/110000-inspection/3a67a21f-cd4f-43ce-97bc-028f88bcfe6f_1000.jpg!m_fill,w_280,h_210,f_jpg?from=ke.com
20240311,海淀,安宁庄,101122176066,满五年唯一高楼层视野好周边配套齐全房主自荐,416万,71886元/平,中楼层 (共19层) 1室1厅 | 57.87平米 | 西北,https://ke-image.ljcdn.com/110000-inspection/pc1_m1SyqFH4D_1.jpg!m_fill,w_280,h_210,f_jpg?from=ke.com
20240311,海淀,安宁庄,101121537712,清上园二期南北通透两居室诚意出售看房随时必看好房,799万,76358元/平,低楼层 (共11层) | 2005年 | 2室2厅 | 104.64平米 | 南 北,https://ke-image.ljcdn.com/110000-inspection/2e3bb1ba-df16-4600-a11c-2f30ef8e1339_1000.jpg!m_fill,w_280,h_210,f_jpg?from=ke.com
20240311,海淀,安宁庄,101121098731,安宁佳园新上三居室满五唯一诚意出售看房随时必看好房,795万,81833元/平,中楼层 (共18层) | 2007年 | 3室2厅 | 97.15平米 | 南 西 北,https://ke-image.ljcdn.com/110000-inspection/b8a2b349-5ea8-4d58-a0d0-90cc64b05ed5_1000.jpg!m_fill,w_280,h_210,f_jpg?from=ke.com
20240311,海淀,安宁庄,101120416382,附带40平米店长推荐诚意出售上下三层必看好房,449万,52855元/平,高楼层 (共7层) | 2000年 | 3室3厅 | 84.95平米 | 南 北,https://ke-image.ljcdn.com/110000-inspection/pc1_0O0t3bDzO_1.jpg!m_fill,w_280,h_210,f_jpg?from=ke.com
20240311,海淀,安宁庄,101118637518,安宁佳园  优质大一居  中间楼层  诚心出售,455万,83426元/平,低楼层 (共18层) | 2007年 | 1室1厅 | 54.54平米 | 西北,https://ke-image.ljcdn.com/110000-inspection/pc1_yHmfbZc7Q.jpg!m_fill,w_280,h_210,f_jpg?from=ke.com
20240311,海淀,安宁庄,101117650612,上林溪  满五年   全明格局   不临街,1380万,98621元/平,低楼层 (共21层) | 2012年 | 3室1厅 | 139.93平米 | 南 东 北,https://ke-image.ljcdn.com/110000-inspection/pc1_0PrIroLfS_1.jpg!m_fill,w_280,h_210,f_jpg?from=ke.com
20240311,海淀,安宁庄,101123307887,安宁里 2室1厅 南 北新上,435万,65513元/平,低楼层 (共6层) | 1990年 | 2室1厅 | 66.4平米 | 南 北,https://ke-image.ljcdn.com/110000-inspection/pc1_nrWJW31XQ_1.jpg!m_fill,w_280,h_210,f_jpg?from=ke.com
20240311,海淀,安宁庄,101123222435,清河小营精装小三居中间楼层无遮挡诚意出售新上,415万,74534元/平,中楼层 (共5层) 3室1厅 | 55.68平米 | 南 北,https://ke-image.ljcdn.com/110000-inspection/9e66c922-b1b0-4e32-a81c-b33cf030db99_1000.jpg!m_fill,w_280,h_210,f_jpg?from=ke.com
20240311,海淀,安宁庄,101123214030,毛纺住宅北小区 2室1厅 南 西新上,585万,77484元/平,高楼层 (共14层) | 1997年 | 2室1厅 | 75.5平米 | 南 西,https://ke-image.ljcdn.com/110000-inspection/cb7e605e-ae20-47a1-9d9b-ddc6013f60cb_1000.jpg!m_fill,w_280,h_210,f_jpg?from=ke.com
20240311,海淀,安宁庄,101123171170,毛纺住宅北小区 2室1厅 东 西,459万,80386元/平,底层 (共7层) 2室1厅 | 57.1平米 | 东 西,https://ke-image.ljcdn.com/110000-inspection/eb873bff-9d9c-4ba4-a720-fa759a51caf3_1000.jpg!m_fill,w_280,h_210,f_jpg?from=ke.com
20240311,海淀,安宁庄,101123169237,阳光北里带电梯满五唯一诚心出售随时签约。新上,465万,61836元/平,低楼层 (共18层) | 1998年 | 2室1厅 | 75.2平米 | 西南,https://ke-image.ljcdn.com/110000-inspection/aa3d2e51-a3b5-4b13-ada5-ada5b01104d8_1000.jpg!m_fill,w_280,h_210,f_jpg?from=ke.com
20240311,海淀,安宁庄,101123152618,清河陶瓷厂宿舍独门独院正规小三居楼层好采光好！,400万,66226元/平,中楼层 (共6层) | 1984年 | 3室1厅 | 60.4平米 | 南 北,https://ke-image.ljcdn.com/110000-inspection/aed449ab-01cb-4793-9678-651a5c5681f9_1000.jpg!m_fill,w_280,h_210,f_jpg?from=ke.com
20240311,海淀,安宁庄,101123122671,水利局一处宿舍 2室1厅 南 北,410万,66776元/平,中楼层 (共5层) | 1992年 | 2室1厅 | 61.4平米 | 南 北,https://ke-image.ljcdn.com/110000-inspection/5b729de3-9f54-487f-82ef-d0ef1f36913b_1000.jpg!m_fill,w_280,h_210,f_jpg?from=ke.com
20240311,海淀,安宁庄,101123082304,安宁里南区  精装修  两居室  电梯房,565万,73818元/平,中楼层 (共18层) 2室1厅 | 76.54平米 | 东,https://ke-image.ljcdn.com/110000-inspection/pc1_UCmIjQBRe_1.jpg!m_fill,w_280,h_210,f_jpg?from=ke.com
20240311,海淀,安宁庄,101123063427,上林溪两居室两卫 双厅 中间位置高楼层,1060万,103739元/平,中楼层 (共11层) 2室2厅 | 102.18平米 | 南 北,https://ke-image.ljcdn.com/110000-inspection/3d709b24-eee4-43af-b20c-29da78653505_1000.jpg!m_fill,w_280,h_210,f_jpg?from=ke.com
20240311,海淀,安宁庄,101123058138,安宁里南区精装两居满五年成本低高楼层采光好,545万,67879元/平,高楼层 (共18层) | 2000年 | 2室1厅 | 80.29平米 | 西,https://ke-image.ljcdn.com/110000-inspection/3c7d3fdd-8e3d-4d05-b6f0-2ed5f3b806b5_1000.jpg!m_fill,w_280,h_210,f_jpg?from=ke.com
20240311,海淀,安宁庄,101123057195,安宁里精装修两居满五年成本低中间层南北无遮挡房主自荐,437万,71816元/平,低楼层 (共6层) | 1999年 | 2室1厅 | 60.85平米 | 南 北,https://ke-image.ljcdn.com/110000-inspection/6a42cadb-42b8-4337-8326-d573a83f9a22_1000.jpg!m_fill,w_280,h_210,f_jpg?from=ke.com
20240311,海淀,安宁庄,101123027050,安宁佳园三居室满五唯一全明格局诚意出售,860万,88523元/平,底层 (共18层) 3室1厅 | 97.15平米 | 南 西 北,https://ke-image.ljcdn.com/110000-inspection/7f7c74fa-454c-4bd5-a30a-ff4e93695b55_1000.jpg!m_fill,w_280,h_210,f_jpg?from=ke.com
20240311,海淀,安宁庄,101123026990,安宁佳园优质一居室全明格局中层采光好诚意出售,460万,88157元/平,中楼层 (共18层) | 2007年 | 1室1厅 | 52.18平米 | 西北,https://ke-image.ljcdn.com/110000-inspection/faa2cdee-c624-4b44-8289-f6fc6cc297f1_1000.jpg!m_fill,w_280,h_210,f_jpg?from=ke.com
20240311,海淀,安宁庄,101123016553,上林溪南向开间 视野无遮挡 出行便利 看房随时,485万,110153元/平,低楼层 (共9层) | 2012年 | 1室0厅 | 44.03平米 | 南,https://ke-image.ljcdn.com/110000-inspection/pc1_hNgnVKPE3_1.jpg!m_fill,w_280,h_210,f_jpg?from=ke.com
20240311,海淀,安宁庄,101123014374,海淀清河安宁里南区南北通透两居满五年唯一急售,500万,75019元/平,中楼层 (共7层) | 2000年 | 2室1厅 | 66.65平米 | 南 北,https://ke-image.ljcdn.com/110000-inspection/pc1_lNso0Z6OB_1.jpg!m_fill,w_280,h_210,f_jpg?from=ke.com
20240311,海淀,安宁庄,101122996958,海淀产权小米旁边安宁里北区南北通透一居室诚心,355万,84484元/平,低楼层 (共6层) 1室1厅 | 42.02平米 | 南 北,https://ke-image.ljcdn.com/110000-inspection/edf9c927-9df1-41bb-842f-09c7bf251f58_1000.jpg!m_fill,w_280,h_210,f_jpg?from=ke.com
20240311,海淀,安宁庄,101122986234,清上园 2室1厅 东 北,618万,83899元/平,底层 (共19层) | 2003年 | 2室1厅 | 73.66平米 | 东 北,https://ke-image.ljcdn.com/110000-inspection/26383dc5-df0d-4e29-9ba6-5abe862eae24_1000.jpg!m_fill,w_280,h_210,f_jpg?from=ke.com
20240311,海淀,安宁庄,101122967408,上林溪精装一居室高楼层采光视野好,500万,112842元/平,高楼层 (共10层) | 2012年 | 1室0厅 | 44.31平米 | 南,https://ke-image.ljcdn.com/110000-inspection/714d7817-3742-40a0-949f-451d3e3d1df6_1000.jpg!m_fill,w_280,h_210,f_jpg?from=ke.com
20240311,海淀,安宁庄,101122960591,安宁里南区 2室1厅 北 南,539万,66775元/平,中楼层 (共7层) | 2000年 | 2室1厅 | 80.72平米 | 北 南,https://ke-image.ljcdn.com/110000-inspection/daa634e1-bfe0-49c1-ac5d-1f81c8aeec70_1000.jpg!m_fill,w_280,h_210,f_jpg?from=ke.com
20240311,海淀,安宁庄,101122871934,安宁佳园 3室1厅 南,892万,89290元/平,中楼层 (共18层) | 2007年 | 3室1厅 | 99.9平米 | 南,https://ke-image.ljcdn.com/110000-inspection/8658a8e6-2a7e-4328-ab39-d18ddc0089e4_1000.jpg!m_fill,w_280,h_210,f_jpg?from=ke.com
20240311,海淀,安宁庄,101122853625,上林溪精装四居室诚意出售视野好,1630万,106516元/平,高楼层 (共11层) | 2016年 | 4室2厅 | 153.03平米 | 南 北,https://ke-image.ljcdn.com/110000-inspection/pc1_5CT7ayEJy_1.jpg!m_fill,w_280,h_210,f_jpg?from=ke.com
20240311,海淀,安宁庄,101122829169,清上园 3室2厅 南,1250万,83251元/平,高楼层 (共20层) | 2003年 | 3室2厅 | 150.15平米 | 南,https://ke-image.ljcdn.com/110000-inspection/pc1_gQNmQ0DBw_1.jpg!m_fill,w_280,h_210,f_jpg?from=ke.com
20240311,海淀,安宁庄,101122807180,安宁华庭三区 板楼一居室 全明格局 满五唯一 有电梯,570万,99494元/平,中楼层 (共9层) | 2013年 | 1室1厅 | 57.29平米 | 西 北,https://ke-image.ljcdn.com/110000-inspection/pc1_PXTITuXT5_1.jpg!m_fill,w_280,h_210,f_jpg?from=ke.com
20240311,海淀,安宁庄,101122806017,安宁里小区南区楼层好单价低大两居。,390万,56286元/平,中楼层 (共7层) | 2000年 | 2室1厅 | 69.29平米 | 南 西南,https://ke-image.ljcdn.com/110000-inspection/pc1_vpRCZRBTW_1.jpg!m_fill,w_280,h_210,f_jpg?from=ke.com
20240311,海淀,安宁庄,101122774827,海淀毛纺住宅北小区 南北向 两居室 诚心出售房主自荐,490万,85815元/平,底层 (共7层) | 1992年 | 2室1厅 | 57.1平米 | 南 北,https://ke-image.ljcdn.com/110000-inspection/aacbfdd7-f077-4523-9758-9d1cec10eddf_1000.jpg!m_fill,w_280,h_210,f_jpg?from=ke.com
20240311,海淀,安宁庄,101122770054,安宁佳园新上两居室全明户型好楼层总监推荐！,647万,83184元/平,高楼层 (共18层) 2室1厅 | 77.78平米 | 南 西,https://ke-image.ljcdn.com/110000-inspection/48463164-8313-4ede-92e8-db70eabe4168_1000.jpg!m_fill,w_280,h_210,f_jpg?from=ke.com
20240311,海淀,安宁庄,101122761741,清上园 2室1厅 南 北,880万,82614元/平,低楼层 (共6层) | 2005年 | 2室1厅 | 106.52平米 | 南 北,https://ke-image.ljcdn.com/110000-inspection/38b23fd3-b2c0-4a36-9e5f-a0c3b6186755_1000.jpg!m_fill,w_280,h_210,f_jpg?from=ke.com
20240311,海淀,安宁庄,101122756265,毛纺住宅北小区 2室2厅 东 西,569万,69988元/平,高楼层 (共14层) | 1997年 | 2室2厅 | 81.3平米 | 东 西,https://ke-image.ljcdn.com/110000-inspection/0470cdf5-69b0-4b1b-aa8b-b85279308833_1000.jpg!m_fill,w_280,h_210,f_jpg?from=ke.com
20240311,海淀,安宁庄,101122754639,海淀产区  安宁里 精装两居 368W 随时看房房主自荐,368万,63231元/平,顶层 (共6层) | 1994年 | 2室1厅 | 58.2平米 | 南 北,https://ke-image.ljcdn.com/110000-inspection/pc1_bfbw3iVOY_1.jpg!m_fill,w_280,h_210,f_jpg?from=ke.com
20240311,海淀,安宁庄,101122744694,地壳所优质两居室满五唯一南北通透看房方便房主自荐,420万,68740元/平,顶层 (共6层) | 1994年 | 2室1厅 | 61.1平米 | 南 北,https://ke-image.ljcdn.com/110000-inspection/943f267e-ea17-4c93-a201-ca1af6debe1f_1000.jpg!m_fill,w_280,h_210,f_jpg?from=ke.com
20240311,海淀,安宁庄,101122729258,安宁里南区 2室1厅 西,535万,76648元/平,低楼层 (共18层) | 1998年 | 2室1厅 | 69.8平米 | 西,https://ke-image.ljcdn.com/110000-inspection/d769df90-f8cb-4a63-ab0f-7dbe7ea13910_1000.jpg!m_fill,w_280,h_210,f_jpg?from=ke.com
20240311,海淀,安宁庄,101122696779,海淀模范改造社区南北一室一厅多两平面积,298万,70953元/平,底层 (共6层) 1室1厅 | 42平米 | 南 北,https://ke-image.ljcdn.com/110000-inspection/8bbe1cd5-78e2-4e42-b5f7-d6a039c0e183_1000.jpg!m_fill,w_280,h_210,f_jpg?from=ke.com
20240311,海淀,安宁庄,101122658117,毛纺住宅北小区 2室1厅 西南,570万,67696元/平,低楼层 (共14层) | 1997年 | 2室1厅 | 84.2平米 | 西南,https://ke-image.ljcdn.com/110000-inspection/4d8e895e-ebc6-4ad4-aa6d-1c8031edaeab_1000.jpg!m_fill,w_280,h_210,f_jpg?from=ke.com
20240311,海淀,安宁庄,101122589060,二十中家属院 3室1厅 南 北,480万,86207元/平,中楼层 (共5层) 3室1厅 | 55.68平米 | 南 北,https://ke-image.ljcdn.com/110000-inspection/b6a7320f-553f-4b79-8648-79dc935fcbc7_1000.jpg!m_fill,w_280,h_210,f_jpg?from=ke.com
20240311,海淀,安宁庄,101122560193,南北通透大三居室满五年唯一精装修居住温馨舒适,1290万,73820元/平,低楼层 (共21层) 3室1厅 | 174.75平米 | 南 北,https://ke-image.ljcdn.com/110000-inspection/f2396d52-55e9-4d62-8376-c09f30067ec2_1000.jpg!m_fill,w_280,h_210,f_jpg?from=ke.com
20240311,海淀,安宁庄,101122541809,海淀2007年安宁佳园 精装一居 明卫,450万,86307元/平,高楼层 (共18层) | 2007年 | 1室1厅 | 52.14平米 | 西北,https://ke-image.ljcdn.com/110000-inspection/pc1_7JnrynSMn_1.jpg!m_fill,w_280,h_210,f_jpg?from=ke.com
20240311,海淀,安宁庄,101122532013,地壳所新上南向一居室诚意出售欢迎咨询看房房主自荐,380万,86384元/平,低楼层 (共6层) | 1994年 | 1室1厅 | 43.99平米 | 南,https://ke-image.ljcdn.com/110000-inspection/7a4a7472-c5bc-436a-9731-e7d912e816e3_1000.jpg!m_fill,w_280,h_210,f_jpg?from=ke.com
20240311,海淀,安宁庄,101122485183,上林溪 安宁华庭一区 精装两居 视野好 采光好 房子好房主自荐,860万,91412元/平,顶层 (共19层) | 2011年 | 2室2厅 | 94.08平米 | 南,https://ke-image.ljcdn.com/110000-inspection/19fa7aff-3626-43bb-a2d0-a9d87689699d_1000.jpg!m_fill,w_280,h_210,f_jpg?from=ke.com
20240311,海淀,安宁庄,101122484462,清上园 2室1厅 南 北,1010万,100990元/平,高楼层 (共11层) | 2005年 | 2室1厅 | 100.01平米 | 南 北,https://ke-image.ljcdn.com/110000-inspection/af531558-6ea9-47a2-80cd-8df3a64e7ffb_1000.jpg!m_fill,w_280,h_210,f_jpg?from=ke.com
20240311,海淀,安宁庄,101122477834,动力厂宿舍南向两居室精装修全明格局诚心卖房主自荐,498万,80194元/平,低楼层 (共6层) | 1988年 | 2室1厅 | 62.1平米 | 南,https://ke-image.ljcdn.com/110000-inspection/cd3ddf4c-2404-4ee3-9709-d882d9a6d4d9_1000.jpg!m_fill,w_280,h_210,f_jpg?from=ke.com
20240311,海淀,安宁庄,101122465163,动力厂宿舍 南北通透两居室 中间楼层 精装修 不临街,425万,72403元/平,中楼层 (共6层) 2室1厅 | 58.7平米 | 南 北,https://ke-image.ljcdn.com/110000-inspection/ac134576-9a24-472d-8883-88fe7ac72b24_1000.jpg!m_fill,w_280,h_210,f_jpg?from=ke.com
20240311,海淀,安宁庄,101122463567,小米旁边安宁里两居南北通透满两年355万。,420万,69023元/平,顶层 (共6层) | 1996年 | 2室1厅 | 60.85平米 | 南 北,https://ke-image.ljcdn.com/110000-inspection/4d126ed5-852c-4d51-84c0-9979d50368ed_1000.jpg!m_fill,w_280,h_210,f_jpg?from=ke.com
20240311,海淀,安宁庄,101122424647,水利局一处宿舍 2室1厅 南 北,410万,66776元/平,顶层 (共5层) 2室1厅 | 61.4平米 | 南 北,https://ke-image.ljcdn.com/110000-inspection/pc1_lXvxLsTYe_1.jpg!m_fill,w_280,h_210,f_jpg?from=ke.com
20240311,海淀,安宁庄,101122360694,水利局一处宿舍 2室1厅 南 北,418万,73592元/平,底层 (共5层) | 1992年 | 2室1厅 | 56.8平米 | 南 北,https://ke-image.ljcdn.com/110000-inspection/pc1_Ns2hGLUQR_1.jpg!m_fill,w_280,h_210,f_jpg?from=ke.com
20240311,海淀,安宁庄,101122331591,海淀产权  水利局一处宿舍 南北通透2居 精装,445万,77527元/平,高楼层 (共6层) 2室1厅 | 57.4平米 | 南 北,https://ke-image.ljcdn.com/110000-inspection/5a684778-07eb-4e12-af03-99474a3f64bf_1000.jpg!m_fill,w_280,h_210,f_jpg?from=ke.com
20240311,海淀,安宁庄,101122327773,小区院中园 中间位置 中间楼层 满五年唯一 随时可看房主自荐,425万,74562元/平,中楼层 (共6层) 2室1厅 | 57平米 | 南 北,https://ke-image.ljcdn.com/110000-inspection/pc1_zsZ02dHk8_1.jpg!m_fill,w_280,h_210,f_jpg?from=ke.com
20240311,海淀,安宁庄,101122271109,安宁里 2室1厅 南 北,450万,67772元/平,高楼层 (共6层) | 1990年 | 2室1厅 | 66.4平米 | 南 北,https://ke-image.ljcdn.com/110000-inspection/pc1_7qZwk0gMm_1.jpg!m_fill,w_280,h_210,f_jpg?from=ke.com
20240311,海淀,安宁庄,101122244233,安宁庄东路2号院 2室1厅 南 北房主自荐,435万,77541元/平,低楼层 (共6层) | 1992年 | 2室1厅 | 56.1平米 | 南 北,https://ke-image.ljcdn.com/110000-inspection/d35e637e-6d00-402d-935a-ddbdd1fad457_1000.jpg!m_fill,w_280,h_210,f_jpg?from=ke.com
20240311,海淀,安宁庄,101122188319,纯正板楼 格局方正 业主 业主 诚意出售 价格可以谈房主自荐,420万,63976元/平,顶层 (共6层) 2室1厅 | 65.65平米 | 南 北,https://ke-image.ljcdn.com/110000-inspection/630624bc-ef74-4f40-96e2-383806dfd91a_1000.jpg!m_fill,w_280,h_210,f_jpg?from=ke.com
20240311,海淀,安宁庄,101122169723,清上园新上大一居室满五唯一看房方便精装修,528万,74095元/平,低楼层 (共19层) 1室1厅 | 71.26平米 | 西北,https://ke-image.ljcdn.com/110000-inspection/dd578e6a-9045-4266-a945-ee51b61fdb95_1000.jpg!m_fill,w_280,h_210,f_jpg?from=ke.com
20240311,海淀,安宁庄,101122168771,上林溪南北通透两居室 中间位置 中间楼层 诚意出售,1140万,105400元/平,低楼层 (共9层) | 2010年 | 2室2厅 | 108.16平米 | 南 北,https://ke-image.ljcdn.com/110000-inspection/pc1_DYiBlliLC_1.jpg!m_fill,w_280,h_210,f_jpg?from=ke.com
20240311,海淀,安宁庄,101122158258,阳光北里 电梯大两居 满五唯一 看房方便 临近地铁,490万,56713元/平,高楼层 (共18层) | 1996年 | 2室1厅 | 86.4平米 | 东南 北,https://ke-image.ljcdn.com/110000-inspection/2e92d0e4-072c-4572-822f-2679ba9b3582_1000.jpg!m_fill,w_280,h_210,f_jpg?from=ke.com
20240311,海淀,安宁庄,101122136449,清上园二期 全明格局三居室 高楼层 满五唯一 电梯板楼房主自荐,1198万,91325元/平,高楼层 (共9层) | 2005年 | 3室2厅 | 131.18平米 | 南 北,https://ke-image.ljcdn.com/110000-inspection/pc1_LqM6OfmGZ_1.jpg!m_fill,w_280,h_210,f_jpg?from=ke.com
20240311,海淀,安宁庄,101122036913,丝绸厂宿舍正规两居室南北通透诚意出售价钱可谈,366万,67156元/平,高楼层 (共6层) 2室1厅 | 54.5平米 | 南 北,https://ke-image.ljcdn.com/110000-inspection/pc1_ePu7AiPUH_1.jpg!m_fill,w_280,h_210,f_jpg?from=ke.com
20240311,海淀,安宁庄,101122033076,上林溪三居室 精装修 环境优美 小区中间位置房主自荐,1359万,99495元/平,低楼层 (共21层) | 2012年 | 3室2厅 | 136.59平米 | 南 西 北,https://ke-image.ljcdn.com/110000-inspection/8eb33176-2d75-4942-b2b5-73066c5297b3_1000.jpg!m_fill,w_280,h_210,f_jpg?from=ke.com
20240311,海淀,安宁庄,101122023590,西三旗安宁庄07年建筑看房方便有电梯总价合适,335万,91958元/平,低楼层 (共18层) | 2007年 | 1室0厅 | 36.43平米 | 北,https://ke-image.ljcdn.com/110000-inspection/5d01babc-234e-4726-8a2a-8d2ff9643aa6_1000.jpg!m_fill,w_280,h_210,f_jpg?from=ke.com
20240311,海淀,安宁庄,101121995016,毛纺北小区 南北两居 满五唯一 不临街 近地铁,509万,88522元/平,底层 (共6层) 2室1厅 | 57.5平米 | 南 北,https://ke-image.ljcdn.com/110000-inspection/6635763c-9fc3-441d-a1e3-c6b9b2cd7657_1000.jpg!m_fill,w_280,h_210,f_jpg?from=ke.com
20240311,海淀,安宁庄,101121883950,经典两居中间三层25万精装小区中间位置诚心出售房主自荐,479万,82204元/平,中楼层 (共6层) 2室1厅 | 58.27平米 | 南 北,https://ke-image.ljcdn.com/110000-inspection/807ebeac-ba05-4c68-9956-296141113c32_1000.jpg!m_fill,w_280,h_210,f_jpg?from=ke.com
20240311,海淀,安宁庄,101121879796,清上园 南向 满五唯一 交通便利 纯商品房小区 急售,420万,90207元/平,中楼层 (共19层) 1室0厅 | 46.56平米 | 南,https://ke-image.ljcdn.com/110000-inspection/90058365-7681-4e7d-bdca-f3d56467b7e3_1000.jpg!m_fill,w_280,h_210,f_jpg?from=ke.com
20240311,海淀,安宁庄,101121792588,小米旁板楼南北向二居室公交地铁临近,448万,76976元/平,中楼层 (共6层) 2室1厅 | 58.2平米 | 南 北,https://ke-image.ljcdn.com/110000-inspection/ad4a5f54-e0d5-4165-bc7a-33d4803e0c46_1000.jpg!m_fill,w_280,h_210,f_jpg?from=ke.com
20240311,海淀,安宁庄,101121712048,上林溪南向一居室 中间楼层 中间位置 诚意出售,740万,115391元/平,中楼层 (共11层) | 2014年 | 1室1厅 | 64.13平米 | 南,https://ke-image.ljcdn.com/110000-inspection/af6f145d-e798-442b-9107-7f9af47c42cd_1000.jpg!m_fill,w_280,h_210,f_jpg?from=ke.com
20240311,海淀,安宁庄,101121707659,阳光北里 2室1厅 东南 北,535万,64072元/平,高楼层 (共18层) 2室1厅 | 83.5平米 | 东南 北,https://ke-image.ljcdn.com/110000-inspection/f2b5ea0f-aeea-4e95-bba8-410585b74f18_1000.jpg!m_fill,w_280,h_210,f_jpg?from=ke.com
20240311,海淀,安宁庄,101121707644,好位置 装修舒适 满五唯一 看房方便房主自荐,483万,107813元/平,低楼层 (共10层) | 2012年 | 1室0厅 | 44.8平米 | 南,https://ke-image.ljcdn.com/110000-inspection/b2897ca6-ccb2-41fa-bbf1-5424cfb25f00_1000.jpg!m_fill,w_280,h_210,f_jpg?from=ke.com
20240311,海淀,安宁庄,101121699937,阳光北里 3室1厅 南 北,710万,68401元/平,高楼层 (共18层) | 1996年 | 3室1厅 | 103.8平米 | 南 北,https://ke-image.ljcdn.com/110000-inspection/4abf02eb-07d2-43a3-b545-5e576bb2114e_1000.jpg!m_fill,w_280,h_210,f_jpg?from=ke.com
20240311,海淀,安宁庄,101121625317,阳光北里 1室1厅 南,429万,79592元/平,高楼层 (共18层) 1室1厅 | 53.9平米 | 南,https://ke-image.ljcdn.com/110000-inspection/7f13e58a-bba3-401d-84d0-6b6a166cbb4c_1000.jpg!m_fill,w_280,h_210,f_jpg?from=ke.com
20240311,海淀,安宁庄,101121571982,上林溪 优质开间 满五年唯一 中高楼层 位置安静,498万,112416元/平,高楼层 (共9层) 1室0厅 | 44.3平米 | 南,https://ke-image.ljcdn.com/110000-inspection/af4b1bea-5d3a-4d1d-9499-9c57cb92eab3_1000.jpg!m_fill,w_280,h_210,f_jpg?from=ke.com
20240311,海淀,安宁庄,101121561973,清上园满五唯一精装修两居室看房方便靠谱出售。,598万,81184元/平,低楼层 (共19层) 2室1厅 | 73.66平米 | 西北,https://ke-image.ljcdn.com/110000-inspection/4ddc464a-dccf-4654-9a02-9507f396f83d_1000.jpg!m_fill,w_280,h_210,f_jpg?from=ke.com
20240311,海淀,安宁庄,101121534682,安宁里南区 1室1厅 东 西房主自荐,348万,63585元/平,中楼层 (共7层) | 2000年 | 1室1厅 | 54.73平米 | 东 西,https://ke-image.ljcdn.com/110000-inspection/c0c51a02-7522-4113-862c-bd3fcbf8102d_1000.jpg!m_fill,w_280,h_210,f_jpg?from=ke.com
20240311,海淀,安宁庄,101121534130,地壳研究院 海淀产权 全南向 精装修两居室,409万,77610元/平,中楼层 (共5层) | 1994年 | 2室1厅 | 52.7平米 | 南,https://ke-image.ljcdn.com/110000-inspection/40642297-2644-4616-a9c6-d652e2cdae5e_1000.jpg!m_fill,w_280,h_210,f_jpg?from=ke.com
20240311,海淀,安宁庄,101121516917,2014年商品房  配套完善 急售随时签约,492万,111844元/平,低楼层 (共9层) 1室0厅 | 43.99平米 | 南,https://ke-image.ljcdn.com/110000-inspection/8ab3b71c-f5d5-43b1-85e6-1649d7ec0979_1000.jpg!m_fill,w_280,h_210,f_jpg?from=ke.com
20240311,海淀,安宁庄,101121490994,上林溪 双卧朝南南北通透全明格局采光视野好,1345万,117437元/平,高楼层 (共11层) | 2016年 | 3室2厅 | 114.53平米 | 南 北,https://ke-image.ljcdn.com/110000-inspection/0f2eb5f4-b52a-4d74-8af0-ca38a593d60f_1000.jpg!m_fill,w_280,h_210,f_jpg?from=ke.com
20240311,海淀,安宁庄,101121488345,海淀清河安宁里精装修南北通透明厅大两居急售房主自荐,438万,64036元/平,顶层 (共6层) 2室1厅 | 68.4平米 | 南 北,https://ke-image.ljcdn.com/110000-inspection/pc1_Cwh9L92no_1.jpg!m_fill,w_280,h_210,f_jpg?from=ke.com
20240311,海淀,安宁庄,101121451913,安宁里南区南向两居室电梯房总价可谈诚意出售房主自荐,590万,81044元/平,中楼层 (共18层) | 2000年 | 2室1厅 | 72.8平米 | 东南,https://ke-image.ljcdn.com/110000-inspection/f3837ed0-f2f5-409c-8379-a8c4edd4c5b8_1000.jpg!m_fill,w_280,h_210,f_jpg?from=ke.com
20240311,海淀,安宁庄,101121424733,安宁庄后街15号院 2室1厅 南 北房主自荐,385万,70643元/平,顶层 (共6层) 2室1厅 | 54.5平米 | 南 北,https://ke-image.ljcdn.com/110000-inspection/e9c9c7b1-43d5-489b-9efd-388bb3228452_1000.jpg!m_fill,w_280,h_210,f_jpg?from=ke.com
20240311,海淀,安宁庄,101121419386,小米旁开间户型南向适合首套购房,366万,96266元/平,顶层 (共18层) | 2007年 | 1室0厅 | 38.02平米 | 南,https://ke-image.ljcdn.com/110000-inspection/34f6a9cf-366a-4576-a001-08c89939e050_1000.jpg!m_fill,w_280,h_210,f_jpg?from=ke.com
20240311,海淀,安宁庄,101121413779,清河毛纺住宅北小区的精装修房源,399万,76437元/平,中楼层 (共6层) | 1998年 | 2室1厅 | 52.2平米 | 南 北,https://ke-image.ljcdn.com/110000-inspection/9f3bb363-933b-47c4-ad34-3760540add3d_1000.jpg!m_fill,w_280,h_210,f_jpg?from=ke.com
20240311,海淀,安宁庄,101121371184,动力厂宿舍 2室1厅 南 北,475万,75278元/平,高楼层 (共6层) | 1995年 | 2室1厅 | 63.1平米 | 南 北,https://ke-image.ljcdn.com/110000-inspection/pc1_BmZ1YU3Xa_1.jpg!m_fill,w_280,h_210,f_jpg?from=ke.com
20240311,海淀,安宁庄,101121270930,安宁里南区 精装修 电梯房 满五年唯一 户型方正,556万,67013元/平,中楼层 (共18层) 2室1厅 | 82.97平米 | 东,https://ke-image.ljcdn.com/110000-inspection/dada4104-381d-4440-b172-99711bc3885b_1000.jpg!m_fill,w_280,h_210,f_jpg?from=ke.com
20240311,海淀,安宁庄,101121229789,清上园高楼层一居室视野开阔采光充足业主诚意出售,559万,78030元/平,中楼层 (共19层) | 2003年 | 1室1厅 | 71.64平米 | 西北,https://ke-image.ljcdn.com/110000-inspection/2b143da0-b0d4-4b40-9fc0-5ee89aebbf02_1000.jpg!m_fill,w_280,h_210,f_jpg?from=ke.com
20240311,海淀,安宁庄,101121212424,安宁佳园南向好楼层正规三室两卫！,960万,96097元/平,中楼层 (共18层) 3室1厅 | 99.9平米 | 东南,https://ke-image.ljcdn.com/110000-inspection/311625e1-c960-4cf6-bb29-be69829ab5c1_1000.jpg!m_fill,w_280,h_210,f_jpg?from=ke.com
20240311,海淀,安宁庄,101121141209,清河安宁庄南北向满五年唯一不临街看房方便,435万,65513元/平,低楼层 (共6层) | 1990年 | 2室1厅 | 66.4平米 | 南 北,https://ke-image.ljcdn.com/110000-inspection/eeaea7c3-8bc1-4be9-9bb6-6e4cb9eaaf7b_1000.jpg!m_fill,w_280,h_210,f_jpg?from=ke.com
20240311,海淀,安宁庄,101121131923,毛纺住宅北小区 诚意出售 价格可谈房主自荐,525万,69537元/平,中楼层 (共14层) 2室1厅 | 75.5平米 | 东 西,https://ke-image.ljcdn.com/110000-inspection/a9cc926b-b760-4917-9a6e-4f6a3fd077ed_1000.jpg!m_fill,w_280,h_210,f_jpg?from=ke.com
20240311,海淀,安宁庄,101121116124,价格可谈 区域聚焦房源 中间位置 婚房精装 有地下车位房主自荐,1050万,107012元/平,中楼层 (共9层) 2室1厅 | 98.12平米 | 南 北,https://ke-image.ljcdn.com/110000-inspection/547d1c3d-a3df-4516-b933-0381360988a7_1000.jpg!m_fill,w_280,h_210,f_jpg?from=ke.com
20240311,海淀,安宁庄,101121113101,清河安宁里南区双南向正规两居满五年唯一诚心出售,628万,64444元/平,底层 (共18层) | 2000年 | 2室2厅 | 97.45平米 | 东 南,https://ke-image.ljcdn.com/110000-inspection/pc1_AM8yXGNlY.jpg!m_fill,w_280,h_210,f_jpg?from=ke.com
20240311,海淀,安宁庄,101121112714,上林溪 价格可谈中间位置 16年建成 精装修 采光视野好房主自荐,694万,107815元/平,顶层 (共11层) | 2016年 | 1室1厅 | 64.37平米 | 南,https://ke-image.ljcdn.com/110000-inspection/f0d34d37-5cd2-48e6-8e08-db1cfe0ea268_1000.jpg!m_fill,w_280,h_210,f_jpg?from=ke.com
20240311,海淀,安宁庄,101121101637,北京丝绸总厂宿舍 海淀产权  满2年,399万,72678元/平,顶层 (共6层) | 1986年 | 2室1厅 | 54.9平米 | 南 北,https://ke-image.ljcdn.com/110000-inspection/62c50133-373e-4523-9104-82cf391a6018_1000.jpg!m_fill,w_280,h_210,f_jpg?from=ke.com
20240311,海淀,安宁庄,101121041764,安宁佳园正规三居室满五年唯一南北通透诚意出售,827万,86579元/平,底层 (共18层) | 2007年 | 3室1厅 | 95.52平米 | 南 西 北,https://ke-image.ljcdn.com/110000-inspection/0e156f4e-c033-417b-84f6-637bb48f1014_1000.jpg!m_fill,w_280,h_210,f_jpg?from=ke.com
20240311,海淀,安宁庄,101121040617,南北通透的二居室中间楼层采光好居住温馨舒适房主自荐,428万,72914元/平,中楼层 (共6层) 2室1厅 | 58.7平米 | 南 北,https://ke-image.ljcdn.com/110000-inspection/16051a33-2896-451e-acb8-dadb7b338ab9_1000.jpg!m_fill,w_280,h_210,f_jpg?from=ke.com
20240311,海淀,安宁庄,101121026619,海淀阳光北里 带电梯 南向 一居室 户型方正好利用,410万,78245元/平,中楼层 (共18层) 1室1厅 | 52.4平米 | 南,https://ke-image.ljcdn.com/110000-inspection/e7d01819-506d-47a1-83f5-67a6c401109e_1000.jpg!m_fill,w_280,h_210,f_jpg?from=ke.com
20240311,海淀,安宁庄,101121019974,房子满五年唯一精装修业主自住看房方便,680万,92317元/平,低楼层 (共19层) 2室1厅 | 73.66平米 | 西北,https://ke-image.ljcdn.com/110000-inspection/4d92c413-bd65-4ef7-b9b4-a5961b0324f4_1000.jpg!m_fill,w_280,h_210,f_jpg?from=ke.com
20240311,海淀,安宁庄,101120997515,阳光北里 2室1厅 西南房主自荐,489万,78492元/平,低楼层 (共18层) | 1998年 | 2室1厅 | 62.3平米 | 西南,https://ke-image.ljcdn.com/110000-inspection/353b0917-9bbd-4a01-8aff-0c529b4f46ca_1000.jpg!m_fill,w_280,h_210,f_jpg?from=ke.com
20240311,海淀,安宁庄,101120995422,阳光北里临地铁户型方正满五年一手业主,520万,69149元/平,低楼层 (共18层) 2室1厅 | 75.2平米 | 东南,https://ke-image.ljcdn.com/110000-inspection/9791def6-6753-435c-bc09-b68a845da125_1000.jpg!m_fill,w_280,h_210,f_jpg?from=ke.com
20240311,海淀,安宁庄,101120980368,海淀产权2000年楼龄安宁庄东路2号院,528万,71642元/平,底层 (共6层) | 2000年 | 2室1厅 | 73.7平米 | 南 北,https://ke-image.ljcdn.com/110000-inspection/3e8a55e3-fc15-4613-a000-4b9e03283b25_1000.jpg!m_fill,w_280,h_210,f_jpg?from=ke.com
20240311,海淀,安宁庄,101120977257,安宁里正规一居室满五唯一中间楼层诚意出售。,368万,87266元/平,中楼层 (共6层) 1室1厅 | 42.17平米 | 东 西,https://ke-image.ljcdn.com/110000-inspection/pc1_tXDny0iEX.jpg!m_fill,w_280,h_210,f_jpg?from=ke.com
20240311,海淀,安宁庄,101120976769,安宁里新上大两居业主诚心出售看房方便,413万,62862元/平,顶层 (共6层) | 1990年 | 2室1厅 | 65.7平米 | 南 北,https://ke-image.ljcdn.com/110000-inspection/1073ba59-9602-410f-8a90-3fc801854b27_1000.jpg!m_fill,w_280,h_210,f_jpg?from=ke.com
20240311,海淀,安宁庄,101120976033,安宁里小区院中院两居满五年唯一随时看,386万,73440元/平,底层 (共6层) 2室1厅 | 52.56平米 | 南 北,https://ke-image.ljcdn.com/110000-inspection/a4ee3853-7ea1-4d4f-b4f3-c614692c9238_1000.jpg!m_fill,w_280,h_210,f_jpg?from=ke.com
20240311,海淀,安宁庄,101120973322,安宁里南区 1室1厅 东 西,400万,76938元/平,中楼层 (共7层) | 2000年 | 1室1厅 | 51.99平米 | 东 西,https://ke-image.ljcdn.com/110000-inspection/b234fc90-e965-49da-86cd-3ee0f525e553_1000.jpg!m_fill,w_280,h_210,f_jpg?from=ke.com
20240311,海淀,安宁庄,101120968378,上林溪南向精装两居室满五唯一欢迎咨询房主自荐,1038万,106956元/平,顶层 (共11层) | 2016年 | 2室2厅 | 97.05平米 | 南,https://ke-image.ljcdn.com/110000-inspection/78b66878-2a53-43a2-b132-dd7548746f9c_1000.jpg!m_fill,w_280,h_210,f_jpg?from=ke.com
20240311,海淀,安宁庄,101120940668,上林溪 安宁华庭三区 精装一居 随时看房 有钥匙房主自荐,499万,111235元/平,中楼层 (共10层) 1室0厅 | 44.86平米 | 南,https://ke-image.ljcdn.com/110000-inspection/pc1_Yv7QX7JSn_1.jpg!m_fill,w_280,h_210,f_jpg?from=ke.com
20240311,海淀,安宁庄,101120928321,安宁佳园东向一居室、高楼层随时签约。,470万,83854元/平,中楼层 (共18层) | 2007年 | 1室1厅 | 56.05平米 | 东,https://ke-image.ljcdn.com/110000-inspection/ec081256-7d2d-48f9-9f95-e58f5d6938b7_1000.jpg!m_fill,w_280,h_210,f_jpg?from=ke.com
20240311,海淀,安宁庄,101120922345,海淀产权 07年小区安宁佳园精装1居  诚心出售房主自荐,305万,81551元/平,低楼层 (共18层) | 2007年 | 1室1厅 | 37.4平米 | 北,https://ke-image.ljcdn.com/110000-inspection/pc1_rbRYDWENx_1.jpg!m_fill,w_280,h_210,f_jpg?from=ke.com
20240311,海淀,安宁庄,101120914247,房子是满五年唯一业主自住看房方便随时可签,448万,70220元/平,顶层 (共6层) | 1995年 | 2室1厅 | 63.8平米 | 南 北,https://ke-image.ljcdn.com/110000-inspection/pc1_8jcXd1DqD.jpg!m_fill,w_280,h_210,f_jpg?from=ke.com
20240311,海淀,安宁庄,101120905060,安宁里正规一居室满五唯一诚意出售看房方便房主自荐,370万,98457元/平,底层 (共6层) | 1995年 | 1室1厅 | 37.58平米 | 南 北,https://ke-image.ljcdn.com/110000-inspection/dd7e6dfe-5c87-4343-b410-d5b85f0fd154_1000.jpg!m_fill,w_280,h_210,f_jpg?from=ke.com
20240311,海淀,安宁庄,101120894981,清上园 1室1厅 南,516万,82297元/平,中楼层 (共19层) | 2003年 | 1室1厅 | 62.7平米 | 南,https://ke-image.ljcdn.com/110000-inspection/02c76612-018e-4a69-8ad5-3ad154a44358_1000.jpg!m_fill,w_280,h_210,f_jpg?from=ke.com
20240311,海淀,安宁庄,101120889601,清上园 2室1厅 西北,528万,91239元/平,中楼层 (共19层) 2室1厅 | 57.87平米 | 西北,https://ke-image.ljcdn.com/110000-inspection/7755aeb9-9923-4cc4-968b-ca6d70b4187c_1000.jpg!m_fill,w_280,h_210,f_jpg?from=ke.com
20240311,海淀,安宁庄,101120879669,海淀清河安宁佳园正规一居 全明格局,498万,94695元/平,高楼层 (共18层) 1室1厅 | 52.59平米 | 东北,https://ke-image.ljcdn.com/110000-inspection/422d642a-b180-4c3a-874a-122ed1f7512e_1000.jpg!m_fill,w_280,h_210,f_jpg?from=ke.com
20240311,海淀,安宁庄,101120795275,海淀产区安宁里 东西明厅  精装两居,550万,80410元/平,高楼层 (共6层) | 1998年 | 2室1厅 | 68.4平米 | 东 西,https://ke-image.ljcdn.com/110000-inspection/pc1_AZLoRONj4_1.jpg!m_fill,w_280,h_210,f_jpg?from=ke.com
20240311,海淀,安宁庄,101120788675,房子满五年唯一精装修二居室居住温馨舒适房主自荐,638万,86100元/平,中楼层 (共19层) 2室1厅 | 74.1平米 | 西北,https://ke-image.ljcdn.com/110000-inspection/pc1_T2vlsjUNL_1.jpg!m_fill,w_280,h_210,f_jpg?from=ke.com
20240311,海淀,安宁庄,101120705890,安宁庄东路6号院南北三居室精装修看房随时,470万,67626元/平,中楼层 (共6层) 3室1厅 | 69.5平米 | 南 北,https://ke-image.ljcdn.com/110000-inspection/edd057be-b54a-444f-887c-ae7341d9f24f_1000.jpg!m_fill,w_280,h_210,f_jpg?from=ke.com
20240311,海淀,安宁庄,101120620551,板楼中间层 通透两居室 满五年方便看房 诚意出售,498万,70769元/平,中楼层 (共7层) 2室1厅 | 70.37平米 | 东 西,https://ke-image.ljcdn.com/110000-inspection/e20bf66a-7ff5-4758-9cec-468d48f39927_1000.jpg!m_fill,w_280,h_210,f_jpg?from=ke.com
20240311,海淀,安宁庄,101120581076,阳光北里 电梯大两居 满五唯一 看房方便 临近地铁,530万,56342元/平,低楼层 (共18层) 2室1厅 | 94.07平米 | 东南 北,https://ke-image.ljcdn.com/110000-inspection/45ad1164-b455-465a-8fb4-1e7bfaeb2a0d_1000.jpg!m_fill,w_280,h_210,f_jpg?from=ke.com
20240311,海淀,安宁庄,101120579322,清上园 2室1厅 东 南,837万,79867元/平,中楼层 (共19层) 2室1厅 | 104.8平米 | 东 南,https://ke-image.ljcdn.com/110000-inspection/bf55946b-0f50-4259-8aa4-69c779b652fb_1000.jpg!m_fill,w_280,h_210,f_jpg?from=ke.com
20240311,海淀,安宁庄,101120574853,阳光北里 两居  小区中间位置  满五年唯一房主自荐,520万,73551元/平,低楼层 (共18层) 2室1厅 | 70.7平米 | 西南,https://ke-image.ljcdn.com/110000-inspection/20795405-4604-469e-94ab-964873280f05_1000.jpg!m_fill,w_280,h_210,f_jpg?from=ke.com
20240311,海淀,安宁庄,101120528649,安宁里南区板楼两居大卧室两居！,535万,68058元/平,中楼层 (共7层) 2室1厅 | 78.61平米 | 东 西,https://ke-image.ljcdn.com/110000-inspection/pc1_CnFnv7NGD_1.jpg!m_fill,w_280,h_210,f_jpg?from=ke.com
20240311,海淀,安宁庄,101120459031,海淀产权 安宁庄东路2号院 南北2居380,380万,60996元/平,顶层 (共6层) | 1983年 | 2室1厅 | 62.3平米 | 南 北,https://ke-image.ljcdn.com/110000-inspection/pc1_XoUz8Q9F4_1.jpg!m_fill,w_280,h_210,f_jpg?from=ke.com
20240311,海淀,安宁庄,101120400010,地壳所南向一居室 看房方便 稳定签约,324万,73637元/平,中楼层 (共6层) | 1994年 | 1室1厅 | 44平米 | 南,https://ke-image.ljcdn.com/110000-inspection/72acdc51-a2a0-43cc-b6ae-786f1d53e5c5_1000.jpg!m_fill,w_280,h_210,f_jpg?from=ke.com
20240311,海淀,安宁庄,101120391122,安宁里南区 2室1厅 东房主自荐,550万,68502元/平,中楼层 (共18层) | 1999年 | 2室1厅 | 80.29平米 | 东,https://ke-image.ljcdn.com/110000-inspection/1c850bce-795b-4ae4-88ea-86cb17a975ea_1000.jpg!m_fill,w_280,h_210,f_jpg?from=ke.com
20240311,海淀,安宁庄,101120379829,毛纺北小区两居    中间层   带电梯   满五年唯一房主自荐,493万,85740元/平,中楼层 (共6层) 2室1厅 | 57.5平米 | 南 北,https://ke-image.ljcdn.com/110000-inspection/b252c519-af1e-4d75-9498-996eb29b4d65_1000.jpg!m_fill,w_280,h_210,f_jpg?from=ke.com
20240311,海淀,安宁庄,101120371349,房子满五年唯一精装修中间楼层。,999万,96560元/平,中楼层 (共9层) | 2005年 | 2室1厅 | 103.46平米 | 北 南,https://ke-image.ljcdn.com/110000-inspection/pc1_9sPJ57W3U.jpg!m_fill,w_280,h_210,f_jpg?from=ke.com
20240311,海淀,安宁庄,101120355744,海淀产权开间一居安宁佳园带电梯无抵押随时签,360万,95618元/平,中楼层 (共18层) 1室0厅 | 37.65平米 | 北,https://ke-image.ljcdn.com/110000-inspection/pc1_E6W6C2EVf_1.jpg!m_fill,w_280,h_210,f_jpg?from=ke.com
20240311,海淀,安宁庄,101120327809,清上园南北通透大2居两梯三户视线开阔采光特好房主自荐,998万,91084元/平,中楼层 (共17层) 2室2厅 | 109.57平米 | 南 北,https://ke-image.ljcdn.com/110000-inspection/39c6f02f-9100-4a63-8a41-ebfde0bd9577_1000.jpg!m_fill,w_280,h_210,f_jpg?from=ke.com
20240311,海淀,安宁庄,101120302825,安宁里南区双南两居室、小区中间位置、随时签约、,506万,68231元/平,中楼层 (共7层) | 2002年 | 2室1厅 | 74.16平米 | 南,https://ke-image.ljcdn.com/110000-inspection/pc1_VwoXUQeHL_1.jpg!m_fill,w_280,h_210,f_jpg?from=ke.com
20240311,海淀,安宁庄,101120275541,安宁里优质两居室看房方便诚心卖房主自荐,419万,70766元/平,底层 (共6层) 2室1厅 | 59.21平米 | 南 北,https://ke-image.ljcdn.com/110000-inspection/832804eb-d5d3-40f5-af9b-46dc288f6398_1000.jpg!m_fill,w_280,h_210,f_jpg?from=ke.com
20240311,海淀,安宁庄,101120180797,安宁佳园优质三居室、高楼层采光好、诚心卖。房主自荐,799万,76798元/平,高楼层 (共10层) | 2007年 | 3室2厅 | 104.04平米 | 南 北,https://ke-image.ljcdn.com/110000-inspection/pc1_9wdSD48So_1.jpg!m_fill,w_280,h_210,f_jpg?from=ke.com
20240311,海淀,安宁庄,101120097606,上林溪  精装修  满五年  13年板楼,830万,89517元/平,顶层 (共9层) | 2013年 | 2室1厅 | 92.72平米 | 西南,https://ke-image.ljcdn.com/110000-inspection/d72704d0-0986-42f4-b7df-dcb0656cb9a0_1000.jpg!m_fill,w_280,h_210,f_jpg?from=ke.com
20240311,海淀,安宁庄,101120094956,海淀安宁里南区电梯东向两居 满五唯一,530万,63879元/平,中楼层 (共18层) | 1999年 | 2室1厅 | 82.97平米 | 东,https://ke-image.ljcdn.com/110000-inspection/faab3647-43b0-47e6-ba91-69a95ff3716a_1000.jpg!m_fill,w_280,h_210,f_jpg?from=ke.com
20240311,海淀,安宁庄,101120052954,上林溪南向两居室 观景房 业主诚意出售 带车位,855万,90881元/平,顶层 (共19层) 2室1厅 | 94.08平米 | 南,https://ke-image.ljcdn.com/110000-inspection/pc1_5Q5wHMO9o_1.jpg!m_fill,w_280,h_210,f_jpg?from=ke.com
20240311,海淀,安宁庄,101120049175,清上园 2室1厅 南 西,855万,97204元/平,高楼层 (共11层) | 2005年 | 2室1厅 | 87.96平米 | 南 西,https://ke-image.ljcdn.com/110000-inspection/pc1_wme2Oixr8_1.jpg!m_fill,w_280,h_210,f_jpg?from=ke.com
20240311,海淀,安宁庄,101120023452,地壳所 海淀大两居630万  满五唯一,588万,65927元/平,顶层 (共6层) 3室1厅 | 89.19平米 | 北 南,https://ke-image.ljcdn.com/110000-inspection/pc1_7FsJ4gwtc_1.jpg!m_fill,w_280,h_210,f_jpg?from=ke.com
20240311,海淀,安宁庄,101120003603,安宁里正规一居室中间楼层满五唯一诚意出售,365万,89615元/平,中楼层 (共6层) | 1995年 | 1室1厅 | 40.73平米 | 南 北,https://ke-image.ljcdn.com/110000-inspection/1e604928-a040-4c0d-bb0f-b9a2833ba4c5_1000.jpg!m_fill,w_280,h_210,f_jpg?from=ke.com
20240311,海淀,安宁庄,101119956380,海淀阳光北里 两居室 带电梯 采光视野好 诚心出售,518万,54469元/平,高楼层 (共18层) 2室1厅 | 95.1平米 | 东 西南 北,https://ke-image.ljcdn.com/110000-inspection/pc1_d1vC3ZT0L.jpg!m_fill,w_280,h_210,f_jpg?from=ke.com
20240311,海淀,安宁庄,101119848291,07年商品房 有电梯 次顶层 精装修  高档社区精品开间房主自荐,339万,93081元/平,高楼层 (共18层) | 2007年 | 1室0厅 | 36.42平米 | 北,https://ke-image.ljcdn.com/110000-inspection/997feca0-1a13-4a70-ad8f-013cf40caf39_1000.jpg!m_fill,w_280,h_210,f_jpg?from=ke.com
20240311,海淀,安宁庄,101119838558,安宁里南区 3室1厅 东 北,699万,65684元/平,低楼层 (共18层) | 2000年 | 3室1厅 | 106.42平米 | 东 北,https://ke-image.ljcdn.com/110000-inspection/pc1_SMati6mWn_1.jpg!m_fill,w_280,h_210,f_jpg?from=ke.com
20240311,海淀,安宁庄,101119836627,安宁里南区 2室1厅 东 西,466万,56948元/平,高楼层 (共7层) 2室1厅 | 81.83平米 | 东 西,https://ke-image.ljcdn.com/110000-inspection/c96ee5b2-74c3-4868-ba12-4f976136654b_1000.jpg!m_fill,w_280,h_210,f_jpg?from=ke.com
20240311,海淀,安宁庄,101119817449,阳光北里精装一居   满五唯一  高楼层  采光视野好房主自荐,400万,76336元/平,中楼层 (共18层) | 1996年 | 1室1厅 | 52.4平米 | 南,https://ke-image.ljcdn.com/110000-inspection/55a75319-7a5a-4e81-b8f5-3698e4283e3a_1000.jpg!m_fill,w_280,h_210,f_jpg?from=ke.com
20240311,海淀,安宁庄,101119760634,安宁里优质两居 店长推荐 中间楼层 g房,485万,81009元/平,中楼层 (共6层) 2室1厅 | 59.87平米 | 南 北,https://ke-image.ljcdn.com/110000-inspection/acf975fa-2c45-4408-92ae-828ecc95c8a6_1000.jpg!m_fill,w_280,h_210,f_jpg?from=ke.com
20240311,海淀,安宁庄,101119656126,安宁里南区满五唯一两居室欢迎咨询看房房主自荐,400万,57729元/平,低楼层 (共7层) 2室1厅 | 69.29平米 | 西南,https://ke-image.ljcdn.com/110000-inspection/pc1_CGm8sKUCm.jpg!m_fill,w_280,h_210,f_jpg?from=ke.com
20240311,海淀,安宁庄,101119623946,安宁里干休所两居室业主诚意出售房主自荐,415万,72808元/平,高楼层 (共6层) | 1999年 | 2室1厅 | 57平米 | 东南,https://ke-image.ljcdn.com/110000-inspection/e9f0590f-a6dc-439f-b7e0-760ca8a3b1a3_1000.jpg!m_fill,w_280,h_210,f_jpg?from=ke.com
20240311,海淀,安宁庄,101119590958,安宁里房改房两居室 采光好 换房诚意出售 看房方便,398万,66323元/平,顶层 (共6层) 2室1厅 | 60.01平米 | 东 西,https://ke-image.ljcdn.com/110000-inspection/ed6ad8b6-7e94-41f3-a474-368536ac0ed0_1000.jpg!m_fill,w_280,h_210,f_jpg?from=ke.com
20240311,海淀,安宁庄,101119585139,安宁里南区正规一居室诚意出售欢迎看房沟通,458万,81235元/平,低楼层 (共7层) | 2002年 | 1室1厅 | 56.38平米 | 东,https://ke-image.ljcdn.com/110000-inspection/9a863069-8053-458c-96e1-99faf1c0d2c5_1000.jpg!m_fill,w_280,h_210,f_jpg?from=ke.com
20240311,海淀,安宁庄,101119560148,安宁里南区  满五唯一  中间楼层495万,495万,74036元/平,中楼层 (共7层) 2室1厅 | 66.86平米 | 南 北,https://ke-image.ljcdn.com/110000-inspection/fd315778-6f3d-4ffb-b255-ff074c1d7107_1000.jpg!m_fill,w_280,h_210,f_jpg?from=ke.com
20240311,海淀,安宁庄,101119546035,阳光北里 看房方便  诚意出售 价格可谈房主自荐,528万,63234元/平,高楼层 (共18层) | 1998年 | 2室1厅 | 83.5平米 | 南 西 北,https://ke-image.ljcdn.com/110000-inspection/616ba957-b30a-4428-8ed7-9cadfbb87653_1000.jpg!m_fill,w_280,h_210,f_jpg?from=ke.com
20240311,海淀,安宁庄,101119360010,满五年电梯大两居 中楼层采光好 随时可看 诚意出售房主自荐,518万,62433元/平,低楼层 (共18层) | 1999年 | 2室1厅 | 82.97平米 | 东南,https://ke-image.ljcdn.com/110000-inspection/73e1263d-c96d-4349-bac5-4d6c0cbb1db7_1000.jpg!m_fill,w_280,h_210,f_jpg?from=ke.com
20240311,海淀,安宁庄,101119280764,阳光北里 2室1厅 西 南,499万,65144元/平,顶层 (共18层) 2室1厅 | 76.6平米 | 西 南,https://ke-image.ljcdn.com/110000-inspection/16cc9898-48b1-45c6-bd6e-01ff7676683f_1000.jpg!m_fill,w_280,h_210,f_jpg?from=ke.com
20240311,海淀,安宁庄,101119116740,毛纺住宅北小区 2室1厅 东 西,570万,72984元/平,低楼层 (共14层) | 1997年 | 2室1厅 | 78.1平米 | 东 西,https://ke-image.ljcdn.com/110000-inspection/5611a972-6a93-4853-9bbd-6cf66170abd2_1000.jpg!m_fill,w_280,h_210,f_jpg?from=ke.com
20240311,海淀,安宁庄,101119083848,海淀产权安宁佳园全明格局两居精装修随时签约,768万,87582元/平,低楼层 (共18层) 2室1厅 | 87.69平米 | 东南,https://ke-image.ljcdn.com/110000-inspection/bd24b99b-6bf8-4993-b535-1f12d0d34542_1000.jpg!m_fill,w_280,h_210,f_jpg?from=ke.com
20240311,海淀,安宁庄,101119046316,安宁庄东路2号院单位分配家属楼,418万,68977元/平,高楼层 (共6层) | 1986年 | 2室1厅 | 60.6平米 | 南 北,https://ke-image.ljcdn.com/110000-inspection/pc1_xfJVjjFYI_1.jpg!m_fill,w_280,h_210,f_jpg?from=ke.com
20240311,海淀,安宁庄,101118983903,高档社区 全明格局 带地上固定车位 精装修 诚意出售房主自荐,788万,90544元/平,低楼层 (共18层) | 2007年 | 2室1厅 | 87.03平米 | 南 西,https://ke-image.ljcdn.com/110000-inspection/44472f8a-2504-4c05-81f6-d6bf6f3a876c_1000.jpg!m_fill,w_280,h_210,f_jpg?from=ke.com
20240311,海淀,安宁庄,101118968593,满五唯一 安宁里南区 南北两居 中间层,538万,73649元/平,中楼层 (共7层) | 2000年 | 2室1厅 | 73.05平米 | 南 北,https://ke-image.ljcdn.com/110000-inspection/58717d20-b0fc-44ef-bc9e-7faa9ba28251_1000.jpg!m_fill,w_280,h_210,f_jpg?from=ke.com
20240311,海淀,安宁庄,101118934213,阳光北里 看房方便 诚意出售 价格可谈,699万,70181元/平,高楼层 (共18层) | 1998年 | 3室1厅 | 99.6平米 | 西南,https://ke-image.ljcdn.com/110000-inspection/pc1_Um9FCeY9B_1.jpg!m_fill,w_280,h_210,f_jpg?from=ke.com
20240311,海淀,安宁庄,101118909008,海淀产权地壳所  南北两居  满五唯一 精装,595万,66712元/平,高楼层 (共6层) 2室1厅 | 89.19平米 | 南 北,https://ke-image.ljcdn.com/110000-inspection/pc1_YAuNYle0N.jpg!m_fill,w_280,h_210,f_jpg?from=ke.com
20240311,海淀,安宁庄,101118845006,海淀 两居南北海淀产权业主诚心出售满五年公,450万,73290元/平,中楼层 (共5层) | 1992年 | 2室1厅 | 61.4平米 | 南 北,https://ke-image.ljcdn.com/110000-inspection/6d179bf3-b960-4c0b-8bdc-65cd3d0e1ce1_1000.jpg!m_fill,w_280,h_210,f_jpg?from=ke.com
20240311,海淀,安宁庄,101118757195,清上园新上二期两居室满五唯一高楼层诚心卖方便看,998万,91084元/平,中楼层 (共17层) | 2005年 | 2室1厅 | 109.57平米 | 南 北,https://ke-image.ljcdn.com/110000-inspection/d4dc5bab-dbdc-4e68-b114-67f008ac0a36_1000.jpg!m_fill,w_280,h_210,f_jpg?from=ke.com
20240311,海淀,安宁庄,101118736262,海淀产权安宁佳园2008年小户型诚心出售精装修房主自荐,380万,104339元/平,中楼层 (共18层) 1室0厅 | 36.42平米 | 北,https://ke-image.ljcdn.com/110000-inspection/pc1_f124pejJf_1.jpg!m_fill,w_280,h_210,f_jpg?from=ke.com
20240311,海淀,安宁庄,101118682118,毛纺住宅北小区 看房方便 诚意出售,535万,87049元/平,高楼层 (共6层) | 1992年 | 2室1厅 | 61.46平米 | 南 北,https://ke-image.ljcdn.com/110000-inspection/4f0ba124-45d5-462b-ac90-3103e316c9c3_1000.jpg!m_fill,w_280,h_210,f_jpg?from=ke.com
20240311,海淀,安宁庄,101118668127,安宁里南区精装一居室、低楼层、看房方便、随时签约。,425万,72538元/平,底层 (共7层) 1室1厅 | 58.59平米 | 东 西,https://ke-image.ljcdn.com/110000-inspection/efa89491-6f25-4555-b83f-05fc90a5d2e6_1000.jpg!m_fill,w_280,h_210,f_jpg?from=ke.com
20240311,海淀,安宁庄,101118630237,安宁里南区 2室1厅 东南,565万,70794元/平,高楼层 (共18层) | 1999年 | 2室1厅 | 79.81平米 | 东南,https://ke-image.ljcdn.com/110000-inspection/4ff7a8bd-7b20-43fb-a8d9-2839f4779a98_1000.jpg!m_fill,w_280,h_210,f_jpg?from=ke.com
20240311,海淀,安宁庄,101118344008,清上园两居室满五唯一看房方便价格能谈诚心卖,568万,79765元/平,中楼层 (共19层) | 2003年 | 2室1厅 | 71.21平米 | 西北,https://ke-image.ljcdn.com/110000-inspection/345d34ed-0379-45dc-9e60-f4219f56763a_1000.jpg!m_fill,w_280,h_210,f_jpg?from=ke.com
20240311,海淀,安宁庄,101118304179,地壳所优质两居室、看房方便、随时签约。,372万,71129元/平,顶层 (共5层) | 1978年 | 2室1厅 | 52.3平米 | 南 北,https://ke-image.ljcdn.com/110000-inspection/2b6e1d17-1396-4eed-8d3b-1c2afbeda7e9_1000.jpg!m_fill,w_280,h_210,f_jpg?from=ke.com
20240311,海淀,安宁庄,101118149228,2007年高档社区 全明格局 主卧客厅朝南两居室房主自荐,718万,81880元/平,底层 (共18层) 2室1厅 | 87.69平米 | 东 南,https://ke-image.ljcdn.com/110000-inspection/4dd615ac-b4ad-49c9-a4d9-212e6fe23e5b_1000.jpg!m_fill,w_280,h_210,f_jpg?from=ke.com
20240311,海淀,安宁庄,101118113836,只有契税 南北通透 带保姆间 装修好 保持好,1300万,97474元/平,底层 (共21层) 3室2厅 | 133.37平米 | 南 北,https://ke-image.ljcdn.com/110000-inspection/7eaada93-70b8-47f8-b068-b529bf74d32f_1000.jpg!m_fill,w_280,h_210,f_jpg?from=ke.com
20240311,海淀,安宁庄,101118042020,全屋智能家居  全屋定制家具  院中院单独管理,520万,91229元/平,低楼层 (共6层) 2室1厅 | 57平米 | 南 北,https://ke-image.ljcdn.com/110000-inspection/e1005663-90ab-4b86-870d-37dfea0a89c1_1000.jpg!m_fill,w_280,h_210,f_jpg?from=ke.com
20240311,海淀,安宁庄,101118016081,清上园 中高楼层 大四居室 满五唯一 南北通透,1350万,77223元/平,中楼层 (共21层) | 2003年 | 4室2厅 | 174.82平米 | 南 北,https://ke-image.ljcdn.com/110000-inspection/a5fa18f1-d693-4471-9842-0328b8617ab0_1000.jpg!m_fill,w_280,h_210,f_jpg?from=ke.com
20240311,海淀,安宁庄,101117988962,清河陶瓷厂宿舍 店长推荐 优质2居,369万,65310元/平,中楼层 (共6层) 2室1厅 | 56.5平米 | 南 北,https://ke-image.ljcdn.com/110000-inspection/20a57ae7-0976-4c50-b1e8-250619f68663_1000.jpg!m_fill,w_280,h_210,f_jpg?from=ke.com
20240311,海淀,安宁庄,101117856984,毛纺住宅北小区 诚意出售 价格可谈房主自荐,468万,60544元/平,顶层 (共6层) 2室1厅 | 77.3平米 | 北 南,https://ke-image.ljcdn.com/110000-inspection/pc1_1676svlnb_1.jpg!m_fill,w_280,h_210,f_jpg?from=ke.com
20240311,海淀,安宁庄,101117746855,小米旁四居室还是板楼看房就知道了,698万,68298元/平,底层 (共6层) | 1999年 | 3室1厅 | 102.2平米 | 北 南,https://ke-image.ljcdn.com/110000-inspection/68960d8a-bd33-453d-abe0-df570852f818_1000.jpg!m_fill,w_280,h_210,f_jpg?from=ke.com
20240311,海淀,安宁庄,101117278180,满五唯一正规三居室对着小区花园房主自荐,999万,67960元/平,低楼层 (共20层) 3室1厅 | 147平米 | 西南 北,https://ke-image.ljcdn.com/110000-inspection/cc961f07-7c96-48b1-bf67-9b60a11f60cf_1000.jpg!m_fill,w_280,h_210,f_jpg?from=ke.com
20240311,海淀,安宁庄,101117226633,清河安宁庄电梯两居室 满五唯一一手房业主房主自荐,485万,65364元/平,中楼层 (共18层) | 1996年 | 2室1厅 | 74.2平米 | 西南 北,https://ke-image.ljcdn.com/110000-inspection/25a7fcf8-02cd-43e5-bb44-7635fc6bc7eb_1000.jpg!m_fill,w_280,h_210,f_jpg?from=ke.com
20240311,海淀,安宁庄,101117071852,户型方正客厅带阳台南向一梯三户空间利用合理,700万,108125元/平,底层 (共11层) | 2016年 | 1室1厅 | 64.74平米 | 南,https://ke-image.ljcdn.com/110000-inspection/e0a2ada2-5800-4dee-83a3-2371b193b3fb_1000.jpg!m_fill,w_280,h_210,f_jpg?from=ke.com
20240311,海淀,安宁庄,101116418187,地壳所 2室1厅 南,435万,80706元/平,顶层 (共5层) 2室1厅 | 53.9平米 | 南,https://ke-image.ljcdn.com/110000-inspection/1f199dda-bf71-4938-a82e-f821a23b398b_1000.jpg!m_fill,w_280,h_210,f_jpg?from=ke.com
20240311,海淀,安宁庄,101116393874,安宁里南区优质一居室满五唯一看房方便诚意出售,385万,74053元/平,高楼层 (共7层) 1室1厅 | 51.99平米 | 东 西,https://ke-image.ljcdn.com/110000-inspection/39519447-8c5c-4cf8-973d-c6974d13e13c_1000.jpg!m_fill,w_280,h_210,f_jpg?from=ke.com
20240311,海淀,安宁庄,101116369645,水利局一处宿舍 2室1厅 南 北房主自荐,410万,68220元/平,顶层 (共5层) 2室1厅 | 60.1平米 | 南 北,https://ke-image.ljcdn.com/110000-inspection/pc1_gKFuScSp2.jpg!m_fill,w_280,h_210,f_jpg?from=ke.com
20240311,海淀,安宁庄,101116085541,安宁里小区两居室诚意出售满五年唯一南北通透,418万,68694元/平,高楼层 (共6层) | 1996年 | 2室1厅 | 60.85平米 | 南 北,https://ke-image.ljcdn.com/110000-inspection/pc1_cYT14cvkJ.jpg!m_fill,w_280,h_210,f_jpg?from=ke.com
20240311,海淀,安宁庄,101116014806,安宁里 2室1厅 东 西,398万,68385元/平,顶层 (共6层) | 1994年 | 2室1厅 | 58.2平米 | 东 西,https://ke-image.ljcdn.com/110000-inspection/pc1_H5KWbatxP_1.jpg!m_fill,w_280,h_210,f_jpg?from=ke.com
20240311,海淀,安宁庄,101115806084,南北通透好楼层   精装修  位置安静,460万,78512元/平,中楼层 (共7层) | 2000年 | 1室1厅 | 58.59平米 | 南 北,https://ke-image.ljcdn.com/110000-inspection/pc1_ZVom7xMp1_1.jpg!m_fill,w_280,h_210,f_jpg?from=ke.com
20240311,海淀,安宁庄,101115797081,安宁里小区 东西向两居室 户型方正 诚意出售,518万,76969元/平,中楼层 (共6层) 2室1厅 | 67.3平米 | 东 西,https://ke-image.ljcdn.com/110000-inspection/pc1_rCzjR5nMX.jpg!m_fill,w_280,h_210,f_jpg?from=ke.com
20240311,海淀,安宁庄,101115656688,安宁里 南北通透 店长推荐 诚心出售,450万,85878元/平,高楼层 (共6层) | 1990年 | 1室1厅 | 52.4平米 | 南 北,https://ke-image.ljcdn.com/110000-inspection/be21fe14-e39c-40ad-8546-50dcff7be68b_1000.jpg!m_fill,w_280,h_210,f_jpg?from=ke.com
20240311,海淀,安宁庄,101114715598,安宁里南区正规两居满五唯一视野开阔诚心出售,389万,81569元/平,顶层 (共7层) | 2000年 | 2室1厅 | 47.69平米 | 东 西,https://ke-image.ljcdn.com/110000-inspection/a624e8ae-e10b-4531-a7d8-91fcde802e75_1000.jpg!m_fill,w_280,h_210,f_jpg?from=ke.com
20240311,海淀,安宁庄,101114655061,安宁华庭一区 有车位 一层 楼间距大 无遮挡 价格优质,1260万,92887元/平,底层 (共21层) 3室2厅 | 135.65平米 | 东 南 北,https://ke-image.ljcdn.com/110000-inspection/pc1_hSdozJjwz_1.jpg!m_fill,w_280,h_210,f_jpg?from=ke.com
20240311,海淀,安宁庄,101112837743,安宁里 东西一居 中间楼层  靠谱出售,365万,87657元/平,中楼层 (共6层) 1室1厅 | 41.64平米 | 东 西,https://ke-image.ljcdn.com/110000-inspection/pc1_bQLFm4Qll_1.jpg!m_fill,w_280,h_210,f_jpg?from=ke.com
20240311,海淀,安宁庄,101123304364,六层电梯板楼正规三室小区正中位置满五年唯一新上,590万,74874元/平,中楼层 (共6层) | 1994年 | 3室1厅 | 78.8平米 | 南 北,https://ke-image.ljcdn.com/110000-inspection/9ff5d75b-f33a-4270-9a5e-00840b4311ce_1000.jpg!m_fill,w_280,h_210,f_jpg?from=ke.com
20240311,海淀,安宁庄,101123246785,海淀产权小户型总低的全明一居安宁佳园诚心出售新上,420万,83500元/平,底层 (共18层) | 2007年 | 1室1厅 | 50.3平米 | 东 北,https://ke-image.ljcdn.com/110000-inspection/346986a9-7c35-4223-ac21-298b1cabf78e_1000.jpg!m_fill,w_280,h_210,f_jpg?from=ke.com
20240311,海淀,安宁庄,101123140777,清上园 1室1厅 东南,365万,78025元/平,中楼层 (共19层) | 2003年 | 1室1厅 | 46.78平米 | 东南,https://ke-image.ljcdn.com/110000-inspection/pc1_pJ3QCYFNL.jpg!m_fill,w_280,h_210,f_jpg?from=ke.com
20240311,海淀,安宁庄,101123118604,上林溪 1室0厅 南,499万,101320元/平,顶层 (共9层) | 2013年 | 1室0厅 | 49.25平米 | 南,https://ke-image.ljcdn.com/110000-inspection/pc1_khVI8sNBu_1.jpg!m_fill,w_280,h_210,f_jpg?from=ke.com
20240311,海淀,安宁庄,101122998244,毛纺北小区 新上东西两居 电梯板楼 满五唯一 看房方便,590万,70072元/平,低楼层 (共14层) | 1997年 | 2室1厅 | 84.2平米 | 东 西,https://ke-image.ljcdn.com/110000-inspection/pc1_rHOMjmE5T.jpg!m_fill,w_280,h_210,f_jpg?from=ke.com
20240311,海淀,安宁庄,101122887621,清河小米旁边安宁里南区两居满五年诚心出售,520万,67965元/平,底层 (共18层) 2室1厅 | 76.51平米 | 东,https://ke-image.ljcdn.com/110000-inspection/pc1_bKvelF7kJ_1.jpg!m_fill,w_280,h_210,f_jpg?from=ke.com
20240311,海淀,安宁庄,101122804891,清上园 3室1厅 南 北,1250万,123360元/平,底层 (共6层) 3室1厅 | 101.33平米 | 南 北,https://ke-image.ljcdn.com/110000-inspection/pc1_5Wx6RaZ88_1.jpg!m_fill,w_280,h_210,f_jpg?from=ke.com
20240311,海淀,安宁庄,101122785110,上林溪二区 中间位置 婚房装修 看房方便,930万,115114元/平,顶层 (共11层) | 2016年 | 2室1厅 | 80.79平米 | 南 北,https://ke-image.ljcdn.com/110000-inspection/864a3109-f3fb-4edf-9046-d85e0f1c8fb3_1000.jpg!m_fill,w_280,h_210,f_jpg?from=ke.com
20240311,海淀,安宁庄,101122746935,安宁里南区 2室1厅 东,530万,73408元/平,低楼层 (共18层) 2室1厅 | 72.2平米 | 东,https://ke-image.ljcdn.com/110000-inspection/deb5e6c9-1520-4a42-9be3-a25c4da54f09_1000.jpg!m_fill,w_280,h_210,f_jpg?from=ke.com
20240311,海淀,安宁庄,101122691315,房子一层带下跃满五年唯一南北通透房主自荐,1198万,118380元/平,底层 (共6层) 3室2厅 | 101.2平米 | 南 北,https://ke-image.ljcdn.com/110000-inspection/c8b32ad4-cb5c-4e01-882f-03c2c63a150b_1000.jpg!m_fill,w_280,h_210,f_jpg?from=ke.com
20240311,海淀,安宁庄,101122689473,安宁佳园 2室1厅 西南,689万,88584元/平,低楼层 (共18层) | 2007年 | 2室1厅 | 77.78平米 | 西南,https://ke-image.ljcdn.com/110000-inspection/886d05aa-dc50-4221-b3aa-a6d0c3d16710_1000.jpg!m_fill,w_280,h_210,f_jpg?from=ke.com
20240311,海淀,安宁庄,101122589581,阳光北里 南向一居室 户型格局方正 好利用,370万,70611元/平,底层 (共18层) | 1996年 | 1室1厅 | 52.4平米 | 南,https://ke-image.ljcdn.com/110000-inspection/187375d6-0597-4cba-bf3b-2650637c3a08_1000.jpg!m_fill,w_280,h_210,f_jpg?from=ke.com
20240311,海淀,安宁庄,101122582504,安宁佳园精装正规一室一厅全明格局无遮挡。,449万,89247元/平,底层 (共18层) 1室1厅 | 50.31平米 | 东 北,https://ke-image.ljcdn.com/110000-inspection/ccba851c-f6c6-4519-b0bb-04a50faad915_1000.jpg!m_fill,w_280,h_210,f_jpg?from=ke.com
20240311,海淀,安宁庄,101122538887,高层精装三居有电梯格局好满五唯一随时签约,520万,63338元/平,低楼层 (共18层) | 1996年 | 3室1厅 | 82.1平米 | 东 东南 南,https://ke-image.ljcdn.com/110000-inspection/prod-7707a9fd-ff67-4fe1-921e-ea8fa6f49779.jpg!m_fill,w_280,h_210,f_jpg?from=ke.com
20240311,海淀,安宁庄,101122477992,清上园二期两居室一梯两户业主诚意出售,820万,85390元/平,顶层 (共9层) 2室1厅 | 96.03平米 | 南 北,https://ke-image.ljcdn.com/110000-inspection/pc1_yi5vYcmo5.jpg!m_fill,w_280,h_210,f_jpg?from=ke.com
20240311,海淀,安宁庄,101122339356,小米旁边海淀产权安宁里一居急售,365万,86555元/平,中楼层 (共6层) 1室1厅 | 42.17平米 | 东 西,https://ke-image.ljcdn.com/110000-inspection/9e31ed96-98c8-4e4d-8055-c9d3e1fa5f7e_1000.jpg!m_fill,w_280,h_210,f_jpg?from=ke.com
20240311,海淀,安宁庄,101122304198,南北通透的二居室精装修采光好,398万,67803元/平,顶层 (共6层) 2室1厅 | 58.7平米 | 北 南,https://ke-image.ljcdn.com/110000-inspection/3ebdd7aa-1170-40bc-922d-7e2dac67872e_1000.jpg!m_fill,w_280,h_210,f_jpg?from=ke.com
20240311,海淀,安宁庄,101122284350,安宁里南区 4室2厅 南 北,660万,55772元/平,高楼层 (共7层) | 2000年 | 4室2厅 | 118.34平米 | 南 北,https://ke-image.ljcdn.com/110000-inspection/1db9e0e2-3115-4b71-817b-e6ae742643d9_1000.jpg!m_fill,w_280,h_210,f_jpg?from=ke.com
20240311,海淀,安宁庄,101122160996,阳光北里 3室1厅 东 南,679万,79416元/平,中楼层 (共18层) | 1996年 | 3室1厅 | 85.5平米 | 东 南,https://ke-image.ljcdn.com/110000-inspection/4a7656c4-1563-4ec3-99c8-7a7945768828_1000.jpg!m_fill,w_280,h_210,f_jpg?from=ke.com
20240311,海淀,安宁庄,101122107638,清上园南北通透三居室精装满五唯一诚心卖,1040万,80796元/平,中楼层 (共19层) 3室2厅 | 128.72平米 | 南 北,https://ke-image.ljcdn.com/110000-inspection/2207ab25-33ef-4d82-b4dd-5646d70ed85d_1000.jpg!m_fill,w_280,h_210,f_jpg?from=ke.com
20240311,海淀,安宁庄,101122056732,动力厂宿舍 2室1厅 南 北,420万,71551元/平,顶层 (共6层) 2室1厅 | 58.7平米 | 南 北,https://ke-image.ljcdn.com/110000-inspection/69d1969f-2b61-4359-aa9e-652851937349_1000.jpg!m_fill,w_280,h_210,f_jpg?from=ke.com
20240311,海淀,安宁庄,101121962800,安宁里南区 2室1厅 东南,540万,71505元/平,底层 (共18层) 2室1厅 | 75.52平米 | 东南,https://ke-image.ljcdn.com/110000-inspection/pc1_D1FkAjiqN_1.jpg!m_fill,w_280,h_210,f_jpg?from=ke.com
20240311,海淀,安宁庄,101121511790,阳光北里 正规一居 满五年 靠谱出售 价格可谈 近地铁,438万,79348元/平,中楼层 (共18层) 1室1厅 | 55.2平米 | 西南,https://ke-image.ljcdn.com/110000-inspection/55090907-3bdb-4f5f-a7b9-fd67366dded6_1000.jpg!m_fill,w_280,h_210,f_jpg?from=ke.com
20240311,海淀,安宁庄,101121338155,清上园二期南北三居室两梯两户视野采光好房主自荐,1228万,91261元/平,中楼层 (共17层) | 2005年 | 3室1厅 | 134.56平米 | 南 北,https://ke-image.ljcdn.com/110000-inspection/ee75b059-756f-4fc6-ab61-7564fcbebdd8_1000.jpg!m_fill,w_280,h_210,f_jpg?from=ke.com
20240311,海淀,安宁庄,101121322755,阳光北里 精装一居 满五唯一 看房方便 临近地铁 诚售,399万,72283元/平,中楼层 (共18层) | 1998年 | 1室1厅 | 55.2平米 | 东南,https://ke-image.ljcdn.com/110000-inspection/f2c49090-e6e4-4cf3-a472-cf11f08b9def_1000.jpg!m_fill,w_280,h_210,f_jpg?from=ke.com
20240311,海淀,安宁庄,101121112719,安宁佳园全明户型两居满五年唯一采光好靠谱出售,667万,85943元/平,中楼层 (共18层) | 2007年 | 2室1厅 | 77.61平米 | 东 北 南,https://ke-image.ljcdn.com/110000-inspection/04150f11-771a-4f24-8581-027859b7f2e0_1000.jpg!m_fill,w_280,h_210,f_jpg?from=ke.com
20240311,海淀,安宁庄,101121095243,安宁里南区优质一居室、精装修、随时签约。,350万,72091元/平,顶层 (共7层) | 2000年 | 1室1厅 | 48.55平米 | 东 西,https://ke-image.ljcdn.com/110000-inspection/783984a2-21b7-455c-a67d-504291f1a0d7_1000.jpg!m_fill,w_280,h_210,f_jpg?from=ke.com
20240311,海淀,安宁庄,101121082318,安宁里南区精装一居室、拎包入住、诚心卖。,375万,72130元/平,中楼层 (共7层) | 2000年 | 1室1厅 | 51.99平米 | 东 西,https://ke-image.ljcdn.com/110000-inspection/7f654aa7-5c29-4ce2-84ab-2fb67560573c_1000.jpg!m_fill,w_280,h_210,f_jpg?from=ke.com
20240311,海淀,安宁庄,101121021161,海淀产权安宁里正规两居精装急售满五年唯一商,418万,71809元/平,顶层 (共6层) 2室1厅 | 58.21平米 | 南 北,https://ke-image.ljcdn.com/110000-inspection/1c0bcae7-c1a8-4844-8ba0-d5c23eac5be8_1000.jpg!m_fill,w_280,h_210,f_jpg?from=ke.com
20240311,海淀,安宁庄,101120883873,清上园新上全南两居室精装修诚心卖看房方便价可谈,699万,81774元/平,低楼层 (共19层) | 2003年 | 2室1厅 | 85.48平米 | 南,https://ke-image.ljcdn.com/110000-inspection/9828c97c-544b-4473-aedd-e15a13e08b98_1000.jpg!m_fill,w_280,h_210,f_jpg?from=ke.com
20240311,海淀,安宁庄,101120868265,地壳所一层二居室看房提前联系有惊喜,459万,77534元/平,底层 (共6层) | 1994年 | 2室1厅 | 59.2平米 | 南 北,https://ke-image.ljcdn.com/110000-inspection/pc1_NnJkpuk8n.jpg!m_fill,w_280,h_210,f_jpg?from=ke.com
20240311,海淀,安宁庄,101120782757,海淀产权安宁里南区板楼南北通透三居室,586万,54119元/平,高楼层 (共7层) | 2000年 | 3室2厅 | 108.28平米 | 南 北,https://ke-image.ljcdn.com/110000-inspection/d4f67ad8-2518-4648-92fb-ee6c63d34199_1000.jpg!m_fill,w_280,h_210,f_jpg?from=ke.com
20240311,海淀,安宁庄,101120213703,清上园 满五年唯一 南北通透 电梯房房主自荐,850万,85290元/平,中楼层 (共11层) 2室2厅 | 99.66平米 | 南 北,https://ke-image.ljcdn.com/110000-inspection/6cd4e57b-eedd-40a9-b813-3c3dade9bdc7_1000.jpg!m_fill,w_280,h_210,f_jpg?from=ke.com
20240311,海淀,安宁庄,101119401675,小米旁二居室全南向看房约就可以,395万,72611元/平,高楼层 (共6层) | 1986年 | 2室1厅 | 54.4平米 | 东南,https://ke-image.ljcdn.com/110000-inspection/637c934e-5875-4ccb-af85-3f2360a56871_1000.jpg!m_fill,w_280,h_210,f_jpg?from=ke.com
20240311,海淀,安宁庄,101119145975,毛纺住宅北小区 诚意出售 随时可签房主自荐,508万,96031元/平,底层 (共6层) | 1992年 | 2室1厅 | 52.9平米 | 南 北,https://ke-image.ljcdn.com/110000-inspection/pc1_o7rjEMjSz_1.jpg!m_fill,w_280,h_210,f_jpg?from=ke.com
20240311,海淀,安宁庄,101119137345,清上园二期板楼两居室满五唯一中间楼层靠谱签字,978万,98134元/平,中楼层 (共11层) 2室1厅 | 99.66平米 | 南 北,https://ke-image.ljcdn.com/110000-inspection/58229ada-50ea-4f04-a4d7-e57aae936975_1000.jpg!m_fill,w_280,h_210,f_jpg?from=ke.com
20240311,海淀,安宁庄,101119007655,少有电梯两室两厅 中楼层采光好 随时可看 诚意出售,660万,67728元/平,低楼层 (共18层) | 2000年 | 2室2厅 | 97.45平米 | 东南,https://ke-image.ljcdn.com/110000-inspection/a4785143-25c4-4d10-a379-bef55ec932e2_1000.jpg!m_fill,w_280,h_210,f_jpg?from=ke.com
20240311,海淀,安宁庄,101118918322,有电梯 中高层 高档社区 全明格局 诚意出售房主自荐,500万,95896元/平,高楼层 (共18层) | 2007年 | 1室1厅 | 52.14平米 | 西,https://ke-image.ljcdn.com/110000-inspection/299f21d4-9ef6-4d73-b205-b3575df3ed83_1000.jpg!m_fill,w_280,h_210,f_jpg?from=ke.com
20240311,海淀,安宁庄,101118795047,满五年唯一 精装修 正规一居室 落地窗 采光好 位置佳,490万,87422元/平,低楼层 (共18层) 1室1厅 | 56.05平米 | 东 南,https://ke-image.ljcdn.com/110000-inspection/pc1_3wCMusJJ8_1.jpg!m_fill,w_280,h_210,f_jpg?from=ke.com
20240311,海淀,安宁庄,101118551935,眼镜户型两居 精装修 中间位置采光好 位置好,930万,106799元/平,顶层 (共11层) 2室1厅 | 87.08平米 | 南,https://ke-image.ljcdn.com/110000-inspection/2ed8635c-4d37-4ddf-b6f0-4ba18a46e417_1000.jpg!m_fill,w_280,h_210,f_jpg?from=ke.com
20240311,海淀,安宁庄,101118549958,海淀区安宁里双阳台大两居小米周边满五年唯一商,466万,70181元/平,顶层 (共6层) | 1996年 | 2室1厅 | 66.4平米 | 南 北,https://ke-image.ljcdn.com/110000-inspection/pc1_6ZHEstVAt_1.jpg!m_fill,w_280,h_210,f_jpg?from=ke.com
20240311,海淀,安宁庄,101118474438,卖！大卖！大大的卖！安宁里南区精装大一居,416万,71002元/平,中楼层 (共7层) | 2000年 | 1室1厅 | 58.59平米 | 南 北,https://ke-image.ljcdn.com/110000-inspection/pc1_IB8iR2MSf_1.jpg!m_fill,w_280,h_210,f_jpg?from=ke.com
20240311,海淀,安宁庄,101118257121,地壳所 南向一居室 业主诚心出售 看房随时 稳定签约,380万,86384元/平,底层 (共6层) | 1994年 | 1室1厅 | 43.99平米 | 南,https://ke-image.ljcdn.com/110000-inspection/pc1_xlVRI2ANZ_1.jpg!m_fill,w_280,h_210,f_jpg?from=ke.com
20240311,海淀,安宁庄,101118000205,水利局一处宿舍南北通透2023年4月25日满五年唯一,398万,66223元/平,中楼层 (共5层) 2室1厅 | 60.1平米 | 南 北,https://ke-image.ljcdn.com/110000-inspection/pc1_gZr5qAUhM.jpg!m_fill,w_280,h_210,f_jpg?from=ke.com
20240311,海淀,安宁庄,101117949912,安宁佳园三居室两个卫生间板楼一梯两户,948万,93427元/平,底层 (共10层) 3室1厅 | 101.47平米 | 南 北,https://ke-image.ljcdn.com/110000-inspection/f4317a41-bc47-4275-ad9e-0cbf369052bc_1000.jpg!m_fill,w_280,h_210,f_jpg?from=ke.com
20240311,海淀,安宁庄,101117887384,精装修南北通透的三居室一层带下跃满五唯一。,1520万,118316元/平,底层 (共9层) 3室2厅 | 128.47平米 | 南 北,https://ke-image.ljcdn.com/110000-inspection/410ea1fa-ce1a-431d-9615-045dbebd123d_1000.jpg!m_fill,w_280,h_210,f_jpg?from=ke.com
20240311,海淀,安宁庄,101117865618,满五年唯一高楼层采光好视野好,517万,82457元/平,高楼层 (共19层) 1室1厅 | 62.7平米 | 东南,https://ke-image.ljcdn.com/110000-inspection/9c6467d1-b963-45e8-adc0-3a8e2fa52821_1000.jpg!m_fill,w_280,h_210,f_jpg?from=ke.com
20240311,海淀,安宁庄,101117274565,安宁里正规一居室满五唯一中间楼层业主诚意出售,380万,90112元/平,中楼层 (共6层) 1室1厅 | 42.17平米 | 东 西,https://ke-image.ljcdn.com/110000-inspection/pc1_tXDny0iEX.jpg!m_fill,w_280,h_210,f_jpg?from=ke.com
20240311,海淀,安宁庄,101114329889,精装大三居是 南北通透客厅明厅 诚意出售 精装修,780万,69322元/平,顶层 (共6层) | 2003年 | 3室1厅 | 112.52平米 | 南 北,https://ke-image.ljcdn.com/110000-inspection/c8405859-b53f-4d60-9f43-2be65303077a_1000.jpg!m_fill,w_280,h_210,f_jpg?from=ke.com
20240311,海淀,安宁庄,101123317288,上林溪 2室2厅 南 北,1050万,102270元/平,顶层 (共11层) | 2014年 | 2室2厅 | 102.67平米 | 南 北,https://s1.ljcdn.com/pegasus/redskull/images/common/default_house_list.png?_v=20240306121103
20240311,海淀,安宁庄,101123224719,上林溪 车位,55万,16723元/平,地下室 | 2012年 | 1室0厅 | 32.89平米 | 南,https://ke-image.ljcdn.com/110000-inspection/993fb8ce6efc64da6cf466f94f9fdafb-040.jpg!m_fill,w_280,h_210,f_jpg?from=ke.com
20240311,海淀,安宁庄,101123103969,清上园 1室1厅 东南,450万,71771元/平,中楼层 (共19层) | 2003年 | 1室1厅 | 62.7平米 | 东南,https://s1.ljcdn.com/pegasus/redskull/images/common/default_house_list.png?_v=20240306121103
20240311,海淀,安宁庄,101123072766,地壳所 2室1厅 南 北,400万,79381元/平,高楼层 (共6层) 2室1厅 | 50.39平米 | 南 北,https://s1.ljcdn.com/pegasus/redskull/images/common/default_house_list.png?_v=20240306121103
20240311,海淀,安宁庄,101122824627,阳光北里 3室1厅 东 东南,495万,75000元/平,低楼层 (共18层) | 1996年 | 3室1厅 | 66平米 | 东 东南,https://s1.ljcdn.com/pegasus/redskull/images/common/default_house_list.png?_v=20240306121103
20240311,海淀,安宁庄,101122527048,上林溪 车位,55万,20889元/平,地下室 1室0厅 | 26.33平米 | 南,https://ke-image.ljcdn.com/110000-inspection/b25bb44d9d088c7b0d1c4b7e0d5bab04-081.jpg!m_fill,w_280,h_210,f_jpg?from=ke.com
20240311,海淀,安宁庄,101120906402,上林溪 车位,50万,19562元/平,地下室 | 2018年 | 1室0厅 | 25.56平米 | 南,https://ke-image.ljcdn.com/110000-inspection/852955dcc6a1c1726bccf1fc9cba2844-065.jpg!m_fill,w_280,h_210,f_jpg?from=ke.com
20240311,海淀,安宁庄,101118896118,地下车位 产权清晰 无抵押 无贷款,55万,21236元/平,地下室 | 2015年 | 1室0厅 | 25.9平米 | 南 北,https://ke-image.ljcdn.com/110000-inspection/168f009bdc36830844e9ddcd4bd85e62-025.jpg!m_fill,w_280,h_210,f_jpg?from=ke.com
20240311,海淀,安宁庄,101115312524,上林溪 车位,95万,17952元/平,地下室 | 2018年 | 1室0厅 | 52.92平米 | 南,https://ke-image.ljcdn.com/110000-inspection/093b372c-9d27-4346-b4ae-9a05d7c670ab.jpg!m_fill,w_280,h_210,f_jpg?from=ke.com
20240311,海淀,安宁庄,101113107085,上林溪车位 地下一层 全款购买 位置好 随时可签,55万,21722元/平,地下室 | 2018年 | 1室0厅 | 25.32平米 | 南 北,https://ke-image.ljcdn.com/110000-inspection/78ac8a2bd4b13044742c78c0e8d5626d-067.jpg!m_fill,w_280,h_210,f_jpg?from=ke.com
