20240318,门头沟,冯村,101123270255,丽景长安难得三居室商品房中高层三面采光视野开阔必看好房,439万,41167元/平,中楼层 (共23层) | 2012年 | 3室1厅 | 106.64平米 | 南 北 西,https://ke-image.ljcdn.com/110000-inspection/2a181c82-52be-4dec-b1cf-0c4930f2f671_1000.jpg!m_fill,w_280,h_210,f_jpg?from=ke.com
20240318,门头沟,冯村,101123106184,丽景长安二期南向精装修两居室正对小区中间花园必看好房,335万,38506元/平,高楼层 (共27层) | 2015年 | 2室1厅 | 87平米 | 南,https://ke-image.ljcdn.com/110000-inspection/91c4b898-31c0-406a-b13b-792a5d9bb9d8_1000.jpg!m_fill,w_280,h_210,f_jpg?from=ke.com
20240318,门头沟,冯村,101122868708,丽景长安纯南向两居室 带电梯 采光好必看好房,349万,39329元/平,中楼层 (共26层) 2室1厅 | 88.74平米 | 南,https://ke-image.ljcdn.com/110000-inspection/532b9cbe-c5ff-4524-8f4c-90f4c1309b37_1000.jpg!m_fill,w_280,h_210,f_jpg?from=ke.com
20240318,门头沟,冯村,101122836348,四季怡园北区 3室1厅 东南必看好房,349万,39904元/平,中楼层 (共20层) 3室1厅 | 87.46平米 | 东南,https://ke-image.ljcdn.com/110000-inspection/350f86bb-ed28-4289-96e1-8564ad17ef11_1000.jpg!m_fill,w_280,h_210,f_jpg?from=ke.com
20240318,门头沟,冯村,101122720293,四季怡园北区 三居室 采光无遮挡 干净 现状好必看好房,325万,37348元/平,低楼层 (共20层) 3室1厅 | 87.02平米 | 南,https://ke-image.ljcdn.com/110000-inspection/8b950175-5b00-4a2d-94ca-2f3026d600a5_1000.jpg!m_fill,w_280,h_210,f_jpg?from=ke.com
20240318,门头沟,冯村,101123111318,丽景长安二期 标准一居室 精装修 满五唯一,238万,38172元/平,低楼层 (共27层) 1室1厅 | 62.35平米 | 西,https://ke-image.ljcdn.com/110000-inspection/67bdb215-fbd7-440f-9bce-ee7b4bf138e1_1000.jpg!m_fill,w_280,h_210,f_jpg?from=ke.com
20240318,门头沟,冯村,101122787655,四季怡园北区南北通透三居室楼间距大,360万,40500元/平,低楼层 (共20层) 3室1厅 | 88.89平米 | 南 北,https://ke-image.ljcdn.com/110000-inspection/pc1_Gi0ARwxNu_1.jpg!m_fill,w_280,h_210,f_jpg?from=ke.com
20240318,门头沟,冯村,101122405328,满五唯一商品房 位置好正对小区水系人工湖必看好房,315万,36207元/平,低楼层 (共27层) | 2015年 | 2室1厅 | 87平米 | 南,https://ke-image.ljcdn.com/110000-inspection/pc1_kNdvxYEXo.jpg!m_fill,w_280,h_210,f_jpg?from=ke.com
20240318,门头沟,冯村,101122321009,和苑 房子是满五年唯一 商品房 业主做过更名必看好房,320万,35992元/平,中楼层 (共28层) | 2012年 | 2室1厅 | 88.91平米 | 南 西 北,https://ke-image.ljcdn.com/110000-inspection/pc1_1MsD6Bdh9_1.jpg!m_fill,w_280,h_210,f_jpg?from=ke.com
20240318,门头沟,冯村,101121754047,西长安街+S1线上岸站电梯次顶层南北通透双阳台必看好房,399万,36171元/平,高楼层 (共11层) 2室2厅 | 110.31平米 | 南 北,https://ke-image.ljcdn.com/110000-inspection/e9f8e6b4-08a9-42f4-9680-bbe733e5cfea_1000.jpg!m_fill,w_280,h_210,f_jpg?from=ke.com
20240318,门头沟,冯村,101121505380,冯村信园 南北朝向 采光充足 视野开阔 满五唯一必看好房,243万,33722元/平,底层 (共6层) 2室1厅 | 72.06平米 | 南 北,https://ke-image.ljcdn.com/110000-inspection/pc1_bvMQfjqhl.jpg!m_fill,w_280,h_210,f_jpg?from=ke.com
20240318,门头沟,冯村,101121136269,冯村信园小区 满五唯一成本价南北通透 大两居必看好房,206万,25738元/平,顶层 (共6层) 2室1厅 | 80.04平米 | 南 北,https://ke-image.ljcdn.com/110000-inspection/pc1_gd1gpCAHd.jpg!m_fill,w_280,h_210,f_jpg?from=ke.com
20240318,门头沟,冯村,101120974824,北京城建开发 精装四居室楼龄新先装好,580万,43046元/平,低楼层 (共18层) | 2018年 | 4室2厅 | 134.74平米 | 东 南 北,https://ke-image.ljcdn.com/110000-inspection/pc1_oVwbjcVc6.jpg!m_fill,w_280,h_210,f_jpg?from=ke.com
20240318,门头沟,冯村,101120922488,丽景长安三居室双明卫满五唯一二次装修必看好房,598万,42727元/平,中楼层 (共10层) 3室1厅 | 139.96平米 | 南 北,https://ke-image.ljcdn.com/110000-inspection/f6af68ff-a1a5-43e4-aed9-e3e12a31c37a_1000.jpg!m_fill,w_280,h_210,f_jpg?from=ke.com
20240318,门头沟,冯村,101120542871,丽景长安二期满二南北通透人车分流四居室必看好房,649万,42720元/平,低楼层 (共18层) | 2016年 | 4室2厅 | 151.92平米 | 南 北,https://ke-image.ljcdn.com/110000-inspection/pc1_JqtEJwTUV_1.jpg!m_fill,w_280,h_210,f_jpg?from=ke.com
20240318,门头沟,冯村,101120283838,中间位置一天未住全新两居！高楼层视野采光好！,379万,43509元/平,高楼层 (共23层) 2室1厅 | 87.11平米 | 南,https://ke-image.ljcdn.com/110000-inspection/pc1_RhIGcyhdA.jpg!m_fill,w_280,h_210,f_jpg?from=ke.com
20240318,门头沟,冯村,101122871546,润景公馆和苑精装修顶层满五唯一商品房房主自荐,298万,38617元/平,顶层 (共28层) | 2012年 | 2室1厅 | 77.17平米 | 南,https://ke-image.ljcdn.com/110000-inspection/dd55ea88-8481-4936-ba7c-6c463b383ce6_1000.jpg!m_fill,w_280,h_210,f_jpg?from=ke.com
20240318,门头沟,冯村,101122668656,华润西山墅  上叠边户 内部有电梯必看好房,1850万,41134元/平,中楼层 (共5层) 5室2厅 | 449.75平米 | 南 北,https://ke-image.ljcdn.com/110000-inspection/pc1_e4LjQZm8n_1.jpg!m_fill,w_280,h_210,f_jpg?from=ke.com
20240318,门头沟,冯村,101122507819,丽景一期南北通透不临街无遮挡无抵押两居室,346万,37646元/平,低楼层 (共23层) | 2012年 | 2室1厅 | 91.91平米 | 南 北,https://ke-image.ljcdn.com/110000-inspection/pc1_0UiHikDQm.jpg!m_fill,w_280,h_210,f_jpg?from=ke.com
20240318,门头沟,冯村,101122326732,丽景长安 2室1厅 南必看好房,348万,39199元/平,中楼层 (共26层) 2室1厅 | 88.78平米 | 南,https://ke-image.ljcdn.com/110000-inspection/a2e6e289-6e7f-473d-833f-d9a85750d992_1000.jpg!m_fill,w_280,h_210,f_jpg?from=ke.com
20240318,门头沟,冯村,101122322078,保利首开四季怡园北区 紧凑两居室 高楼层视野开阔,280万,39955元/平,高楼层 (共20层) 2室1厅 | 70.08平米 | 南 北 西,https://ke-image.ljcdn.com/110000-inspection/pc1_jXBphBt3N_1.jpg!m_fill,w_280,h_210,f_jpg?from=ke.com
20240318,门头沟,冯村,101121478503,华润西山墅洋房 人车分流 华润开发必看好房,838万,52755元/平,低楼层 (共6层) | 2020年 | 4室2厅 | 158.85平米 | 南 北,https://ke-image.ljcdn.com/110000-inspection/pc1_19IUN3WKe_1.jpg!m_fill,w_280,h_210,f_jpg?from=ke.com
20240318,门头沟,冯村,101120784781,丽景一期高楼层南北通透视野佳两居室,358万,38973元/平,高楼层 (共26层) 2室1厅 | 91.86平米 | 南 北,https://ke-image.ljcdn.com/110000-inspection/pc1_ti9p9VV7D.jpg!m_fill,w_280,h_210,f_jpg?from=ke.com
20240318,门头沟,冯村,101123365973,丽景长安二期 南北三居室 采光视野无遮挡 产权清晰新上,595万,43403元/平,低楼层 (共25层) 3室2厅 | 137.09平米 | 南 北,https://ke-image.ljcdn.com/110000-inspection/pc1_uqNuQxFnv.jpg!m_fill,w_280,h_210,f_jpg?from=ke.com
20240318,门头沟,冯村,101123339281,丽景长安  南北通透户型方正明卫通风性好。新上,580万,44868元/平,低楼层 (共11层) 3室1厅 | 129.27平米 | 南 北,https://ke-image.ljcdn.com/110000-inspection/00043a83-55b9-43ce-974c-0c1a862fe4b2_1000.jpg!m_fill,w_280,h_210,f_jpg?from=ke.com
20240318,门头沟,冯村,101123317605,冯村嘉园 低楼层 精装修 南北通透 两居室新上,308万,37630元/平,低楼层 (共6层) | 2002年 | 2室1厅 | 81.85平米 | 南 北,https://ke-image.ljcdn.com/110000-inspection/pc1_MkxF2g5ag.jpg!m_fill,w_280,h_210,f_jpg?from=ke.com
20240318,门头沟,冯村,101123248283,冯村信园小区 3室1厅 南 北,276万,26849元/平,高楼层 (共6层) | 1997年 | 3室1厅 | 102.8平米 | 南 北,https://ke-image.ljcdn.com/110000-inspection/9dbb397a-6320-43e1-b8d8-4627e2df3443_1000.jpg!m_fill,w_280,h_210,f_jpg?from=ke.com
20240318,门头沟,冯村,101123238331,西长安街沿线中间楼层南北通透大两居室,272万,31522元/平,中楼层 (共6层) | 1997年 | 2室1厅 | 86.29平米 | 南 北,https://ke-image.ljcdn.com/110000-inspection/e5d028b8-613a-4ee7-bc4b-ea75b0b76780_1000.jpg!m_fill,w_280,h_210,f_jpg?from=ke.com
20240318,门头沟,冯村,101123226628,丽景长安二期精装大三居高楼层视野好,610万,44497元/平,高楼层 (共25层) 3室2厅 | 137.09平米 | 南 北,https://ke-image.ljcdn.com/110000-inspection/0499f9a6-013a-4f51-a821-224c99abad64_1000.jpg!m_fill,w_280,h_210,f_jpg?from=ke.com
20240318,门头沟,冯村,101123213362,四季怡园北区南向三居室户型方正 满五年,318万,36360元/平,低楼层 (共20层) 3室1厅 | 87.46平米 | 南 西,https://ke-image.ljcdn.com/110000-inspection/pc1_CnM9nWVLm.jpg!m_fill,w_280,h_210,f_jpg?from=ke.com
20240318,门头沟,冯村,101123134399,四季怡园北区户型方正 三居室满五唯一,355万,40805元/平,顶层 (共20层) 3室1厅 | 87平米 | 西南,https://ke-image.ljcdn.com/110000-inspection/bc56d8bc-89b4-44c3-9220-e1240a1a4600_1000.jpg!m_fill,w_280,h_210,f_jpg?from=ke.com
20240318,门头沟,冯村,101122947922,冯村信园 低楼层 精装修 两居室,253万,35125元/平,低楼层 (共6层) | 1997年 | 2室1厅 | 72.03平米 | 南 北,https://ke-image.ljcdn.com/110000-inspection/pc1_Pme9zLRUv_1.jpg!m_fill,w_280,h_210,f_jpg?from=ke.com
20240318,门头沟,冯村,101122862687,四季怡园南区  精装三居室 满五唯一只有契税,340万,38375元/平,中楼层 (共20层) | 2018年 | 3室1厅 | 88.6平米 | 南,https://ke-image.ljcdn.com/110000-inspection/6f04e97b-83d7-4d74-8e10-183cf4492f1a_1000.jpg!m_fill,w_280,h_210,f_jpg?from=ke.com
20240318,门头沟,冯村,101122845328,丽景长安二期 南向两居室 采光视野好 无遮挡 产权清晰,315万,36899元/平,顶层 (共27层) | 2015年 | 2室1厅 | 85.37平米 | 南,https://ke-image.ljcdn.com/110000-inspection/pc1_XjBWI24L0.jpg!m_fill,w_280,h_210,f_jpg?from=ke.com
20240318,门头沟,冯村,101122765650,此房南北通透、中间楼层、采光好、无遮挡、户型方正。,400万,38633元/平,中楼层 (共6层) | 2002年 | 2室1厅 | 103.54平米 | 南 北,https://ke-image.ljcdn.com/110000-inspection/fe38aa15-b522-4538-bf38-8989c1858624_1000.jpg!m_fill,w_280,h_210,f_jpg?from=ke.com
20240318,门头沟,冯村,101122750387,四季怡园北区南北通透88.89平三室两厅一卫,368万,41400元/平,高楼层 (共20层) | 2018年 | 3室1厅 | 88.89平米 | 南 北,https://ke-image.ljcdn.com/110000-inspection/pc1_aeVA5Ugrd.jpg!m_fill,w_280,h_210,f_jpg?from=ke.com
20240318,门头沟,冯村,101122748498,丽景长安 满五唯一商品房 人车分流 外立面干挂石材,350万,38185元/平,低楼层 (共26层) | 2014年 | 2室1厅 | 91.66平米 | 南 北,https://ke-image.ljcdn.com/110000-inspection/pc1_bnmO7PdQL_1.jpg!m_fill,w_280,h_210,f_jpg?from=ke.com
20240318,门头沟,冯村,101122683438,冯村嘉园二区 2室1厅 南 北,310万,39744元/平,高楼层 (共6层) | 2002年 | 2室1厅 | 78平米 | 南 北,https://ke-image.ljcdn.com/110000-inspection/913d1274-54db-4d64-bbd0-f640208b0ac1_1000.jpg!m_fill,w_280,h_210,f_jpg?from=ke.com
20240318,门头沟,冯村,101122618693,润西山苑 华润精装 管家物业 低密洋房 随时签约,550万,41168元/平,低楼层 (共10层) | 2014年 | 3室1厅 | 133.6平米 | 西 南,https://ke-image.ljcdn.com/110000-inspection/3291fc66-fae2-4652-95bc-9b273a44de02_1000.jpg!m_fill,w_280,h_210,f_jpg?from=ke.com
20240318,门头沟,冯村,101122603907,和苑 1室1厅 南,298万,38617元/平,低楼层 (共28层) | 2012年 | 1室1厅 | 77.17平米 | 南,https://ke-image.ljcdn.com/110000-inspection/pc1_0k0lof9pT.jpg!m_fill,w_280,h_210,f_jpg?from=ke.com
20240318,门头沟,冯村,101122522492,冯村信园小区 中间楼层 满五年成本价住房,248万,34416元/平,中楼层 (共6层) 2室1厅 | 72.06平米 | 南 北,https://ke-image.ljcdn.com/110000-inspection/e79e2ecf-7247-44a0-b9e9-00de56a3e75f_1000.jpg!m_fill,w_280,h_210,f_jpg?from=ke.com
20240318,门头沟,冯村,101122494384,丽景长安二期 4室2厅 南 北,899万,50087元/平,高楼层 (共18层) 4室2厅 | 179.49平米 | 南 北,https://ke-image.ljcdn.com/110000-inspection/c9b095a1-8e34-41aa-b24d-12dedd03811e_1000.jpg!m_fill,w_280,h_210,f_jpg?from=ke.com
20240318,门头沟,冯村,101122491743,润西山苑 满五年 高楼层 精装四居室 明厨明卫,860万,49012元/平,高楼层 (共10层) | 2014年 | 4室2厅 | 175.47平米 | 南 北,https://ke-image.ljcdn.com/110000-inspection/953fd8a8-3aaa-45d2-9522-23807d742dce_1000.jpg!m_fill,w_280,h_210,f_jpg?from=ke.com
20240318,门头沟,冯村,101122490800,长安街沿线冯村信园南北二居交通便利,215万,29845元/平,顶层 (共6层) 2室1厅 | 72.04平米 | 南 北,https://ke-image.ljcdn.com/110000-inspection/pc1_gTybJ7eNY.jpg!m_fill,w_280,h_210,f_jpg?from=ke.com
20240318,门头沟,冯村,101122468180,四季怡园北区 3室1厅 南,355万,40590元/平,底层 (共20层) 3室1厅 | 87.46平米 | 南,https://ke-image.ljcdn.com/110000-inspection/pc1_348EbDRj8.jpg!m_fill,w_280,h_210,f_jpg?from=ke.com
20240318,门头沟,冯村,101122430035,四季怡园南区 3室2厅 南 北,376万,42096元/平,中楼层 (共20层) | 2018年 | 3室2厅 | 89.32平米 | 南 北,https://ke-image.ljcdn.com/110000-inspection/pc1_Ta4qyW9op.jpg!m_fill,w_280,h_210,f_jpg?from=ke.com
20240318,门头沟,冯村,101122382561,丽景长安精装自住小三居 产权清晰 业主诚信出售,390万,42429元/平,底层 (共27层) | 2015年 | 3室1厅 | 91.92平米 | 南 西 北,https://ke-image.ljcdn.com/110000-inspection/pc1_a20qYkZhs.jpg!m_fill,w_280,h_210,f_jpg?from=ke.com
20240318,门头沟,冯村,101122355477,丽景长安二期 大客厅 精装修高楼层 人车分流,670万,43277元/平,顶层 (共24层) 4室2厅 | 154.82平米 | 南 北,https://ke-image.ljcdn.com/110000-inspection/b3820256-064a-45c3-a6dd-c84eb4655b73_1000.jpg!m_fill,w_280,h_210,f_jpg?from=ke.com
20240318,门头沟,冯村,101122341633,北京城建开发 高楼层 精装眼镜户型三居室,608万,51343元/平,高楼层 (共18层) | 2018年 | 3室2厅 | 118.42平米 | 南 北,https://ke-image.ljcdn.com/110000-inspection/pc1_Vc7Jiwv2d_1.jpg!m_fill,w_280,h_210,f_jpg?from=ke.com
20240318,门头沟,冯村,101122331419,保利首开 东南北三居室 采光好 视野好 无遮挡,385万,43085元/平,中楼层 (共20层) 3室1厅 | 89.36平米 | 南 北,https://ke-image.ljcdn.com/110000-inspection/36a0afaa-d657-4c7c-942a-76730ab73042_1000.jpg!m_fill,w_280,h_210,f_jpg?from=ke.com
20240318,门头沟,冯村,101122151490,丽景长安二期南北两居全明格局视野开阔,339万,38120元/平,高楼层 (共27层) | 2015年 | 2室1厅 | 88.93平米 | 南 北,https://ke-image.ljcdn.com/110000-inspection/pc1_qnzy4wmYx.jpg!m_fill,w_280,h_210,f_jpg?from=ke.com
20240318,门头沟,冯村,101122082110,丽景长安二期 两居室 纯南向户型好  采光无遮挡配套齐,320万,36782元/平,底层 (共27层) 2室1厅 | 87平米 | 南,https://ke-image.ljcdn.com/110000-inspection/pc1_oKcsk2tuE.jpg!m_fill,w_280,h_210,f_jpg?from=ke.com
20240318,门头沟,冯村,101121996607,冯村信园小区五年唯一南北通透楼层好、无遮挡、采光好,219万,30409元/平,高楼层 (共6层) | 1997年 | 2室1厅 | 72.02平米 | 南 北,https://ke-image.ljcdn.com/110000-inspection/pc1_kFWGqLswG.jpg!m_fill,w_280,h_210,f_jpg?from=ke.com
20240318,门头沟,冯村,101121925909,润西山苑  人车分流小区  南北通透  精装洋房四居室,780万,47527元/平,低楼层 (共10层) | 2012年 | 4室2厅 | 164.12平米 | 南 北,https://ke-image.ljcdn.com/110000-inspection/pc1_DgEKz84GL.jpg!m_fill,w_280,h_210,f_jpg?from=ke.com
20240318,门头沟,冯村,101121885416,丽景长安二期 1室1厅 西,266万,42663元/平,低楼层 (共27层) | 2015年 | 1室1厅 | 62.35平米 | 西,https://ke-image.ljcdn.com/110000-inspection/pc1_1qJrHD8qc.jpg!m_fill,w_280,h_210,f_jpg?from=ke.com
20240318,门头沟,冯村,101121862548,和苑高楼层南北通透两居室 采光好视野开阔房主自荐,309万,35046元/平,高楼层 (共28层) | 2012年 | 2室1厅 | 88.17平米 | 南 北,https://ke-image.ljcdn.com/110000-inspection/a6e0f0d6-5774-4b3f-bf45-85d69d418a0e_1000.jpg!m_fill,w_280,h_210,f_jpg?from=ke.com
20240318,门头沟,冯村,101121752948,丽景长安卫生间带窗的中间层南北通透二居室 精装自住,373万,40130元/平,中楼层 (共26层) 2室1厅 | 92.95平米 | 南 北,https://ke-image.ljcdn.com/110000-inspection/pc1_IJnRBOe3v.jpg!m_fill,w_280,h_210,f_jpg?from=ke.com
20240318,门头沟,冯村,101121655287,丽景长安三居室南北双通透高楼层,610万,43901元/平,高楼层 (共11层) 3室2厅 | 138.95平米 | 南 北,https://ke-image.ljcdn.com/110000-inspection/049706b8-ea33-4714-9f72-8bf45028b461_1000.jpg!m_fill,w_280,h_210,f_jpg?from=ke.com
20240318,门头沟,冯村,101121611044,丽景长安二期 高楼层采光视野很好 满五唯一购房成本低,259万,38995元/平,高楼层 (共27层) | 2015年 | 1室1厅 | 66.42平米 | 西北,https://ke-image.ljcdn.com/110000-inspection/228c1cda-45e3-4a06-91ed-c89c6dcfc9a3_1000.jpg!m_fill,w_280,h_210,f_jpg?from=ke.com
20240318,门头沟,冯村,101121579514,冯村嘉园一区 南北通透采光无遮挡配套设施齐全。房主自荐,448万,40566元/平,中楼层 (共11层) 2室2厅 | 110.44平米 | 南 北,https://ke-image.ljcdn.com/110000-inspection/789242b8-3dbf-4973-9b70-47e237b197b4_1000.jpg!m_fill,w_280,h_210,f_jpg?from=ke.com
20240318,门头沟,冯村,101121576198,冯村嘉园二区精装修采光好无遮挡满五年唯一南北通透,355万,38408元/平,高楼层 (共6层) 2室1厅 | 92.43平米 | 南 北,https://ke-image.ljcdn.com/110000-inspection/pc1_wkSdxMLA0.jpg!m_fill,w_280,h_210,f_jpg?from=ke.com
20240318,门头沟,冯村,101121503702,冯村信园小区东南北三面采光 满五 户型方正三居室出售房主自荐,263万,27537元/平,顶层 (共6层) | 1997年 | 3室1厅 | 95.51平米 | 南 北,https://ke-image.ljcdn.com/110000-inspection/pc1_xKn2sY67F.jpg!m_fill,w_280,h_210,f_jpg?from=ke.com
20240318,门头沟,冯村,101121451109,丽景长安二期小区中间位置边户高楼层视野开阔采光好,790万,43748元/平,顶层 (共18层) 4室2厅 | 180.58平米 | 南 北,https://ke-image.ljcdn.com/110000-inspection/2854fa0a-f34d-4795-b9c0-1d547b28212c_1000.jpg!m_fill,w_280,h_210,f_jpg?from=ke.com
20240318,门头沟,冯村,101121398853,丽景长安南北通透现状好温馨舒适,368万,39953元/平,中楼层 (共23层) 2室1厅 | 92.11平米 | 南 北,https://ke-image.ljcdn.com/110000-inspection/6a01b2aa-a599-4675-8187-4e4ecacc701f_1000.jpg!m_fill,w_280,h_210,f_jpg?from=ke.com
20240318,门头沟,冯村,101121368195,润西山此房满两年精装修现状保持的很好次顶层视野好,568万,44324元/平,高楼层 (共10层) | 2014年 | 3室1厅 | 128.15平米 | 南 北,https://ke-image.ljcdn.com/110000-inspection/5620d66e-632c-416c-abb2-b4d41d24f606_1000.jpg!m_fill,w_280,h_210,f_jpg?from=ke.com
20240318,门头沟,冯村,101121345398,润西山苑 满五唯一 精装四居 低楼层无遮挡,808万,48781元/平,低楼层 (共10层) | 2014年 | 4室2厅 | 165.64平米 | 南 北,https://ke-image.ljcdn.com/110000-inspection/pc1_6YZBD4cWi.jpg!m_fill,w_280,h_210,f_jpg?from=ke.com
20240318,门头沟,冯村,101121291112,润景公馆 西南朝向 精装修 满五唯一,398万,40005元/平,中楼层 (共20层) 2室1厅 | 99.49平米 | 西南,https://ke-image.ljcdn.com/110000-inspection/d5f87b9f-e019-4447-af31-5314d9c84076_1000.jpg!m_fill,w_280,h_210,f_jpg?from=ke.com
20240318,门头沟,冯村,101121168326,和苑（润景公馆） 国企华润开发,293万,37969元/平,低楼层 (共28层) 2室1厅 | 77.17平米 | 南,https://ke-image.ljcdn.com/110000-inspection/pc1_C08OBsia7.jpg!m_fill,w_280,h_210,f_jpg?from=ke.com
20240318,门头沟,冯村,101121023786,润西山 次顶层 好楼层 视野开阔 采光充足 诚心出售房主自荐,586万,45668元/平,高楼层 (共10层) | 2014年 | 3室1厅 | 128.32平米 | 南 北,https://ke-image.ljcdn.com/110000-inspection/pc1_DWnDyzDxP_1.jpg!m_fill,w_280,h_210,f_jpg?from=ke.com
20240318,门头沟,冯村,101121004241,冯村信园  满二年南北通透  中间楼层 精装两居室房主自荐,289万,36107元/平,中楼层 (共6层) 2室1厅 | 80.04平米 | 南 北,https://ke-image.ljcdn.com/110000-inspection/pc1_w3i1lLqrO.jpg!m_fill,w_280,h_210,f_jpg?from=ke.com
20240318,门头沟,冯村,101120947196,丽景长安满五唯一的中高层位置好南北通透自住二居室,386万,41488元/平,中楼层 (共26层) | 2012年 | 2室1厅 | 93.04平米 | 南 北,https://ke-image.ljcdn.com/110000-inspection/pc1_DVX3EidJc.jpg!m_fill,w_280,h_210,f_jpg?from=ke.com
20240318,门头沟,冯村,101120921776,冯村嘉园一区 满五唯一大平层精装修  采光视野好,550万,32793元/平,高楼层 (共6层) | 2002年 | 3室1厅 | 167.72平米 | 南 北,https://ke-image.ljcdn.com/110000-inspection/pc1_olQZcOYi0.jpg!m_fill,w_280,h_210,f_jpg?from=ke.com
20240318,门头沟,冯村,101120871842,润景公馆 精装修 全明格局 有电梯,430万,42390元/平,低楼层 (共20层) 2室1厅 | 101.44平米 | 东 西 北,https://ke-image.ljcdn.com/110000-inspection/pc1_dztsPUIKS.jpg!m_fill,w_280,h_210,f_jpg?from=ke.com
20240318,门头沟,冯村,101120828260,和苑（润景公馆）南北通透两居室满五唯一配套成熟,325万,36861元/平,中楼层 (共28层) 2室1厅 | 88.17平米 | 南 北,https://ke-image.ljcdn.com/110000-inspection/pc1_UTzzIKN3M.jpg!m_fill,w_280,h_210,f_jpg?from=ke.com
20240318,门头沟,冯村,101120756158,丽景长安双厅双卫精装自住三居 品质改善社区 诚信出售房主自荐,598万,43621元/平,低楼层 (共25层) | 2017年 | 3室2厅 | 137.09平米 | 南 北,https://ke-image.ljcdn.com/110000-inspection/pc1_wjFrkBqNw.jpg!m_fill,w_280,h_210,f_jpg?from=ke.com
20240318,门头沟,冯村,101120609958,人车分流百米楼间距精装修明卫两居高楼层视野好,372万,40929元/平,高楼层 (共27层) | 2015年 | 2室1厅 | 90.89平米 | 南 北 东,https://ke-image.ljcdn.com/110000-inspection/906585e4-c348-4fb7-9ecd-866de8c94013_1000.jpg!m_fill,w_280,h_210,f_jpg?from=ke.com
20240318,门头沟,冯村,101120222209,现状好没怎么住不临街楼层好采光好视野开阔配套全,610万,44503元/平,中楼层 (共25层) 3室2厅 | 137.07平米 | 南 北,https://ke-image.ljcdn.com/110000-inspection/d4a6365a-27cb-4c14-9841-cfb096c368fe_1000.jpg!m_fill,w_280,h_210,f_jpg?from=ke.com
20240318,门头沟,冯村,101120209015,润西山苑南北通透双卫三室。小区人车分流,570万,44421元/平,中楼层 (共10层) | 2014年 | 3室2厅 | 128.32平米 | 南 北,https://ke-image.ljcdn.com/110000-inspection/2d3b1617-58f2-4b29-bd6b-7e99b47fcf14_1000.jpg!m_fill,w_280,h_210,f_jpg?from=ke.com
20240318,门头沟,冯村,101120061744,丽景南向两居二次精装修温馨舒适,390万,47417元/平,顶层 (共11层) 2室1厅 | 82.25平米 | 南,https://ke-image.ljcdn.com/110000-inspection/53cbdb7b-b691-42cd-b184-1144a18b8c0e_1000.jpg!m_fill,w_280,h_210,f_jpg?from=ke.com
20240318,门头沟,冯村,101119610983,丽景长安二期 3室2厅 南 北,599万,43694元/平,低楼层 (共25层) | 2016年 | 3室2厅 | 137.09平米 | 南 北,https://ke-image.ljcdn.com/110000-inspection/pc1_eOmIOAqbW.jpg!m_fill,w_280,h_210,f_jpg?from=ke.com
20240318,门头沟,冯村,101119601662,南北通透人车分流公园式绿化位置好,395万,43048元/平,低楼层 (共26层) 2室1厅 | 91.76平米 | 南 北,https://ke-image.ljcdn.com/110000-inspection/pc1_SmQwFU30D.jpg!m_fill,w_280,h_210,f_jpg?from=ke.com
20240318,门头沟,冯村,101119508052,丽景长安二期 南向两居室 中间楼层 视野好,345万,39656元/平,中楼层 (共27层) | 2015年 | 2室1厅 | 87平米 | 南,https://ke-image.ljcdn.com/110000-inspection/pc1_of9sfpFg6.jpg!m_fill,w_280,h_210,f_jpg?from=ke.com
20240318,门头沟,冯村,101119289911,丽景长安一期高楼层南北通透两居室满五唯一,379万,41147元/平,高楼层 (共23层) | 2012年 | 2室1厅 | 92.11平米 | 南 北,https://ke-image.ljcdn.com/110000-inspection/2d906fe3-6ab3-424f-a65b-b77fbecb7681_1000.jpg!m_fill,w_280,h_210,f_jpg?from=ke.com
20240318,门头沟,冯村,101118947830,丽景长安大三居南北通透全明格局现状很好,598万,42727元/平,中楼层 (共10层) 3室2厅 | 139.96平米 | 南 北,https://ke-image.ljcdn.com/110000-inspection/pc1_6k2Sbm482.jpg!m_fill,w_280,h_210,f_jpg?from=ke.com
20240318,门头沟,冯村,101118687717,丽景长安二期前后不临街的中高层 采光视野不遮挡,860万,47625元/平,中楼层 (共18层) 4室2厅 | 180.58平米 | 南 北,https://ke-image.ljcdn.com/110000-inspection/b76b5d33-3396-45c4-b8f1-f27bb03345bf_1000.jpg!m_fill,w_280,h_210,f_jpg?from=ke.com
20240318,门头沟,冯村,101118355838,丽景长安二期人车分流南向两居室,330万,38810元/平,低楼层 (共27层) 2室1厅 | 85.03平米 | 南,https://ke-image.ljcdn.com/110000-inspection/pc1_MRM6Bsaal.jpg!m_fill,w_280,h_210,f_jpg?from=ke.com
20240318,门头沟,冯村,101118159970,丽景长安一期全南向两居室中高楼层采光视野好,389万,44657元/平,中楼层 (共23层) 2室1厅 | 87.11平米 | 南,https://ke-image.ljcdn.com/110000-inspection/6b664246-181b-49ce-bb51-95fc85df62ad_1000.jpg!m_fill,w_280,h_210,f_jpg?from=ke.com
20240318,门头沟,冯村,101118005935,丽景长安精装修采光好温馨舒适,386万,44333元/平,低楼层 (共23层) | 2014年 | 2室1厅 | 87.07平米 | 南,https://ke-image.ljcdn.com/110000-inspection/pc1_FbBrkjOST.jpg!m_fill,w_280,h_210,f_jpg?from=ke.com
20240318,门头沟,冯村,101117933845,丽景长安二期精装修高楼层 四居,688万,44325元/平,高楼层 (共27层) | 2016年 | 4室2厅 | 155.22平米 | 南 北,https://ke-image.ljcdn.com/110000-inspection/pc1_12WTjo5zT.jpg!m_fill,w_280,h_210,f_jpg?from=ke.com
20240318,门头沟,冯村,101117826536,丽景长安南北朝向二居室 精装自住 品质改善社区,368万,41667元/平,低楼层 (共27层) | 2015年 | 2室1厅 | 88.32平米 | 南 北,https://ke-image.ljcdn.com/110000-inspection/f20b0fb0-ec7a-4ca3-9b40-d9e0902ee053_1000.jpg!m_fill,w_280,h_210,f_jpg?from=ke.com
20240318,门头沟,冯村,101117287246,高楼层视野好接近全新丽景长安精装修双明卫三居室,595万,46189元/平,顶层 (共11层) 3室1厅 | 128.82平米 | 南 北,https://ke-image.ljcdn.com/110000-inspection/50165be2-e96f-40bc-8640-3ed99c43ea67_1000.jpg!m_fill,w_280,h_210,f_jpg?from=ke.com
20240318,门头沟,冯村,101117170504,丽景长安高楼层精装四居室 品质改善社区 公园式绿化,676万,43459元/平,高楼层 (共23层) 4室2厅 | 155.55平米 | 南 北,https://ke-image.ljcdn.com/110000-inspection/5b9f776a-b5da-4f56-82d6-d41039433364_1000.jpg!m_fill,w_280,h_210,f_jpg?from=ke.com
20240318,门头沟,冯村,101123422138,丽景长安 南北通透 满五唯一 只有契税新上,388万,42331元/平,低楼层 (共26层) | 2012年 | 2室1厅 | 91.66平米 | 南 北,https://ke-image.ljcdn.com/110000-inspection/pc1_ov1Te8jLA.jpg!m_fill,w_280,h_210,f_jpg?from=ke.com
20240318,门头沟,冯村,101123416841,丽景长安正规南北通透四居室 满五唯一新上,640万,44668元/平,低楼层 (共11层) 4室1厅 | 143.28平米 | 南 北,https://ke-image.ljcdn.com/110000-inspection/pc1_BxqPABFg7.jpg!m_fill,w_280,h_210,f_jpg?from=ke.com
20240318,门头沟,冯村,101123409985,此楼地势高楼层好采光好诚心出售视野开阔配套全新上,660万,43444元/平,中楼层 (共18层) | 2016年 | 4室2厅 | 151.92平米 | 南 北,https://ke-image.ljcdn.com/110000-inspection/24c65f50-82ec-4d49-8718-cefc0f7af11d_1000.jpg!m_fill,w_280,h_210,f_jpg?from=ke.com
20240318,门头沟,冯村,101123400140,润西山苑 3室2厅 南 北新上,680万,53355元/平,中楼层 (共9层) 3室2厅 | 127.45平米 | 南 北,https://ke-image.ljcdn.com/110000-inspection/938b812a-b31d-4e3b-a8ec-02b8aa9b3a45_1000.jpg!m_fill,w_280,h_210,f_jpg?from=ke.com
20240318,门头沟,冯村,101123384578,此房是满二年低楼层、南北通透、精装修、的两居室。新上,269万,33722元/平,低楼层 (共6层) | 1997年 | 2室2厅 | 79.77平米 | 南 北,https://ke-image.ljcdn.com/110000-inspection/pc1_Ed4XEVdYQ.jpg!m_fill,w_280,h_210,f_jpg?from=ke.com
20240318,门头沟,冯村,101123374182,丽景长安二期 中间楼层 视野开阔 看房方便 诚心出售新上,675万,43487元/平,中楼层 (共27层) 4室2厅 | 155.22平米 | 南 西 北,https://ke-image.ljcdn.com/110000-inspection/118ae5ac-749f-48dd-8241-ebaa4519eebe_1000.jpg!m_fill,w_280,h_210,f_jpg?from=ke.com
20240318,门头沟,冯村,101123338962,润西山苑 南北通透 一层下跃 洋房社区 采光无遮挡新上,870万,47461元/平,底层 (共9层) 3室2厅 | 183.31平米 | 南 北,https://ke-image.ljcdn.com/110000-inspection/pc1_ipFdKcjUN_1.jpg!m_fill,w_280,h_210,f_jpg?from=ke.com
20240318,门头沟,冯村,101123301857,此房满五年 原购房票280万、等同于满五唯一 户型方正新上,270万,27775元/平,高楼层 (共6层) 3室1厅 | 97.21平米 | 南 北,https://ke-image.ljcdn.com/110000-inspection/pc1_mBBef0Ibz_1.jpg!m_fill,w_280,h_210,f_jpg?from=ke.com
20240318,门头沟,冯村,101123301751,润西山苑 一层下跃 南北通透 毛坯未入住 看房方便新上,825万,40834元/平,底层 (共9层) 4室2厅 | 202.04平米 | 南 北,https://ke-image.ljcdn.com/110000-inspection/pc1_0fLyvGSoW.jpg!m_fill,w_280,h_210,f_jpg?from=ke.com
20240318,门头沟,冯村,101123285454,丽景长安二期 纯商品房 正规大两居 三面采光 好户型新上,490万,42646元/平,底层 (共25层) | 2016年 | 2室1厅 | 114.9平米 | 南 北,https://ke-image.ljcdn.com/110000-inspection/bbee8552-8399-4c7a-ab25-875e9598b126_1000.jpg!m_fill,w_280,h_210,f_jpg?from=ke.com
20240318,门头沟,冯村,101123280166,丽景长安小高层三居 江南园林景观 品质改善社区,585万,45743元/平,中楼层 (共11层) 3室2厅 | 127.89平米 | 南 北,https://ke-image.ljcdn.com/110000-inspection/pc1_HWgE0ueOv.jpg!m_fill,w_280,h_210,f_jpg?from=ke.com
20240318,门头沟,冯村,101123234535,西长安街沿线中间楼层南北通透户型,315万,34221元/平,中楼层 (共6层) | 1997年 | 4室1厅 | 92.05平米 | 南 北,https://ke-image.ljcdn.com/110000-inspection/pc1_OZvCEZN69.jpg!m_fill,w_280,h_210,f_jpg?from=ke.com
20240318,门头沟,冯村,101123216988,华润西山墅 一期联排 精装修 南北花园,2300万,43349元/平,底层 (共3层) | 2013年 | 5室3厅 | 530.58平米 | 南 北,https://ke-image.ljcdn.com/110000-inspection/pc1_05rtc1iJS_1.jpg!m_fill,w_280,h_210,f_jpg?from=ke.com
20240318,门头沟,冯村,101123165673,此房南北通透房本日期满五年看房方便,486万,44327元/平,底层 (共11层) | 2012年 | 3室1厅 | 109.64平米 | 北 南,https://ke-image.ljcdn.com/110000-inspection/pc1_n81YZCxiQ.jpg!m_fill,w_280,h_210,f_jpg?from=ke.com
20240318,门头沟,冯村,101123114999,北京城建 毛坯新房高楼层全明三居 视野开阔三面采光房主自荐,558万,46860元/平,高楼层 (共18层) | 2018年 | 3室2厅 | 119.08平米 | 南 北,https://ke-image.ljcdn.com/110000-inspection/cb282903-d097-435c-8ef0-d5aa63108505_1000.jpg!m_fill,w_280,h_210,f_jpg?from=ke.com
20240318,门头沟,冯村,101123076206,润西山苑南北通透 采光好 精装修 一层带下跃,1295万,47272元/平,底层 (共10层) | 2012年 | 7室2厅 | 273.95平米 | 南 北,https://ke-image.ljcdn.com/110000-inspection/4110de17-3b12-4486-8dfe-512c014bd243_1000.jpg!m_fill,w_280,h_210,f_jpg?from=ke.com
20240318,门头沟,冯村,101123022448,丽景长安二期 2室1厅 南 北,368万,40767元/平,中楼层 (共27层) | 2015年 | 2室1厅 | 90.27平米 | 南 北,https://ke-image.ljcdn.com/110000-inspection/d2b7384a-0ec4-497f-8f5a-2bdd76ea71ee_1000.jpg!m_fill,w_280,h_210,f_jpg?from=ke.com
20240318,门头沟,冯村,101122981761,华润西山墅 4室3厅 南 北,1280万,72121元/平,底层 (共6层) | 2019年 | 4室3厅 | 177.48平米 | 南 北,https://ke-image.ljcdn.com/110000-inspection/pc1_v6EGqWMhC.jpg!m_fill,w_280,h_210,f_jpg?from=ke.com
20240318,门头沟,冯村,101122958339,冯村信园小区南北通透三居室看房方便,285万,29840元/平,高楼层 (共6层) | 1997年 | 3室2厅 | 95.51平米 | 南 北,https://ke-image.ljcdn.com/110000-inspection/5735cd54-fad3-4ee8-940b-651a68e44b04_1000.jpg!m_fill,w_280,h_210,f_jpg?from=ke.com
20240318,门头沟,冯村,101122874276,丽景长安二期南北通透4居室精装修,579万,37367元/平,底层 (共23层) 4室2厅 | 154.95平米 | 南 北,https://ke-image.ljcdn.com/110000-inspection/5c0064e5-5a78-4d99-b62b-3d1b3f5d3aac_1000.jpg!m_fill,w_280,h_210,f_jpg?from=ke.com
20240318,门头沟,冯村,101122863611,南北通透精装4居楼层好采光充足配套设施齐全,699万,45033元/平,低楼层 (共27层) 4室2厅 | 155.22平米 | 南 北,https://ke-image.ljcdn.com/110000-inspection/39bf5c33-a792-4073-95fa-7b2090f8f6e1_1000.jpg!m_fill,w_280,h_210,f_jpg?from=ke.com
20240318,门头沟,冯村,101122849227,丽景长安一期中间楼层南北通透两居室,365万,39627元/平,中楼层 (共23层) 2室1厅 | 92.11平米 | 南 北,https://ke-image.ljcdn.com/110000-inspection/pc1_QyRts9FPi_1.jpg!m_fill,w_280,h_210,f_jpg?from=ke.com
20240318,门头沟,冯村,101122845497,华润西山墅 4室2厅 南 北,1880万,41469元/平,中楼层 (共5层) 4室2厅 | 453.36平米 | 南 北,https://ke-image.ljcdn.com/110000-inspection/a09b492b-9776-4d46-9b22-b119195bde7a_1000.jpg!m_fill,w_280,h_210,f_jpg?from=ke.com
20240318,门头沟,冯村,101122831253,丽景长安二期 南北三居室  精装修 现状好 产权清晰,656万,47863元/平,中楼层 (共25层) 3室2厅 | 137.06平米 | 南 北,https://ke-image.ljcdn.com/110000-inspection/pc1_O6PIdvdHF_1.jpg!m_fill,w_280,h_210,f_jpg?from=ke.com
20240318,门头沟,冯村,101122721417,润西山苑 小区人车分流、南北通透  精装四居室,1075万,51269元/平,中楼层 (共10层) 4室2厅 | 209.68平米 | 南 西 北,https://ke-image.ljcdn.com/110000-inspection/pc1_D80xmSML4_1.jpg!m_fill,w_280,h_210,f_jpg?from=ke.com
20240318,门头沟,冯村,101122707717,冯村信园小区 2室1厅 南 北,267万,31022元/平,低楼层 (共6层) 2室1厅 | 86.07平米 | 南 北,https://ke-image.ljcdn.com/110000-inspection/pc1_jNeI40lTX.jpg!m_fill,w_280,h_210,f_jpg?from=ke.com
20240318,门头沟,冯村,101122689902,丽景长安 3室2厅 南 北,666万,42589元/平,低楼层 (共25层) 3室2厅 | 156.38平米 | 南 北,https://ke-image.ljcdn.com/110000-inspection/pc1_EPTGj7C0X.jpg!m_fill,w_280,h_210,f_jpg?from=ke.com
20240318,门头沟,冯村,101122686543,华润西山墅 精装修 双拼 带有两个产权车位,2580万,39990元/平,底层 (共2层) | 2013年 | 6室4厅 | 645.17平米 | 南 北,https://ke-image.ljcdn.com/110000-inspection/pc1_kY4nkfVsT.jpg!m_fill,w_280,h_210,f_jpg?from=ke.com
20240318,门头沟,冯村,101122660302,华润西山墅洋房四居室精装修三卫,990万,55043元/平,中楼层 (共6层) 4室1厅 | 179.86平米 | 南 北,https://ke-image.ljcdn.com/110000-inspection/pc1_61DvAnwfS.jpg!m_fill,w_280,h_210,f_jpg?from=ke.com
20240318,门头沟,冯村,101122659343,和苑 精装修 高楼层 视野好 无遮挡,308万,39912元/平,顶层 (共28层) | 2012年 | 1室1厅 | 77.17平米 | 南,https://ke-image.ljcdn.com/110000-inspection/pc1_5WmNCfavG.jpg!m_fill,w_280,h_210,f_jpg?from=ke.com
20240318,门头沟,冯村,101122644330,华润西山墅洋房一层下跃南北通透户型,1300万,73410元/平,底层 (共6层) | 2019年 | 4室1厅 | 177.09平米 | 南 北,https://ke-image.ljcdn.com/110000-inspection/pc1_TinP4xf2J.jpg!m_fill,w_280,h_210,f_jpg?from=ke.com
20240318,门头沟,冯村,101122594239,華潤西山墅 半山别墅 前后花园 看房方便,2588万,48742元/平,底层 (共3层) | 2013年 | 7室3厅 | 530.96平米 | 南 北,https://ke-image.ljcdn.com/110000-inspection/pc1_bGp0hMGag_1.jpg!m_fill,w_280,h_210,f_jpg?from=ke.com
20240318,门头沟,冯村,101122588721,华润西山墅  6层洋房社区 无抵押,990万,57041元/平,顶层 (共6层) 4室4厅 | 173.56平米 | 南 北,https://ke-image.ljcdn.com/110000-inspection/pc1_rYuhcNX7c_1.jpg!m_fill,w_280,h_210,f_jpg?from=ke.com
20240318,门头沟,冯村,101122585382,润西山苑 3室1厅 东 西,466万,42445元/平,低楼层 (共10层) 3室1厅 | 109.79平米 | 东 西,https://ke-image.ljcdn.com/110000-inspection/pc1_kjXJEhU19.jpg!m_fill,w_280,h_210,f_jpg?from=ke.com
20240318,门头沟,冯村,101122578248,润西山苑小区户型方正。人车分流低密洋房房主自荐,466万,39905元/平,中楼层 (共6层) | 2014年 | 3室2厅 | 116.78平米 | 东 西,https://ke-image.ljcdn.com/110000-inspection/pc1_01LfTHEUK.jpg!m_fill,w_280,h_210,f_jpg?from=ke.com
20240318,门头沟,冯村,101122555010,华润西山墅 下叠 毛坯房可直接装修,1560万,38117元/平,底层 (共6层) | 2019年 | 4室3厅 | 409.27平米 | 南 北,https://ke-image.ljcdn.com/110000-inspection/pc1_m8ZmVEFiJ.jpg!m_fill,w_280,h_210,f_jpg?from=ke.com
20240318,门头沟,冯村,101122554789,華潤西山墅 精装修 私家电梯 南北花园 两个产权车位,2200万,38591元/平,底层 (共5层) | 2013年 | 6室7厅 | 570.09平米 | 南 北,https://ke-image.ljcdn.com/110000-inspection/pc1_l9OgdPhvw_1.jpg!m_fill,w_280,h_210,f_jpg?from=ke.com
20240318,门头沟,冯村,101122551929,南北通透精装四居楼层好视野开阔,688万,44402元/平,中楼层 (共23层) 4室2厅 | 154.95平米 | 南 北,https://ke-image.ljcdn.com/110000-inspection/pc1_NaAaEK0aE.jpg!m_fill,w_280,h_210,f_jpg?from=ke.com
20240318,门头沟,冯村,101122526820,華潤西山墅  管家式服务 半山别墅 随时可看,1085万,62260元/平,顶层 (共6层) | 2020年 | 3室1厅 | 174.27平米 | 南 北,https://ke-image.ljcdn.com/110000-inspection/7d52b216-1788-433f-81ca-517dc787f849_1000.jpg!m_fill,w_280,h_210,f_jpg?from=ke.com
20240318,门头沟,冯村,101122522578,丽景二期满五唯一南北通透格局视野开阔配套成熟,355万,38512元/平,低楼层 (共27层) | 2015年 | 2室1厅 | 92.18平米 | 南 北,https://ke-image.ljcdn.com/110000-inspection/pc1_gB7GmdhQQ.jpg!m_fill,w_280,h_210,f_jpg?from=ke.com
20240318,门头沟,冯村,101122510724,丽景长安二期满五唯一高楼层看西山景观三居室,365万,39709元/平,高楼层 (共27层) 3室1厅 | 91.92平米 | 南 北 西,https://ke-image.ljcdn.com/110000-inspection/a8fe8147-3e5d-4c3b-ad65-a3e625b17e89_1000.jpg!m_fill,w_280,h_210,f_jpg?from=ke.com
20240318,门头沟,冯村,101122508907,丽景长安一期洋房社区高楼层无抵押看房方便,550万,43077元/平,顶层 (共11层) 3室1厅 | 127.68平米 | 南 北,https://ke-image.ljcdn.com/110000-inspection/pc1_pqGNZ6nhU.jpg!m_fill,w_280,h_210,f_jpg?from=ke.com
20240318,门头沟,冯村,101122433482,华润西山墅 精装修 满五唯一 无遮挡,2800万,43117元/平,底层 (共3层) 7室5厅 | 649.4平米 | 东 南 北,https://ke-image.ljcdn.com/110000-inspection/pc1_9uOI6CTr1.jpg!m_fill,w_280,h_210,f_jpg?from=ke.com
20240318,门头沟,冯村,101122443946,丽景长安二期南北精装大四居方正户型套内无浪费面积,645万,42210元/平,低楼层 (共18层) | 2016年 | 4室2厅 | 152.81平米 | 南 北,https://ke-image.ljcdn.com/110000-inspection/pc1_pmpFIBUwt.jpg!m_fill,w_280,h_210,f_jpg?from=ke.com
20240318,门头沟,冯村,101122420907,润西山苑精装修大两居室 户型通透 无浪费,399万,41572元/平,中楼层 (共10层) 2室1厅 | 95.98平米 | 东 西,https://ke-image.ljcdn.com/110000-inspection/df4254cf-2765-4e57-adb5-5fcecc85c985_1000.jpg!m_fill,w_280,h_210,f_jpg?from=ke.com
20240318,门头沟,冯村,101122387772,信园 低楼层 精装两居室 满五年唯一住房,273万,34228元/平,底层 (共6层) 2室1厅 | 79.76平米 | 南 北,https://ke-image.ljcdn.com/110000-inspection/pc1_lnvOKpRpu.jpg!m_fill,w_280,h_210,f_jpg?from=ke.com
20240318,门头沟,冯村,101122382523,门头沟南北主路交汇处老商集中地有稳定租户。,399万,41378元/平,底层 (共6层) | 2002年 | 3室1厅 | 96.43平米 | 南 北,https://ke-image.ljcdn.com/110000-inspection/pc1_CFb1uA5YP.jpg!m_fill,w_280,h_210,f_jpg?from=ke.com
20240318,门头沟,冯村,101122379917,华润西山墅 4室3厅 南 北,1750万,42745元/平,底层 (共5层) 4室3厅 | 409.41平米 | 南 北,https://ke-image.ljcdn.com/110000-inspection/pc1_axOReJjat_1.jpg!m_fill,w_280,h_210,f_jpg?from=ke.com
20240318,门头沟,冯村,101122351596,丽景长安二期 3室1厅 南 西 北,388万,42211元/平,低楼层 (共27层) | 2015年 | 3室1厅 | 91.92平米 | 南 西 北,https://ke-image.ljcdn.com/110000-inspection/pc1_yidfMx8wp.jpg!m_fill,w_280,h_210,f_jpg?from=ke.com
20240318,门头沟,冯村,101122320049,冯村信园小区  南北通透 三居室 采光充足,278万,27041元/平,顶层 (共6层) 3室1厅 | 102.81平米 | 南 北,https://ke-image.ljcdn.com/110000-inspection/pc1_xj4IJn0AS.jpg!m_fill,w_280,h_210,f_jpg?from=ke.com
20240318,门头沟,冯村,101122295246,华润西山墅精装修 上叠 带有地下车位,1350万,54024元/平,中楼层 (共4层) | 2014年 | 5室3厅 | 249.89平米 | 南 北,https://ke-image.ljcdn.com/110000-inspection/ba5a4adf-9c0b-41dc-8e0e-9583734e1100_1000.jpg!m_fill,w_280,h_210,f_jpg?from=ke.com
20240318,门头沟,冯村,101122247778,华润西山墅 4室2厅 南 北,1700万,50432元/平,底层 (共6层) | 2018年 | 4室2厅 | 337.09平米 | 南 北,https://ke-image.ljcdn.com/110000-inspection/pc1_sRnCqD5dX_1.jpg!m_fill,w_280,h_210,f_jpg?from=ke.com
20240318,门头沟,冯村,101122224378,丽景长安二期南北通透四居室看房方便,810万,45128元/平,底层 (共18层) 4室2厅 | 179.49平米 | 南 北,https://ke-image.ljcdn.com/110000-inspection/9e6e462a-c74b-4a53-a2db-f9f8e3776f01_1000.jpg!m_fill,w_280,h_210,f_jpg?from=ke.com
20240318,门头沟,冯村,101122082904,丽景长安小区 下跃户型 精装修 拎包入住,1450万,103602元/平,底层 (共10层) 3室2厅 | 139.96平米 | 南 北,https://ke-image.ljcdn.com/110000-inspection/da879eb2-5b2c-4f86-a10d-c079eb0d5f0b_1000.jpg!m_fill,w_280,h_210,f_jpg?from=ke.com
20240318,门头沟,冯村,101122036009,润西山苑 高楼层 南北通透 满五年唯一 洋房社区,780万,59656元/平,顶层 (共10层) | 2014年 | 3室1厅 | 130.75平米 | 南 北,https://ke-image.ljcdn.com/110000-inspection/pc1_wo8rxH7v1_1.jpg!m_fill,w_280,h_210,f_jpg?from=ke.com
20240318,门头沟,冯村,101121902514,和苑 满五年电梯房 南北向两居室房主自荐,325万,36861元/平,中楼层 (共28层) 2室1厅 | 88.17平米 | 南 北,https://ke-image.ljcdn.com/110000-inspection/pc1_eaHZRSnEe.jpg!m_fill,w_280,h_210,f_jpg?from=ke.com
20240318,门头沟,冯村,101121889313,丽景长安小高层主打户型三居 一天没住过 诚信出售,599万,43054元/平,中楼层 (共10层) | 2013年 | 3室2厅 | 139.13平米 | 南 北,https://ke-image.ljcdn.com/110000-inspection/pc1_j1jXesTkh_1.jpg!m_fill,w_280,h_210,f_jpg?from=ke.com
20240318,门头沟,冯村,101121838827,华润西山墅半山别墅下叠有室内电梯,1760万,43108元/平,底层 (共3层) | 2019年 | 4室2厅 | 408.28平米 | 南 北,https://ke-image.ljcdn.com/110000-inspection/pc1_NciWUCWzv.jpg!m_fill,w_280,h_210,f_jpg?from=ke.com
20240318,门头沟,冯村,101121563060,华润西山墅 精装修 东边户 华润物业,3100万,47254元/平,底层 (共1层) | 2013年 | 10室7厅 | 656.04平米 | 南 东 北,https://ke-image.ljcdn.com/110000-inspection/pc1_wsgVVJiCi.jpg!m_fill,w_280,h_210,f_jpg?from=ke.com
20240318,门头沟,冯村,101121532178,华润西山墅 别墅 京西高品质别墅区,1750万,39383元/平,中楼层 (共5层) 4室4厅 | 444.36平米 | 南 北,https://ke-image.ljcdn.com/110000-inspection/pc1_lwxdPtEFF.jpg!m_fill,w_280,h_210,f_jpg?from=ke.com
20240318,门头沟,冯村,101121521247,润西山苑精装修南北通透四居室人车分流浅山洋房,980万,49485元/平,低楼层 (共10层) 4室2厅 | 198.04平米 | 南 北,https://ke-image.ljcdn.com/110000-inspection/29b9ae9c-1873-4bfe-bd72-a62d7d4d47fb_1000.jpg!m_fill,w_280,h_210,f_jpg?from=ke.com
20240318,门头沟,冯村,101121376772,北京城建·上悦嘉园三室两厅双明卫双卧室朝南,576万,48371元/平,低楼层 (共18层) | 2018年 | 3室1厅 | 119.08平米 | 北 南,https://ke-image.ljcdn.com/110000-inspection/9225d43e-1640-48ab-b461-dcf4b6cafef6_1000.jpg!m_fill,w_280,h_210,f_jpg?from=ke.com
20240318,门头沟,冯村,101121342069,丽景长安洋房精装两居室中高层采光好,415万,50456元/平,中楼层 (共11层) 2室1厅 | 82.25平米 | 南,https://ke-image.ljcdn.com/110000-inspection/dafbdd06-d86c-4fc2-bfb4-a153ca3b4b71_1000.jpg!m_fill,w_280,h_210,f_jpg?from=ke.com
20240318,门头沟,冯村,101121339842,华润西山墅  精装修 上叠产品 满五年唯一,1480万,58342元/平,中楼层 (共5层) | 2014年 | 5室2厅 | 253.68平米 | 南 北,https://ke-image.ljcdn.com/110000-inspection/pc1_aNrVJJFyy.jpg!m_fill,w_280,h_210,f_jpg?from=ke.com
20240318,门头沟,冯村,101121273384,冯村信园小区 低楼层 南北朝向 采光充足 满五唯一,269万,33727元/平,低楼层 (共6层) | 1997年 | 2室2厅 | 79.76平米 | 南 北,https://ke-image.ljcdn.com/110000-inspection/pc1_cxyEkNeAt.jpg!m_fill,w_280,h_210,f_jpg?from=ke.com
20240318,门头沟,冯村,101121191789,润西山苑 高楼层 满五年 精装大三居,840万,48527元/平,中楼层 (共10层) 3室2厅 | 173.1平米 | 东 南 北,https://ke-image.ljcdn.com/110000-inspection/1c23a363-5d8f-4303-bbef-af558c25092e_1000.jpg!m_fill,w_280,h_210,f_jpg?from=ke.com
20240318,门头沟,冯村,101121184323,丽景长安二期 高楼层 满五唯一 看房随时,305万,36108元/平,顶层 (共27层) 2室1厅 | 84.47平米 | 南,https://ke-image.ljcdn.com/110000-inspection/pc1_AiBwG2YmR.jpg!m_fill,w_280,h_210,f_jpg?from=ke.com
20240318,门头沟,冯村,101121170133,丽景长安二期  安静没打扰 四居室 视野采光好,645万,41627元/平,顶层 (共23层) | 2016年 | 4室2厅 | 154.95平米 | 南 北,https://ke-image.ljcdn.com/110000-inspection/ea0bf638-1f35-4ce9-a49f-bfde30bfb9fe_1000.jpg!m_fill,w_280,h_210,f_jpg?from=ke.com
20240318,门头沟,冯村,101121147489,华润西山墅二期精装修上叠有室内私人电梯,2200万,48917元/平,中楼层 (共5层) 5室3厅 | 449.75平米 | 南 北,https://ke-image.ljcdn.com/110000-inspection/8b2dbdad-d470-48bc-91e1-ddccb27ffa79_1000.jpg!m_fill,w_280,h_210,f_jpg?from=ke.com
20240318,门头沟,冯村,101121101499,冯村信园小区户型方正、南北通透的 采光好 两居室,238万,29840元/平,顶层 (共6层) | 1997年 | 2室2厅 | 79.76平米 | 南 北,https://ke-image.ljcdn.com/110000-inspection/pc1_EJd9fzzDD.jpg!m_fill,w_280,h_210,f_jpg?from=ke.com
20240318,门头沟,冯村,101121068701,中骏绿洲庄园 长安街西边一号住宅,10800万,59697元/平,底层 (共2层) 5室6厅 | 1809.16平米 | 东 南 西 北,https://ke-image.ljcdn.com/110000-inspection/pc1_cdoJbRPcq.jpg!m_fill,w_280,h_210,f_jpg?from=ke.com
20240318,门头沟,冯村,101121068665,长安壹号 又名 中骏绿洲庄园 法式独栋,13300万,59924元/平,底层 (共2层) | 2016年 | 9室6厅 | 2219.48平米 | 东 南 西 北,https://ke-image.ljcdn.com/110000-inspection/pc1_tXgLTxRGz.jpg!m_fill,w_280,h_210,f_jpg?from=ke.com
20240318,门头沟,冯村,101121068612,长安壹号 9室6厅 东 南 西 北,13700万,61727元/平,底层 (共2层) | 2015年 | 9室6厅 | 2219.48平米 | 东 南 西 北,https://ke-image.ljcdn.com/110000-inspection/pc1_sAUMCpH4s.jpg!m_fill,w_280,h_210,f_jpg?from=ke.com
20240318,门头沟,冯村,101121047766,冯村嘉园一区 三层平层看房随时,498万,29693元/平,中楼层 (共6层) | 2002年 | 3室2厅 | 167.72平米 | 南 北,https://ke-image.ljcdn.com/110000-inspection/pc1_bvNZTIBGu.jpg!m_fill,w_280,h_210,f_jpg?from=ke.com
20240318,门头沟,冯村,101120991919,润西山苑 精装大三居  南北通透,530万,40468元/平,低楼层 (共10层) | 2014年 | 3室2厅 | 130.97平米 | 南 北,https://ke-image.ljcdn.com/110000-inspection/0780cbb6-70b4-45a0-a8b2-f027bdd1c78e_1000.jpg!m_fill,w_280,h_210,f_jpg?from=ke.com
20240318,门头沟,冯村,101120989115,丽景一期高楼层南北通透视野好三居室,617万,47934元/平,顶层 (共11层) 3室1厅 | 128.72平米 | 南 北,https://ke-image.ljcdn.com/110000-inspection/pc1_woRFoeVYT.jpg!m_fill,w_280,h_210,f_jpg?from=ke.com
20240318,门头沟,冯村,101120988857,丽景长安商品房人车分流品质社区南北通透精装两居,355万,38731元/平,低楼层 (共26层) 2室1厅 | 91.66平米 | 南 北,https://ke-image.ljcdn.com/110000-inspection/81d8c20d-e6dc-4589-aeee-34e0f4e606e0_1000.jpg!m_fill,w_280,h_210,f_jpg?from=ke.com
20240318,门头沟,冯村,101120988618,润西山苑 平层精装修洋房 南北东三面采光,589万,45798元/平,低楼层 (共9层) 3室1厅 | 128.61平米 | 南 北,https://ke-image.ljcdn.com/110000-inspection/ef1a42d9-4b8d-4ecc-80f6-3433537a64c5_1000.jpg!m_fill,w_280,h_210,f_jpg?from=ke.com
20240318,门头沟,冯村,101120965097,丽景长安位置好朝南精装二居 品质感山社区 人车分流,362万,40775元/平,低楼层 (共26层) | 2014年 | 2室1厅 | 88.78平米 | 南,https://ke-image.ljcdn.com/110000-inspection/fee7099d-2c68-442e-9229-8260d0eac87b_1000.jpg!m_fill,w_280,h_210,f_jpg?from=ke.com
20240318,门头沟,冯村,101120955239,冯村信园小区 南北朝向 采光充足 满五唯一,252万,31595元/平,顶层 (共6层) | 1997年 | 2室1厅 | 79.76平米 | 南 北,https://ke-image.ljcdn.com/110000-inspection/4a3321c6-63f2-4141-8cae-ae5bb4ecbef2_1000.jpg!m_fill,w_280,h_210,f_jpg?from=ke.com
20240318,门头沟,冯村,101120949524,润西山苑精装下跃6室3厅4卫302平洋房加大平层加别墅房主自荐,1388万,45894元/平,底层 (共10层) | 2012年 | 6室2厅 | 302.44平米 | 南 北,https://ke-image.ljcdn.com/110000-inspection/pc1_Z2vWulgJd_1.jpg!m_fill,w_280,h_210,f_jpg?from=ke.com
20240318,门头沟,冯村,101120948800,丽景长安一期纯南向两居室中间楼层精装修,349万,39329元/平,中楼层 (共26层) | 2012年 | 2室1厅 | 88.74平米 | 南,https://ke-image.ljcdn.com/110000-inspection/pc1_sR8mdxTra.jpg!m_fill,w_280,h_210,f_jpg?from=ke.com
20240318,门头沟,冯村,101120947533,冯村信园小区 边户两居室出售 价格可以商量,269万,33710元/平,高楼层 (共6层) 2室2厅 | 79.8平米 | 东 南 北,https://ke-image.ljcdn.com/110000-inspection/83198e13-1970-4066-967c-102a38160ef1_1000.jpg!m_fill,w_280,h_210,f_jpg?from=ke.com
20240318,门头沟,冯村,101120946307,三面朝南格局 2017年次新房 精装入住 品质改善社区,678万,43757元/平,中楼层 (共23层) | 2016年 | 4室2厅 | 154.95平米 | 南 北,https://ke-image.ljcdn.com/110000-inspection/pc1_IVVM29DFU.jpg!m_fill,w_280,h_210,f_jpg?from=ke.com
20240318,门头沟,冯村,101120945627,丽景长安一期 标准大四居 观景平层,918万,39969元/平,高楼层 (共25层) 4室2厅 | 229.68平米 | 东 南 北,https://ke-image.ljcdn.com/110000-inspection/22183e53-956f-43d4-9943-e8a94484411e_1000.jpg!m_fill,w_280,h_210,f_jpg?from=ke.com
20240318,门头沟,冯村,101120863673,丽景长安二期  精装大平层 诚心出售,850万,44571元/平,低楼层 (共23层) | 2016年 | 4室1厅 | 190.71平米 | 南 东 北,https://ke-image.ljcdn.com/110000-inspection/2caf7a13-f016-4399-9083-647d5ddb628c_1000.jpg!m_fill,w_280,h_210,f_jpg?from=ke.com
20240318,门头沟,冯村,101120856156,丽景长安二期三面朝南双厅双卫品质改善社区,770万,40412元/平,顶层 (共24层) 4室2厅 | 190.54平米 | 南 北,https://ke-image.ljcdn.com/110000-inspection/pc1_PvVHcQlV6.jpg!m_fill,w_280,h_210,f_jpg?from=ke.com
20240318,门头沟,冯村,101120663016,华润西山墅 精装双拼住宅 看房随时,2360万,34955元/平,底层 (共5层) 5室5厅 | 675.16平米 | 东 南 西 北,https://ke-image.ljcdn.com/110000-inspection/pc1_ANvSocPMz.jpg!m_fill,w_280,h_210,f_jpg?from=ke.com
20240318,门头沟,冯村,101120532891,冯村信园小区 满五年唯一、南北通透、楼层好、采光好,258万,35814元/平,中楼层 (共6层) | 1997年 | 2室1厅 | 72.04平米 | 南 北,https://ke-image.ljcdn.com/110000-inspection/18ae4365-3796-4781-85c5-0178e54c3a10_1000.jpg!m_fill,w_280,h_210,f_jpg?from=ke.com
20240318,门头沟,冯村,101120531281,润西山苑 出售  南北通透 精装修   两居室,475万,42468元/平,底层 (共10层) | 2014年 | 2室1厅 | 111.85平米 | 南 北,https://ke-image.ljcdn.com/110000-inspection/pc1_HkyM7oKfy_1.jpg!m_fill,w_280,h_210,f_jpg?from=ke.com
20240318,门头沟,冯村,101118740814,丽景长安精装四居室 南北通透 户型方正,890万,68950元/平,底层 (共11层) | 2013年 | 4室2厅 | 129.08平米 | 南 北,https://ke-image.ljcdn.com/110000-inspection/13132ce6-6cc4-4724-b144-9075d6d8d070_1000.jpg!m_fill,w_280,h_210,f_jpg?from=ke.com
20240318,门头沟,冯村,101118583873,满五唯一业主很诚心出售看房随时人车分流。,390万,42433元/平,低楼层 (共23层) | 2014年 | 2室1厅 | 91.91平米 | 南 北,https://ke-image.ljcdn.com/110000-inspection/pc1_rlk7OwbnP_1.jpg!m_fill,w_280,h_210,f_jpg?from=ke.com
20240318,门头沟,冯村,101118345226,华润低密度半山别墅联排私家电梯有产权车位,2350万,43957元/平,底层 (共3层) | 2013年 | 6室3厅 | 534.62平米 | 北 南,https://ke-image.ljcdn.com/110000-inspection/373c0000-cd0a-4bb7-bffd-850e3233e396_1000.jpg!m_fill,w_280,h_210,f_jpg?from=ke.com
20240318,门头沟,冯村,101118323357,上悦嘉园 高楼层视野开阔 三居室,540万,45601元/平,顶层 (共18层) | 2018年 | 3室2厅 | 118.42平米 | 南 北,https://ke-image.ljcdn.com/110000-inspection/pc1_wbHQ2soVi_1.jpg!m_fill,w_280,h_210,f_jpg?from=ke.com
20240318,门头沟,冯村,101118167776,龙越西山优质房源视野好开阔无遮挡三面采光。,578万,48810元/平,高楼层 (共18层) | 2018年 | 3室2厅 | 118.42平米 | 南 北,https://ke-image.ljcdn.com/110000-inspection/d11e2f9a-2108-4e0c-87e0-b5663782cae7_1000.jpg!m_fill,w_280,h_210,f_jpg?from=ke.com
20240318,门头沟,冯村,101123451024,丽景长安二期 2室1厅 南,335万,38506元/平,高楼层 (共27层) | 2015年 | 2室1厅 | 87平米 | 南,https://s1.ljcdn.com/pegasus/redskull/images/common/default_house_list.png?_v=20240306121103
20240318,门头沟,冯村,101123354189,和苑 2室1厅 南 北新上,320万,36028元/平,底层 (共28层) 2室1厅 | 88.82平米 | 南 北,https://s1.ljcdn.com/pegasus/redskull/images/common/default_house_list.png?_v=20240306121103
20240318,门头沟,冯村,101123349601,华润西山墅 6室2厅 南 北新上,1850万,34701元/平,顶层 (共3层) 6室2厅 | 533.13平米 | 南 北,https://ke-image.ljcdn.com/110000-inspection/pc1_7c7vTZUgQ_1.jpg!m_fill,w_280,h_210,f_jpg?from=ke.com
20240318,门头沟,冯村,101123048632,丽景长安二期 南北四居室 户型好 无遮挡,693万,45351元/平,低楼层 (共18层) 4室2厅 | 152.81平米 | 北 南,https://s1.ljcdn.com/pegasus/redskull/images/common/default_house_list.png?_v=20240306121103
20240318,门头沟,冯村,101121446787,丽景长安1号观景电梯4号楼下 出电梯15米就是 诚信出售,18万,4778元/平,地下室 (共11层) | 2013年 | 1室0厅 | 37.68平米 | 南,https://ke-image.ljcdn.com/110000-inspection/6cc25a61-4b0a-47a7-b383-6191f8466967.jpg!m_fill,w_280,h_210,f_jpg?from=ke.com
20240318,门头沟,冯村,101121140029,西边户 双拼 三面花园 中间位置,2900万,44942元/平,底层 (共5层) | 2013年 | 5室2厅 | 645.28平米 | 南 北 西,https://ke-image.ljcdn.com/110000-inspection/40ac011c-7805-410d-8807-a0aa549856ad.jpg!m_fill,w_280,h_210,f_jpg?from=ke.com
20240318,门头沟,冯村,101119822830,丽景长安 车位,24万,6565元/平,地下室 (共11层) | 2013年 | 1室0厅 | 36.56平米 | 南,https://ke-image.ljcdn.com/110000-inspection/199e7a05-248e-45c3-8b37-74eb772edea5.jpg!m_fill,w_280,h_210,f_jpg?from=ke.com
20240318,门头沟,冯村,101119822914,标准地下车位大小适中随时可看,25万,6839元/平,地下室 (共11层) | 2013年 | 1室0厅 | 36.56平米 | 南,https://s1.ljcdn.com/pegasus/redskull/images/common/default_house_list.png?_v=20240306121103
20240318,门头沟,冯村,101119526685,离电梯近有产权的随时使用诚心出售。,26万,8125元/平,地下室 1室0厅 | 32平米 | 东,https://ke-image.ljcdn.com/110000-inspection/46bc9d8880e829d78af9b486c90d3cf3-048.jpg!m_fill,w_280,h_210,f_jpg?from=ke.com
20240318,门头沟,冯村,101119526633,离电梯近有产权的随时使用诚心出售。,26万,7956元/平,地下室 | 2016年 | 1室0厅 | 32.68平米 | 南,https://ke-image.ljcdn.com/110000-inspection/4501af762cfaa89496b62c9fff5f3d5a-035.jpg!m_fill,w_280,h_210,f_jpg?from=ke.com
20240318,门头沟,冯村,101117778285,丽景长安车位出售 位置好 停车方便,21万,5744元/平,地下室 (共11层) | 2013年 | 1室0厅 | 36.56平米 | 南,https://ke-image.ljcdn.com/110000-inspection/bd4208fd-fbeb-4b95-b25f-026d84067391.jpg!m_fill,w_280,h_210,f_jpg?from=ke.com
20240318,门头沟,冯村,101117734251,丽景长安二期子母车位 业主诚心出售 有产权的,30万,5453元/平,地下室 (共25层) 1室0厅 | 55.02平米 | 南,https://ke-image.ljcdn.com/110000-inspection/27ba7bf9-ff92-4749-968f-a82bc1166b40.jpg!m_fill,w_280,h_210,f_jpg?from=ke.com
20240318,门头沟,冯村,101114791042,丽景长安 车位,23万,6167元/平,地下室 (共11层) | 2013年 | 1室0厅 | 37.3平米 | 南,https://ke-image.ljcdn.com/110000-inspection/bf2cf59c33118722adcf823516d58b05-039.jpg!m_fill,w_280,h_210,f_jpg?from=ke.com
20240318,门头沟,冯村,101112569109,丽景长安 产权车位 位于8号楼和9号楼之间,19万,5309元/平,地下室 (共11层) 1室0厅 | 35.79平米 | 南,https://ke-image.ljcdn.com/110000-inspection/c973cbc94329c187094e2167fb8e57ff-085.jpg!m_fill,w_280,h_210,f_jpg?from=ke.com
20240318,门头沟,冯村,101112518632,丽景长安有产权的车位 人车分流 随时使用,20万,5362元/平,地下室 (共11层) | 2013年 | 1室0厅 | 37.3平米 | 南,https://ke-image.ljcdn.com/110000-inspection/d39f49abf238af327510710609c5bae5-069.jpg!m_fill,w_280,h_210,f_jpg?from=ke.com
