20230919,海淀,西二旗,101120971786,铭科苑 中高层一居室 视野开阔必看好房,459万,63697元/平,高楼层 (共18层) | 2002年建 | 1室1厅 | 72.06平米 | 东,https://ke-image.ljcdn.com/110000-inspection/ef72ad58-bd33-4b6a-8a78-93fcea10f088_1000.jpg!m_fill,w_280,h_210,f_jpg?from=ke.com
20230919,海淀,西二旗,101120907828,西二旗 铭科苑 满五年唯一自住精装通透小区中间必看好房,515万,77678元/平,中楼层 (共6层) | 1997年建 | 2室1厅 | 66.3平米 | 东 西,https://ke-image.ljcdn.com/110000-inspection/211417cc-875c-4981-bdea-c04438f38ea5_1000.jpg!m_fill,w_280,h_210,f_jpg?from=ke.com
20230919,海淀,西二旗,101120773451,领秀新硅谷1号院  南北通透三居室必看好房,1489万,103482元/平,低楼层 (共15层) | 2011年建 | 3室2厅 | 143.89平米 | 南 北,https://ke-image.ljcdn.com/110000-inspection/pc1_mlJkNtxit_1.jpg!m_fill,w_280,h_210,f_jpg?from=ke.com
20230919,海淀,西二旗,101120003924,西二旗铭科苑 南北通透两居室 明厅 有阳台必看好房,559万,78622元/平,高楼层 (共6层) 2室1厅 | 71.1平米 | 南 北,https://ke-image.ljcdn.com/110000-inspection/b9dfe384-80ce-4634-b810-39e641e5392e_1000.jpg!m_fill,w_280,h_210,f_jpg?from=ke.com
20230919,海淀,西二旗,101119485261,博雅德园南向两居 中间楼层 安静不吵 满五年唯一 诚售必看好房,835万,80204元/平,中楼层 (共14层) 2室2厅 | 104.11平米 | 南,https://ke-image.ljcdn.com/110000-inspection/3d27264a-f8dc-4d38-a25b-167ee87cde9c_1000.jpg!m_fill,w_280,h_210,f_jpg?from=ke.com
20230919,海淀,西二旗,101119551023,新硅谷主力三居室 安静采光好 精装修,1459万,101397元/平,高楼层 (共15层) | 2011年建 | 3室2厅 | 143.89平米 | 东 南 北,https://ke-image.ljcdn.com/110000-inspection/69f0c173-6dd1-4644-89db-71da1ad86710_1000.jpg!m_fill,w_280,h_210,f_jpg?from=ke.com
20230919,海淀,西二旗,101119391847,铭科苑 中间层 两居室 位置好看房方便必看好房,489万,75231元/平,中楼层 (共6层) 2室1厅 | 65平米 | 南 北,https://ke-image.ljcdn.com/110000-inspection/5a0e0a78-8773-42fd-b969-1bb3ebfb9308_1000.jpg!m_fill,w_280,h_210,f_jpg?from=ke.com
20230919,海淀,西二旗,101119337478,西二旗铭科苑低楼层一居南北通透诚意出售必看好房,410万,66994元/平,低楼层 (共6层) | 1997年建 | 1室1厅 | 61.2平米 | 南 北,https://ke-image.ljcdn.com/110000-inspection/pc1_GAnxLj754.jpg!m_fill,w_280,h_210,f_jpg?from=ke.com
20230919,海淀,西二旗,101119310452,西二旗铭科苑电梯房次顶层拎包即住必看好房,465万,64530元/平,高楼层 (共18层) | 1999年建 | 1室1厅 | 72.06平米 | 西,https://ke-image.ljcdn.com/110000-inspection/pc1_aFbfF9UMw.jpg!m_fill,w_280,h_210,f_jpg?from=ke.com
20230919,海淀,西二旗,101118994577,西二旗智学苑 全明格局三居室 南北通透房主自荐,939万,69484元/平,中楼层 (共6层) | 2005年建 | 3室2厅 | 135.14平米 | 南 北,https://ke-image.ljcdn.com/110000-inspection/1bbe42de-9094-4a6d-a661-ecb397022b09_1000.jpg!m_fill,w_280,h_210,f_jpg?from=ke.com
20230919,海淀,西二旗,101118655615,房子满五唯一商看房随时精装2居必看好房,568万,82823元/平,低楼层 (共6层) | 2000年建 | 2室1厅 | 68.58平米 | 南 北,https://ke-image.ljcdn.com/110000-inspection/b9b11e4c-7ca1-45f1-b178-747308dc5185_1000.jpg!m_fill,w_280,h_210,f_jpg?from=ke.com
20230919,海淀,西二旗,101118640485,西二旗铭科苑小米科技园旁精装修两居室必看好房,530万,81539元/平,中楼层 (共6层) | 1997年建 | 2室1厅 | 65平米 | 南 北,https://ke-image.ljcdn.com/110000-inspection/ead941d9-2200-4c87-ac02-5a88b5c74b98_1000.jpg!m_fill,w_280,h_210,f_jpg?from=ke.com
20230919,海淀,西二旗,101116869100,满五年精装修位置安静东西通透必看好房,500万,69042元/平,中楼层 (共6层) | 1997年建 | 2室1厅 | 72.42平米 | 东 西,https://ke-image.ljcdn.com/110000-inspection/790f4b3e-3022-4e8c-a436-40e269140faa_1000.jpg!m_fill,w_280,h_210,f_jpg?from=ke.com
20230919,海淀,西二旗,101120875118,铭科苑电梯一居室 中间层 不临街必看好房,472万,65501元/平,低楼层 (共18层) | 1999年建 | 1室1厅 | 72.06平米 | 东,https://ke-image.ljcdn.com/110000-inspection/99fe4bb9-b1aa-4e83-9c88-5527f1878f31_1000.jpg!m_fill,w_280,h_210,f_jpg?from=ke.com
20230919,海淀,西二旗,101120769428,智学苑顶层复式 满五年唯一商品房 户型方正南北通透必看好房,850万,56660元/平,顶层 (共6层) 3室2厅 | 150.02平米 | 南 北,https://ke-image.ljcdn.com/110000-inspection/pc1_RsY0UwGJR_1.jpg!m_fill,w_280,h_210,f_jpg?from=ke.com
20230919,海淀,西二旗,101120347449,智学苑落地窗不临街满五唯一 诚心出售 中间楼层必看好房,600万,74350元/平,高楼层 (共22层) | 2005年建 | 2室1厅 | 80.7平米 | 西,https://ke-image.ljcdn.com/110000-inspection/pc1_6fqrCdEpM.jpg!m_fill,w_280,h_210,f_jpg?from=ke.com
20230919,海淀,西二旗,101119979473,智学苑+电梯两居室+商品房满五唯一+东南向+视野开阔必看好房,610万,61455元/平,高楼层 (共24层) 2室1厅 | 99.26平米 | 东 南,https://ke-image.ljcdn.com/110000-inspection/pc1_JYZPgdRRD_1.jpg!m_fill,w_280,h_210,f_jpg?from=ke.com
20230919,海淀,西二旗,101119174517,西二旗智学苑 电梯房源 正规一居室房主自荐,445万,64615元/平,低楼层 (共24层) | 2001年建 | 1室1厅 | 68.87平米 | 东,https://ke-image.ljcdn.com/110000-inspection/pc1_8rzR0v1cO.jpg!m_fill,w_280,h_210,f_jpg?from=ke.com
20230919,海淀,西二旗,101121037790,西二旗智学苑新上中间楼层南北两居新上,590万,85446元/平,中楼层 (共6层) 2室1厅 | 69.05平米 | 南 北,https://ke-image.ljcdn.com/110000-inspection/pc1_vGrHGvLeT_1.jpg!m_fill,w_280,h_210,f_jpg?from=ke.com
20230919,海淀,西二旗,101121021249,西二旗铭科苑  精装修自住  采光好  适合贷款,468万,65823元/平,顶层 (共6层) | 1997年建 | 2室1厅 | 71.1平米 | 东 西,https://ke-image.ljcdn.com/110000-inspection/7d2b1d42-fac6-4008-b103-46decfb5f3ae_1000.jpg!m_fill,w_280,h_210,f_jpg?from=ke.com
20230919,海淀,西二旗,101121020989,领秀新硅谷2号院 南向两居 正对小区中间 无遮挡采光好,845万,97250元/平,低楼层 (共15层) 2室1厅 | 86.89平米 | 南,https://ke-image.ljcdn.com/110000-inspection/22da2df4-ce0d-4e5a-a9e3-55edc0f2c6cd_1000.jpg!m_fill,w_280,h_210,f_jpg?from=ke.com
20230919,海淀,西二旗,101121012939,领秀新硅谷2号院  四居 双卫 南北通透,1550万,99232元/平,中楼层 (共4层) 4室2厅 | 156.2平米 | 南 北,https://ke-image.ljcdn.com/110000-inspection/pc1_soxATobUC.jpg!m_fill,w_280,h_210,f_jpg?from=ke.com
20230919,海淀,西二旗,101121004559,智学苑满五唯一商品房有电梯看房提前联系,650万,80656元/平,中楼层 (共22层) 2室1厅 | 80.59平米 | 东,https://ke-image.ljcdn.com/110000-inspection/79958c38-af5c-46b1-ab30-942a38f4c1b3_1000.jpg!m_fill,w_280,h_210,f_jpg?from=ke.com
20230919,海淀,西二旗,101120988245,智学苑正规电梯四居室东南朝向满五唯一,995万,61599元/平,中楼层 (共24层) | 2001年建 | 4室2厅 | 161.53平米 | 东 南,https://ke-image.ljcdn.com/110000-inspection/889d34e8-eacf-4f05-9860-103eac60e7a1_1000.jpg!m_fill,w_280,h_210,f_jpg?from=ke.com
20230919,海淀,西二旗,101120951497,领秀主力大三居户型  满五唯一  可多贷款,1499万,89960元/平,低楼层 (共15层) 3室2厅 | 166.63平米 | 南 北,https://ke-image.ljcdn.com/110000-inspection/69014f16-3885-43aa-9740-bbd822619012_1000.jpg!m_fill,w_280,h_210,f_jpg?from=ke.com
20230919,海淀,西二旗,101120936227,西二旗一里社区双卧全南户型自住,530万,74543元/平,顶层 (共6层) | 1997年建 | 2室1厅 | 71.1平米 | 南 北,https://ke-image.ljcdn.com/110000-inspection/c9f34fea-79f0-4019-bfd8-3070f7b71a6c_1000.jpg!m_fill,w_280,h_210,f_jpg?from=ke.com
20230919,海淀,西二旗,101120931903,小米总部附近电梯高板半人车分流社区,880万,89114元/平,低楼层 (共8层) | 2006年建 | 2室1厅 | 98.75平米 | 南,https://ke-image.ljcdn.com/110000-inspection/pc1_8A9sjze5Y.jpg!m_fill,w_280,h_210,f_jpg?from=ke.com
20230919,海淀,西二旗,101120915677,智学苑商品房总价di高楼层采光充足视野开阔,515万,80469元/平,顶层 (共6层) | 2000年建 | 2室1厅 | 64平米 | 南 北,https://ke-image.ljcdn.com/110000-inspection/pc1_HVfz5rDtL.jpg!m_fill,w_280,h_210,f_jpg?from=ke.com
20230919,海淀,西二旗,101120913774,铭科苑精装修南北通透两居室有固定车位,559万,86681元/平,中楼层 (共6层) | 1997年建 | 2室1厅 | 64.49平米 | 南 北,https://ke-image.ljcdn.com/110000-inspection/9aafb948-2e64-4075-aaaf-2912c6c5d0b9_1000.jpg!m_fill,w_280,h_210,f_jpg?from=ke.com
20230919,海淀,西二旗,101120912806,西二旗智学苑南北通透两居室带电梯看房提前联系,820万,65033元/平,顶层 (共14层) | 2005年建 | 3室1厅 | 126.09平米 | 南 北,https://ke-image.ljcdn.com/110000-inspection/pc1_eEADePt8p_1.jpg!m_fill,w_280,h_210,f_jpg?from=ke.com
20230919,海淀,西二旗,101120899780,满五唯一商品房中间位置中间楼层靠谱出售,669万,66820元/平,中楼层 (共6层) 3室1厅 | 100.12平米 | 东 西,https://ke-image.ljcdn.com/110000-inspection/69e79b0c-87d7-4910-b722-5dbd9578ca8d_1000.jpg!m_fill,w_280,h_210,f_jpg?from=ke.com
20230919,海淀,西二旗,101120896505,西二旗铭科苑3层南北通透两居室,552万,79084元/平,中楼层 (共6层) | 1997年建 | 2室1厅 | 69.8平米 | 南 北,https://ke-image.ljcdn.com/110000-inspection/pc1_N67BdAXpw_1.jpg!m_fill,w_280,h_210,f_jpg?from=ke.com
20230919,海淀,西二旗,101120894887,智学苑南北通透大两居  看房方便  诚心出售,750万,84403元/平,高楼层 (共6层) 2室1厅 | 88.86平米 | 南 北,https://ke-image.ljcdn.com/110000-inspection/75eafb6c-4acb-457e-883c-76e0750a9d57_1000.jpg!m_fill,w_280,h_210,f_jpg?from=ke.com
20230919,海淀,西二旗,101120893922,领秀新硅谷2号院洋房全明大两居,1218万,101891元/平,中楼层 (共6层) | 2008年建 | 2室2厅 | 119.54平米 | 南 北,https://ke-image.ljcdn.com/110000-inspection/pc1_UQkwL4YF6_1.jpg!m_fill,w_280,h_210,f_jpg?from=ke.com
20230919,海淀,西二旗,101120887242,博雅德园 满五唯一 采光好 楼层好 视野棒 精装修房主自荐,826万,87408元/平,高楼层 (共10层) | 2005年建 | 2室1厅 | 94.5平米 | 南 北,https://ke-image.ljcdn.com/110000-inspection/pc1_yoYs4uJ61.jpg!m_fill,w_280,h_210,f_jpg?from=ke.com
20230919,海淀,西二旗,101120881601,博雅德园 中间位置 不把边 不临街 视野好 采光足,1250万,86350元/平,高楼层 (共10层) | 2005年建 | 3室2厅 | 144.76平米 | 南 北,https://ke-image.ljcdn.com/110000-inspection/719d03b2-b7d6-4f4f-8864-9001cd74c72b_1000.jpg!m_fill,w_280,h_210,f_jpg?from=ke.com
20230919,海淀,西二旗,101120872187,西二旗商圈、配套齐全、满五唯一、采光视野好房主自荐,665万,75150元/平,高楼层 (共6层) | 2000年建 | 2室1厅 | 88.49平米 | 南 北,https://ke-image.ljcdn.com/110000-inspection/pc1_tPofPabDP_1.jpg!m_fill,w_280,h_210,f_jpg?from=ke.com
20230919,海淀,西二旗,101120838155,领秀硅谷 3室2厅 南 北,1380万,89827元/平,中楼层 (共5层) | 2003年建 | 3室2厅 | 153.63平米 | 南 北,https://ke-image.ljcdn.com/110000-inspection/pc1_cwod5cHyV.jpg!m_fill,w_280,h_210,f_jpg?from=ke.com
20230919,海淀,西二旗,101120776589,海淀西二旗铭科苑双卧朝南两居室精装修中间楼层,580万,81576元/平,中楼层 (共6层) 2室1厅 | 71.1平米 | 南 北,https://ke-image.ljcdn.com/110000-inspection/99cc7b26-03ed-4f8c-85bf-cb418f9e6bd1_1000.jpg!m_fill,w_280,h_210,f_jpg?from=ke.com
20230919,海淀,西二旗,101120770637,南北通透格局好采光充足电梯入户,1250万,86806元/平,高楼层 (共10层) | 2003年建 | 3室2厅 | 144平米 | 南 北,https://ke-image.ljcdn.com/110000-inspection/b1fea26a-28d2-41b6-83ee-83ce7fd44adb_1000.jpg!m_fill,w_280,h_210,f_jpg?from=ke.com
20230919,海淀,西二旗,101120714778,领秀硅谷 南北三居室 双卫 带储物间,1225万,84899元/平,中楼层 (共10层) | 2003年建 | 3室2厅 | 144.29平米 | 南 北,https://ke-image.ljcdn.com/110000-inspection/pc1_lC1eoJAoh.jpg!m_fill,w_280,h_210,f_jpg?from=ke.com
20230919,海淀,西二旗,101120653373,西二旗智学苑 视野开阔 采光充足 位置好,810万,65603元/平,高楼层 (共24层) 3室1厅 | 123.47平米 | 南 西,https://ke-image.ljcdn.com/110000-inspection/39336de4-f3fc-4535-a14d-ff9abbbbcb4d_1000.jpg!m_fill,w_280,h_210,f_jpg?from=ke.com
20230919,海淀,西二旗,101120624359,领秀新硅谷C区小高层南向一居室,649万,97565元/平,顶层 (共11层) | 2011年建 | 1室1厅 | 66.52平米 | 南,https://ke-image.ljcdn.com/110000-inspection/pc1_uFRdfo6mb.jpg!m_fill,w_280,h_210,f_jpg?from=ke.com
20230919,海淀,西二旗,101120592215,智学苑南北通透板楼三居室采光视野俱佳,830万,82893元/平,高楼层 (共6层) 3室1厅 | 100.13平米 | 南 北,https://ke-image.ljcdn.com/110000-inspection/pc1_tuB4KMJ0z.jpg!m_fill,w_280,h_210,f_jpg?from=ke.com
20230919,海淀,西二旗,101120586529,优质2居室 满五年唯一 东西通透 采光好 价格可谈,470万,66105元/平,高楼层 (共6层) | 1997年建 | 2室1厅 | 71.1平米 | 东 西,https://ke-image.ljcdn.com/110000-inspection/2cfbff8a-b83e-45dc-a94d-b73b192e1fb2_1000.jpg!m_fill,w_280,h_210,f_jpg?from=ke.com
20230919,海淀,西二旗,101120557179,领秀新硅谷1号院 电梯洋房三居 中间位置 满五年唯一,1580万,109707元/平,中楼层 (共5层) | 2010年建 | 3室1厅 | 144.02平米 | 南 北,https://ke-image.ljcdn.com/110000-inspection/pc1_XxQTt1sC4.jpg!m_fill,w_280,h_210,f_jpg?from=ke.com
20230919,海淀,西二旗,101120554436,铭科苑精装南北两居 低楼层 房改房,520万,79390元/平,低楼层 (共6层) 2室1厅 | 65.5平米 | 南 北,https://ke-image.ljcdn.com/110000-inspection/c7192d82-37ef-4851-9c3e-c9843d9977b2_1000.jpg!m_fill,w_280,h_210,f_jpg?from=ke.com
20230919,海淀,西二旗,101120459543,新上海淀区西二旗铭科苑电梯两居室,628万,72770元/平,低楼层 (共18层) | 2002年建 | 2室1厅 | 86.3平米 | 西,https://ke-image.ljcdn.com/110000-inspection/pc1_SSYauSily_1.jpg!m_fill,w_280,h_210,f_jpg?from=ke.com
20230919,海淀,西二旗,101120448698,西二旗 铭科苑 正规两居 不临街 不把边,510万,76924元/平,高楼层 (共6层) | 1998年建 | 2室1厅 | 66.3平米 | 东 西,https://ke-image.ljcdn.com/110000-inspection/4fb500d9-9241-4a3b-98e5-c6beca6a333c_1000.jpg!m_fill,w_280,h_210,f_jpg?from=ke.com
20230919,海淀,西二旗,101120417039,A区平层大三居 落地窗 视野好,1520万,91160元/平,中楼层 (共15层) | 2008年建 | 3室2厅 | 166.74平米 | 东 南 北,https://ke-image.ljcdn.com/110000-inspection/cde84708-9e42-43e2-9d6b-a422e8a7e319_1000.jpg!m_fill,w_280,h_210,f_jpg?from=ke.com
20230919,海淀,西二旗,101120325814,智学苑东向大三居高楼层视野棒正对小区花园,760万,61554元/平,高楼层 (共24层) | 2002年建 | 3室2厅 | 123.47平米 | 东南,https://ke-image.ljcdn.com/110000-inspection/pc1_o5aUsJ1Ui.jpg!m_fill,w_280,h_210,f_jpg?from=ke.com
20230919,海淀,西二旗,101120254841,西二旗铭科苑 中间位置 南北通透 视野开阔 采光充足,560万,84465元/平,中楼层 (共6层) 2室1厅 | 66.3平米 | 南 北,https://ke-image.ljcdn.com/110000-inspection/1c4535d5-57d9-43a9-829b-93d2437789a9_1000.jpg!m_fill,w_280,h_210,f_jpg?from=ke.com
20230919,海淀,西二旗,101120196876,博雅德园中间三居室边户靠西户型方正采光好房主自荐,1130万,78018元/平,低楼层 (共10层) | 2005年建 | 3室2厅 | 144.84平米 | 南 北,https://ke-image.ljcdn.com/110000-inspection/pc1_DY0v9kvnh.jpg!m_fill,w_280,h_210,f_jpg?from=ke.com
20230919,海淀,西二旗,101120176561,西二旗铭科苑新上66平南北通透一居室,436万,66565元/平,底层 (共6层) | 1997年建 | 1室1厅 | 65.5平米 | 南 北,https://ke-image.ljcdn.com/110000-inspection/0d34bcc7-3f8b-4c4f-9b3c-136ee77cc4c7_1000.jpg!m_fill,w_280,h_210,f_jpg?from=ke.com
20230919,海淀,西二旗,101120154554,领秀新硅谷1号院 一居室 户型方正 满五年唯一,599万,91186元/平,顶层 (共5层) 1室1厅 | 65.69平米 | 东 西,https://ke-image.ljcdn.com/110000-inspection/pc1_CdIH3RGsl.jpg!m_fill,w_280,h_210,f_jpg?from=ke.com
20230919,海淀,西二旗,101120136993,领秀新硅谷2号院高楼层阳光薄板南向一居,920万,105252元/平,高楼层 (共15层) 1室1厅 | 87.41平米 | 南,https://ke-image.ljcdn.com/110000-inspection/prod-36b3a14a-59f3-4812-a345-24b1a7bc066a.jpg!m_fill,w_280,h_210,f_jpg?from=ke.com
20230919,海淀,西二旗,101120054240,西二旗铭科苑两居室 满五唯一 精装自住户型方正,510万,71529元/平,顶层 (共6层) | 1997年建 | 2室1厅 | 71.3平米 | 东 西,https://ke-image.ljcdn.com/110000-inspection/d8de31ae-ccc2-46b5-ab9f-2281068f98bf_1000.jpg!m_fill,w_280,h_210,f_jpg?from=ke.com
20230919,海淀,西二旗,101120035760,燕尚园南北通透三居室 双卧朝南 全明格局 满五年,1000万,99761元/平,底层 (共8层) 3室1厅 | 100.24平米 | 南 北,https://ke-image.ljcdn.com/110000-inspection/pc1_Tk24WIVoI_1.jpg!m_fill,w_280,h_210,f_jpg?from=ke.com
20230919,海淀,西二旗,101120002032,铭科苑 2室1厅 南 北,560万,85236元/平,低楼层 (共6层) | 1997年建 | 2室1厅 | 65.7平米 | 南 北,https://ke-image.ljcdn.com/110000-inspection/pc1_QUeXmb4vy.jpg!m_fill,w_280,h_210,f_jpg?from=ke.com
20230919,海淀,西二旗,101119995197,西二旗西路2号院 电梯洋房大三居 眼镜户型 中间位置,1660万,114145元/平,中楼层 (共5层) | 2010年建 | 3室2厅 | 145.43平米 | 南 北,https://ke-image.ljcdn.com/110000-inspection/pc1_0RLmZ6KYd_1.jpg!m_fill,w_280,h_210,f_jpg?from=ke.com
20230919,海淀,西二旗,101119976396,智学苑  东南两居  商品房 诚意出售房主自荐,590万,59440元/平,中楼层 (共24层) | 2001年建 | 2室1厅 | 99.26平米 | 东 南,https://ke-image.ljcdn.com/110000-inspection/pc1_AQDeXdnSv.jpg!m_fill,w_280,h_210,f_jpg?from=ke.com
20230919,海淀,西二旗,101119893260,智学高楼层精装大三居拎包入住的,850万,66298元/平,中楼层 (共24层) 3室2厅 | 128.21平米 | 东南,https://ke-image.ljcdn.com/110000-inspection/f75dd135-3402-4520-b0d2-ea1d90eb511c_1000.jpg!m_fill,w_280,h_210,f_jpg?from=ke.com
20230919,海淀,西二旗,101119864178,西二旗铭科苑  中间楼层 位置安静 满五年唯一  精装,498万,75114元/平,中楼层 (共6层) | 1997年建 | 2室1厅 | 66.3平米 | 东 西,https://ke-image.ljcdn.com/110000-inspection/pc1_01P2Nk0yn.jpg!m_fill,w_280,h_210,f_jpg?from=ke.com
20230919,海淀,西二旗,101119852717,铭科苑 中间楼层两居室 格局方正,480万,67322元/平,中楼层 (共6层) | 1997年建 | 2室1厅 | 71.3平米 | 东 西,https://ke-image.ljcdn.com/110000-inspection/pc1_FuA39kBSO.jpg!m_fill,w_280,h_210,f_jpg?from=ke.com
20230919,海淀,西二旗,101119837305,满五唯一 中间楼层 户型合理 采光好 视野棒房主自荐,890万,70523元/平,低楼层 (共24层) 3室2厅 | 126.2平米 | 东 北,https://ke-image.ljcdn.com/110000-inspection/pc1_bXxSbk27b.jpg!m_fill,w_280,h_210,f_jpg?from=ke.com
20230919,海淀,西二旗,101119816817,领秀新硅谷1号院 南北双通透两居 精装修 诚意出售,950万,98753元/平,底层 (共9层) | 2011年建 | 2室1厅 | 96.2平米 | 南 北,https://ke-image.ljcdn.com/110000-inspection/7e8f9788-8cde-4f70-ae44-c694e93b45b1_1000.jpg!m_fill,w_280,h_210,f_jpg?from=ke.com
20230919,海淀,西二旗,101119790016,海淀区西二旗商圈智学苑小区低密度社区,820万,69129元/平,顶层 (共24层) 3室1厅 | 118.62平米 | 东南,https://ke-image.ljcdn.com/110000-inspection/f273a0a6-79fb-4c4a-b955-f5953094192d_1000.jpg!m_fill,w_280,h_210,f_jpg?from=ke.com
20230919,海淀,西二旗,101119776352,铭科苑 中间层 位置好看房随时 精装南北通透 采光好,528万,81231元/平,中楼层 (共6层) 2室1厅 | 65平米 | 北 南,https://ke-image.ljcdn.com/110000-inspection/pc1_QCf4KUCxx.jpg!m_fill,w_280,h_210,f_jpg?from=ke.com
20230919,海淀,西二旗,101119746333,西二旗铭科苑 南北通透 高楼层 采光视野好,520万,80000元/平,高楼层 (共6层) | 1997年建 | 2室1厅 | 65平米 | 南 北,https://ke-image.ljcdn.com/110000-inspection/pc1_WFzKrPObc_1.jpg!m_fill,w_280,h_210,f_jpg?from=ke.com
20230919,海淀,西二旗,101119606465,铭科苑 双卧朝南 南北两居室 中间楼层,558万,84163元/平,中楼层 (共6层) 2室1厅 | 66.3平米 | 南 北,https://ke-image.ljcdn.com/110000-inspection/40c97223-fbd5-42c1-a94d-9d3262828192_1000.jpg!m_fill,w_280,h_210,f_jpg?from=ke.com
20230919,海淀,西二旗,101119577482,西二旗智学苑东南向三居室 电梯房 商品房 位置安静房主自荐,820万,63958元/平,低楼层 (共24层) 3室2厅 | 128.21平米 | 东南 南,https://ke-image.ljcdn.com/110000-inspection/bc6a0911-2481-4fed-a93a-572bbab8a7d9_1000.jpg!m_fill,w_280,h_210,f_jpg?from=ke.com
20230919,海淀,西二旗,101119567489,铭科苑 高楼层 位置好看房随时 不临街 采光好,628万,68485元/平,顶层 (共6层) 3室1厅 | 91.7平米 | 南 北,https://ke-image.ljcdn.com/110000-inspection/a398b5d7-1643-4774-b167-6b0edec1c0b7_1000.jpg!m_fill,w_280,h_210,f_jpg?from=ke.com
20230919,海淀,西二旗,101119544144,智学苑 满五年唯一商品房 正规一居室 价格可谈房主自荐,425万,76549元/平,顶层 (共6层) | 2000年建 | 1室1厅 | 55.52平米 | 西北,https://ke-image.ljcdn.com/110000-inspection/pc1_rnMs6Qbcy_1.jpg!m_fill,w_280,h_210,f_jpg?from=ke.com
20230919,海淀,西二旗,101119533287,满五年唯一商品房 中间位置 格局方正,878万,84334元/平,中楼层 (共14层) 2室2厅 | 104.11平米 | 南,https://ke-image.ljcdn.com/110000-inspection/90f09298-806c-4f14-bb49-71cb10b46c43_1000.jpg!m_fill,w_280,h_210,f_jpg?from=ke.com
20230919,海淀,西二旗,101119506923,中间位置两居南北通透靠谱出售房主自荐,875万,107494元/平,中楼层 (共5层) | 2008年建 | 2室1厅 | 81.4平米 | 南 北,https://ke-image.ljcdn.com/110000-inspection/pc1_1r9nwZpja.jpg!m_fill,w_280,h_210,f_jpg?from=ke.com
20230919,海淀,西二旗,101119440542,领秀新硅谷2号院 满五唯一 精装修 视野好 不临街房主自荐,850万,97825元/平,低楼层 (共15层) | 2008年建 | 2室1厅 | 86.89平米 | 南,https://ke-image.ljcdn.com/110000-inspection/273d0877-99a6-4adb-97bd-04bce32c8a54_1000.jpg!m_fill,w_280,h_210,f_jpg?from=ke.com
20230919,海淀,西二旗,101119435149,铭科苑 南北通透一居室 业主诚售,468万,70910元/平,顶层 (共6层) 1室1厅 | 66平米 | 南 北,https://ke-image.ljcdn.com/110000-inspection/bc93e008-b6ae-415a-bcce-d959fb157548_1000.jpg!m_fill,w_280,h_210,f_jpg?from=ke.com
20230919,海淀,西二旗,101119400953,铭科苑成本价住房 南北两居 一层,498万,81506元/平,底层 (共6层) 2室1厅 | 61.1平米 | 南 北,https://ke-image.ljcdn.com/110000-inspection/3778d6f4-2881-4bda-a87c-2f4da8cbc85d_1000.jpg!m_fill,w_280,h_210,f_jpg?from=ke.com
20230919,海淀,西二旗,101119377211,智学苑全南三居  满五唯一商品房 看房方便,780万,65497元/平,高楼层 (共24层) 3室1厅 | 119.09平米 | 南,https://ke-image.ljcdn.com/110000-inspection/f653cdd7-b884-4369-8a0e-0ad986f1ceef_1000.jpg!m_fill,w_280,h_210,f_jpg?from=ke.com
20230919,海淀,西二旗,101119369710,西二旗铭科苑精装中间楼层一居室房主自荐,420万,78359元/平,高楼层 (共6层) | 1997年建 | 1室1厅 | 53.6平米 | 南 北,https://ke-image.ljcdn.com/110000-inspection/53d44e54-80a4-42ed-9356-6ba0a8a5dbe7_1000.jpg!m_fill,w_280,h_210,f_jpg?from=ke.com
20230919,海淀,西二旗,101119341062,西二旗铭科苑小区正规南北通透一居房主自荐,370万,69944元/平,底层 (共6层) | 1997年建 | 1室1厅 | 52.9平米 | 南 北,https://ke-image.ljcdn.com/110000-inspection/9cdeb68f-a624-4af1-859d-2a6af0106e27_1000.jpg!m_fill,w_280,h_210,f_jpg?from=ke.com
20230919,海淀,西二旗,101119340910,西二旗铭科苑 成本价房 配套齐全房主自荐,515万,82533元/平,高楼层 (共6层) 2室1厅 | 62.4平米 | 南 北,https://ke-image.ljcdn.com/110000-inspection/pc1_87n7TrzC0.jpg!m_fill,w_280,h_210,f_jpg?from=ke.com
20230919,海淀,西二旗,101119279233,西二旗智学苑、中间位置、满五年唯一、采光视野好,860万,68211元/平,中楼层 (共24层) 3室2厅 | 126.08平米 | 南 西,https://ke-image.ljcdn.com/110000-inspection/pc1_Zw5nm9H6w.jpg!m_fill,w_280,h_210,f_jpg?from=ke.com
20230919,海淀,西二旗,101119259813,铭科苑小区正规两居  中间楼层  满五唯一房主自荐,480万,73038元/平,中楼层 (共6层) | 1997年建 | 2室1厅 | 65.72平米 | 西 东,https://ke-image.ljcdn.com/110000-inspection/pc1_KpgKYJlWR_1.jpg!m_fill,w_280,h_210,f_jpg?from=ke.com
20230919,海淀,西二旗,101119256037,领秀新硅谷1号院洋房四居满五唯一诚意出售,1518万,103280元/平,底层 (共5层) | 2010年建 | 4室2厅 | 146.98平米 | 南 北,https://ke-image.ljcdn.com/110000-inspection/pc1_F0Vw49fsT.jpg!m_fill,w_280,h_210,f_jpg?from=ke.com
20230919,海淀,西二旗,101119241694,领秀新硅谷1号院。城市别墅区。,1680万,109776元/平,中楼层 (共5层) | 2010年建 | 4室2厅 | 153.04平米 | 南 北,https://ke-image.ljcdn.com/110000-inspection/pc1_4KEd9A20D.jpg!m_fill,w_280,h_210,f_jpg?from=ke.com
20230919,海淀,西二旗,101119201048,满五唯一  精装修 空置  业主诚心卖 随时看房子,1299万,117038元/平,顶层 (共5层) | 2010年建 | 4室2厅 | 110.99平米 | 南 北,https://ke-image.ljcdn.com/110000-inspection/fc14e441-8996-4fae-a4a9-dadfe480fb56_1000.jpg!m_fill,w_280,h_210,f_jpg?from=ke.com
20230919,海淀,西二旗,101119198883,满五年唯一 大三居 南北通透 采光好 通风效果佳,1299万,84880元/平,中楼层 (共5层) | 2003年建 | 3室2厅 | 153.04平米 | 南 北,https://ke-image.ljcdn.com/110000-inspection/e0a41e8d-ce70-4566-afba-d11beadba4ed_1000.jpg!m_fill,w_280,h_210,f_jpg?from=ke.com
20230919,海淀,西二旗,101119198678,西二旗铭科苑正规南北两居室 精装修  视野开阔房主自荐,540万,81448元/平,顶层 (共6层) 2室1厅 | 66.3平米 | 南 北,https://ke-image.ljcdn.com/110000-inspection/47eca03f-1d4a-4041-a3c8-8079fc43d9dd_1000.jpg!m_fill,w_280,h_210,f_jpg?from=ke.com
20230919,海淀,西二旗,101119163062,领秀新硅谷2号院精装高层阳光薄板,1030万,82262元/平,顶层 (共15层) 2室2厅 | 125.21平米 | 南 西 北,https://ke-image.ljcdn.com/110000-inspection/pc1_Rox3Icmed.jpg!m_fill,w_280,h_210,f_jpg?from=ke.com
20230919,海淀,西二旗,101119134013,西二旗 铭科苑 中间楼层 南北通透房主自荐,420万,68182元/平,中楼层 (共6层) 1室1厅 | 61.6平米 | 南 北,https://ke-image.ljcdn.com/110000-inspection/pc1_oBMjAnp9O.jpg!m_fill,w_280,h_210,f_jpg?from=ke.com
20230919,海淀,西二旗,101119080475,智学苑 南北通透大两居室 满五年唯一 低楼层,750万,65698元/平,底层 (共6层) | 2005年建 | 2室1厅 | 114.16平米 | 南 北,https://ke-image.ljcdn.com/110000-inspection/35fb4530-e267-475f-86e1-9152ee2cdd88_1000.jpg!m_fill,w_280,h_210,f_jpg?from=ke.com
20230919,海淀,西二旗,101119073003,西南向两居室 户型方正 客厅落地窗 高楼层采光视野好,618万,84646元/平,高楼层 (共24层) 2室1厅 | 73.01平米 | 西南,https://ke-image.ljcdn.com/110000-inspection/b6f82d30-7c51-4e79-b8a2-fd4d318dd09d_1000.jpg!m_fill,w_280,h_210,f_jpg?from=ke.com
20230919,海淀,西二旗,101119055425,西二旗带电梯高楼层精装修一居室房主自荐,465万,64530元/平,中楼层 (共18层) | 2002年建 | 2室1厅 | 72.06平米 | 西,https://ke-image.ljcdn.com/110000-inspection/pc1_wuFpCu0mo.jpg!m_fill,w_280,h_210,f_jpg?from=ke.com
20230919,海淀,西二旗,101119046887,铭科苑满五年唯一中间楼层南北通透诚心出售,498万,76031元/平,低楼层 (共6层) 2室1厅 | 65.5平米 | 南 北,https://ke-image.ljcdn.com/110000-inspection/fb3dc658-d536-487a-a62b-1dd2d3537bd7_1000.jpg!m_fill,w_280,h_210,f_jpg?from=ke.com
20230919,海淀,西二旗,101119004829,领秀新硅谷2号院 精装两居室 全明格局  诚意出售,1199万,95760元/平,低楼层 (共15层) | 2008年建 | 2室2厅 | 125.21平米 | 南 西 北,https://ke-image.ljcdn.com/110000-inspection/pc1_xp22VXpSY_1.jpg!m_fill,w_280,h_210,f_jpg?from=ke.com
20230919,海淀,西二旗,101118911732,领秀新硅谷1号院  经典洋房三居 精装修,1690万,116208元/平,中楼层 (共5层) | 2010年建 | 3室2厅 | 145.43平米 | 南 北,https://ke-image.ljcdn.com/110000-inspection/pc1_AlDOTZxjg_1.jpg!m_fill,w_280,h_210,f_jpg?from=ke.com
20230919,海淀,西二旗,101118901076,独立入户洋房四居 南北双通透 双明卫 无遮挡 采光好房主自荐,1660万,113311元/平,底层 (共5层) 4室2厅 | 146.5平米 | 南 北,https://ke-image.ljcdn.com/110000-inspection/pc1_pytKOAypn.jpg!m_fill,w_280,h_210,f_jpg?from=ke.com
20230919,海淀,西二旗,101118753154,领秀新硅谷2号中间位置精装两居房主自荐,1188万,95262元/平,底层 (共15层) | 2008年建 | 2室2厅 | 124.71平米 | 东 南 北,https://ke-image.ljcdn.com/110000-inspection/pc1_2Mzs4EPoy_1.jpg!m_fill,w_280,h_210,f_jpg?from=ke.com
20230919,海淀,西二旗,101118721553,领秀新硅谷2号院  南向两居 中间位置 阳光薄板,830万,95513元/平,底层 (共15层) | 2008年建 | 2室1厅 | 86.9平米 | 南,https://ke-image.ljcdn.com/110000-inspection/d720ea2c-fe08-4237-bd95-05cb6a1fd250_1000.jpg!m_fill,w_280,h_210,f_jpg?from=ke.com
20230919,海淀,西二旗,101118718483,西二旗智学苑 南北通透两居 中间位置  好楼层 近地铁房主自荐,518万,75019元/平,底层 (共6层) 2室1厅 | 69.05平米 | 南 北,https://ke-image.ljcdn.com/110000-inspection/pc1_3NREKWfV4.jpg!m_fill,w_280,h_210,f_jpg?from=ke.com
20230919,海淀,西二旗,101118644378,领秀硅谷 洋房三居 南北通透 位置安静 满五唯一,1280万,83475元/平,中楼层 (共5层) | 2003年建 | 3室2厅 | 153.34平米 | 南 北,https://ke-image.ljcdn.com/110000-inspection/a47f330a-0961-430c-868e-696f2fe1157a_1000.jpg!m_fill,w_280,h_210,f_jpg?from=ke.com
20230919,海淀,西二旗,101118619184,南北通透满五唯一商品房双卫生间,940万,80583元/平,高楼层 (共10层) 2室2厅 | 116.65平米 | 南 北,https://ke-image.ljcdn.com/110000-inspection/pc1_R5i9JZiFN.jpg!m_fill,w_280,h_210,f_jpg?from=ke.com
20230919,海淀,西二旗,101118584621,东西通透两居室 中间楼层 位置好房主自荐,475万,71645元/平,中楼层 (共6层) | 1998年建 | 2室1厅 | 66.3平米 | 东 西,https://ke-image.ljcdn.com/110000-inspection/pc1_EiX3aPVKi_1.jpg!m_fill,w_280,h_210,f_jpg?from=ke.com
20230919,海淀,西二旗,101118584172,领秀新硅谷1号院 南北通透 视野采光无遮挡,1570万,112063元/平,高楼层 (共11层) | 2010年建 | 3室2厅 | 140.1平米 | 南 北,https://ke-image.ljcdn.com/110000-inspection/pc1_AFuR1AycP_1.jpg!m_fill,w_280,h_210,f_jpg?from=ke.com
20230919,海淀,西二旗,101118578891,领秀新硅谷B区精装满五年大两居东西通透独门独户房主自荐,1070万,100479元/平,底层 (共5层) | 2009年建 | 2室2厅 | 106.49平米 | 东 西,https://ke-image.ljcdn.com/110000-inspection/pc1_In864y81X.jpg!m_fill,w_280,h_210,f_jpg?from=ke.com
20230919,海淀,西二旗,101118417711,西二旗装修眼镜房双卧朝南大三居室,1575万,104257元/平,底层 (共9层) | 2009年建 | 3室1厅 | 151.07平米 | 南 北,https://ke-image.ljcdn.com/110000-inspection/pc1_6ByyK2XjF.jpg!m_fill,w_280,h_210,f_jpg?from=ke.com
20230919,海淀,西二旗,101118361716,铭科苑南北通透两居室视野好通风好房主自荐,410万,65706元/平,顶层 (共6层) | 1998年建 | 2室1厅 | 62.4平米 | 南 北,https://ke-image.ljcdn.com/110000-inspection/8b94b64e-5fe0-461a-af61-1bd7670ff4bf_1000.jpg!m_fill,w_280,h_210,f_jpg?from=ke.com
20230919,海淀,西二旗,101118353060,海淀智学苑  南北两居室  诚心出售  看房随时,525万,76553元/平,顶层 (共6层) | 2000年建 | 2室1厅 | 68.58平米 | 南 北,https://ke-image.ljcdn.com/110000-inspection/3f11dcfd-4966-493e-b03b-3c31e5293618_1000.jpg!m_fill,w_280,h_210,f_jpg?from=ke.com
20230919,海淀,西二旗,101118333119,西二旗铭科苑 精装修三居室户型房主自荐,708万,61975元/平,低楼层 (共18层) | 1999年建 | 3室1厅 | 114.24平米 | 西北,https://ke-image.ljcdn.com/110000-inspection/pc1_P7PfH4Zu4.jpg!m_fill,w_280,h_210,f_jpg?from=ke.com
20230919,海淀,西二旗,101118269949,西二旗铭科苑中间层满五唯一双卧南两居室房主自荐,545万,82203元/平,中楼层 (共6层) | 1997年建 | 2室1厅 | 66.3平米 | 南,https://ke-image.ljcdn.com/110000-inspection/pc1_LrqgAE56M.jpg!m_fill,w_280,h_210,f_jpg?from=ke.com
20230919,海淀,西二旗,101118232532,西二旗铭科苑 南北朝向一居室 户型方正  中间位置,400万,75615元/平,底层 (共6层) | 1998年建 | 1室1厅 | 52.9平米 | 南 北,https://ke-image.ljcdn.com/110000-inspection/c949851a-8462-41fe-be66-e80d602daee5_1000.jpg!m_fill,w_280,h_210,f_jpg?from=ke.com
20230919,海淀,西二旗,101118207662,智学苑 2室1厅 南 北,820万,92135元/平,底层 (共6层) | 2000年建 | 2室1厅 | 89平米 | 南 北,https://ke-image.ljcdn.com/110000-inspection/pc1_WyC0oU2qN_1.jpg!m_fill,w_280,h_210,f_jpg?from=ke.com
20230919,海淀,西二旗,101118205417,西二旗智学苑低楼层采光好交通便利,590万,85869元/平,低楼层 (共6层) | 2000年建 | 2室1厅 | 68.71平米 | 南 北,https://ke-image.ljcdn.com/110000-inspection/pc1_kxE3Gj0qF_1.jpg!m_fill,w_280,h_210,f_jpg?from=ke.com
20230919,海淀,西二旗,101118198511,西二旗智学苑中间楼层不临街户型方正采光充足,680万,76845元/平,中楼层 (共6层) | 2000年建 | 2室1厅 | 88.49平米 | 南 北,https://ke-image.ljcdn.com/110000-inspection/pc1_IuvOJnPyi.jpg!m_fill,w_280,h_210,f_jpg?from=ke.com
20230919,海淀,西二旗,101118173553,领秀新硅谷1号院  宽景大宅 高层观景 好位置,2150万,95370元/平,高楼层 (共15层) 3室2厅 | 225.44平米 | 南 北,https://ke-image.ljcdn.com/110000-inspection/8e4006ab-84c4-4da9-91be-c10b77351d7f_1000.jpg!m_fill,w_280,h_210,f_jpg?from=ke.com
20230919,海淀,西二旗,101118057000,西二旗智学苑  西二旗商圈  商品房满五唯一,899万,63440元/平,低楼层 (共22层) | 2005年建 | 3室2厅 | 141.71平米 | 南 北,https://ke-image.ljcdn.com/110000-inspection/752ad8b4-94f1-440c-a5ad-f5fba5c128c8_1000.jpg!m_fill,w_280,h_210,f_jpg?from=ke.com
20230919,海淀,西二旗,101117985000,海淀区西二旗商圈智学苑满五唯一房主自荐,715万,56711元/平,高楼层 (共24层) | 2002年建 | 3室1厅 | 126.08平米 | 西,https://ke-image.ljcdn.com/110000-inspection/pc1_EB48rgKw4.jpg!m_fill,w_280,h_210,f_jpg?from=ke.com
20230919,海淀,西二旗,101117930515,新硅谷安静三居室满五唯一精装修有车位,1300万,90347元/平,低楼层 (共15层) | 2011年建 | 3室1厅 | 143.89平米 | 东 南 北,https://ke-image.ljcdn.com/110000-inspection/d109ca1b-31da-4963-9a6a-5ef643c53386_1000.jpg!m_fill,w_280,h_210,f_jpg?from=ke.com
20230919,海淀,西二旗,101117862223,领秀新硅谷2号院 小区中间位置 正规两居,889万,109821元/平,底层 (共5层) 2室1厅 | 80.95平米 | 南,https://ke-image.ljcdn.com/110000-inspection/52435206-df13-4d34-a958-3029b5d54598_1000.jpg!m_fill,w_280,h_210,f_jpg?from=ke.com
20230919,海淀,西二旗,101117860355,领秀新硅谷2号院 三室两厅两卫 满五唯一房主自荐,1620万,132984元/平,底层 (共5层) | 2008年建 | 3室2厅 | 121.82平米 | 南 北,https://ke-image.ljcdn.com/110000-inspection/pc1_BxUKbr6eZ.jpg!m_fill,w_280,h_210,f_jpg?from=ke.com
20230919,海淀,西二旗,101117848113,西二旗铭科苑小区优质东西向两居室房主自荐,585万,80779元/平,中楼层 (共6层) | 1997年建 | 2室1厅 | 72.42平米 | 东 西,https://ke-image.ljcdn.com/110000-inspection/4598a30c-71e3-4b89-9dfa-c09e935aeb92_1000.jpg!m_fill,w_280,h_210,f_jpg?from=ke.com
20230919,海淀,西二旗,101117803189,西二旗铭科苑 66平米 南北通透 好楼层房主自荐,435万,70617元/平,高楼层 (共6层) 1室1厅 | 61.6平米 | 南 北,https://ke-image.ljcdn.com/110000-inspection/pc1_2S21GX5xQ_1.jpg!m_fill,w_280,h_210,f_jpg?from=ke.com
20230919,海淀,西二旗,101117777753,小区中间位置无遮挡精装拎包入住,399万,74441元/平,高楼层 (共6层) | 1998年建 | 1室1厅 | 53.6平米 | 南,https://ke-image.ljcdn.com/110000-inspection/0d895d88-039f-4c4b-ace7-28f679e5985c_1000.jpg!m_fill,w_280,h_210,f_jpg?from=ke.com
20230919,海淀,西二旗,101117721031,铭科苑  优质板楼南北两居  采光佳,555万,85372元/平,底层 (共6层) | 1997年建 | 2室1厅 | 65.01平米 | 南 北,https://ke-image.ljcdn.com/110000-inspection/18b1a901-a9c1-42c7-a419-2a5818d635b2_1000.jpg!m_fill,w_280,h_210,f_jpg?from=ke.com
20230919,海淀,西二旗,101117719781,西二旗铭科苑 婚房两居 商满五唯一房主自荐,470万,75200元/平,高楼层 (共6层) | 1998年建 | 2室1厅 | 62.5平米 | 南 北,https://ke-image.ljcdn.com/110000-inspection/003e786f-3b70-4162-93e9-d7c98f393ac7_1000.jpg!m_fill,w_280,h_210,f_jpg?from=ke.com
20230919,海淀,西二旗,101117589387,西二旗 铭科苑 南北通透 精装修三居,639万,70375元/平,顶层 (共6层) 3室1厅 | 90.8平米 | 南 北,https://ke-image.ljcdn.com/110000-inspection/1433c645-dc13-4d33-b828-4c575de238da_1000.jpg!m_fill,w_280,h_210,f_jpg?from=ke.com
20230919,海淀,西二旗,101117542085,西二旗铭科苑 中间位置 中间楼层,540万,83077元/平,中楼层 (共6层) | 1997年建 | 2室1厅 | 65平米 | 南 北,https://ke-image.ljcdn.com/110000-inspection/fa2085ee-9c53-4723-9715-82bbaf1b0655_1000.jpg!m_fill,w_280,h_210,f_jpg?from=ke.com
20230919,海淀,西二旗,101117267936,领秀新硅谷2号院 南向 正对小区花园,1035万,95789元/平,底层 (共15层) 2室1厅 | 108.05平米 | 南,https://ke-image.ljcdn.com/110000-inspection/pc1_wrRHg51DU_1.jpg!m_fill,w_280,h_210,f_jpg?from=ke.com
20230919,海淀,西二旗,101117188422,铭科苑东西两居 满五唯一商品房 视野好房主自荐,455万,68628元/平,顶层 (共6层) 2室1厅 | 66.3平米 | 东 西,https://ke-image.ljcdn.com/110000-inspection/dc4c4d46-31d2-4dd0-9db3-fa4d80a9309c_1000.jpg!m_fill,w_280,h_210,f_jpg?from=ke.com
20230919,海淀,西二旗,101117019692,西二旗燕尚园 大三居 户型方正 带电梯 中间楼层,1528万,93858元/平,中楼层 (共8层) 3室2厅 | 162.8平米 | 南 北,https://ke-image.ljcdn.com/110000-inspection/prod-1b25ff1e-d2e2-4896-b65c-418bbad02913.jpg!m_fill,w_280,h_210,f_jpg?from=ke.com
20230919,海淀,西二旗,101116991697,铭科苑南北通透一居室 南北通透 前后无遮挡,432万,81664元/平,底层 (共6层) | 1997年建 | 1室1厅 | 52.9平米 | 南 北,https://ke-image.ljcdn.com/110000-inspection/pc1_2AGXTT8i9.jpg!m_fill,w_280,h_210,f_jpg?from=ke.com
20230919,海淀,西二旗,101116929077,西二旗铭科苑满5年三居室业主诚意出售,728万,63726元/平,顶层 (共18层) | 2000年建 | 3室1厅 | 114.24平米 | 东 北,https://ke-image.ljcdn.com/110000-inspection/pc1_FviNJ6iTJ.jpg!m_fill,w_280,h_210,f_jpg?from=ke.com
20230919,海淀,西二旗,101116730251,西二旗燕尚园、低密度小区、眼睛户型,1320万,99736元/平,中楼层 (共8层) 3室2厅 | 132.35平米 | 南 北,https://ke-image.ljcdn.com/110000-inspection/b3fd9212-d6eb-4404-9e51-51eae5cb6dd8_1000.jpg!m_fill,w_280,h_210,f_jpg?from=ke.com
20230919,海淀,西二旗,101116529757,博雅德园全南两居室高楼层业主自住只有契税,898万,86255元/平,中楼层 (共16层) | 2005年建 | 2室2厅 | 104.11平米 | 南,https://ke-image.ljcdn.com/110000-inspection/877c322e-318f-45cf-a971-5f5c5b64b96f_1000.jpg!m_fill,w_280,h_210,f_jpg?from=ke.com
20230919,海淀,西二旗,101116386050,铭科苑高楼层一居室业主诚意出售房主自荐,345万,64366元/平,顶层 (共6层) 1室1厅 | 53.6平米 | 南 北,https://ke-image.ljcdn.com/110000-inspection/ff8413b9-a28c-4b11-80af-8b2f9203ddc5_1000.jpg!m_fill,w_280,h_210,f_jpg?from=ke.com
20230919,海淀,西二旗,101116224504,智学苑 3室2厅 南 北,805万,75326元/平,中楼层 (共22层) | 2005年建 | 3室2厅 | 106.87平米 | 南 北,https://ke-image.ljcdn.com/110000-inspection/ca611b86-7485-456a-92df-3d5888379e5e_1000.jpg!m_fill,w_280,h_210,f_jpg?from=ke.com
20230919,海淀,西二旗,101115848016,铭科苑高层东西两居 满五唯一商品房 采光视野好,455万,69626元/平,顶层 (共6层) 2室1厅 | 65.35平米 | 东 西,https://ke-image.ljcdn.com/110000-inspection/pc1_D4biDDGzi_1.jpg!m_fill,w_280,h_210,f_jpg?from=ke.com
20230919,海淀,西二旗,101115727695,博雅德园   普宅 南北通透三居室,1155万,84123元/平,低楼层 (共16层) | 2005年建 | 3室2厅 | 137.3平米 | 南 北,https://ke-image.ljcdn.com/110000-inspection/pc1_QnNk2jL9R_2.jpg!m_fill,w_280,h_210,f_jpg?from=ke.com
20230919,海淀,西二旗,101115657020,铭科苑带电梯大一居   中间层 无遮挡,510万,70775元/平,低楼层 (共18层) | 1999年建 | 1室1厅 | 72.06平米 | 西,https://ke-image.ljcdn.com/110000-inspection/38e59499-d980-4870-b52e-a3dea56e4581_1000.jpg!m_fill,w_280,h_210,f_jpg?from=ke.com
20230919,海淀,西二旗,101115565507,博雅德园自主三居室诚心出售满五唯一能贷款,1180万,85944元/平,低楼层 (共14层) | 2005年建 | 3室1厅 | 137.3平米 | 南 北,https://ke-image.ljcdn.com/110000-inspection/pc1_lchdOTHpD.jpg!m_fill,w_280,h_210,f_jpg?from=ke.com
20230919,海淀,西二旗,101115540398,领秀新硅谷1号院精装宽景满五唯一带电梯房主自荐,1770万,78514元/平,低楼层 (共15层) | 2011年建 | 3室2厅 | 225.44平米 | 南 北,https://ke-image.ljcdn.com/110000-inspection/e08ce684-f5fd-4542-84c5-fad6d7b363b6_1000.jpg!m_fill,w_280,h_210,f_jpg?from=ke.com
20230919,海淀,西二旗,101114018849,西二旗智学苑 优质户型 随时签约,819万,66332元/平,底层 (共24层) 3室1厅 | 123.47平米 | 西南,https://ke-image.ljcdn.com/110000-inspection/pc1_xChnqlvb5_1.jpg!m_fill,w_280,h_210,f_jpg?from=ke.com
20230919,海淀,西二旗,101112451972,海淀西二旗平层观景三居室带保姆间 南北通透,1950万,86498元/平,高楼层 (共15层) | 2011年建 | 3室2厅 | 225.44平米 | 南 北,https://ke-image.ljcdn.com/110000-inspection/pc1_XFztXc1Kq_1.jpg!m_fill,w_280,h_210,f_jpg?from=ke.com
20230919,海淀,西二旗,101110398008,西二旗燕尚园平层四居 小区中间位置 带精装 诚意出售,1790万,92988元/平,中楼层 (共8层) | 2006年建 | 4室2厅 | 192.5平米 | 南 北,https://ke-image.ljcdn.com/110000-inspection/pc1_ofV0NSU3s_1.jpg!m_fill,w_280,h_210,f_jpg?from=ke.com
20230919,海淀,西二旗,101108533352,智学苑 高楼层三居室 户型方正,715万,56657元/平,高楼层 (共24层) 3室2厅 | 126.2平米 | 西 北,https://ke-image.ljcdn.com/110000-inspection/pc1_9shQQLsNW_1.jpg!m_fill,w_280,h_210,f_jpg?from=ke.com
20230919,海淀,西二旗,101121125282,燕尚园 3室1厅 南 北新上,1070万,106088元/平,顶层 (共8层) | 2006年建 | 3室1厅 | 100.86平米 | 南 北,https://ke-image.ljcdn.com/110000-inspection/1dcb4de2-e4ac-40e3-a308-5c07bda53432_1000.jpg!m_fill,w_280,h_210,f_jpg?from=ke.com
20230919,海淀,西二旗,101121112799,满五唯一南北通透采光好中间位置 商品房新上,545万,78929元/平,高楼层 (共6层) 2室1厅 | 69.05平米 | 南 北,https://ke-image.ljcdn.com/110000-inspection/600bb229-cfb9-40b0-b104-cbe4d9a088b7_1000.jpg!m_fill,w_280,h_210,f_jpg?from=ke.com
20230919,海淀,西二旗,101121095349,领秀硅谷 3室2厅 南 北新上,1050万,83077元/平,中楼层 (共8层) | 2003年建 | 3室2厅 | 126.39平米 | 南 北,https://ke-image.ljcdn.com/110000-inspection/285e85ee-f3e2-49ff-b067-d1ba41b198a8_1000.jpg!m_fill,w_280,h_210,f_jpg?from=ke.com
20230919,海淀,西二旗,101121012782,领秀新硅谷2号院  1+2 共两层,1750万,115360元/平,底层 (共4层) | 2008年建 | 5室3厅 | 151.7平米 | 南 北,https://ke-image.ljcdn.com/110000-inspection/cc7b5453-0888-47e5-aaea-39ce0bd2bace_1000.jpg!m_fill,w_280,h_210,f_jpg?from=ke.com
20230919,海淀,西二旗,101120934542,铭科苑 双卧朝南两居室 客厅明厅,498万,69846元/平,顶层 (共6层) | 1997年建 | 2室1厅 | 71.3平米 | 南 北,https://ke-image.ljcdn.com/110000-inspection/5c655f6a-a15a-4480-aade-3855b9090525_1000.jpg!m_fill,w_280,h_210,f_jpg?from=ke.com
20230919,海淀,西二旗,101120924436,领秀新硅谷2号院 6室2厅 南 北,2450万,105070元/平,底层 (共3层) | 2008年建 | 6室2厅 | 233.18平米 | 南 北,https://ke-image.ljcdn.com/110000-inspection/348cf092-bfb3-4bd9-a0e6-f9a9e59be341_1000.jpg!m_fill,w_280,h_210,f_jpg?from=ke.com
20230919,海淀,西二旗,101120923085,西二旗铭科苑 满五唯一 诚意出售 价格可谈,645万,66222元/平,低楼层 (共6层) | 1997年建 | 3室1厅 | 97.4平米 | 东 西 北,https://ke-image.ljcdn.com/110000-inspection/pc1_D2fjIaWXy_1.jpg!m_fill,w_280,h_210,f_jpg?from=ke.com
20230919,海淀,西二旗,101120922264,满五唯一精装两居室 采光好 东西通透 随时可看房主自荐,472万,71192元/平,高楼层 (共6层) | 1998年建 | 2室1厅 | 66.3平米 | 东 西,https://ke-image.ljcdn.com/110000-inspection/91f8db24-a22e-4896-ba50-6687250683c3_1000.jpg!m_fill,w_280,h_210,f_jpg?from=ke.com
20230919,海淀,西二旗,101120911544,铭科苑满五唯一精装电梯两居有固定车位,635万,73581元/平,高楼层 (共18层) | 1999年建 | 2室1厅 | 86.3平米 | 西南 西,https://ke-image.ljcdn.com/110000-inspection/9ac94369-3629-4ba4-ab10-78448f68f3b3_1000.jpg!m_fill,w_280,h_210,f_jpg?from=ke.com
20230919,海淀,西二旗,101120910373,领秀新硅谷1号院精装迷你墅三居户型看房方便唯一住宅,910万,101973元/平,底层 (共5层) | 2011年建 | 3室1厅 | 89.24平米 | 西 东,https://ke-image.ljcdn.com/110000-inspection/pc1_vEe8qCmV2.jpg!m_fill,w_280,h_210,f_jpg?from=ke.com
20230919,海淀,西二旗,101120905638,铭科苑中间楼层南北通透看房提前联系。,405万,69231元/平,中楼层 (共6层) | 1997年建 | 1室1厅 | 58.5平米 | 南 北,https://ke-image.ljcdn.com/110000-inspection/pc1_6kNpUueO0.jpg!m_fill,w_280,h_210,f_jpg?from=ke.com
20230919,海淀,西二旗,101120869781,西二旗智学苑  南北通透 车位充足房主自荐,520万,75308元/平,顶层 (共6层) 2室1厅 | 69.05平米 | 南 北,https://ke-image.ljcdn.com/110000-inspection/22218f99-255b-4888-8c84-89a5d0551d51_1000.jpg!m_fill,w_280,h_210,f_jpg?from=ke.com
20230919,海淀,西二旗,101120868706,西二旗智学苑 正对小区中间 不临街 观景房房主自荐,825万,68819元/平,低楼层 (共24层) 3室1厅 | 119.88平米 | 东 北,https://ke-image.ljcdn.com/110000-inspection/pc1_bdKUWaCoF.jpg!m_fill,w_280,h_210,f_jpg?from=ke.com
20230919,海淀,西二旗,101120702046,领秀新硅谷1号院 迷你墅 户型方正 满五唯一,1150万,128148元/平,底层 (共6层) | 2010年建 | 3室1厅 | 89.74平米 | 南 北,https://ke-image.ljcdn.com/110000-inspection/cca610fc-50cb-45ed-81e2-affa224a6bed_1000.jpg!m_fill,w_280,h_210,f_jpg?from=ke.com
20230919,海淀,西二旗,101120664007,西二旗智学苑满五年唯一精装大复式,849万,51589元/平,顶层 (共6层) 4室2厅 | 164.57平米 | 东 西,https://ke-image.ljcdn.com/110000-inspection/c66d27fb-9642-42fc-9c22-99b70cb477b0_1000.jpg!m_fill,w_280,h_210,f_jpg?from=ke.com
20230919,海淀,西二旗,101120644866,博雅德园 南北通透 不临街 位置安静,809万,85627元/平,底层 (共10层) | 2005年建 | 2室1厅 | 94.48平米 | 南 北,https://ke-image.ljcdn.com/110000-inspection/pc1_w5M3I1Zvr.jpg!m_fill,w_280,h_210,f_jpg?from=ke.com
20230919,海淀,西二旗,101120424093,领秀新硅谷2号院 东西通透 带落地窗 精装修 格局方正,810万,101099元/平,中楼层 (共5层) 2室1厅 | 80.12平米 | 东 西,https://ke-image.ljcdn.com/110000-inspection/pc1_bLDHV1TQf.jpg!m_fill,w_280,h_210,f_jpg?from=ke.com
20230919,海淀,西二旗,101120236390,博雅德园 满五年唯一商品房 高楼层 视野开阔,1280万,90230元/平,高楼层 (共16层) | 2005年建 | 3室2厅 | 141.86平米 | 南 北,https://ke-image.ljcdn.com/110000-inspection/ca205caf-7a7b-4b07-b6fb-fa252870a05d_1000.jpg!m_fill,w_280,h_210,f_jpg?from=ke.com
20230919,海淀,西二旗,101120152089,领秀新硅谷2号院A区户型方正三居功能,810万,101555元/平,顶层 (共5层) 3室1厅 | 79.76平米 | 东 西,https://ke-image.ljcdn.com/110000-inspection/34ab4522-db2a-4277-be28-27a871a5f4d2_1000.jpg!m_fill,w_280,h_210,f_jpg?from=ke.com
20230919,海淀,西二旗,101120131900,领秀新硅谷D区洋房四居 精装修 满五唯一 高楼层采光好房主自荐,1300万,116854元/平,顶层 (共5层) | 2010年建 | 4室2厅 | 111.25平米 | 南 北,https://ke-image.ljcdn.com/110000-inspection/pc1_yB9OxO1sH_1.jpg!m_fill,w_280,h_210,f_jpg?from=ke.com
20230919,海淀,西二旗,101120020323,智学苑 落地窗 不临街  满五唯一 中间楼层 诚心出售,610万,75589元/平,中楼层 (共22层) | 2005年建 | 2室1厅 | 80.7平米 | 西,https://ke-image.ljcdn.com/110000-inspection/358c7113-f790-436b-b9dc-ca556dacb7ed_1000.jpg!m_fill,w_280,h_210,f_jpg?from=ke.com
20230919,海淀,西二旗,101119984512,领秀新硅谷2号院精装修南北通透情景洋房,1250万,101035元/平,中楼层 (共5层) 2室2厅 | 123.72平米 | 南 北,https://ke-image.ljcdn.com/110000-inspection/test-0be3798c-12ad-42b2-b842-0330907cf97f.png!m_fill,w_280,h_210,f_jpg?from=ke.com
20230919,海淀,西二旗,101119836863,东南向 精装两居室 满五年唯一商品房房主自荐,619万,62362元/平,低楼层 (共24层) | 2001年建 | 2室1厅 | 99.26平米 | 东南,https://ke-image.ljcdn.com/110000-inspection/pc1_OWYNXDuuf.jpg!m_fill,w_280,h_210,f_jpg?from=ke.com
20230919,海淀,西二旗,101119832651,铭科苑 1室1厅 南 北,398万,60304元/平,顶层 (共6层) | 1997年建 | 1室1厅 | 66平米 | 南 北,https://ke-image.ljcdn.com/110000-inspection/pc1_yScRYUh2t.jpg!m_fill,w_280,h_210,f_jpg?from=ke.com
20230919,海淀,西二旗,101119743705,铭科苑 满五唯一 三层 视野好 东西通透 采光棒,598万,62227元/平,中楼层 (共6层) | 1997年建 | 3室1厅 | 96.1平米 | 东 西,https://ke-image.ljcdn.com/110000-inspection/pc1_70uohHcfj_1.jpg!m_fill,w_280,h_210,f_jpg?from=ke.com
20230919,海淀,西二旗,101119737929,新硅谷精装拎包入住带电梯大三居房主自荐,1359万,94101元/平,低楼层 (共15层) | 2011年建 | 3室1厅 | 144.42平米 | 南 北,https://ke-image.ljcdn.com/110000-inspection/fd33be4f-94d3-4709-9312-dff55cabb601_1000.jpg!m_fill,w_280,h_210,f_jpg?from=ke.com
20230919,海淀,西二旗,101119691167,领秀新硅谷1号院 精装合院别墅   看房方便 业主诚售,3300万,92316元/平,底层 (共3层) | 2011年建 | 6室3厅 | 357.47平米 | 南 北,https://ke-image.ljcdn.com/110000-inspection/9536f9da-5417-4fde-a2fd-673466189ebc_1000.jpg!m_fill,w_280,h_210,f_jpg?from=ke.com
20230919,海淀,西二旗,101119577127,领秀新硅谷  花园洋房  四居室,1660万,113133元/平,底层 (共5层) | 2011年建 | 4室1厅 | 146.73平米 | 南 北,https://ke-image.ljcdn.com/110000-inspection/b5254f95-79e6-4f08-9f9f-5e364c684dcc_1000.jpg!m_fill,w_280,h_210,f_jpg?from=ke.com
20230919,海淀,西二旗,101119506875,新硅谷D区洋房正规四居 户型方正 满五唯一 南北通透房主自荐,1680万,114007元/平,底层 (共5层) | 2010年建 | 4室2厅 | 147.36平米 | 南 北,https://ke-image.ljcdn.com/110000-inspection/30171ef2-2266-4c60-9f09-01d384b41256_1000.jpg!m_fill,w_280,h_210,f_jpg?from=ke.com
20230919,海淀,西二旗,101119475945,领秀新硅谷D区精装自住迷你墅 动静分离 高楼层采光好房主自荐,918万,105143元/平,高楼层 (共6层) 2室2厅 | 87.31平米 | 南 北,https://ke-image.ljcdn.com/110000-inspection/57004ba8-c840-45f4-aadb-bfe68841b5af_1000.jpg!m_fill,w_280,h_210,f_jpg?from=ke.com
20230919,海淀,西二旗,101119424915,西二旗燕尚园小米科技苑旁品质两居室房主自荐,899万,92930元/平,中楼层 (共8层) | 2006年建 | 2室1厅 | 96.74平米 | 南,https://ke-image.ljcdn.com/110000-inspection/6457bb72-612c-4398-b5d3-7f62cd0fab47_1000.jpg!m_fill,w_280,h_210,f_jpg?from=ke.com
20230919,海淀,西二旗,101119358329,领秀新硅谷2号院全南向三居室诚意出售房主自荐,1400万,98088元/平,中楼层 (共5层) 3室2厅 | 142.73平米 | 东 南 西,https://ke-image.ljcdn.com/110000-inspection/798ce1b0-f3b3-48e1-ae40-bf476136d65d_1000.jpg!m_fill,w_280,h_210,f_jpg?from=ke.com
20230919,海淀,西二旗,101119312450,领秀硅谷 下叠拼 上下两层  五居室,1980万,102591元/平,底层 (共4层) | 2003年建 | 5室2厅 | 193平米 | 南 北,https://ke-image.ljcdn.com/110000-inspection/030f8459-b712-4410-b294-9fbdd721e959_1000.jpg!m_fill,w_280,h_210,f_jpg?from=ke.com
20230919,海淀,西二旗,101119234387,经典三居 三面采光 安静不临街 精装修 2011年楼龄房主自荐,1460万,101368元/平,中楼层 (共15层) | 2011年建 | 3室2厅 | 144.03平米 | 南 西 北,https://ke-image.ljcdn.com/110000-inspection/96d3cc7c-2d3d-4a90-a691-1c643d7236df_1000.jpg!m_fill,w_280,h_210,f_jpg?from=ke.com
20230919,海淀,西二旗,101119207711,铭科苑正规南北通透3居室 业主诚意出售房主自荐,629万,69274元/平,高楼层 (共6层) | 1997年建 | 3室1厅 | 90.8平米 | 南 北,https://ke-image.ljcdn.com/110000-inspection/pc1_8GR8zw10M_1.jpg!m_fill,w_280,h_210,f_jpg?from=ke.com
20230919,海淀,西二旗,101119198534,博雅德园满五唯一中间楼层精装修全南二居房主自荐,809万,78044元/平,低楼层 (共14层) 2室2厅 | 103.66平米 | 南,https://ke-image.ljcdn.com/110000-inspection/pc1_epPDEOrvN.jpg!m_fill,w_280,h_210,f_jpg?from=ke.com
20230919,海淀,西二旗,101119161568,博雅德园 满五年唯一住宅 南北通透 户型好 方便看房,930万,76981元/平,低楼层 (共10层) | 2005年建 | 2室2厅 | 120.81平米 | 南 北,https://ke-image.ljcdn.com/110000-inspection/pc1_Nftfpa85H.jpg!m_fill,w_280,h_210,f_jpg?from=ke.com
20230919,海淀,西二旗,101119131291,领秀新硅谷1号院满五年唯一优质三居室房主自荐,1370万,94863元/平,低楼层 (共15层) | 2011年建 | 3室2厅 | 144.42平米 | 南 北,https://ke-image.ljcdn.com/110000-inspection/pc1_73kO2XtKJ_1.jpg!m_fill,w_280,h_210,f_jpg?from=ke.com
20230919,海淀,西二旗,101119041458,领秀硅谷      中间位置    诚心出售   看房随时,980万,92584元/平,顶层 (共5层) | 2003年建 | 3室1厅 | 105.85平米 | 南 北,https://ke-image.ljcdn.com/110000-inspection/pc1_LnBMYlzXI.jpg!m_fill,w_280,h_210,f_jpg?from=ke.com
20230919,海淀,西二旗,101119032779,房子满五年户型方正无遮挡南向正对小区里很安静。,850万,97825元/平,底层 (共15层) 2室1厅 | 86.89平米 | 南,https://ke-image.ljcdn.com/110000-inspection/pc1_AwOoWnarv_1.jpg!m_fill,w_280,h_210,f_jpg?from=ke.com
20230919,海淀,西二旗,101119028092,领秀新硅谷2号院  电梯入户 位置安静房主自荐,1690万,109634元/平,低楼层 (共6层) | 2009年建 | 3室2厅 | 154.15平米 | 南 北,https://ke-image.ljcdn.com/110000-inspection/pc1_uuXRM5mYC.jpg!m_fill,w_280,h_210,f_jpg?from=ke.com
20230919,海淀,西二旗,101119022563,满五唯一 西二旗智学苑 带电梯 随时可以看房房主自荐,603万,60750元/平,低楼层 (共24层) 2室1厅 | 99.26平米 | 西南,https://ke-image.ljcdn.com/110000-inspection/472b038e-adb9-480f-86e5-6d8025aeb89a_1000.jpg!m_fill,w_280,h_210,f_jpg?from=ke.com
20230919,海淀,西二旗,101119021304,西二旗铭科苑中间楼层交通位置方便房主自荐,630万,63895元/平,中楼层 (共6层) | 1997年建 | 3室1厅 | 98.6平米 | 东 西 北,https://ke-image.ljcdn.com/110000-inspection/pc1_Dc8Tbxohx_1.jpg!m_fill,w_280,h_210,f_jpg?from=ke.com
20230919,海淀,西二旗,101118976729,博雅德园中间位置满五唯一二居室高层采光视野好房主自荐,828万,87620元/平,高楼层 (共10层) | 2005年建 | 2室1厅 | 94.5平米 | 南 北,https://ke-image.ljcdn.com/110000-inspection/pc1_PwjnA9bnH_1.jpg!m_fill,w_280,h_210,f_jpg?from=ke.com
20230919,海淀,西二旗,101118834703,铭科苑 3室1厅 东 西 北,700万,76420元/平,中楼层 (共6层) 3室1厅 | 91.6平米 | 东 西 北,https://ke-image.ljcdn.com/110000-inspection/pc1_wKrlE2MkC.jpg!m_fill,w_280,h_210,f_jpg?from=ke.com
20230919,海淀,西二旗,101118736557,领秀新硅谷D区 4室2厅花园洋房 满五唯一 精装电梯地铁,1400万,126047元/平,顶层 (共5层) 4室2厅 | 111.07平米 | 南 北,https://ke-image.ljcdn.com/110000-inspection/9cac84e9-5426-4eb2-8487-e17ab113f6f2_1000.jpg!m_fill,w_280,h_210,f_jpg?from=ke.com
20230919,海淀,西二旗,101118323381,西二旗铭科苑 满五年唯一商品房 南北通透 中间位置房主自荐,380万,70896元/平,顶层 (共6层) 1室1厅 | 53.6平米 | 南 北,https://ke-image.ljcdn.com/110000-inspection/0e93b7fd-80f5-4512-b72d-b5f90d8cb7bc_1000.jpg!m_fill,w_280,h_210,f_jpg?from=ke.com
20230919,海淀,西二旗,101118249284,德园不临街两居 南北全明格局 满五唯一 高楼层视野好,839万,84356元/平,中楼层 (共10层) 2室1厅 | 99.46平米 | 南 北,https://ke-image.ljcdn.com/110000-inspection/pc1_8gvPyPNFS.jpg!m_fill,w_280,h_210,f_jpg?from=ke.com
20230919,海淀,西二旗,101118240534,西二旗智学苑精装南北二居拎包入住,555万,80775元/平,顶层 (共6层) | 2000年建 | 2室1厅 | 68.71平米 | 南 北,https://ke-image.ljcdn.com/110000-inspection/pc1_V8yDoGLCH_1.jpg!m_fill,w_280,h_210,f_jpg?from=ke.com
20230919,海淀,西二旗,101118164214,领秀新硅谷2号院 2室1厅 东 西,900万,108070元/平,中楼层 (共5层) | 2008年建 | 2室1厅 | 83.28平米 | 东 西,https://ke-image.ljcdn.com/110000-inspection/pc1_hxtA6fxBG_1.jpg!m_fill,w_280,h_210,f_jpg?from=ke.com
20230919,海淀,西二旗,101118105675,满五唯一不临街迷你墅+客厅大落地窗+精装修+看房方便,868万,97321元/平,底层 (共5层) | 2011年建 | 3室2厅 | 89.19平米 | 东 西,https://ke-image.ljcdn.com/110000-inspection/b059526a-a04d-4ea1-b33a-87ec054c3e71_1000.jpg!m_fill,w_280,h_210,f_jpg?from=ke.com
20230919,海淀,西二旗,101117994622,智学苑 满五年唯一 顶层复式 三居室 诚意出售,888万,53917元/平,顶层 (共6层) 3室2厅 | 164.7平米 | 南 北,https://ke-image.ljcdn.com/110000-inspection/d7b80870-5513-4001-99d3-1b3122d682f7_1000.jpg!m_fill,w_280,h_210,f_jpg?from=ke.com
20230919,海淀,西二旗,101117882797,领秀新硅谷2号院中间位置精装修两居,1280万,111208元/平,顶层 (共5层) | 2009年建 | 2室2厅 | 115.1平米 | 南 北,https://ke-image.ljcdn.com/110000-inspection/pc1_xr3XuATks_1.jpg!m_fill,w_280,h_210,f_jpg?from=ke.com
20230919,海淀,西二旗,101117803939,领秀新硅谷1号院 新上迷你别墅 中间层,938万,105370元/平,中楼层 (共6层) | 2010年建 | 3室1厅 | 89.02平米 | 南 北,https://ke-image.ljcdn.com/110000-inspection/07c6900e-5268-445c-a44e-7ae8283038f6_1000.jpg!m_fill,w_280,h_210,f_jpg?from=ke.com
20230919,海淀,西二旗,101117743339,领秀新硅谷2号院 联排别墅 南北双花园 私家车位,2250万,96319元/平,底层 (共3层) 4室3厅 | 233.6平米 | 南 北,https://ke-image.ljcdn.com/110000-inspection/224a3f7d-317f-492f-8e20-244475bba526_1000.jpg!m_fill,w_280,h_210,f_jpg?from=ke.com
20230919,海淀,西二旗,101117493956,客厅带落地窗有挑高视野好采光棒不临街,1250万,108677元/平,顶层 (共5层) | 2008年建 | 2室1厅 | 115.02平米 | 南 北,https://ke-image.ljcdn.com/110000-inspection/pc1_wwJ5YBIqW.jpg!m_fill,w_280,h_210,f_jpg?from=ke.com
20230919,海淀,西二旗,101117402436,领秀新硅谷2号院 合院别墅  地上三层 地下一层,2720万,95473元/平,底层 (共3层) | 2008年建 | 5室2厅 | 284.9平米 | 东 南 西 北,https://ke-image.ljcdn.com/110000-inspection/f19a8e48-781f-4d37-92a1-5f6830b44397_1000.jpg!m_fill,w_280,h_210,f_jpg?from=ke.com
20230919,海淀,西二旗,101117211162,领秀新硅谷1号院 双拼别墅  阳光充足 独门独院别墅,3300万,88942元/平,底层 (共3层) | 2010年建 | 5室3厅 | 371.03平米 | 南 北,https://ke-image.ljcdn.com/110000-inspection/53e1b2a8-7822-45c1-a042-78260f40f373_1000.jpg!m_fill,w_280,h_210,f_jpg?from=ke.com
20230919,海淀,西二旗,101116824854,领秀新硅谷南北通透三居室 眼镜户型 视野采光无遮挡房主自荐,1500万,107067元/平,顶层 (共11层) | 2010年建 | 3室1厅 | 140.1平米 | 南 北,https://ke-image.ljcdn.com/110000-inspection/pc1_WWWcA8CTq_1.jpg!m_fill,w_280,h_210,f_jpg?from=ke.com
20230919,海淀,西二旗,101116644958,领秀新硅谷2号院 一层南向两居 可前后入户 位置好房主自荐,810万,93222元/平,底层 (共15层) | 2008年建 | 2室1厅 | 86.89平米 | 南,https://ke-image.ljcdn.com/110000-inspection/8c5dcb01-54e9-4982-a02c-ec87f660679c_1000.jpg!m_fill,w_280,h_210,f_jpg?from=ke.com
20230919,海淀,西二旗,101116583445,领秀新硅谷2号院洋房四居室 业主诚意出售 价格可谈,1550万,100565元/平,底层 (共6层) | 2009年建 | 3室2厅 | 154.13平米 | 南 北,https://ke-image.ljcdn.com/110000-inspection/pc1_wmiI984hV_1.jpg!m_fill,w_280,h_210,f_jpg?from=ke.com
20230919,海淀,西二旗,101116116213,领秀新硅谷1号院  采光好 楼龄新 离地铁近,928万,106106元/平,高楼层 (共6层) | 2010年建 | 3室1厅 | 87.46平米 | 南 北,https://ke-image.ljcdn.com/110000-inspection/64231394-0ae3-4802-8c54-dd1b5cc06bdb_1000.jpg!m_fill,w_280,h_210,f_jpg?from=ke.com
20230919,海淀,西二旗,101116116024,海淀上地西二旗 领秀新硅谷2号院 联排别墅,2200万,95698元/平,底层 (共3层) 6室4厅 | 229.89平米 | 南 北,https://ke-image.ljcdn.com/110000-inspection/pc1_ufLbneLSf.jpg!m_fill,w_280,h_210,f_jpg?from=ke.com
20230919,海淀,西二旗,101116038046,电梯洋房两居   位置好  采光好 全明格局 客厅落地窗,1230万,106938元/平,顶层 (共5层) | 2008年建 | 3室1厅 | 115.02平米 | 南 北,https://ke-image.ljcdn.com/110000-inspection/pc1_h9rrzWS3m.jpg!m_fill,w_280,h_210,f_jpg?from=ke.com
20230919,海淀,西二旗,101115830919,领秀新硅谷B区双拼别墅 位置好,2990万,112381元/平,底层 (共3层) | 2009年建 | 5室3厅 | 266.06平米 | 南 北,https://ke-image.ljcdn.com/110000-inspection/73bf3494-dbfd-409e-b745-006e403ed8bf_1000.jpg!m_fill,w_280,h_210,f_jpg?from=ke.com
20230919,海淀,西二旗,101114359780,领秀新硅谷2号院精美装修双拼别墅,3550万,131692元/平,底层 (共3层) | 2008年建 | 6室2厅 | 269.57平米 | 南 北,https://ke-image.ljcdn.com/110000-inspection/pc1_yoKabYrZl_1.jpg!m_fill,w_280,h_210,f_jpg?from=ke.com
20230919,海淀,西二旗,101114170395,领秀新硅谷B区独栋别墅 位置好,2900万,98406元/平,底层 (共3层) | 2008年建 | 5室3厅 | 294.7平米 | 东 南 西 北,https://ke-image.ljcdn.com/110000-inspection/pc1_AxG09LKP7_1.jpg!m_fill,w_280,h_210,f_jpg?from=ke.com
20230919,海淀,西二旗,101112034988,领秀新硅谷1号院 边户联排 中间位置 上下四层,2600万,87097元/平,底层 (共3层) | 2010年建 | 5室2厅 | 298.52平米 | 南 北,https://ke-image.ljcdn.com/110000-inspection/pc1_N4RoZ3fKp_1.jpg!m_fill,w_280,h_210,f_jpg?from=ke.com
20230919,海淀,西二旗,101121116041,满五年唯一 房改房 小区中间位置 高楼层采光视野好新上,510万,71529元/平,高楼层 (共6层) 2室1厅 | 71.3平米 | 东 西,https://s1.ljcdn.com/pegasus/redskull/images/common/default_house_list.png?_v=202309181112299
20230919,海淀,西二旗,101121089547,领秀新硅谷1号院 9室4厅 南 北新上,2380万,79906元/平,底层 (共3层) | 2010年建 | 9室4厅 | 297.85平米 | 南 北,https://s1.ljcdn.com/pegasus/redskull/images/common/default_house_list.png?_v=202309181112299
20230919,海淀,西二旗,101121085559,燕尚园 南向两居室 小区中间位置落地窗 高楼层采光好新上,935万,94607元/平,顶层 (共8层) | 2006年建 | 2室1厅 | 98.83平米 | 南,https://s1.ljcdn.com/pegasus/redskull/images/common/default_house_list.png?_v=202309181112299
20230919,海淀,西二旗,101121080811,博雅德园 2室2厅 南新上,816万,85895元/平,低楼层 (共10层) 2室2厅 | 95平米 | 南,https://ke-image.ljcdn.com/110000-inspection/07d38c8f-567a-41e5-8211-29af91370a3e.jpg!m_fill,w_280,h_210,f_jpg?from=ke.com
20230919,海淀,西二旗,101121018762,博雅德园满五唯一全南两居室诚意出售,850万,80945元/平,底层 (共14层) 2室2厅 | 105.01平米 | 南,https://s1.ljcdn.com/pegasus/redskull/images/common/default_house_list.png?_v=202309181112299
20230919,海淀,西二旗,101120955784,博野德园中间位置中间楼层两居精装修采光视野俱佳,809万,85609元/平,中楼层 (共10层) | 2005年建 | 2室2厅 | 94.5平米 | 南 北,https://s1.ljcdn.com/pegasus/redskull/images/common/default_house_list.png?_v=202309181112299
20230919,海淀,西二旗,101120713678,领秀新硅谷 眼镜户型 南北通透 精装三居室,1550万,110889元/平,低楼层 (共11层) | 2010年建 | 3室2厅 | 139.78平米 | 南 北,https://s1.ljcdn.com/pegasus/redskull/images/common/default_house_list.png?_v=202309181112299
20230919,海淀,西二旗,101120669001,西二旗铭科苑 正规一居 南北通透,399万,75426元/平,底层 (共6层) 1室1厅 | 52.9平米 | 南 北,https://s1.ljcdn.com/pegasus/redskull/images/common/default_house_list.png?_v=202309181112299
20230919,海淀,西二旗,101120550832,智学苑 中间楼层大三居 双卫 格局方正 满五唯一,765万,60619元/平,中楼层 (共24层) | 2002年建 | 3室2厅 | 126.2平米 | 东 南 北,https://s1.ljcdn.com/pegasus/redskull/images/common/default_house_list.png?_v=202309181112299
20230919,海淀,西二旗,101120515679,西二旗铭科苑商品房满五年唯一南北通透无遮挡,515万,80094元/平,底层 (共6层) 2室1厅 | 64.3平米 | 南 北,https://s1.ljcdn.com/pegasus/redskull/images/common/default_house_list.png?_v=202309181112299
20230919,海淀,西二旗,101119289085,西二旗铭科苑优质二居室南北通透户型好房主自荐,505万,78539元/平,低楼层 (共6层) | 1997年建 | 2室1厅 | 64.3平米 | 南 北,https://s1.ljcdn.com/pegasus/redskull/images/common/default_house_list.png?_v=202309181112299
20230919,海淀,西二旗,101118929297,领秀新硅谷1号院  南北向迷你墅  三居两卫房主自荐,1026万,117513元/平,底层 (共6层) | 2010年建 | 3室1厅 | 87.31平米 | 南 北,https://ke-image.ljcdn.com/110000-inspection/87c3e647-9f60-4ab5-9cad-527198404fe9.jpeg!m_fill,w_280,h_210,f_jpg?from=ke.com
20230919,海淀,西二旗,101118352689,铭科苑中间楼层三居 不临街 户型方正,630万,68853元/平,中楼层 (共6层) | 1998年建 | 3室1厅 | 91.5平米 | 东 西北,https://ke-image.ljcdn.com/110000-inspection/4dd83651-c56a-4208-82f2-8d69d835b80b.jpeg!m_fill,w_280,h_210,f_jpg?from=ke.com
20230919,海淀,西二旗,101117788029,四十年产权商办房享受小区内部环境,450万,48560元/平,低楼层 (共15层) | 2012年建 | 2室1厅 | 92.67平米 | 南 北,https://s1.ljcdn.com/pegasus/redskull/images/common/default_house_list.png?_v=202309181112299
20230919,海淀,西二旗,101116089517,领秀新硅谷2号院 A区 地下一层产权车位,31万,9542元/平,地下室 (共1层) 1室0厅 | 32.49平米 | 南,https://s1.ljcdn.com/pegasus/redskull/images/common/default_house_list.png?_v=202309181112299
20230919,海淀,西二旗,101115676102,领秀新硅谷A区车位 位置好  诚意出售 随时可看,31万,8696元/平,地下室 1室0厅 | 35.65平米 | 南,https://ke-image.ljcdn.com/110000-inspection/e4798396891008bb4e3642a3cd69f089-042.jpg!m_fill,w_280,h_210,f_jpg?from=ke.com
20230919,海淀,西二旗,101112236549,领秀新硅谷2号院 A区地下车位,32万,8977元/平,地下室 1室0厅 | 35.65平米 | 南,https://ke-image.ljcdn.com/110000-inspection/c390041723a5b017827ecbef29b1bdee-029.jpg!m_fill,w_280,h_210,f_jpg?from=ke.com
