20240321,朝阳,管庄,101123370940,周井大院南北通透三居中间层户型好必看好房,290万,39814元/平,中楼层 (共5层) | 1983年 | 3室1厅 | 72.84平米 | 南 北,https://ke-image.ljcdn.com/110000-inspection/pc1_yt0O6Oczt.jpg!m_fill,w_280,h_210,f_jpg?from=ke.com
20240321,朝阳,管庄,101123285378,建东苑南北两居室 采光好无遮挡 满五唯一商品房价格必看好房,410万,48590元/平,底层 (共6层) | 2001年 | 2室1厅 | 84.38平米 | 南 北,https://ke-image.ljcdn.com/110000-inspection/1817aacf-6f3d-45a7-afd6-a252febca232_1000.jpg!m_fill,w_280,h_210,f_jpg?from=ke.com
20240321,朝阳,管庄,101123153662,1号线  22号线  一居室  满五唯一   全南向必看好房,268万,41836元/平,中楼层 (共24层) | 1998年 | 1室1厅 | 64.06平米 | 南,https://ke-image.ljcdn.com/110000-inspection/pc1_CNMgYdPnm.jpg!m_fill,w_280,h_210,f_jpg?from=ke.com
20240321,朝阳,管庄,101123089854,此房看房方便诚心出售南向2居室客厅朝南采光好！必看好房,365万,45235元/平,低楼层 (共24层) | 2002年 | 2室1厅 | 80.69平米 | 南,https://ke-image.ljcdn.com/110000-inspection/6ede3b13-3364-4ecf-9671-b04ab504a0cb_1000.jpg!m_fill,w_280,h_210,f_jpg?from=ke.com
20240321,朝阳,管庄,101123057655,华龙美树 满五年唯一 不临街带燃气 距离地铁双桥200米必看好房,195万,55667元/平,中楼层 (共16层) | 2006年 | 1室0厅 | 35.03平米 | 北,https://ke-image.ljcdn.com/110000-inspection/2c7c4f07-f50f-49b6-b33f-5cb75f9619ea_1000.jpg!m_fill,w_280,h_210,f_jpg?from=ke.com
20240321,朝阳,管庄,101123192086,满五唯一商品房 南北通透 业主诚意出售,271万,44253元/平,底层 (共6层) | 1986年 | 2室1厅 | 61.24平米 | 南 北,https://ke-image.ljcdn.com/110000-inspection/pc1_bp5HXRbRt.jpg!m_fill,w_280,h_210,f_jpg?from=ke.com
20240321,朝阳,管庄,101123145517,管庄西里 2室1厅 南 北,295万,47497元/平,中楼层 (共6层) 2室1厅 | 62.11平米 | 南 北,https://ke-image.ljcdn.com/110000-inspection/pc1_jfVawbU7b.jpg!m_fill,w_280,h_210,f_jpg?from=ke.com
20240321,朝阳,管庄,101123143131,【店长推荐】此房满五年前无遮挡采光好视野足,305万,41690元/平,顶层 (共6层) | 2000年 | 2室2厅 | 73.16平米 | 东 西,https://ke-image.ljcdn.com/110000-inspection/720fc894-458e-4833-b146-c0b8b902c6f4_1000.jpg!m_fill,w_280,h_210,f_jpg?from=ke.com
20240321,朝阳,管庄,101123129564,华龙美树高楼层总价178开间明厨明卫看房随时必看好房,178万,45771元/平,中楼层 (共18层) | 2005年 | 1室0厅 | 38.89平米 | 北,https://ke-image.ljcdn.com/110000-inspection/pc1_8DwIar10S_2.jpg!m_fill,w_280,h_210,f_jpg?from=ke.com
20240321,朝阳,管庄,101123050979,华龙美树 满五年唯一商品房 小户型 带燃气必看好房,208万,53389元/平,高楼层 (共16层) | 2005年 | 1室0厅 | 38.96平米 | 北,https://ke-image.ljcdn.com/110000-inspection/pc1_WRLDRzWSZ_2.jpg!m_fill,w_280,h_210,f_jpg?from=ke.com
20240321,朝阳,管庄,101122970575,南北通透格局 楼层好 采光佳 精装修,395万,44953元/平,低楼层 (共6层) | 2002年 | 2室1厅 | 87.87平米 | 南 北,https://ke-image.ljcdn.com/110000-inspection/pc1_ubLodCpSU.jpg!m_fill,w_280,h_210,f_jpg?from=ke.com
20240321,朝阳,管庄,101122849865,京通苑 西北南向 低楼层 满五唯一 地铁一号线房主自荐,368万,43800元/平,低楼层 (共6层) | 1998年 | 3室1厅 | 84.02平米 | 南 北 西,https://ke-image.ljcdn.com/110000-inspection/pc1_I7yXOPWdN_1.jpg!m_fill,w_280,h_210,f_jpg?from=ke.com
20240321,朝阳,管庄,101122847796,京通苑板楼 南北通透 正规三居 高层采光 满五年唯一必看好房,319万,36127元/平,高楼层 (共6层) | 1996年 | 3室1厅 | 88.3平米 | 南 北,https://ke-image.ljcdn.com/110000-inspection/pc1_qb2XarJGS.jpg!m_fill,w_280,h_210,f_jpg?from=ke.com
20240321,朝阳,管庄,101122812240,建东苑西区南北通透满五年两居2000年环境好必看好房,305万,42844元/平,底层 (共6层) | 2000年 | 2室1厅 | 71.19平米 | 南 北,https://ke-image.ljcdn.com/110000-inspection/6d340101-69ce-47cf-ad04-868b68d9c490_1000.jpg!m_fill,w_280,h_210,f_jpg?from=ke.com
20240321,朝阳,管庄,101122689946,房子满五年   精装修 明厨明卫 2009年房龄新,459万,39955元/平,中楼层 (共19层) 3室1厅 | 114.88平米 | 北 南,https://ke-image.ljcdn.com/110000-inspection/pc1_1gKwNN5LT_2.jpg!m_fill,w_280,h_210,f_jpg?from=ke.com
20240321,朝阳,管庄,101122654903,朝阳瑞祥里2008年居住型社区舒适,360万,40743元/平,底层 (共10层) 2室1厅 | 88.36平米 | 西北,https://ke-image.ljcdn.com/110000-inspection/pc1_at4WqJi6p.jpg!m_fill,w_280,h_210,f_jpg?from=ke.com
20240321,朝阳,管庄,101122602411,【店长推荐】满五年 南北通透 不临街 采光充足必看好房,288万,38349元/平,顶层 (共6层) | 2000年 | 2室1厅 | 75.1平米 | 南 北,https://ke-image.ljcdn.com/110000-inspection/pc1_arvwQ8yLP_2.jpg!m_fill,w_280,h_210,f_jpg?from=ke.com
20240321,朝阳,管庄,101122539927,【店长推荐】 建东苑 全屋定制精装修 地暖有新风必看好房,538万,51454元/平,底层 (共6层) | 2002年 | 3室1厅 | 104.56平米 | 南 北,https://ke-image.ljcdn.com/110000-inspection/pc1_7fWyENkR6.jpg!m_fill,w_280,h_210,f_jpg?from=ke.com
20240321,朝阳,管庄,101122489542,京通苑 东南向 中楼层 满五唯一 地铁一号线必看好房,340万,40690元/平,中楼层 (共18层) 2室1厅 | 83.56平米 | 东南,https://ke-image.ljcdn.com/110000-inspection/pc1_52cQR8vYf.jpg!m_fill,w_280,h_210,f_jpg?from=ke.com
20240321,朝阳,管庄,101122431030,管庄西里南北两居室 格局合理采光视野好 靠谱出售必看好房,259万,40949元/平,顶层 (共6层) | 1996年 | 2室1厅 | 63.25平米 | 南 北,https://ke-image.ljcdn.com/110000-inspection/pc1_RTuKEGQ0I.jpg!m_fill,w_280,h_210,f_jpg?from=ke.com
20240321,朝阳,管庄,101122427653,不临街 此房房本满五年落地阳台地铁双桥站,389万,67035元/平,低楼层 (共18层) | 2005年 | 1室1厅 | 58.03平米 | 南,https://ke-image.ljcdn.com/110000-inspection/pc1_6S0w4toiw.jpg!m_fill,w_280,h_210,f_jpg?from=ke.com
20240321,朝阳,管庄,101122108657,汇鸿家园 正规三居室 无遮挡 格局方正 楼层好,410万,43851元/平,高楼层 (共9层) | 2005年 | 3室1厅 | 93.5平米 | 西 北,https://ke-image.ljcdn.com/110000-inspection/259c7b64-205c-4586-9e17-03354d715411_1000.jpg!m_fill,w_280,h_210,f_jpg?from=ke.com
20240321,朝阳,管庄,101122021836,管庄东里南北通透两居室满五唯一户型好靠谱出售房主自荐,205万,39714元/平,中楼层 (共4层) | 1979年 | 2室1厅 | 51.62平米 | 南 北,https://ke-image.ljcdn.com/110000-inspection/f15ab09e-4a84-4b7c-b25d-8965de07f207_1000.jpg!m_fill,w_280,h_210,f_jpg?from=ke.com
20240321,朝阳,管庄,101121946044,【店长联名推荐】南北通透三居室 采光好视野足,460万,41838元/平,高楼层 (共6层) | 2002年 | 3室2厅 | 109.95平米 | 南 北,https://ke-image.ljcdn.com/110000-inspection/1fc42982-3d5a-426b-89d7-ede8765dd0b0_1000.jpg!m_fill,w_280,h_210,f_jpg?from=ke.com
20240321,朝阳,管庄,101121927251,管庄北一里（管庄科技大学）南北低楼层两居必看好房,180万,34091元/平,底层 (共3层) | 1954年 | 2室1厅 | 52.8平米 | 南 北,https://ke-image.ljcdn.com/110000-inspection/8ffe7bdc-7495-4b5c-9b46-b529b31f90b5_1000.jpg!m_fill,w_280,h_210,f_jpg?from=ke.com
20240321,朝阳,管庄,101121842219,管庄西里新上三居满五年唯一户型方正没有遮挡必看好房,406万,37555元/平,低楼层 (共24层) | 2004年 | 3室1厅 | 108.11平米 | 西南,https://ke-image.ljcdn.com/110000-inspection/pc1_slxRGHpLZ_1.jpg!m_fill,w_280,h_210,f_jpg?from=ke.com
20240321,朝阳,管庄,101121819905,管庄西里电梯正规一居室满五年唯一2004年楼龄必看好房,226万,34642元/平,低楼层 (共24层) | 2004年 | 1室1厅 | 65.24平米 | 东,https://ke-image.ljcdn.com/110000-inspection/22b55af1-2392-4337-98e1-a77effdb4aca_1000.jpg!m_fill,w_280,h_210,f_jpg?from=ke.com
20240321,朝阳,管庄,101121652192,精装修 视野好 可拎包入住 朝南一居房主自荐,375万,62210元/平,高楼层 (共19层) | 2005年 | 1室1厅 | 60.28平米 | 南,https://ke-image.ljcdn.com/110000-inspection/pc1_ltEGAa2Ab_2.jpg!m_fill,w_280,h_210,f_jpg?from=ke.com
20240321,朝阳,管庄,101121503315,常营商圈汇鸿家园电梯房两居今年刚装修的。必看好房,385万,49139元/平,高楼层 (共12层) | 2005年 | 2室1厅 | 78.35平米 | 西,https://ke-image.ljcdn.com/110000-inspection/pc1_eatbx2Ya6.jpg!m_fill,w_280,h_210,f_jpg?from=ke.com
20240321,朝阳,管庄,101121293178,朝阳区京通苑南向拐角阳台两居 业主诚售必看好房,310万,34274元/平,低楼层 (共24层) | 1998年 | 2室1厅 | 90.45平米 | 东 南,https://ke-image.ljcdn.com/110000-inspection/pc1_kzQOpDCmN.jpg!m_fill,w_280,h_210,f_jpg?from=ke.com
20240321,朝阳,管庄,101121222266,总监推荐管庄西里二层南北通透两居 1-63号楼之内必看好房,279万,51648元/平,低楼层 (共6层) | 1986年 | 2室1厅 | 54.02平米 | 南 北,https://ke-image.ljcdn.com/110000-inspection/pc1_Y07CoBlkQ.jpg!m_fill,w_280,h_210,f_jpg?from=ke.com
20240321,朝阳,管庄,101120868453,满五唯一 视野好 采光无遮挡 地铁一号线六号线近地铁必看好房,379万,41851元/平,中楼层 (共24层) | 2000年 | 3室1厅 | 90.56平米 | 东北,https://ke-image.ljcdn.com/110000-inspection/pc1_WY9CriKjt.jpg!m_fill,w_280,h_210,f_jpg?from=ke.com
20240321,朝阳,管庄,101119084381,京通苑 一居 满五唯一 诚意出售一号线管庄站 配套完善必看好房,268万,41726元/平,低楼层 (共24层) | 2003年 | 1室1厅 | 64.23平米 | 南,https://ke-image.ljcdn.com/110000-inspection/pc1_SL5l1Yotk.jpg!m_fill,w_280,h_210,f_jpg?from=ke.com
20240321,朝阳,管庄,101123406472,【聚焦好房】满五年楼层好采光充足看房方便新上,330万,44266元/平,中楼层 (共6层) | 2000年 | 2室1厅 | 74.55平米 | 南 北,https://ke-image.ljcdn.com/110000-inspection/284e9e64-5e3b-4c64-bbcc-d5853e320196_1000.jpg!m_fill,w_280,h_210,f_jpg?from=ke.com
20240321,朝阳,管庄,101123207245,京通苑 全南三居室 中高楼层 采光和视野好 有钥匙房主自荐,480万,39374元/平,高楼层 (共18层) 3室1厅 | 121.91平米 | 南,https://ke-image.ljcdn.com/110000-inspection/pc1_O12bJAY3h.jpg!m_fill,w_280,h_210,f_jpg?from=ke.com
20240321,朝阳,管庄,101122986738,建东苑西区 南北通透 两居 采光好,310万,42069元/平,顶层 (共6层) | 2000年 | 2室1厅 | 73.69平米 | 南 北,https://ke-image.ljcdn.com/110000-inspection/pc1_5bMcQVsnA.jpg!m_fill,w_280,h_210,f_jpg?from=ke.com
20240321,朝阳,管庄,101122976830,管庄西里1-63号楼 1998年楼龄 客厅带阳台明厨明卫,339.5万,51417元/平,底层 (共7层) | 1998年 | 2室1厅 | 66.03平米 | 南 北,https://ke-image.ljcdn.com/110000-inspection/pc1_vdpC1NVxO.jpg!m_fill,w_280,h_210,f_jpg?from=ke.com
20240321,朝阳,管庄,101122918968,建东苑 南北双通透中高层两居 套内89平米 店长热推~,432万,43183元/平,中楼层 (共6层) | 2002年 | 2室1厅 | 100.04平米 | 南 北,https://ke-image.ljcdn.com/110000-inspection/7ae468fa-4154-49f8-ae28-1818da0a1cc3_1000.jpg!m_fill,w_280,h_210,f_jpg?from=ke.com
20240321,朝阳,管庄,101122878989,京通苑板楼两居室双卧室朝南采光好无遮挡,299万,39598元/平,高楼层 (共6层) | 1997年 | 2室1厅 | 75.51平米 | 南 北,https://ke-image.ljcdn.com/110000-inspection/pc1_bmXWX5Brq.jpg!m_fill,w_280,h_210,f_jpg?from=ke.com
20240321,朝阳,管庄,101122464128,卧室朝南 客厅朝南 无遮挡 正规两居采光好必看好房,329万,44659元/平,中楼层 (共24层) | 1998年 | 2室1厅 | 73.67平米 | 西南,https://ke-image.ljcdn.com/110000-inspection/pc1_RVBTOdc4A.jpg!m_fill,w_280,h_210,f_jpg?from=ke.com
20240321,朝阳,管庄,101122425051,满五年唯一商品房社区高楼层视野采光好地铁八通线双桥,648万,54222元/平,中楼层 (共19层) | 2005年 | 2室2厅 | 119.51平米 | 南,https://ke-image.ljcdn.com/110000-inspection/pc1_JVHjLGWbU.jpg!m_fill,w_280,h_210,f_jpg?from=ke.com
20240321,朝阳,管庄,101122359797,洋房产品  一梯三户   全南向户型   中间楼层,425万,52888元/平,中楼层 (共10层) 2室2厅 | 80.36平米 | 南,https://ke-image.ljcdn.com/110000-inspection/2bdda2ce-3fb6-4eaa-b72f-a965e94f42ea_1000.jpg!m_fill,w_280,h_210,f_jpg?from=ke.com
20240321,朝阳,管庄,101121935487,京通苑西南两居室落地窗采光好装修好必看好房,369万,41000元/平,低楼层 (共18层) | 2003年 | 2室1厅 | 90平米 | 西南,https://ke-image.ljcdn.com/110000-inspection/8f4a5324-efac-443b-b990-dfe5021df66c_1000.jpg!m_fill,w_280,h_210,f_jpg?from=ke.com
20240321,朝阳,管庄,101121861826,瑞祥里满五唯一通透不错的房子必看好房,289万,36026元/平,顶层 (共6层) 2室1厅 | 80.22平米 | 南 北,https://ke-image.ljcdn.com/110000-inspection/pc1_sazLWOF45.jpg!m_fill,w_280,h_210,f_jpg?from=ke.com
20240321,朝阳,管庄,101121475089,管庄西里大三居满五年唯一商品房必看好房,308万,30921元/平,高楼层 (共6层) | 2000年 | 3室2厅 | 99.61平米 | 东北,https://ke-image.ljcdn.com/110000-inspection/22470e63-245a-4d16-8510-655566226388_1000.jpg!m_fill,w_280,h_210,f_jpg?from=ke.com
20240321,朝阳,管庄,101120983580,总监推荐:管庄北一里 东西通透 业主诚心出售必看好房,306万,34663元/平,中楼层 (共6层) | 1998年 | 3室1厅 | 88.28平米 | 东 西,https://ke-image.ljcdn.com/110000-inspection/pc1_49CJmbwKV_1.jpg!m_fill,w_280,h_210,f_jpg?from=ke.com
20240321,朝阳,管庄,101123457560,管庄东里南北三居  看房方便 户型好新上,480万,47069元/平,中楼层 (共6层) 3室1厅 | 101.98平米 | 南 北,https://ke-image.ljcdn.com/110000-inspection/4f6bb507-51be-4f3b-9adb-a020c62c3ee5_1000.jpg!m_fill,w_280,h_210,f_jpg?from=ke.com
20240321,朝阳,管庄,101123418167,管庄西里 1-63号楼 中间层 南北通透新上,290万,46632元/平,中楼层 (共6层) 2室1厅 | 62.19平米 | 南 北,https://ke-image.ljcdn.com/110000-inspection/f5762bb6-d5cb-4c92-a5e8-6cc9702447c1_1000.jpg!m_fill,w_280,h_210,f_jpg?from=ke.com
20240321,朝阳,管庄,101123405624,管庄西里1-63号楼 满五年 低楼层新上,348万,53580元/平,底层 (共6层) | 1996年 | 2室1厅 | 64.95平米 | 南 北,https://ke-image.ljcdn.com/110000-inspection/96fe79d2-30a3-4a86-b56f-c4fb70f37583_1000.jpg!m_fill,w_280,h_210,f_jpg?from=ke.com
20240321,朝阳,管庄,101123399327,管庄西里1-63号楼以内南北两居1999年楼龄新上,370万,51828元/平,中楼层 (共6层) | 1999年 | 2室1厅 | 71.39平米 | 南 北,https://ke-image.ljcdn.com/110000-inspection/pc1_IdRyehZaQ.jpg!m_fill,w_280,h_210,f_jpg?from=ke.com
20240321,朝阳,管庄,101123375179,瑞祥里 中间层一居 南北通透 精装修新上,308万,46653元/平,中楼层 (共6层) 1室1厅 | 66.02平米 | 南 北,https://ke-image.ljcdn.com/110000-inspection/pc1_Y6d0fxb6n.jpg!m_fill,w_280,h_210,f_jpg?from=ke.com
20240321,朝阳,管庄,101123358991,2009年商品房 满五唯一 明厨明卫 不临街,358万,43558元/平,高楼层 (共19层) 2室1厅 | 82.19平米 | 东北,https://ke-image.ljcdn.com/110000-inspection/9153e80e-38d4-4002-a93c-795b001fcdee_1000.jpg!m_fill,w_280,h_210,f_jpg?from=ke.com
20240321,朝阳,管庄,101123343328,京通苑板楼两居室双卧室朝南无遮挡采光好,308万,40936元/平,中楼层 (共6层) | 1997年 | 2室1厅 | 75.24平米 | 南 北,https://ke-image.ljcdn.com/110000-inspection/pc1_kOQ3bBVYn.jpg!m_fill,w_280,h_210,f_jpg?from=ke.com
20240321,朝阳,管庄,101123341818,京通苑内环三居室满五年唯一住房业主诚心出售,565万,34295元/平,低楼层 (共18层) | 2000年 | 3室2厅 | 164.75平米 | 南 西 北,https://ke-image.ljcdn.com/110000-inspection/14bae34c-6dc0-4298-8587-50dbbb3057d8_1000.jpg!m_fill,w_280,h_210,f_jpg?from=ke.com
20240321,朝阳,管庄,101123327172,满五年唯一商品房南北双通透采光视野好交通便利,558万,55823元/平,低楼层 (共19层) | 2005年 | 2室1厅 | 99.96平米 | 南 北,https://ke-image.ljcdn.com/110000-inspection/pc1_oGnRCB7Lk.jpg!m_fill,w_280,h_210,f_jpg?from=ke.com
20240321,朝阳,管庄,101123322022,华龙美树 满五年唯一商品房正规南向一居室,375万,64622元/平,中楼层 (共18层) | 2005年 | 1室1厅 | 58.03平米 | 南,https://ke-image.ljcdn.com/110000-inspection/pc1_FohRO9EYr.jpg!m_fill,w_280,h_210,f_jpg?from=ke.com
20240321,朝阳,管庄,101123321824,汇鸿家园大二居满五年唯一有钥匙业主诚售看房方便,435万,53140元/平,中楼层 (共11层) 2室1厅 | 81.86平米 | 南 西 北,https://ke-image.ljcdn.com/110000-inspection/pc1_7BLNbyBbJ.jpg!m_fill,w_280,h_210,f_jpg?from=ke.com
20240321,朝阳,管庄,101123308878,管庄西里42号满五年唯一商品房两居  明厨明卫。,309万,46051元/平,中楼层 (共6层) | 1994年 | 2室1厅 | 67.1平米 | 南 北,https://ke-image.ljcdn.com/110000-inspection/b18d649f-a5e9-4ead-aa6a-e40778e768df_1000.jpg!m_fill,w_280,h_210,f_jpg?from=ke.com
20240321,朝阳,管庄,101123306060,华龙美树新上华龙新上 明卫不临街  地铁双桥630米,195万,50142元/平,低楼层 (共18层) | 2005年 | 1室0厅 | 38.89平米 | 北,https://ke-image.ljcdn.com/110000-inspection/pc1_U4SQUMw8E.jpg!m_fill,w_280,h_210,f_jpg?from=ke.com
20240321,朝阳,管庄,101123300414,京通苑内环 西南两居 高楼层 无遮挡 诚意出售价格可谈,465万,39444元/平,高楼层 (共18层) | 1998年 | 2室1厅 | 117.89平米 | 南 北,https://ke-image.ljcdn.com/110000-inspection/pc1_oQdTIzNNu.jpg!m_fill,w_280,h_210,f_jpg?from=ke.com
20240321,朝阳,管庄,101123275177,京通苑正规三居室落地窗采光好高楼层无遮挡,518万,42303元/平,高楼层 (共18层) | 2002年 | 3室1厅 | 122.45平米 | 东北,https://ke-image.ljcdn.com/110000-inspection/pc1_D5ZwiuEIn.jpg!m_fill,w_280,h_210,f_jpg?from=ke.com
20240321,朝阳,管庄,101123268965,管庄北一里朝阳医院东院区6号线常营站800米,260万,46165元/平,中楼层 (共5层) | 1964年 | 2室1厅 | 56.32平米 | 南 北,https://ke-image.ljcdn.com/110000-inspection/pc1_VBD0W1oWJ_1.jpg!m_fill,w_280,h_210,f_jpg?from=ke.com
20240321,朝阳,管庄,101123261081,建东苑 2室1厅 南 北,340万,49868元/平,底层 (共6层) | 2000年 | 2室1厅 | 68.18平米 | 南 北,https://ke-image.ljcdn.com/110000-inspection/f9c24d13-77d7-4674-ba30-0ab51764803a_1000.jpg!m_fill,w_280,h_210,f_jpg?from=ke.com
20240321,朝阳,管庄,101123257623,管庄西里 西南两居室 精致装修 拎包入住,390万,47142元/平,高楼层 (共24层) | 2000年 | 2室1厅 | 82.73平米 | 西南,https://ke-image.ljcdn.com/110000-inspection/pc1_TIhZYNa4I.jpg!m_fill,w_280,h_210,f_jpg?from=ke.com
20240321,朝阳,管庄,101123253076,汇鸿家园 2室1厅 西,389万,52504元/平,中楼层 (共18层) | 2005年 | 2室1厅 | 74.09平米 | 西,https://ke-image.ljcdn.com/110000-inspection/a946551f-4207-4f7d-ac13-fe80590d88fa_1000.jpg!m_fill,w_280,h_210,f_jpg?from=ke.com
20240321,朝阳,管庄,101123251177,华龙美树精致开间高楼层精装修双桥地铁644米,197万,53562元/平,中楼层 (共19层) | 2005年 | 1室0厅 | 36.78平米 | 北,https://ke-image.ljcdn.com/110000-inspection/d2fab7b5-65ca-4523-bcce-ef8510c5b39e_1000.jpg!m_fill,w_280,h_210,f_jpg?from=ke.com
20240321,朝阳,管庄,101123244332,房子满五年看房方便提前预约即可2居室南北户型,235万,39292元/平,底层 (共5层) | 1987年 | 2室1厅 | 59.81平米 | 南 北,https://ke-image.ljcdn.com/110000-inspection/pc1_ao95jGkG1.jpg!m_fill,w_280,h_210,f_jpg?from=ke.com
20240321,朝阳,管庄,101123238686,2022年的新装修有电梯 满五唯一落地窗 户型方正,456万,55849元/平,低楼层 (共12层) | 2005年 | 2室1厅 | 81.65平米 | 东南,https://ke-image.ljcdn.com/110000-inspection/edc335d0-a438-4009-88ba-561ee2558eca_1000.jpg!m_fill,w_280,h_210,f_jpg?from=ke.com
20240321,朝阳,管庄,101123221480,朝阳  管庄  京通苑   三居室,588万,40192元/平,中楼层 (共24层) 3室2厅 | 146.3平米 | 东南,https://ke-image.ljcdn.com/110000-inspection/pc1_9utIkiMQT.jpg!m_fill,w_280,h_210,f_jpg?from=ke.com
20240321,朝阳,管庄,101123209565,建东苑 只有契税 楼层好看房方便 价钱能谈,320万,41105元/平,中楼层 (共6层) | 2000年 | 2室1厅 | 77.85平米 | 东 西,https://ke-image.ljcdn.com/110000-inspection/pc1_H6ine4syV.jpg!m_fill,w_280,h_210,f_jpg?from=ke.com
20240321,朝阳,管庄,101123208233,店长推荐 管庄东里正规三居 南北通透 楼层低不用爬楼,480万,47069元/平,底层 (共6层) | 2000年 | 3室1厅 | 101.98平米 | 南 北,https://ke-image.ljcdn.com/110000-inspection/pc1_BliZyf1MH.jpg!m_fill,w_280,h_210,f_jpg?from=ke.com
20240321,朝阳,管庄,101123207018,管庄西里 2室1厅 西南,420万,51891元/平,中楼层 (共24层) | 2000年 | 2室1厅 | 80.94平米 | 西南,https://ke-image.ljcdn.com/110000-inspection/pc1_kPl7jCWGB.jpg!m_fill,w_280,h_210,f_jpg?from=ke.com
20240321,朝阳,管庄,101123205377,瑞祥里 板楼 南北通透 中间层 满五唯一,355万,44078元/平,中楼层 (共6层) | 2006年 | 2室1厅 | 80.54平米 | 南 北,https://ke-image.ljcdn.com/110000-inspection/pc1_lIgulDF54.jpg!m_fill,w_280,h_210,f_jpg?from=ke.com
20240321,朝阳,管庄,101123192836,管庄西里中间楼层两居室 满五年唯一诚意出售,298万,42043元/平,中楼层 (共6层) 2室1厅 | 70.88平米 | 南 北,https://ke-image.ljcdn.com/110000-inspection/pc1_8p5pZKIiV.jpg!m_fill,w_280,h_210,f_jpg?from=ke.com
20240321,朝阳,管庄,101123192327,京通苑 西北两居 低楼层 无遮挡 满五年唯一 诚意出售房主自荐,378万,40707元/平,低楼层 (共24层) | 1998年 | 2室1厅 | 92.86平米 | 西 西北 北,https://ke-image.ljcdn.com/110000-inspection/pc1_zeMkULfLi.jpg!m_fill,w_280,h_210,f_jpg?from=ke.com
20240321,朝阳,管庄,101123191937,管庄西里南北通透两居室满五唯一商品房采光充足,295万,38816元/平,顶层 (共6层) | 2000年 | 2室1厅 | 76平米 | 南 北,https://ke-image.ljcdn.com/110000-inspection/5174322b-5e51-4478-91a2-dd0eced58f4e_1000.jpg!m_fill,w_280,h_210,f_jpg?from=ke.com
20240321,朝阳,管庄,101123186205,京通苑 西南两居室 店长推荐房源,355万,40754元/平,高楼层 (共24层) | 1997年 | 2室1厅 | 87.11平米 | 东南,https://ke-image.ljcdn.com/110000-inspection/pc1_Oyri0aZ6X.jpg!m_fill,w_280,h_210,f_jpg?from=ke.com
20240321,朝阳,管庄,101123174345,建东苑 南北通透全天采光 满五年唯一 看房方便,400万,45538元/平,高楼层 (共6层) | 2002年 | 2室1厅 | 87.84平米 | 南 北,https://ke-image.ljcdn.com/110000-inspection/b190c7b7-384d-49aa-863b-9e602a6a3020_1000.jpg!m_fill,w_280,h_210,f_jpg?from=ke.com
20240321,朝阳,管庄,101123171299,京通苑 西南向两居 高楼层 无遮挡 满五年唯一诚意出售房主自荐,375万,43494元/平,高楼层 (共24层) | 2003年 | 2室1厅 | 86.22平米 | 南 西,https://ke-image.ljcdn.com/110000-inspection/pc1_jJlzZj3j3.jpg!m_fill,w_280,h_210,f_jpg?from=ke.com
20240321,朝阳,管庄,101123157062,建东苑 满五年唯一 东南向采光好 看房方便,388万,44192元/平,高楼层 (共6层) | 2002年 | 2室1厅 | 87.8平米 | 东南 南,https://ke-image.ljcdn.com/110000-inspection/pc1_U1zONRGX2.jpg!m_fill,w_280,h_210,f_jpg?from=ke.com
20240321,朝阳,管庄,101123154625,满五唯一 自住精装 无抵押 随时签约,399万,47450元/平,高楼层 (共24层) | 2002年 | 2室1厅 | 84.09平米 | 西,https://ke-image.ljcdn.com/110000-inspection/c5f2575e-3fb1-4c42-9bff-5b1eeb6ba0e7_1000.jpg!m_fill,w_280,h_210,f_jpg?from=ke.com
20240321,朝阳,管庄,101123137592,管庄西里 1-63号楼 楼龄2004年,475万,55719元/平,高楼层 (共6层) | 2004年 | 2室2厅 | 85.25平米 | 北 南,https://ke-image.ljcdn.com/110000-inspection/pc1_ltdn1hrn9.jpg!m_fill,w_280,h_210,f_jpg?from=ke.com
20240321,朝阳,管庄,101123133064,店长推荐  明厨明卫 1-63号楼 购房成本低 楼层好,229万,53668元/平,中楼层 (共6层) | 1986年 | 1室1厅 | 42.67平米 | 南,https://ke-image.ljcdn.com/110000-inspection/pc1_lpG87mzzV.jpg!m_fill,w_280,h_210,f_jpg?from=ke.com
20240321,朝阳,管庄,101123124233,华龙美树南北通透两居室 无遮挡,599万,59805元/平,低楼层 (共19层) | 2005年 | 2室1厅 | 100.16平米 | 南 北,https://ke-image.ljcdn.com/110000-inspection/pc1_zQ98CXIUR.jpg!m_fill,w_280,h_210,f_jpg?from=ke.com
20240321,朝阳,管庄,101123091663,华龙美树 2005年商品房小区 优质开间,222万,60392元/平,高楼层 (共19层) 1室0厅 | 36.76平米 | 北,https://ke-image.ljcdn.com/110000-inspection/4a9d296e-98be-43dc-9140-9bf6589b92fd_1000.jpg!m_fill,w_280,h_210,f_jpg?from=ke.com
20240321,朝阳,管庄,101123076997,建东苑西区三居三面朝南满五唯一商品房,370万,36879元/平,顶层 (共6层) 3室1厅 | 100.33平米 | 西南,https://ke-image.ljcdn.com/110000-inspection/a48760df-8574-4d86-906a-e4e0051b96e0_1000.jpg!m_fill,w_280,h_210,f_jpg?from=ke.com
20240321,朝阳,管庄,101123076273,京通苑 西南三居室 店长推荐房源,510万,40196元/平,高楼层 (共18层) | 1998年 | 3室1厅 | 126.88平米 | 西南,https://ke-image.ljcdn.com/110000-inspection/c421ea40-0edd-4be3-a991-7d1feca88284_1000.jpg!m_fill,w_280,h_210,f_jpg?from=ke.com
20240321,朝阳,管庄,101123061106,京通苑 3室1厅 东北,426万,43568元/平,高楼层 (共24层) | 1997年 | 3室1厅 | 97.78平米 | 东北,https://ke-image.ljcdn.com/110000-inspection/pc1_jssW7inXb.jpg!m_fill,w_280,h_210,f_jpg?from=ke.com
20240321,朝阳,管庄,101123051871,建东苑 满五年唯一 精装修拎包住 看房方便房主自荐,419万,49064元/平,底层 (共6层) | 2000年 | 2室1厅 | 85.4平米 | 南 北,https://ke-image.ljcdn.com/110000-inspection/d61fcdee-6e61-4d60-bd5a-f1ed574d71c4_1000.jpg!m_fill,w_280,h_210,f_jpg?from=ke.com
20240321,朝阳,管庄,101123048471,管庄西里2004年南北一居 满五唯一 看房方便房主自荐,258万,43376元/平,顶层 (共5层) | 2004年 | 1室1厅 | 59.48平米 | 南 北,https://ke-image.ljcdn.com/110000-inspection/pc1_EXGZGDtzB_1.jpg!m_fill,w_280,h_210,f_jpg?from=ke.com
20240321,朝阳,管庄,101123046420,管庄西里 电梯房 满五唯一朝向好 精装修,388万,47937元/平,中楼层 (共24层) | 2000年 | 2室1厅 | 80.94平米 | 南,https://ke-image.ljcdn.com/110000-inspection/8d644f34-4189-4076-b97e-f0e409440c07_1000.jpg!m_fill,w_280,h_210,f_jpg?from=ke.com
20240321,朝阳,管庄,101123040463,京通苑 满五年唯一 不临街精装修拎包入住西南一居室房主自荐,278万,43877元/平,低楼层 (共24层) | 2000年 | 1室1厅 | 63.36平米 | 西南,https://ke-image.ljcdn.com/110000-inspection/pc1_GYQ1o1iKE.jpg!m_fill,w_280,h_210,f_jpg?from=ke.com
20240321,朝阳,管庄,101123029880,总监推荐（1-63号楼）南北两居 精装修,285万,49020元/平,中楼层 (共6层) | 1982年 | 2室1厅 | 58.14平米 | 南 北,https://ke-image.ljcdn.com/110000-inspection/pc1_fJAFBnXu5.jpg!m_fill,w_280,h_210,f_jpg?from=ke.com
20240321,朝阳,管庄,101123027864,店长推荐 管庄西里1到63号楼内 南北通透 诚心出售,299万,42611元/平,中楼层 (共6层) 2室1厅 | 70.17平米 | 南 北,https://ke-image.ljcdn.com/110000-inspection/7e5407e7-c99e-4b1a-97e0-dd4ea00a3c96_1000.jpg!m_fill,w_280,h_210,f_jpg?from=ke.com
20240321,朝阳,管庄,101123024400,汇鸿家园 正规三居室 户型方正 满五年唯一商品房,448万,44396元/平,高楼层 (共17层) | 2005年 | 3室1厅 | 100.91平米 | 南 北,https://ke-image.ljcdn.com/110000-inspection/90e0d60d-34be-45a9-a60a-1ac3b763dc67_1000.jpg!m_fill,w_280,h_210,f_jpg?from=ke.com
20240321,朝阳,管庄,101123000351,烟厂宿舍低楼层两居室  1994年楼龄,275万,47349元/平,低楼层 (共6层) | 1994年 | 2室1厅 | 58.08平米 | 南,https://ke-image.ljcdn.com/110000-inspection/pc1_n9HmriRdD.jpg!m_fill,w_280,h_210,f_jpg?from=ke.com
20240321,朝阳,管庄,101122995145,管庄西里低楼层两居满五唯一 1-63号楼 看房方便,340万,48468元/平,低楼层 (共6层) | 1979年 | 2室1厅 | 70.15平米 | 南 北,https://ke-image.ljcdn.com/110000-inspection/a952da7b-9ab6-407c-944b-a2577e96c9f1_1000.jpg!m_fill,w_280,h_210,f_jpg?from=ke.com
20240321,朝阳,管庄,101122986830,首付112万地铁1号线22号线管庄站 南北2居室楼层好,339万,47781元/平,低楼层 (共6层) | 1995年 | 2室1厅 | 70.95平米 | 南 北,https://ke-image.ljcdn.com/110000-inspection/pc1_G1caSozmZ.jpg!m_fill,w_280,h_210,f_jpg?from=ke.com
20240321,朝阳,管庄,101122986190,管庄西里1-63号楼以内低楼层两居室,388万,55949元/平,低楼层 (共6层) | 1997年 | 2室1厅 | 69.35平米 | 东南,https://ke-image.ljcdn.com/110000-inspection/f8d7c44f-4fb1-408d-8902-c8b3e3029efe_1000.jpg!m_fill,w_280,h_210,f_jpg?from=ke.com
20240321,朝阳,管庄,101122982076,京通苑西北三居高楼层无遮挡 满五年唯一 一号线管庄站,566万,43187元/平,中楼层 (共24层) | 2000年 | 3室1厅 | 131.06平米 | 东 南 西南 西 北,https://ke-image.ljcdn.com/110000-inspection/pc1_3BO37PA8q.jpg!m_fill,w_280,h_210,f_jpg?from=ke.com
20240321,朝阳,管庄,101122969509,总监推荐：管庄西里（1-63）号楼 南北两居,278万,47816元/平,低楼层 (共6层) | 1982年 | 2室1厅 | 58.14平米 | 南 北,https://ke-image.ljcdn.com/110000-inspection/pc1_jfb1k554f.jpg!m_fill,w_280,h_210,f_jpg?from=ke.com
20240321,朝阳,管庄,101122967952,店长推荐尚东阁满五年唯一一居室 户型方正 采光视野好,350万,46761元/平,中楼层 (共19层) 2室1厅 | 74.85平米 | 东,https://ke-image.ljcdn.com/110000-inspection/pc1_nDOCXDV9y.jpg!m_fill,w_280,h_210,f_jpg?from=ke.com
20240321,朝阳,管庄,101122961155,京通苑西北三居 满五唯一 预约可看房主自荐,416万,45937元/平,中楼层 (共24层) | 2000年 | 3室2厅 | 90.56平米 | 西北,https://ke-image.ljcdn.com/110000-inspection/pc1_UQFAJg6JO.jpg!m_fill,w_280,h_210,f_jpg?from=ke.com
20240321,朝阳,管庄,101122952989,京通苑内环三居室中间层无遮挡三面朝南采光好,635万,46344元/平,中楼层 (共24层) | 2000年 | 3室1厅 | 137.02平米 | 东南,https://ke-image.ljcdn.com/110000-inspection/pc1_DjGUFJH1T.jpg!m_fill,w_280,h_210,f_jpg?from=ke.com
20240321,朝阳,管庄,101122928068,店长推荐 管庄西里1到63号楼内 南北通透 装修不错,320万,52460元/平,低楼层 (共6层) | 1997年 | 2室1厅 | 61平米 | 南 北,https://ke-image.ljcdn.com/110000-inspection/pc1_NdT61Q2au.jpg!m_fill,w_280,h_210,f_jpg?from=ke.com
20240321,朝阳,管庄,101122925970,华龙美树北向开间距离地铁双桥站644米（高德地图）,208万,56584元/平,中楼层 (共19层) 1室0厅 | 36.76平米 | 北,https://ke-image.ljcdn.com/110000-inspection/ec63eb27-bf9c-4643-86ae-5cdd62b47c6c_1000.jpg!m_fill,w_280,h_210,f_jpg?from=ke.com
20240321,朝阳,管庄,101122916618,管庄西里 满五唯一 南北通透 楼龄新房主自荐,268万,40108元/平,高楼层 (共7层) | 1999年 | 2室1厅 | 66.82平米 | 南 北,https://ke-image.ljcdn.com/110000-inspection/pc1_zwTPK3awo_1.jpg!m_fill,w_280,h_210,f_jpg?from=ke.com
20240321,朝阳,管庄,101122907222,满五唯一商品房 30万精装保持好 看房提前约,360万,41323元/平,顶层 (共6层) | 2006年 | 2室1厅 | 87.12平米 | 南 北,https://ke-image.ljcdn.com/110000-inspection/c2980c72-86f1-44c8-95a5-3b002debbdb1_1000.jpg!m_fill,w_280,h_210,f_jpg?from=ke.com
20240321,朝阳,管庄,101122899878,地铁22号线和八通线双桥站 南北通透 视野好,263万,36097元/平,顶层 (共6层) 2室1厅 | 72.86平米 | 南 北,https://ke-image.ljcdn.com/110000-inspection/e70755de-96f4-4644-bda2-0e4fabcf7b0b_1000.jpg!m_fill,w_280,h_210,f_jpg?from=ke.com
20240321,朝阳,管庄,101122881407,管庄西里 精装婚房 南向一居 满五唯一,285万,55883元/平,顶层 (共6层) | 1997年 | 1室1厅 | 51平米 | 南,https://ke-image.ljcdn.com/110000-inspection/pc1_8zWXCfjKz_1.jpg!m_fill,w_280,h_210,f_jpg?from=ke.com
20240321,朝阳,管庄,101122877620,首付105万地铁1号线22号线管庄站 东南一居室落地阳台,292万,44083元/平,高楼层 (共18层) 1室1厅 | 66.24平米 | 东南,https://ke-image.ljcdn.com/110000-inspection/d4d0a9d3-2717-4894-be10-3c16ba2e23a7_1000.jpg!m_fill,w_280,h_210,f_jpg?from=ke.com
20240321,朝阳,管庄,101122857203,华龙美树 高楼层 视野好 有钥匙随时看房,205万,55768元/平,高楼层 (共19层) | 2005年 | 1室0厅 | 36.76平米 | 北,https://ke-image.ljcdn.com/110000-inspection/80be5cae-c98c-41ea-8aee-8bdd16133df7_1000.jpg!m_fill,w_280,h_210,f_jpg?from=ke.com
20240321,朝阳,管庄,101122857073,满五唯一 视野好采光无遮挡 地铁一号线 22号线 近地铁,426万,46989元/平,低楼层 (共24层) | 2000年 | 3室2厅 | 90.66平米 | 西北,https://ke-image.ljcdn.com/110000-inspection/e02a03d4-e543-4b34-b512-b04c2188495e_1000.jpg!m_fill,w_280,h_210,f_jpg?from=ke.com
20240321,朝阳,管庄,101122835178,京通苑西南两居 中层无遮挡 预约看房,390万,44028元/平,中楼层 (共18层) | 2000年 | 2室1厅 | 88.58平米 | 西南,https://ke-image.ljcdn.com/110000-inspection/1118f8a8-8a92-4ad2-af47-6b014d5ce501_1000.jpg!m_fill,w_280,h_210,f_jpg?from=ke.com
20240321,朝阳,管庄,101122812673,管庄西里满五唯一南北两居室诚心出售,242万,39517元/平,顶层 (共6层) | 1986年 | 2室1厅 | 61.24平米 | 南 北,https://ke-image.ljcdn.com/110000-inspection/pc1_DAiwWVMDW.jpg!m_fill,w_280,h_210,f_jpg?from=ke.com
20240321,朝阳,管庄,101122794739,管庄西里1-63号楼南向一居室 采光视野好 靠谱出售,230万,65360元/平,高楼层 (共6层) | 1996年 | 1室1厅 | 35.19平米 | 东南,https://ke-image.ljcdn.com/110000-inspection/pc1_RgCfCKzFN.jpg!m_fill,w_280,h_210,f_jpg?from=ke.com
20240321,朝阳,管庄,101122792039,建东苑西区南北通透采光好中间楼层两居,340万,46221元/平,高楼层 (共6层) 2室1厅 | 73.56平米 | 南 北,https://ke-image.ljcdn.com/110000-inspection/pc1_aSHJN20fl.jpg!m_fill,w_280,h_210,f_jpg?from=ke.com
20240321,朝阳,管庄,101122778862,管庄西里 业主诚心出售 低楼层,370万,48059元/平,中楼层 (共6层) | 2000年 | 2室2厅 | 76.99平米 | 南 北,https://ke-image.ljcdn.com/110000-inspection/aa8b6dfa-95bd-4fce-ab6e-52b7371e5b5a_1000.jpg!m_fill,w_280,h_210,f_jpg?from=ke.com
20240321,朝阳,管庄,101122773589,瑞祥里 2室1厅 南 北,350万,43631元/平,高楼层 (共6层) 2室1厅 | 80.22平米 | 南 北,https://ke-image.ljcdn.com/110000-inspection/pc1_UX0v0itoJ.jpg!m_fill,w_280,h_210,f_jpg?from=ke.com
20240321,朝阳,管庄,101122756478,华龙美树南北双卫两居室 满五年唯一 前后不临街,619万,56706元/平,低楼层 (共16层) | 2005年 | 2室1厅 | 109.16平米 | 南 北,https://ke-image.ljcdn.com/110000-inspection/pc1_seyaoe8qh.jpg!m_fill,w_280,h_210,f_jpg?from=ke.com
20240321,朝阳,管庄,101122731151,近地铁 内环满五年唯一商品房 高楼层 无遮挡 格局方正,520万,39641元/平,高楼层 (共21层) | 2000年 | 3室2厅 | 131.18平米 | 东北,https://ke-image.ljcdn.com/110000-inspection/pc1_jIa5s7y8W_2.jpg!m_fill,w_280,h_210,f_jpg?from=ke.com
20240321,朝阳,管庄,101122719718,满五唯一商品房 业主诚意出售 楼层视野好 前后不临街,229万,53668元/平,顶层 (共6层) 1室1厅 | 42.67平米 | 南,https://ke-image.ljcdn.com/110000-inspection/pc1_yQE6zXfjM.jpg!m_fill,w_280,h_210,f_jpg?from=ke.com
20240321,朝阳,管庄,101122699341,华龙美树不临街开间  满五年唯一商品房,219万,62536元/平,高楼层 (共18层) | 2005年 | 1室0厅 | 35.02平米 | 北,https://ke-image.ljcdn.com/110000-inspection/dd7fb54d-7237-4c3f-8fc8-9c23b9a5bf83_1000.jpg!m_fill,w_280,h_210,f_jpg?from=ke.com
20240321,朝阳,管庄,101122688426,管庄西里63号楼以内精装修中间层正规一居室,252万,48914元/平,中楼层 (共5层) 1室1厅 | 51.52平米 | 南,https://ke-image.ljcdn.com/110000-inspection/pc1_Ki4x5mf9K.jpg!m_fill,w_280,h_210,f_jpg?from=ke.com
20240321,朝阳,管庄,101122684426,1号线 22号线  八通线 管庄  京通苑内环全明格局三居,606万,37131元/平,低楼层 (共24层) | 2000年 | 3室1厅 | 163.21平米 | 南 东北,https://ke-image.ljcdn.com/110000-inspection/pc1_6cV3jzmru.jpg!m_fill,w_280,h_210,f_jpg?from=ke.com
20240321,朝阳,管庄,101122679799,三居室装修好诚意出售 地铁1号线管庄站,475万,44719元/平,低楼层 (共18层) | 2005年 | 3室2厅 | 106.22平米 | 东北,https://ke-image.ljcdn.com/110000-inspection/pc1_BRRdgBYbJ.jpg!m_fill,w_280,h_210,f_jpg?from=ke.com
20240321,朝阳,管庄,101122646949,管庄西里 中间楼层南北两居 随时看1-63号楼内,370万,52737元/平,中楼层 (共5层) | 1996年 | 2室1厅 | 70.16平米 | 南 北,https://ke-image.ljcdn.com/110000-inspection/pc1_2LuTdXOa1_1.jpg!m_fill,w_280,h_210,f_jpg?from=ke.com
20240321,朝阳,管庄,101122633048,管庄西里2居满五年唯一户型方正没有遮挡房主自荐,360万,40591元/平,顶层 (共24层) | 2004年 | 2室1厅 | 88.69平米 | 东 南,https://ke-image.ljcdn.com/110000-inspection/pc1_ah9Q9FKtT.jpg!m_fill,w_280,h_210,f_jpg?from=ke.com
20240321,朝阳,管庄,101122603285,管庄西里电梯一居室满五唯一商品房诚意出售房主自荐,242万,37094元/平,高楼层 (共24层) | 2004年 | 1室1厅 | 65.24平米 | 东,https://ke-image.ljcdn.com/110000-inspection/8395c8ad-3dc8-4b5f-b31e-eccd811532af_1000.jpg!m_fill,w_280,h_210,f_jpg?from=ke.com
20240321,朝阳,管庄,101122595476,管庄西里63号楼以内南北两居室采光充足视野开阔,254万,41908元/平,顶层 (共5层) | 1984年 | 2室1厅 | 60.61平米 | 南 北,https://ke-image.ljcdn.com/110000-inspection/1e90bca2-d583-4064-b414-ba25e5b531ba_1000.jpg!m_fill,w_280,h_210,f_jpg?from=ke.com
20240321,朝阳,管庄,101122584170,朝阳管庄 京通苑 配套全 精装 南向采光好 可贷款,279万,52189元/平,高楼层 (共24层) | 1998年 | 1室1厅 | 53.46平米 | 南,https://ke-image.ljcdn.com/110000-inspection/pc1_Hra8C9sew.jpg!m_fill,w_280,h_210,f_jpg?from=ke.com
20240321,朝阳,管庄,101122577544,汇鸿家园 正规三居室 无遮挡 满五年唯一,438万,42258元/平,中楼层 (共17层) 3室1厅 | 103.65平米 | 南 西 北,https://ke-image.ljcdn.com/110000-inspection/5ad81f70-c0c0-4fb5-a38a-e17fba179e5c_1000.jpg!m_fill,w_280,h_210,f_jpg?from=ke.com
20240321,朝阳,管庄,101122573861,管庄西里精装修一居室房主自住随时可以签约房主自荐,228万,52426元/平,中楼层 (共19层) 1室0厅 | 43.49平米 | 西,https://ke-image.ljcdn.com/110000-inspection/44e68633-537f-46eb-8c58-880421e9928a_1000.jpg!m_fill,w_280,h_210,f_jpg?from=ke.com
20240321,朝阳,管庄,101122568631,京通苑 内环三居双卫 自住装修 满五年,549万,41851元/平,底层 (共21层) | 2000年 | 3室1厅 | 131.18平米 | 东北,https://ke-image.ljcdn.com/110000-inspection/pc1_4c829c8pc.jpg!m_fill,w_280,h_210,f_jpg?from=ke.com
20240321,朝阳,管庄,101122560943,京通苑 满五年唯一 店长推荐房源,462万,42778元/平,中楼层 (共24层) | 2000年 | 2室1厅 | 108平米 | 东南,https://ke-image.ljcdn.com/110000-inspection/pc1_7W3sDJEZy.jpg!m_fill,w_280,h_210,f_jpg?from=ke.com
20240321,朝阳,管庄,101122557754,店主推荐：管庄西里 （1-63号楼）业主诚心出售,325万,53978元/平,中楼层 (共5层) | 1996年 | 2室1厅 | 60.21平米 | 东 西,https://ke-image.ljcdn.com/110000-inspection/pc1_mLZ7sTB5F_1.jpg!m_fill,w_280,h_210,f_jpg?from=ke.com
20240321,朝阳,管庄,101122554014,满五唯一南北通透商品房中间楼层,450万,51725元/平,中楼层 (共6层) | 2003年 | 2室1厅 | 87平米 | 南 北,https://ke-image.ljcdn.com/110000-inspection/66e02b8b-faa0-438e-9c40-2daafea77b0f_1000.jpg!m_fill,w_280,h_210,f_jpg?from=ke.com
20240321,朝阳,管庄,101122547056,总监推荐 建东苑中间楼层 不临街 不把边 南北通透两居,356万,48396元/平,中楼层 (共6层) | 2000年 | 2室1厅 | 73.56平米 | 南 北,https://ke-image.ljcdn.com/110000-inspection/985a8c16-69a5-440b-a8f4-8fa724030a72_1000.jpg!m_fill,w_280,h_210,f_jpg?from=ke.com
20240321,朝阳,管庄,101122537395,汇鸿家园商品房院两居不临街南北通透满五唯一,405万,54879元/平,低楼层 (共10层) | 2004年 | 2室1厅 | 73.8平米 | 南 北,https://ke-image.ljcdn.com/110000-inspection/7179ac5b-2e27-4ae1-8a03-ca8efb94ebb1_1000.jpg!m_fill,w_280,h_210,f_jpg?from=ke.com
20240321,朝阳,管庄,101122533287,首付112万地铁1号线22号线管庄站 东南一居室落地阳台,310万,47329元/平,中楼层 (共24层) | 2003年 | 1室1厅 | 65.5平米 | 东南,https://ke-image.ljcdn.com/110000-inspection/pc1_1lIOeVIiC.jpg!m_fill,w_280,h_210,f_jpg?from=ke.com
20240321,朝阳,管庄,101122531441,瑞祥里楼层不错的南北两居可谈,360万,44849元/平,中楼层 (共6层) | 2006年 | 2室1厅 | 80.27平米 | 南 北,https://ke-image.ljcdn.com/110000-inspection/pc1_8YdfW619c_2.jpg!m_fill,w_280,h_210,f_jpg?from=ke.com
20240321,朝阳,管庄,101122530012,管庄东里低楼层南北两居朝阳医院6号线常营站,262万,44019元/平,底层 (共6层) 2室1厅 | 59.52平米 | 南 北 东,https://ke-image.ljcdn.com/110000-inspection/c3bc665d-96d1-4c91-ac89-bb985672c852_1000.jpg!m_fill,w_280,h_210,f_jpg?from=ke.com
20240321,朝阳,管庄,101122518688,管庄西里南北两居 看房方便63号楼之内,270万,50714元/平,底层 (共6层) 2室1厅 | 53.24平米 | 南 北,https://ke-image.ljcdn.com/110000-inspection/bea5f425-7775-416a-bc0e-bd080d46bf15_1000.jpg!m_fill,w_280,h_210,f_jpg?from=ke.com
20240321,朝阳,管庄,101122490794,店长推荐 管庄西里1到63号楼内 南向采光好看房随时,238万,50704元/平,顶层 (共6层) | 1997年 | 1室1厅 | 46.94平米 | 南,https://ke-image.ljcdn.com/110000-inspection/pc1_KEGAWhocQ.jpg!m_fill,w_280,h_210,f_jpg?from=ke.com
20240321,朝阳,管庄,101122466588,管庄西里南向一居室 户型方正 采光充足 诚意出售,249万,53943元/平,高楼层 (共6层) | 1996年 | 1室1厅 | 46.16平米 | 南,https://ke-image.ljcdn.com/110000-inspection/6a891287-898f-4131-a28a-16e6937ef38c_1000.jpg!m_fill,w_280,h_210,f_jpg?from=ke.com
20240321,朝阳,管庄,101122447327,管庄西里1-63号楼中间楼层采光充足视野开阔无遮挡,279万,52170元/平,中楼层 (共5层) | 1982年 | 2室1厅 | 53.48平米 | 南,https://ke-image.ljcdn.com/110000-inspection/pc1_R38tTphvx.jpg!m_fill,w_280,h_210,f_jpg?from=ke.com
20240321,朝阳,管庄,101122438819,京通苑 全明格局西北南低楼层 满二唯一 一号线管庄站,635万,38907元/平,低楼层 (共24层) | 2000年 | 3室1厅 | 163.21平米 | 西北,https://ke-image.ljcdn.com/110000-inspection/pc1_liD5TUHQS.jpg!m_fill,w_280,h_210,f_jpg?from=ke.com
20240321,朝阳,管庄,101122421716,满五唯一 视野好 采光无遮挡 一号线 落地窗 价格可谈房主自荐,298万,45497元/平,中楼层 (共24层) | 2003年 | 1室1厅 | 65.5平米 | 西南,https://ke-image.ljcdn.com/110000-inspection/pc1_1ybQgakqg.jpg!m_fill,w_280,h_210,f_jpg?from=ke.com
20240321,朝阳,管庄,101122408855,华龙美树 满五唯一商品房 不临街 采光好 无遮挡,649万,59838元/平,低楼层 (共15层) | 2006年 | 3室1厅 | 108.46平米 | 北 南,https://ke-image.ljcdn.com/110000-inspection/pc1_6QMXJ7978.jpg!m_fill,w_280,h_210,f_jpg?from=ke.com
20240321,朝阳,管庄,101122394063,满五年唯一 楼层好 两年前装修,440万,43856元/平,中楼层 (共6层) | 2000年 | 3室1厅 | 100.33平米 | 西南,https://ke-image.ljcdn.com/110000-inspection/pc1_CnPTeGIrk.jpg!m_fill,w_280,h_210,f_jpg?from=ke.com
20240321,朝阳,管庄,101122375101,瑞祥里满五唯一商品房两居室近地铁房主自荐,365万,45472元/平,中楼层 (共6层) 2室1厅 | 80.27平米 | 南 北,https://ke-image.ljcdn.com/110000-inspection/pc1_YgaR0RQe3.jpg!m_fill,w_280,h_210,f_jpg?from=ke.com
20240321,朝阳,管庄,101122362897,汇鸿家园全南正规两居 满五年唯一商品房 前后不临街房主自荐,439万,54630元/平,底层 (共10层) | 2006年 | 2室1厅 | 80.36平米 | 南,https://ke-image.ljcdn.com/110000-inspection/pc1_4jT3b5mNw.jpg!m_fill,w_280,h_210,f_jpg?from=ke.com
20240321,朝阳,管庄,101122360716,京通苑 东向采光好 店长推荐房源房主自荐,340万,54063元/平,低楼层 (共18层) | 2000年 | 2室2厅 | 62.89平米 | 东南,https://ke-image.ljcdn.com/110000-inspection/pc1_AHRpkc5Nc.jpg!m_fill,w_280,h_210,f_jpg?from=ke.com
20240321,朝阳,管庄,101122342612,朝阳管庄  京通苑三居室   低楼层户型方正,399万,45187元/平,低楼层 (共6层) | 1996年 | 3室1厅 | 88.3平米 | 南 北,https://ke-image.ljcdn.com/110000-inspection/pc1_n3iDFIjXW.jpg!m_fill,w_280,h_210,f_jpg?from=ke.com
20240321,朝阳,管庄,101122341011,此房是北向小户型总价较电梯房没有浪费面积。,199万,54106元/平,中楼层 (共19层) | 2005年 | 1室0厅 | 36.78平米 | 北,https://ke-image.ljcdn.com/110000-inspection/pc1_jOdVQzF0D.jpg!m_fill,w_280,h_210,f_jpg?from=ke.com
20240321,朝阳,管庄,101122332479,华龙美树新上精致开间  明厨明卫  位置好不临街房主自荐,215万,55285元/平,低楼层 (共18层) | 2005年 | 1室0厅 | 38.89平米 | 北,https://ke-image.ljcdn.com/110000-inspection/pc1_TuDZ80SgL_2.jpg!m_fill,w_280,h_210,f_jpg?from=ke.com
20240321,朝阳,管庄,101122306078,京通苑 西南向两居 满五年唯一 诚意出售 一号线管庄站,395万,45814元/平,中楼层 (共24层) | 2003年 | 2室1厅 | 86.22平米 | 西南,https://ke-image.ljcdn.com/110000-inspection/pc1_YV2ku7yUq.jpg!m_fill,w_280,h_210,f_jpg?from=ke.com
20240321,朝阳,管庄,101122304548,瑞祥里 南向带电梯一居室 满五年 不临街 商品房,300万,45490元/平,顶层 (共10层) | 2006年 | 1室1厅 | 65.95平米 | 南,https://ke-image.ljcdn.com/110000-inspection/pc1_gUIdSjwDf.jpg!m_fill,w_280,h_210,f_jpg?from=ke.com
20240321,朝阳,管庄,101122286942,华龙满五唯一 南向一居 精装修前后花园 近地铁高楼层房主自荐,412万,65731元/平,高楼层 (共15层) | 2006年 | 1室1厅 | 62.68平米 | 南,https://ke-image.ljcdn.com/110000-inspection/5849aed5-0153-4470-acf1-f77ab4e78137_1000.jpg!m_fill,w_280,h_210,f_jpg?from=ke.com
20240321,朝阳,管庄,101122264437,汇鸿家园 正规两居室 配套齐全 生活便利 价格合适房主自荐,450万,50229元/平,中楼层 (共17层) | 2005年 | 2室1厅 | 89.59平米 | 西南,https://ke-image.ljcdn.com/110000-inspection/132f8ba7-3282-492e-bd23-cd9345d52b9f_1000.jpg!m_fill,w_280,h_210,f_jpg?from=ke.com
20240321,朝阳,管庄,101122262856,管庄西里一层南北两居室 户型好满五唯一 靠谱卖,330万,54099元/平,底层 (共6层) | 1997年 | 2室1厅 | 61平米 | 南 北,https://ke-image.ljcdn.com/110000-inspection/pc1_uKOZXnp81.jpg!m_fill,w_280,h_210,f_jpg?from=ke.com
20240321,朝阳,管庄,101122260579,建东苑中间楼层南北两居室  采光好无遮挡,380万,44497元/平,中楼层 (共6层) | 2001年 | 2室1厅 | 85.4平米 | 南 北,https://ke-image.ljcdn.com/110000-inspection/pc1_iWYl0LIbf.jpg!m_fill,w_280,h_210,f_jpg?from=ke.com
20240321,朝阳,管庄,101122254739,京通苑 西南向三居 满五年唯一 诚意出售 一号线管庄站,565万,38665元/平,低楼层 (共24层) | 2000年 | 3室1厅 | 146.13平米 | 南 西南 西,https://ke-image.ljcdn.com/110000-inspection/pc1_UFE5NwzjB.jpg!m_fill,w_280,h_210,f_jpg?from=ke.com
20240321,朝阳,管庄,101122197977,管庄西里新上三居满五年唯一户型方正没有遮挡,439万,39751元/平,中楼层 (共24层) | 2004年 | 3室2厅 | 110.44平米 | 南 东,https://ke-image.ljcdn.com/110000-inspection/pc1_8JJLvfRNu.jpg!m_fill,w_280,h_210,f_jpg?from=ke.com
20240321,朝阳,管庄,101122168224,店长推荐 建东苑 精装修30万 满五年唯一 南北通透,448万,51300元/平,高楼层 (共6层) | 2003年 | 2室1厅 | 87.33平米 | 南 北,https://ke-image.ljcdn.com/110000-inspection/pc1_mWCga0PXa.jpg!m_fill,w_280,h_210,f_jpg?from=ke.com
20240321,朝阳,管庄,101122162845,京通苑 西南北向三居中楼层满五年唯一诚意出售 管庄站房主自荐,549万,41851元/平,中楼层 (共21层) | 2000年 | 3室2厅 | 131.18平米 | 南 西 北,https://ke-image.ljcdn.com/110000-inspection/pc1_PjecwUOiB.jpg!m_fill,w_280,h_210,f_jpg?from=ke.com
20240321,朝阳,管庄,101122134733,此房满五年 家庭名下一套住房 业主自住 看房方便,335万,39839元/平,低楼层 (共24层) | 2002年 | 2室1厅 | 84.09平米 | 西南,https://ke-image.ljcdn.com/110000-inspection/pc1_c3v2eHugd_1.jpg!m_fill,w_280,h_210,f_jpg?from=ke.com
20240321,朝阳,管庄,101122119359,满五年唯一商品房社区 高楼层视野采光好 八通线双桥站,385万,63869元/平,中楼层 (共16层) | 2005年 | 1室1厅 | 60.28平米 | 南,https://ke-image.ljcdn.com/110000-inspection/pc1_NLddY7ckj.jpg!m_fill,w_280,h_210,f_jpg?from=ke.com
20240321,朝阳,管庄,101122110622,京通苑板楼两居室双卧室朝南采光好无遮挡房主自荐,338万,44709元/平,高楼层 (共6层) | 1998年 | 2室1厅 | 75.6平米 | 南 北,https://ke-image.ljcdn.com/110000-inspection/pc1_PN2e7Hzwn.jpg!m_fill,w_280,h_210,f_jpg?from=ke.com
20240321,朝阳,管庄,101122095347,京通苑板楼三居室双卧室朝南采光好满五唯一,405万,45161元/平,中楼层 (共6层) | 1997年 | 3室1厅 | 89.68平米 | 南 北,https://ke-image.ljcdn.com/110000-inspection/pc1_i2HeENw7t.jpg!m_fill,w_280,h_210,f_jpg?from=ke.com
20240321,朝阳,管庄,101122080201,京通苑 西南向一居高楼层无遮挡 满五年唯一 诚意出售房主自荐,275万,43349元/平,高楼层 (共24层) 1室1厅 | 63.44平米 | 西南,https://ke-image.ljcdn.com/110000-inspection/pc1_DGCkKXhzY.jpg!m_fill,w_280,h_210,f_jpg?from=ke.com
20240321,朝阳,管庄,101122056188,【店长推荐】满五年商品房购房成本低 南北三居双卫,508万,41981元/平,顶层 (共6层) | 2001年 | 3室2厅 | 121.01平米 | 南 北,https://ke-image.ljcdn.com/110000-inspection/d607f7aa-2d92-4d70-8e20-775ddd6e8d00_1000.jpg!m_fill,w_280,h_210,f_jpg?from=ke.com
20240321,朝阳,管庄,101122043663,华龙美树北向开间距离地铁双桥站644米（高德地图）,207万,56281元/平,中楼层 (共19层) | 2005年 | 1室0厅 | 36.78平米 | 北,https://ke-image.ljcdn.com/110000-inspection/f4cd7ad8-5bfe-4ba4-92f3-7fc86a1cb489_1000.jpg!m_fill,w_280,h_210,f_jpg?from=ke.com
20240321,朝阳,管庄,101122042983,华龙美树 满五年唯一商品房 小户型 带燃气房主自荐,203万,55194元/平,高楼层 (共19层) | 2005年 | 1室0厅 | 36.78平米 | 北,https://ke-image.ljcdn.com/110000-inspection/3ea5078c-4bd0-4998-9101-25df953c86ed_1000.jpg!m_fill,w_280,h_210,f_jpg?from=ke.com
20240321,朝阳,管庄,101121973065,管庄东里南北两居室  看房方便 业主诚心出售,232万,41340元/平,顶层 (共4层) | 1983年 | 2室1厅 | 56.12平米 | 南 北,https://ke-image.ljcdn.com/110000-inspection/b3ff1540-2705-4845-be77-503c988e3a43_1000.jpg!m_fill,w_280,h_210,f_jpg?from=ke.com
20240321,朝阳,管庄,101121960121,西里1-63号楼 低楼层 适合老年人,310万,53624元/平,底层 (共6层) | 1988年 | 2室1厅 | 57.81平米 | 南 北,https://ke-image.ljcdn.com/110000-inspection/14d45125-3006-43fc-9804-765d3ff5d0b7_1000.jpg!m_fill,w_280,h_210,f_jpg?from=ke.com
20240321,朝阳,管庄,101121954442,建东苑西区 精装两居室 满五年唯一商品房,352万,48795元/平,中楼层 (共6层) | 2000年 | 2室1厅 | 72.14平米 | 东 西,https://ke-image.ljcdn.com/110000-inspection/28edba2e-4048-4bd2-b3a8-f1d4956de3b4_1000.jpg!m_fill,w_280,h_210,f_jpg?from=ke.com
20240321,朝阳,管庄,101121949307,管庄西里 南北通透两居 业主诚心出售,310万,48453元/平,顶层 (共6层) | 1986年 | 2室1厅 | 63.98平米 | 南 北,https://ke-image.ljcdn.com/110000-inspection/c83968fe-50a1-4e41-9167-32b730a99dc4_1000.jpg!m_fill,w_280,h_210,f_jpg?from=ke.com
20240321,朝阳,管庄,101121942679,满五唯一商品房 电梯房 双阳台,419万,39299元/平,低楼层 (共24层) | 2000年 | 3室1厅 | 106.62平米 | 东 北,https://ke-image.ljcdn.com/110000-inspection/5cb3e824-060a-4bba-a343-e7226975d22f_1000.jpg!m_fill,w_280,h_210,f_jpg?from=ke.com
20240321,朝阳,管庄,101121886735,京通苑 西北向三居落地窗无遮挡 满五年唯一 诚意出售,550万,41966元/平,高楼层 (共24层) | 2000年 | 3室2厅 | 131.06平米 | 西北,https://ke-image.ljcdn.com/110000-inspection/pc1_FFuPRvsoQ.jpg!m_fill,w_280,h_210,f_jpg?from=ke.com
20240321,朝阳,管庄,101121852965,管庄东里  精装修南北两居 业主诚心出售,365万,49066元/平,低楼层 (共6层) | 1998年 | 2室1厅 | 74.39平米 | 东 南 北,https://ke-image.ljcdn.com/110000-inspection/pc1_7jqwjxYND_1.jpg!m_fill,w_280,h_210,f_jpg?from=ke.com
20240321,朝阳,管庄,101121835535,满五唯一商品房 业主诚意出售 装修视野好 前后不临街,238万,52377元/平,顶层 (共6层) | 1991年 | 1室1厅 | 45.44平米 | 南,https://ke-image.ljcdn.com/110000-inspection/427a7620-fb7d-4fb4-b859-732ea0a5b9a3_1000.jpg!m_fill,w_280,h_210,f_jpg?from=ke.com
20240321,朝阳,管庄,101121822712,瑞祥里 2室1厅 南 北,350万,43463元/平,高楼层 (共6层) 2室1厅 | 80.53平米 | 南 北,https://ke-image.ljcdn.com/110000-inspection/pc1_0qB3xdFOD.jpg!m_fill,w_280,h_210,f_jpg?from=ke.com
20240321,朝阳,管庄,101121821471,满五年唯一 诚意出售 内环一层 出入方便 可出租,550万,40190元/平,底层 (共21层) | 2000年 | 3室1厅 | 136.85平米 | 东南,https://ke-image.ljcdn.com/110000-inspection/pc1_Pt3jeJTio.jpg!m_fill,w_280,h_210,f_jpg?from=ke.com
20240321,朝阳,管庄,101121808878,满五唯一  看房随时  中间层 电梯房,432万,47039元/平,中楼层 (共24层) | 2000年 | 3室1厅 | 91.84平米 | 西南,https://ke-image.ljcdn.com/110000-inspection/pc1_1O7TMBxC5.jpg!m_fill,w_280,h_210,f_jpg?from=ke.com
20240321,朝阳,管庄,101121802015,建东苑 2室1厅 南 西 北,323万,37572元/平,顶层 (共6层) | 2000年 | 2室1厅 | 85.97平米 | 南 西 北,https://ke-image.ljcdn.com/110000-inspection/c187baa1-6dd6-4ecd-a52e-0b1b62fd881d_1000.jpg!m_fill,w_280,h_210,f_jpg?from=ke.com
20240321,朝阳,管庄,101121799576,瑞祥里商品房出售 南北通透 看房方便 不临街中间层,375万,46718元/平,中楼层 (共6层) 2室1厅 | 80.27平米 | 南 北,https://ke-image.ljcdn.com/110000-inspection/pc1_xTfdSKCj7.jpg!m_fill,w_280,h_210,f_jpg?from=ke.com
20240321,朝阳,管庄,101121790221,满五年唯一商品房明厨明卫不临街安静随时可以看房主自荐,256万,40246元/平,顶层 (共5层) | 1987年 | 2室1厅 | 63.61平米 | 南 北,https://ke-image.ljcdn.com/110000-inspection/pc1_tamd3DtUo_2.jpg!m_fill,w_280,h_210,f_jpg?from=ke.com
20240321,朝阳,管庄,101121749104,管庄东里南北通透三居室 采光好业主诚意出售,480万,49633元/平,中楼层 (共6层) | 2000年 | 3室1厅 | 96.71平米 | 西 北 南,https://ke-image.ljcdn.com/110000-inspection/a2dcf4e7-61ee-4d0e-921e-3c09df9537f9_1000.jpg!m_fill,w_280,h_210,f_jpg?from=ke.com
20240321,朝阳,管庄,101121740748,首付86万南北通透一居室 采光好 低楼层 地铁一号线,248万,48090元/平,低楼层 (共6层) | 1996年 | 1室1厅 | 51.57平米 | 南 北,https://ke-image.ljcdn.com/110000-inspection/pc1_vyjBHUiqS.jpg!m_fill,w_280,h_210,f_jpg?from=ke.com
20240321,朝阳,管庄,101121737766,管庄西里1到63号楼内 东西通透 有正规客厅 看房方便,279万,37632元/平,顶层 (共6层) 2室1厅 | 74.14平米 | 东 西,https://ke-image.ljcdn.com/110000-inspection/ab4a8549-b7b4-4c02-96d6-5b04d18eec71_1000.jpg!m_fill,w_280,h_210,f_jpg?from=ke.com
20240321,朝阳,管庄,101121712823,京通苑 精装一居室 西南朝向 满五唯一,315万,49654元/平,中楼层 (共24层) | 2000年 | 1室1厅 | 63.44平米 | 西南,https://ke-image.ljcdn.com/110000-inspection/pc1_ZodwJPoZ7.jpg!m_fill,w_280,h_210,f_jpg?from=ke.com
20240321,朝阳,管庄,101121705355,建东苑 南北通透商品房 中间层 看房方便,348万,48180元/平,中楼层 (共6层) | 2000年 | 2室1厅 | 72.23平米 | 南 北,https://ke-image.ljcdn.com/110000-inspection/d4878967-923d-4c83-b7d3-491bc6b97536_1000.jpg!m_fill,w_280,h_210,f_jpg?from=ke.com
20240321,朝阳,管庄,101121604156,管庄西里 1-63号楼 满五年 低楼层,379万,58353元/平,底层 (共6层) | 1996年 | 2室1厅 | 64.95平米 | 南 北,https://ke-image.ljcdn.com/110000-inspection/5072cc93-f33c-45a7-8504-c1689d1e4875_1000.jpg!m_fill,w_280,h_210,f_jpg?from=ke.com
20240321,朝阳,管庄,101121596123,京通苑 满五年唯一 南向采光好不遮挡有电梯商品房房主自荐,409万,48598元/平,中楼层 (共24层) | 1997年 | 2室2厅 | 84.16平米 | 南,https://ke-image.ljcdn.com/110000-inspection/pc1_MSsLwzdBn.jpg!m_fill,w_280,h_210,f_jpg?from=ke.com
20240321,朝阳,管庄,101121570896,管庄西里 2室1厅 西北,313万,56387元/平,高楼层 (共6层) | 1997年 | 2室1厅 | 55.51平米 | 西北,https://ke-image.ljcdn.com/110000-inspection/pc1_eakQJBqfK_1.jpg!m_fill,w_280,h_210,f_jpg?from=ke.com
20240321,朝阳,管庄,101121569137,满五唯一 视野开阔 采光好 精装自住 看房方便,389万,43295元/平,中楼层 (共24层) | 1997年 | 2室1厅 | 89.85平米 | 东北,https://ke-image.ljcdn.com/110000-inspection/pc1_kuFDj3qCp.jpg!m_fill,w_280,h_210,f_jpg?from=ke.com
20240321,朝阳,管庄,101121565113,建东苑新上 南北双通透两居室 中高层 店长热推~,419万,47685元/平,中楼层 (共6层) | 2002年 | 2室1厅 | 87.87平米 | 南 北,https://ke-image.ljcdn.com/110000-inspection/2d2c6fba-4202-44fd-9e93-95e620aca5d1_1000.jpg!m_fill,w_280,h_210,f_jpg?from=ke.com
20240321,朝阳,管庄,101121551357,南北通透精装修 近地铁一号线22号线管庄 满五年唯一,358万,44600元/平,低楼层 (共6层) | 2008年 | 2室1厅 | 80.27平米 | 南 北,https://ke-image.ljcdn.com/110000-inspection/pc1_mQu2Ut9tG.jpg!m_fill,w_280,h_210,f_jpg?from=ke.com
20240321,朝阳,管庄,101121549503,满五唯一 视野好有阳台 采光无遮挡 地铁一号线 钥匙房,311万,49023元/平,低楼层 (共24层) 2室1厅 | 63.44平米 | 东南,https://ke-image.ljcdn.com/110000-inspection/pc1_qJPZ9bmPT.jpg!m_fill,w_280,h_210,f_jpg?from=ke.com
20240321,朝阳,管庄,101121538291,京通苑 正规两居 次顶层 无遮挡 采光视野好,343万,42918元/平,高楼层 (共24层) | 2000年 | 2室1厅 | 79.92平米 | 西南,https://ke-image.ljcdn.com/110000-inspection/pc1_MWCr7vhwy.jpg!m_fill,w_280,h_210,f_jpg?from=ke.com
20240321,朝阳,管庄,101121515454,京通苑 中间层正规一居 视野好 无遮挡房主自荐,298万,52080元/平,中楼层 (共24层) | 2000年 | 1室1厅 | 57.22平米 | 南 西,https://ke-image.ljcdn.com/110000-inspection/pc1_P9VGrW2pC.jpg!m_fill,w_280,h_210,f_jpg?from=ke.com
20240321,朝阳,管庄,101121507832,京通苑西南两居 精装修 户型方正 餐客一体,389万,43916元/平,低楼层 (共18层) | 2000年 | 2室1厅 | 88.58平米 | 西南,https://ke-image.ljcdn.com/110000-inspection/pc1_lzSwwH5QG.jpg!m_fill,w_280,h_210,f_jpg?from=ke.com
20240321,朝阳,管庄,101121471816,满五唯一 板楼 南北通透 户型方正 看房方便 诚心出售,255万,41927元/平,顶层 (共6层) | 1997年 | 1室1厅 | 60.82平米 | 南 北,https://ke-image.ljcdn.com/110000-inspection/pc1_sH2a1sG3X.jpg!m_fill,w_280,h_210,f_jpg?from=ke.com
20240321,朝阳,管庄,101121459250,汇鸿家园 高层 采光好 无遮挡 不临街,455万,48664元/平,中楼层 (共9层) | 2005年 | 3室1厅 | 93.5平米 | 西北,https://ke-image.ljcdn.com/110000-inspection/b609315e-d4f6-4038-a866-cf424c38e874_1000.jpg!m_fill,w_280,h_210,f_jpg?from=ke.com
20240321,朝阳,管庄,101121455919,管庄西里正规三居满五年唯一商品房户型方正,459万,41562元/平,中楼层 (共24层) | 2004年 | 3室1厅 | 110.44平米 | 西南,https://ke-image.ljcdn.com/110000-inspection/f83edefd-e69e-4d89-8c85-41395651e705_1000.jpg!m_fill,w_280,h_210,f_jpg?from=ke.com
20240321,朝阳,管庄,101121416686,满五唯一 视野好 采光无遮挡 近地铁 价格可谈 钥匙房,229万,47858元/平,底层 (共24层) 1室1厅 | 47.85平米 | 西南,https://ke-image.ljcdn.com/110000-inspection/pc1_Hxu5HrsP0.jpg!m_fill,w_280,h_210,f_jpg?from=ke.com
20240321,朝阳,管庄,101121404066,满五年唯一 精装修 视野开阔 层高3米不压抑 靠谱出售,349万,47374元/平,中楼层 (共24层) | 1998年 | 2室1厅 | 73.67平米 | 东南,https://ke-image.ljcdn.com/110000-inspection/pc1_yGbAGP9I2.jpg!m_fill,w_280,h_210,f_jpg?from=ke.com
20240321,朝阳,管庄,101121393640,满五唯一 视野好 采光无遮挡 地铁一号线 落地窗钥匙房,299万,45649元/平,高楼层 (共24层) | 2003年 | 1室1厅 | 65.5平米 | 西南,https://ke-image.ljcdn.com/110000-inspection/pc1_E5TxWQkHa.jpg!m_fill,w_280,h_210,f_jpg?from=ke.com
20240321,朝阳,管庄,101121392768,总监推荐  管庄西里一居  低楼层  1-63号楼之内,255万,52524元/平,中楼层 (共5层) | 2004年 | 1室1厅 | 48.55平米 | 南 北,https://ke-image.ljcdn.com/110000-inspection/e6001640-cc93-4378-b249-0d01fcba503f_1000.jpg!m_fill,w_280,h_210,f_jpg?from=ke.com
20240321,朝阳,管庄,101121382206,朝阳  管庄  京通苑  两居室   新装修  拎包入住房主自荐,550万,50087元/平,底层 (共18层) | 2000年 | 2室1厅 | 109.81平米 | 西南,https://ke-image.ljcdn.com/110000-inspection/pc1_p6LgAlwKa.jpg!m_fill,w_280,h_210,f_jpg?from=ke.com
20240321,朝阳,管庄,101121361835,周井大院 满五年唯一全南格局采光好朝向好,178万,42544元/平,顶层 (共5层) | 1993年 | 1室1厅 | 41.84平米 | 南,https://ke-image.ljcdn.com/110000-inspection/pc1_0X85c9JC0.jpg!m_fill,w_280,h_210,f_jpg?from=ke.com
20240321,朝阳,管庄,101121339200,管庄 瑞祥里 南北通透 正规两居室,349万,43506元/平,中楼层 (共6层) | 2006年 | 2室1厅 | 80.22平米 | 南 北,https://ke-image.ljcdn.com/110000-inspection/pc1_KAU37GeQS.jpg!m_fill,w_280,h_210,f_jpg?from=ke.com
20240321,朝阳,管庄,101121302466,管庄东里 楼龄新 可公积金贷款 低楼层,300万,43372元/平,低楼层 (共6层) 2室1厅 | 69.17平米 | 南 北,https://ke-image.ljcdn.com/110000-inspection/pc1_gfz1Pa2MH.jpg!m_fill,w_280,h_210,f_jpg?from=ke.com
20240321,朝阳,管庄,101121289457,管庄西里63号楼以内中间层 满五唯一,316万,50609元/平,中楼层 (共5层) 2室1厅 | 62.44平米 | 南 北,https://ke-image.ljcdn.com/110000-inspection/pc1_H17wo0l6h.jpg!m_fill,w_280,h_210,f_jpg?from=ke.com
20240321,朝阳,管庄,101121273005,管庄东里 南北通透 三居 满五年,315万,47177元/平,底层 (共4层) | 1980年 | 2室1厅 | 66.77平米 | 南 北,https://ke-image.ljcdn.com/110000-inspection/pc1_GcnDJzDeA.jpg!m_fill,w_280,h_210,f_jpg?from=ke.com
20240321,朝阳,管庄,101121244322,瑞祥里中层南向一居 正对花园精装修 采光无遮挡,275万,38668元/平,中楼层 (共10层) | 2008年 | 1室1厅 | 71.12平米 | 南,https://ke-image.ljcdn.com/110000-inspection/7b9e7ea7-9d05-4372-ba7b-cc89a5bd9235_1000.jpg!m_fill,w_280,h_210,f_jpg?from=ke.com
20240321,朝阳,管庄,101121230909,店长推荐管庄西里两居室中间楼层格局方正业主诚售,279万,42344元/平,中楼层 (共6层) | 1995年 | 2室1厅 | 65.89平米 | 东 西,https://ke-image.ljcdn.com/110000-inspection/33f82f73-9821-40ef-992c-a2747781edbe_1000.jpg!m_fill,w_280,h_210,f_jpg?from=ke.com
20240321,朝阳,管庄,101121229257,房子满五年唯一 南向 中高楼层 采光好 无遮挡,390万,64699元/平,中楼层 (共19层) | 2005年 | 1室1厅 | 60.28平米 | 南,https://ke-image.ljcdn.com/110000-inspection/2a418715-0c8a-4891-a4df-8518708032eb_1000.jpg!m_fill,w_280,h_210,f_jpg?from=ke.com
20240321,朝阳,管庄,101121203992,管庄西里南北三居室 通透户型好 业主诚意出售,499万,39202元/平,低楼层 (共6层) 3室1厅 | 127.29平米 | 南 北,https://ke-image.ljcdn.com/110000-inspection/pc1_BTtohiPhX_1.jpg!m_fill,w_280,h_210,f_jpg?from=ke.com
20240321,朝阳,管庄,101121197394,管庄西里1-63号楼 南向一居室 明厨明卫,238万,55777元/平,高楼层 (共6层) | 1987年 | 1室1厅 | 42.67平米 | 南,https://ke-image.ljcdn.com/110000-inspection/pc1_YJM9ijbIT.jpg!m_fill,w_280,h_210,f_jpg?from=ke.com
20240321,朝阳,管庄,101121178335,总监推荐南北低楼层两居  看房方便1-63内,290万,50594元/平,低楼层 (共6层) | 1988年 | 2室1厅 | 57.32平米 | 南 北,https://ke-image.ljcdn.com/110000-inspection/8c859545-2c81-40f4-ae6f-6a447d898114_1000.jpg!m_fill,w_280,h_210,f_jpg?from=ke.com
20240321,朝阳,管庄,101121152745,管庄西里南北精装两居室 靠谱出售 采光充足 视野好房主自荐,368万,56304元/平,高楼层 (共6层) | 1996年 | 2室1厅 | 65.36平米 | 南 北,https://ke-image.ljcdn.com/110000-inspection/pc1_x4OHRJV8G.jpg!m_fill,w_280,h_210,f_jpg?from=ke.com
20240321,朝阳,管庄,101121134047,满五唯一 视野好 采光无遮挡 地铁一号线六号线 近地铁,445万,46877元/平,高楼层 (共18层) 2室1厅 | 94.93平米 | 南,https://ke-image.ljcdn.com/110000-inspection/pc1_FsHePEWTd.jpg!m_fill,w_280,h_210,f_jpg?from=ke.com
20240321,朝阳,管庄,101121128022,八通线+22号线 京通苑东南向精装修两居 满五年唯一房主自荐,380万,47489元/平,低楼层 (共24层) | 2000年 | 2室1厅 | 80.02平米 | 东南,https://ke-image.ljcdn.com/110000-inspection/pc1_3refQcwlv.jpg!m_fill,w_280,h_210,f_jpg?from=ke.com
20240321,朝阳,管庄,101121091944,满5唯一板楼南北通透小两居中高楼层采光好安静,340万,52919元/平,低楼层 (共6层) | 1998年 | 2室1厅 | 64.25平米 | 南 北,https://ke-image.ljcdn.com/110000-inspection/c698e435-77e7-42f4-9b4f-4798607729ae_1000.jpg!m_fill,w_280,h_210,f_jpg?from=ke.com
20240321,朝阳,管庄,101121091765,业主诚售 低密度板楼 不临街 采光好 南北通透H户型房主自荐,400万,45465元/平,高楼层 (共6层) | 2002年 | 2室1厅 | 87.98平米 | 南 北,https://ke-image.ljcdn.com/110000-inspection/07eb4236-2188-45e1-85a8-567e7a6bea79_1000.jpg!m_fill,w_280,h_210,f_jpg?from=ke.com
20240321,朝阳,管庄,101121063091,瑞祥里 东北两居室 户型方正 满五年,345万,38883元/平,中楼层 (共10层) 2室1厅 | 88.73平米 | 东北,https://ke-image.ljcdn.com/110000-inspection/pc1_Bk5tmm1lX.jpg!m_fill,w_280,h_210,f_jpg?from=ke.com
20240321,朝阳,管庄,101121016833,尚东阁2009年建成的西向开间带阳台高楼层采光好房主自荐,198万,51018元/平,中楼层 (共19层) | 2009年 | 1室0厅 | 38.81平米 | 西,https://ke-image.ljcdn.com/110000-inspection/361fe53f-b15c-4a8e-982c-4dfb0952e929_1000.jpg!m_fill,w_280,h_210,f_jpg?from=ke.com
20240321,朝阳,管庄,101121013075,瑞祥里在售南北两居满五年唯一购房仅有契税,359万,44725元/平,底层 (共6层) | 2006年 | 2室2厅 | 80.27平米 | 南 北,https://ke-image.ljcdn.com/110000-inspection/pc1_OKSVbpPKV.jpg!m_fill,w_280,h_210,f_jpg?from=ke.com
20240321,朝阳,管庄,101120966478,建东苑   商品房  南北通透 采光视野好,409万,46813元/平,高楼层 (共6层) | 2002年 | 2室1厅 | 87.37平米 | 南 北,https://ke-image.ljcdn.com/110000-inspection/pc1_uk89YumjY.jpg!m_fill,w_280,h_210,f_jpg?from=ke.com
20240321,朝阳,管庄,101120938634,店长推荐管庄西里都楼层三居室格局方正业主诚意出售,373万,47987元/平,低楼层 (共6层) 3室1厅 | 77.73平米 | 南 北,https://ke-image.ljcdn.com/110000-inspection/pc1_FvoQVKo7v_1.jpg!m_fill,w_280,h_210,f_jpg?from=ke.com
20240321,朝阳,管庄,101120936896,京通苑 东南小两居 精装修 满五年唯一房主自荐,298万,43676元/平,低楼层 (共24层) | 1997年 | 2室1厅 | 68.23平米 | 东,https://ke-image.ljcdn.com/110000-inspection/pc1_W6SwfDKFl.jpg!m_fill,w_280,h_210,f_jpg?from=ke.com
20240321,朝阳,管庄,101120932100,上八十全明户型南向采光好不临街安静随时可看,238万,55621元/平,中楼层 (共6层) | 1991年 | 1室1厅 | 42.79平米 | 南,https://ke-image.ljcdn.com/110000-inspection/pc1_rPaHfeI9m.jpg!m_fill,w_280,h_210,f_jpg?from=ke.com
20240321,朝阳,管庄,101120919762,1号线管庄站 满五唯一 次顶层 看房方便 户型方正,530万,40489元/平,高楼层 (共21层) | 2000年 | 3室1厅 | 130.9平米 | 东北,https://ke-image.ljcdn.com/110000-inspection/pc1_ynWK04AMK.jpg!m_fill,w_280,h_210,f_jpg?from=ke.com
20240321,朝阳,管庄,101120905686,店长推荐管庄西里精装修低楼层两居室业主诚意出售,315万,58572元/平,底层 (共6层) | 1996年 | 2室1厅 | 53.78平米 | 西 北,https://ke-image.ljcdn.com/110000-inspection/332664d6-bb13-4046-8cd2-7b6db136e344_1000.jpg!m_fill,w_280,h_210,f_jpg?from=ke.com
20240321,朝阳,管庄,101120899188,一手房业主 楼龄新 非顶层 南北通透 采光好,250万,43246元/平,高楼层 (共6层) 2室1厅 | 57.81平米 | 南 北,https://ke-image.ljcdn.com/110000-inspection/c9791528-f758-4aed-a650-9259b47cbdf3_1000.jpg!m_fill,w_280,h_210,f_jpg?from=ke.com
20240321,朝阳,管庄,101120892959,管庄西里 经典两居 南北通透 业主诚心出售,300万,45046元/平,高楼层 (共6层) | 1997年 | 2室1厅 | 66.6平米 | 南 北,https://ke-image.ljcdn.com/110000-inspection/c360e449-dfa9-4459-a2f4-13d9442f2b5c_1000.jpg!m_fill,w_280,h_210,f_jpg?from=ke.com
20240321,朝阳,管庄,101120888563,店长推荐 管庄西里 南北通透两居 满五唯一商品房,283万,38254元/平,顶层 (共6层) | 2001年 | 2室1厅 | 73.98平米 | 南 北,https://ke-image.ljcdn.com/110000-inspection/pc1_vCw9W0uDK.jpg!m_fill,w_280,h_210,f_jpg?from=ke.com
20240321,朝阳,管庄,101120881532,店长推荐管庄西里全明格局两居室精装修业主诚意出售,284万,49547元/平,顶层 (共6层) | 1988年 | 2室1厅 | 57.32平米 | 南 北,https://ke-image.ljcdn.com/110000-inspection/pc1_LR26d9PPq_1.jpg!m_fill,w_280,h_210,f_jpg?from=ke.com
20240321,朝阳,管庄,101120876000,近公园配套完善 瑞祥里南北通透两居,320万,39732元/平,顶层 (共6层) 2室1厅 | 80.54平米 | 南 北,https://ke-image.ljcdn.com/110000-inspection/pc1_KPWQyrvmV.jpg!m_fill,w_280,h_210,f_jpg?from=ke.com
20240321,朝阳,管庄,101120867202,【聚焦好房】满五年商品房  购房成本低  南北通透,349万,45550元/平,低楼层 (共6层) | 2000年 | 2室2厅 | 76.62平米 | 南 北,https://ke-image.ljcdn.com/110000-inspection/f5ba15a7-00fe-4458-90d8-e296aba686c0_1000.jpg!m_fill,w_280,h_210,f_jpg?from=ke.com
20240321,朝阳,管庄,101120865403,瑞祥里南北通透 领包住的两居室,368万,45846元/平,中楼层 (共6层) | 2006年 | 2室1厅 | 80.27平米 | 南 北,https://ke-image.ljcdn.com/110000-inspection/pc1_njjRb1JNU.jpg!m_fill,w_280,h_210,f_jpg?from=ke.com
20240321,朝阳,管庄,101120860358,低楼层 采光无遮挡 地铁一号线 卧室带大阳台 东西通透房主自荐,415万,43976元/平,底层 (共6层) | 1996年 | 3室1厅 | 94.37平米 | 东 西 北,https://ke-image.ljcdn.com/110000-inspection/pc1_XxDBF4TrU.jpg!m_fill,w_280,h_210,f_jpg?from=ke.com
20240321,朝阳,管庄,101120821902,京通苑 西南三居 店长推荐房源 满五唯一,375万,38258元/平,低楼层 (共24层) | 1998年 | 3室1厅 | 98.02平米 | 西南,https://ke-image.ljcdn.com/110000-inspection/pc1_Bsf8CZdcL_1.jpg!m_fill,w_280,h_210,f_jpg?from=ke.com
20240321,朝阳,管庄,101120788217,满五唯一商品房刚需南北通透两居环境优美房主自荐,320万,44881元/平,高楼层 (共6层) | 2000年 | 2室1厅 | 71.3平米 | 南 北,https://ke-image.ljcdn.com/110000-inspection/pc1_zJdZUcKfj.jpg!m_fill,w_280,h_210,f_jpg?from=ke.com
20240321,朝阳,管庄,101120775729,管庄西里南北两居室 采光充足 通风好 诚意出售,399万,56871元/平,中楼层 (共5层) | 1996年 | 2室1厅 | 70.16平米 | 南 北,https://ke-image.ljcdn.com/110000-inspection/be6ad37c-a8e2-43b6-b8b3-3754627359c6_1000.jpg!m_fill,w_280,h_210,f_jpg?from=ke.com
20240321,朝阳,管庄,101120686134,店长推荐管庄西里1-63南北通透两居室采光好,269万,50526元/平,底层 (共6层) 2室1厅 | 53.24平米 | 南 北,https://ke-image.ljcdn.com/110000-inspection/60cbc979-a1cc-4564-9953-5dafb256f363_1000.jpg!m_fill,w_280,h_210,f_jpg?from=ke.com
20240321,朝阳,管庄,101120608714,华龙美树 南北通透两居 全明格局 视野采光好,700万,69604元/平,中楼层 (共19层) 2室2厅 | 100.57平米 | 南 北,https://ke-image.ljcdn.com/110000-inspection/pc1_HMVlx8net.jpg!m_fill,w_280,h_210,f_jpg?from=ke.com
20240321,朝阳,管庄,101120517015,管庄北一里 2室1厅 南 北,230万,39800元/平,低楼层 (共6层) | 1985年 | 2室1厅 | 57.79平米 | 南 北,https://ke-image.ljcdn.com/110000-inspection/43c6bb1a-03b8-4568-9bec-0c6e845c553c_1000.jpg!m_fill,w_280,h_210,f_jpg?from=ke.com
20240321,朝阳,管庄,101120504213,总监推荐   管庄东里低楼层两居  精装修  看房方便,240万,43948元/平,底层 (共4层) | 1980年 | 2室1厅 | 54.61平米 | 南 北,https://ke-image.ljcdn.com/110000-inspection/pc1_VmcvO5IUV.jpg!m_fill,w_280,h_210,f_jpg?from=ke.com
20240321,朝阳,管庄,101120467795,京通苑内环双卫两居室高楼层无遮挡正对小区花园,530万,44958元/平,高楼层 (共18层) | 1998年 | 2室2厅 | 117.89平米 | 东南,https://ke-image.ljcdn.com/110000-inspection/pc1_z97kl5B5k.jpg!m_fill,w_280,h_210,f_jpg?from=ke.com
20240321,朝阳,管庄,101120462490,管庄西里1到63号楼内 中间楼层 视野无遮挡 不临街,338万,49171元/平,中楼层 (共6层) | 1979年 | 3室1厅 | 68.74平米 | 南 北,https://ke-image.ljcdn.com/110000-inspection/pc1_a2QLK5Mfb.jpg!m_fill,w_280,h_210,f_jpg?from=ke.com
20240321,朝阳,管庄,101120324902,建东苑东区双卧客厅南向三阳开泰户型,455万,40977元/平,顶层 (共6层) | 2002年 | 3室1厅 | 111.04平米 | 南 北,https://ke-image.ljcdn.com/110000-inspection/cbe04139-230a-4ef9-babc-3978c1d221f3_1000.jpg!m_fill,w_280,h_210,f_jpg?from=ke.com
20240321,朝阳,管庄,101120321452,管庄西里1-63号楼两居室采光好精装修业主诚意出售,298万,47895元/平,顶层 (共5层) | 1976年 | 2室1厅 | 62.22平米 | 南 北,https://ke-image.ljcdn.com/110000-inspection/024b1bef-9e4a-4c2e-baeb-3cfc00f95b5f_1000.jpg!m_fill,w_280,h_210,f_jpg?from=ke.com
20240321,朝阳,管庄,101120292321,管庄西里1到63号楼内 正规一居 中间楼层 诚信出售,245万,49316元/平,中楼层 (共6层) | 1995年 | 1室1厅 | 49.68平米 | 东,https://ke-image.ljcdn.com/110000-inspection/2e1cdbf6-e3ad-492e-91fe-217ed222f066_1000.jpg!m_fill,w_280,h_210,f_jpg?from=ke.com
20240321,朝阳,管庄,101120149603,房子是小区中间楼的满五年唯一商品房房主自荐,655万,59894元/平,低楼层 (共16层) | 2005年 | 2室1厅 | 109.36平米 | 南 北,https://ke-image.ljcdn.com/110000-inspection/3c957a05-728f-47a9-94be-557237bedc4d_1000.jpg!m_fill,w_280,h_210,f_jpg?from=ke.com
20240321,朝阳,管庄,101119972888,管庄西里1-63号楼南北两居 通风好 采光充足 诚意出售,310万,49848元/平,底层 (共6层) 2室1厅 | 62.19平米 | 南 北,https://ke-image.ljcdn.com/110000-inspection/pc1_J3bkHrQ6H_1.jpg!m_fill,w_280,h_210,f_jpg?from=ke.com
20240321,朝阳,管庄,101119828102,南北通透采光好面宽大小区环境好建成年代新,385万,47690元/平,中楼层 (共6层) 2室1厅 | 80.73平米 | 南 北,https://ke-image.ljcdn.com/110000-inspection/pc1_aNavOCyW1.jpg!m_fill,w_280,h_210,f_jpg?from=ke.com
20240321,朝阳,管庄,101119604553,管庄东里 精装修两居室格局方正业主诚意出售,215万,44022元/平,顶层 (共3层) 2室1厅 | 48.84平米 | 西 北,https://ke-image.ljcdn.com/110000-inspection/pc1_vik2c6NS4_1.jpg!m_fill,w_280,h_210,f_jpg?from=ke.com
20240321,朝阳,管庄,101118995109,管庄西里南北两居  看房方便   价格能聊,315万,52641元/平,中楼层 (共4层) | 1986年 | 2室1厅 | 59.84平米 | 南 北,https://ke-image.ljcdn.com/110000-inspection/pc1_bS1CNCBSz.jpg!m_fill,w_280,h_210,f_jpg?from=ke.com
20240321,朝阳,管庄,101118995062,管庄东里南北两居   看房方便  业主诚心出售,295万,52566元/平,中楼层 (共4层) | 1986年 | 2室1厅 | 56.12平米 | 南 北,https://ke-image.ljcdn.com/110000-inspection/4ea6f0e1-3c96-4271-b2cb-9929a6e35d8d_1000.jpg!m_fill,w_280,h_210,f_jpg?from=ke.com
20240321,朝阳,管庄,101118725685,管庄西里 精装修  业主诚心出售,368万,51325元/平,中楼层 (共6层) | 2000年 | 3室1厅 | 71.7平米 | 南 北,https://ke-image.ljcdn.com/110000-inspection/5f46797e-03eb-4810-a701-4f5469ee4dd5_1000.jpg!m_fill,w_280,h_210,f_jpg?from=ke.com
20240321,朝阳,管庄,101118566475,管庄西里一居室格局方正业主诚意出售,252万,49009元/平,顶层 (共6层) | 1999年 | 1室1厅 | 51.42平米 | 南 北,https://ke-image.ljcdn.com/110000-inspection/ccce667d-23a6-47b8-a134-5ff026807de5_1000.jpg!m_fill,w_280,h_210,f_jpg?from=ke.com
20240321,朝阳,管庄,101117175554,管庄北一里科技大学南北两居 随时可看 无抵押无户口,263万,45510元/平,高楼层 (共6层) | 1985年 | 2室1厅 | 57.79平米 | 南 北,https://ke-image.ljcdn.com/110000-inspection/db5903a1-1707-4f02-a3a9-284bc9394a25_1000.jpg!m_fill,w_280,h_210,f_jpg?from=ke.com
20240321,朝阳,管庄,101116463226,管庄西里 南向一居 采光好 贼遮挡,258万,52568元/平,中楼层 (共6层) | 1997年 | 1室1厅 | 49.08平米 | 南,https://ke-image.ljcdn.com/110000-inspection/pc1_3s8h5VvGJ_1.jpg!m_fill,w_280,h_210,f_jpg?from=ke.com
20240321,朝阳,管庄,101123490397,汇鸿家园商品房院正规两居室诚意出售新上,416万,56369元/平,中楼层 (共10层) | 2004年 | 2室1厅 | 73.8平米 | 南 北,https://ke-image.ljcdn.com/110000-inspection/pc1_8mBdHHOHO.jpg!m_fill,w_280,h_210,f_jpg?from=ke.com
20240321,朝阳,管庄,101123472147,管庄西里 2室1厅 东 西新上,340万,47223元/平,中楼层 (共6层) | 2001年 | 2室1厅 | 72平米 | 东 西,https://ke-image.ljcdn.com/110000-inspection/pc1_qC6Beyv08.jpg!m_fill,w_280,h_210,f_jpg?from=ke.com
20240321,朝阳,管庄,101123471644,总监推荐：管庄西里（1-63号楼）南北两居 全明格局新上,345万,52785元/平,中楼层 (共6层) | 1996年 | 2室1厅 | 65.36平米 | 南 北,https://ke-image.ljcdn.com/110000-inspection/416d2219-0796-4d62-89b9-3b30b4078ee7_1000.jpg!m_fill,w_280,h_210,f_jpg?from=ke.com
20240321,朝阳,管庄,101123465231,瑞祥里 南北两居室 满五唯一商品房 诚心出售新上,355万,40200元/平,顶层 (共10层) | 2006年 | 2室1厅 | 88.31平米 | 南 北,https://ke-image.ljcdn.com/110000-inspection/pc1_KRqrW2jp3.jpg!m_fill,w_280,h_210,f_jpg?from=ke.com
20240321,朝阳,管庄,101123464794,瑞祥里诚意出售精装南北两居新上,359万,44725元/平,底层 (共6层) | 2006年 | 2室1厅 | 80.27平米 | 南 北,https://ke-image.ljcdn.com/110000-inspection/pc1_HrGiRJIyJ.jpg!m_fill,w_280,h_210,f_jpg?from=ke.com
20240321,朝阳,管庄,101123426858,朝阳瑞祥里2007年居住型社区舒适新上,335万,41735元/平,高楼层 (共6层) | 2006年 | 2室1厅 | 80.27平米 | 南 北,https://ke-image.ljcdn.com/110000-inspection/pc1_ldGlqipZY_2.jpg!m_fill,w_280,h_210,f_jpg?from=ke.com
20240321,朝阳,管庄,101123426511,华龙美树 满五年唯一商品房南向正规一居新上,366万,61184元/平,低楼层 (共16层) | 2006年 | 1室1厅 | 59.82平米 | 南,https://ke-image.ljcdn.com/110000-inspection/pc1_FSxF7EJWh.jpg!m_fill,w_280,h_210,f_jpg?from=ke.com
20240321,朝阳,管庄,101123416553,业主诚心出售满二年精装两年多的时间拎包入住新上,298万,46519元/平,中楼层 (共24层) | 1998年 | 1室1厅 | 64.06平米 | 南,https://ke-image.ljcdn.com/110000-inspection/pc1_L5mLhFnxR.jpg!m_fill,w_280,h_210,f_jpg?from=ke.com
20240321,朝阳,管庄,101123405195,管庄西里1-63号楼内 户型方正 南北通透  低楼层新上,299万,48234元/平,中楼层 (共6层) 2室1厅 | 61.99平米 | 南 北,https://ke-image.ljcdn.com/110000-inspection/pc1_RMh8MOPob.jpg!m_fill,w_280,h_210,f_jpg?from=ke.com
20240321,朝阳,管庄,101123382208,1号线 22号线  管庄站京通苑板楼南北通透满五唯一两居新上,359万,47544元/平,高楼层 (共6层) | 1997年 | 2室1厅 | 75.51平米 | 南 北,https://ke-image.ljcdn.com/110000-inspection/pc1_6fMrUoMnm.jpg!m_fill,w_280,h_210,f_jpg?from=ke.com
20240321,朝阳,管庄,101123381167,京通苑南向一居 2003年楼龄新 采光好 视野开阔新上,320万,49821元/平,低楼层 (共24层) | 2003年 | 1室1厅 | 64.23平米 | 南,https://ke-image.ljcdn.com/110000-inspection/881c2d49-4444-47c8-b631-9ceea2bbea5e_1000.jpg!m_fill,w_280,h_210,f_jpg?from=ke.com
20240321,朝阳,管庄,101123370774,京通苑东南两居 随时可看 精装修房主自荐,299万,45139元/平,中楼层 (共18层) 2室1厅 | 66.24平米 | 东南,https://ke-image.ljcdn.com/110000-inspection/pc1_H2e7D2GIx.jpg!m_fill,w_280,h_210,f_jpg?from=ke.com
20240321,朝阳,管庄,101123370611,京通苑 3室1厅 西北,488万,46169元/平,中楼层 (共24层) | 2003年 | 3室1厅 | 105.7平米 | 西北,https://ke-image.ljcdn.com/110000-inspection/pc1_2sT16hCtK_1.jpg!m_fill,w_280,h_210,f_jpg?from=ke.com
20240321,朝阳,管庄,101123365379,总监推荐：管庄西里（1-63号楼） 南北两居,286万,49714元/平,高楼层 (共6层) | 1994年 | 2室1厅 | 57.53平米 | 南 北,https://ke-image.ljcdn.com/110000-inspection/pc1_hrQX5rYtu.jpg!m_fill,w_280,h_210,f_jpg?from=ke.com
20240321,朝阳,管庄,101123348613,汇鸿家园 2室1厅 西南,420万,51440元/平,高楼层 (共12层) | 2005年 | 2室1厅 | 81.65平米 | 西南,https://ke-image.ljcdn.com/110000-inspection/pc1_S8ZfxOsof.jpg!m_fill,w_280,h_210,f_jpg?from=ke.com
20240321,朝阳,管庄,101123298510,全南复式格局多变化发挥想象的空间设计理想之家,766万,47723元/平,高楼层 (共19层) | 2006年 | 4室2厅 | 160.51平米 | 南,https://ke-image.ljcdn.com/110000-inspection/fd170d3a-c7d9-4407-9149-9fa38ea5c2f0_1000.jpg!m_fill,w_280,h_210,f_jpg?from=ke.com
20240321,朝阳,管庄,101123276513,建东苑 2室1厅 南 北,400万,45637元/平,顶层 (共6层) | 2004年 | 2室1厅 | 87.65平米 | 南 北,https://ke-image.ljcdn.com/110000-inspection/0b4ee370-3c9b-4a1a-9c3a-013a92c6e972_1000.jpg!m_fill,w_280,h_210,f_jpg?from=ke.com
20240321,朝阳,管庄,101123267056,管庄西里低楼层好房南北通透满五年唯一诚心出售房主自荐,329万,45118元/平,底层 (共6层) | 1997年 | 2室1厅 | 72.92平米 | 南 北,https://ke-image.ljcdn.com/110000-inspection/8e9fe884-b87e-434a-9366-2edbe606f28d_1000.jpg!m_fill,w_280,h_210,f_jpg?from=ke.com
20240321,朝阳,管庄,101123251234,京通苑南北一居 户型方正 随时可看房主自荐,292万,47869元/平,高楼层 (共6层) | 1998年 | 1室1厅 | 61平米 | 南 北,https://ke-image.ljcdn.com/110000-inspection/pc1_bhWDZuGK8_2.jpg!m_fill,w_280,h_210,f_jpg?from=ke.com
20240321,朝阳,管庄,101123221608,建东苑 3室2厅 南 北,530万,48204元/平,中楼层 (共6层) | 2002年 | 3室2厅 | 109.95平米 | 南 北,https://ke-image.ljcdn.com/110000-inspection/8c961f34-d29f-4bee-9f63-663157b9d5a7_1000.jpg!m_fill,w_280,h_210,f_jpg?from=ke.com
20240321,朝阳,管庄,101123206153,建东苑 南北通透 精装修拎包住 带夹层,400万,45522元/平,顶层 (共6层) | 2003年 | 2室1厅 | 87.87平米 | 南 北,https://ke-image.ljcdn.com/110000-inspection/pc1_n6clR7yZj.jpg!m_fill,w_280,h_210,f_jpg?from=ke.com
20240321,朝阳,管庄,101123160072,京通苑 3室2厅 南,639万,40048元/平,中楼层 (共18层) | 1998年 | 3室2厅 | 159.56平米 | 南,https://ke-image.ljcdn.com/110000-inspection/pc1_ZhzuLuQqM.jpg!m_fill,w_280,h_210,f_jpg?from=ke.com
20240321,朝阳,管庄,101123151263,房子满5唯一板楼南北通透小两居中高楼层采光好,337.5万,52530元/平,中楼层 (共6层) | 1998年 | 2室1厅 | 64.25平米 | 南 北,https://ke-image.ljcdn.com/110000-inspection/pc1_kmvjikQNw.jpg!m_fill,w_280,h_210,f_jpg?from=ke.com
20240321,朝阳,管庄,101123149546,京通苑 高楼层正规一居 满五年唯一住房,304万,45894元/平,高楼层 (共18层) | 2000年 | 1室1厅 | 66.24平米 | 东南,https://ke-image.ljcdn.com/110000-inspection/pc1_ZcAPeOWL4_1.jpg!m_fill,w_280,h_210,f_jpg?from=ke.com
20240321,朝阳,管庄,101123149085,1号线 八通线 22号线 管庄站 京通苑小三居 同满五唯一,339万,35696元/平,顶层 (共6层) | 1996年 | 3室1厅 | 94.97平米 | 西南 北,https://ke-image.ljcdn.com/110000-inspection/pc1_1Pwi2HFJG.jpg!m_fill,w_280,h_210,f_jpg?from=ke.com
20240321,朝阳,管庄,101123135972,瑞祥里 南北向两居室 带电梯 无遮挡 视野开阔,369万,42512元/平,中楼层 (共10层) | 2006年 | 2室1厅 | 86.8平米 | 南 北,https://ke-image.ljcdn.com/110000-inspection/069d973d-5fb5-4a1b-8bdf-1d4999ab789b_1000.jpg!m_fill,w_280,h_210,f_jpg?from=ke.com
20240321,朝阳,管庄,101123134402,三轨交汇（八通+6号线+22号线在建）全南一居位置安静房主自荐,279万,52189元/平,低楼层 (共24层) | 1998年 | 1室1厅 | 53.46平米 | 南,https://ke-image.ljcdn.com/110000-inspection/pc1_Lois41QaN.jpg!m_fill,w_280,h_210,f_jpg?from=ke.com
20240321,朝阳,管庄,101123133373,周井大院满五年唯一商品房看房有钥匙南北朝向,276万,41486元/平,底层 (共6层) | 1996年 | 2室1厅 | 66.53平米 | 南 北,https://ke-image.ljcdn.com/110000-inspection/pc1_VRB4hHKUi.jpg!m_fill,w_280,h_210,f_jpg?from=ke.com
20240321,朝阳,管庄,101123098580,管庄西里1-63南北通透一居室 户型好 楼龄新 靠谱出售,240万,48020元/平,低楼层 (共6层) | 1996年 | 1室1厅 | 49.98平米 | 南 北,https://ke-image.ljcdn.com/110000-inspection/pc1_LcwbzbKOh.jpg!m_fill,w_280,h_210,f_jpg?from=ke.com
20240321,朝阳,管庄,101123079650,瑞祥里 东南北两居 双卧朝南 采光好 楼层好,399万,42583元/平,低楼层 (共6层) 2室2厅 | 93.7平米 | 东 南 北,https://ke-image.ljcdn.com/110000-inspection/3bee9ad5-4f21-4d92-a4de-1c56672ab457_1000.jpg!m_fill,w_280,h_210,f_jpg?from=ke.com
20240321,朝阳,管庄,101123035726,地铁22号线和八通线双桥站 精装修 满五年唯一商品房,355万,50085元/平,高楼层 (共6层) 2室1厅 | 70.88平米 | 南 北,https://ke-image.ljcdn.com/110000-inspection/b56cf296-701e-44e1-a599-546deb867bf5_1000.jpg!m_fill,w_280,h_210,f_jpg?from=ke.com
20240321,朝阳,管庄,101123034934,南北通透不临街婚房装修满五年唯一诚心出售房主自荐,288万,38601元/平,顶层 (共6层) | 1997年 | 2室1厅 | 74.61平米 | 南 北,https://ke-image.ljcdn.com/110000-inspection/pc1_z8nqdMftf.jpg!m_fill,w_280,h_210,f_jpg?from=ke.com
20240321,朝阳,管庄,101123032913,地铁22号线和八通线双桥站 2009年商品房 南向明厨明卫,418万,46851元/平,低楼层 (共19层) | 2010年 | 2室1厅 | 89.22平米 | 西南,https://ke-image.ljcdn.com/110000-inspection/pc1_2Be27QmzM_1.jpg!m_fill,w_280,h_210,f_jpg?from=ke.com
20240321,朝阳,管庄,101123015019,瑞祥里 2室1厅 南 北,359万,40912元/平,中楼层 (共6层) 2室1厅 | 87.75平米 | 南 北,https://ke-image.ljcdn.com/110000-inspection/pc1_cfPgXpgoZ.jpg!m_fill,w_280,h_210,f_jpg?from=ke.com
20240321,朝阳,管庄,101122994573,2009年商品房社区新换的物业公司满五唯一只有契税。,275万,42373元/平,低楼层 (共19层) | 2010年 | 1室1厅 | 64.9平米 | 南,https://ke-image.ljcdn.com/110000-inspection/67269c38-e9e3-4d60-be89-d6644b724c3b_1000.jpg!m_fill,w_280,h_210,f_jpg?from=ke.com
20240321,朝阳,管庄,101122991611,尚东阁小区满五唯一商品房 全南向 明厨明卫,435万,48756元/平,低楼层 (共19层) | 2009年 | 2室1厅 | 89.22平米 | 西南,https://ke-image.ljcdn.com/110000-inspection/pc1_f9W2uZ7fV.jpg!m_fill,w_280,h_210,f_jpg?from=ke.com
20240321,朝阳,管庄,101122971304,管庄京通苑双卫有电梯的南向三居 户型好 可贷款,570万,46080元/平,低楼层 (共18层) | 2002年 | 3室1厅 | 123.7平米 | 西南,https://ke-image.ljcdn.com/110000-inspection/10bfe190-109e-4820-befd-aaa93601d32f_1000.jpg!m_fill,w_280,h_210,f_jpg?from=ke.com
20240321,朝阳,管庄,101122949834,正规三居室户型方正采光好交通便利满五年唯一,306万,39368元/平,顶层 (共6层) | 1997年 | 3室1厅 | 77.73平米 | 南 北,https://ke-image.ljcdn.com/110000-inspection/a59bc190-474e-4136-8001-c224c43e9d7e_1000.jpg!m_fill,w_280,h_210,f_jpg?from=ke.com
20240321,朝阳,管庄,101122881401,建东苑 3室1厅 西南,459万,41408元/平,顶层 (共6层) | 2004年 | 3室1厅 | 110.85平米 | 西南,https://ke-image.ljcdn.com/110000-inspection/pc1_qCmxtXpTh.jpg!m_fill,w_280,h_210,f_jpg?from=ke.com
20240321,朝阳,管庄,101122880438,建东苑东区 南北通透两居室 精装,418万,47625元/平,高楼层 (共6层) | 2003年 | 2室1厅 | 87.77平米 | 南 北,https://ke-image.ljcdn.com/110000-inspection/85687564-db49-4645-9ab9-a81d1b66302a_1000.jpg!m_fill,w_280,h_210,f_jpg?from=ke.com
20240321,朝阳,管庄,101122880157,建东苑西区两居 无抵押 环境好,295万,38558元/平,顶层 (共6层) 2室1厅 | 76.51平米 | 南 北,https://ke-image.ljcdn.com/110000-inspection/53774670-1821-476a-adb1-83fbd394708c_1000.jpg!m_fill,w_280,h_210,f_jpg?from=ke.com
20240321,朝阳,管庄,101122880035,管庄西里1到63号楼内 全南两居 满五唯一 靠谱出售,282万,54430元/平,底层 (共6层) | 1987年 | 2室1厅 | 51.81平米 | 南,https://ke-image.ljcdn.com/110000-inspection/pc1_28wvCQc8e_1.jpg!m_fill,w_280,h_210,f_jpg?from=ke.com
20240321,朝阳,管庄,101122879744,管庄西里1到63号楼内 三居 低楼层 诚心出售,350万,50917元/平,底层 (共6层) | 1979年 | 2室1厅 | 68.74平米 | 南 北,https://ke-image.ljcdn.com/110000-inspection/pc1_Bycv2fUKE_1.jpg!m_fill,w_280,h_210,f_jpg?from=ke.com
20240321,朝阳,管庄,101122878999,满五年唯一正对小区花园精装婚房拎包即住！,580万,44513元/平,中楼层 (共24层) | 2000年 | 3室2厅 | 130.3平米 | 西北,https://ke-image.ljcdn.com/110000-inspection/pc1_4ozpPPaBD_2.jpg!m_fill,w_280,h_210,f_jpg?from=ke.com
20240321,朝阳,管庄,101122878970,东卫城三居室中间楼层视野好可随时看房,510万,36728元/平,中楼层 (共27层) | 2021年 | 3室1厅 | 138.86平米 | 西北,https://ke-image.ljcdn.com/110000-inspection/pc1_eNA1bvLtl_2.jpg!m_fill,w_280,h_210,f_jpg?from=ke.com
20240321,朝阳,管庄,101122878966,1号线 八通线 22号线 管庄站   京通苑 板楼满五年唯一,340万,47747元/平,底层 (共6层) | 1995年 | 2室1厅 | 71.21平米 | 南 北,https://ke-image.ljcdn.com/110000-inspection/pc1_kEl0qQr6U.jpg!m_fill,w_280,h_210,f_jpg?from=ke.com
20240321,朝阳,管庄,101122878947,管庄西里 南北通透两居 业主诚心出售 价格可谈,315万,47298元/平,顶层 (共6层) | 1997年 | 2室1厅 | 66.6平米 | 南 北,https://ke-image.ljcdn.com/110000-inspection/8aabacff-aeed-4c97-8b3e-5ee7a2ad2873_1000.jpg!m_fill,w_280,h_210,f_jpg?from=ke.com
20240321,朝阳,管庄,101122878946,建东苑南北三居室 楼层高 视野好 无遮挡,650万,46908元/平,高楼层 (共6层) | 2002年 | 3室1厅 | 138.57平米 | 南 北,https://ke-image.ljcdn.com/110000-inspection/5aa3720e-8cd2-4858-88e4-fc7fc1f410f6_1000.jpg!m_fill,w_280,h_210,f_jpg?from=ke.com
20240321,朝阳,管庄,101122878930,管庄西里1到63号楼内 一层 满五唯一 有车位 南北通透,285万,55319元/平,底层 (共6层) | 1988年 | 2室1厅 | 51.52平米 | 南 北,https://ke-image.ljcdn.com/110000-inspection/abe31ffe-80a1-444b-a4b0-00256e15e649_1000.jpg!m_fill,w_280,h_210,f_jpg?from=ke.com
20240321,朝阳,管庄,101122878869,店长推荐 满五年唯一 低楼层看房方便 价钱能谈,249万,51479元/平,低楼层 (共6层) 1室1厅 | 48.37平米 | 东,https://ke-image.ljcdn.com/110000-inspection/pc1_ulgvXvKfc.jpg!m_fill,w_280,h_210,f_jpg?from=ke.com
20240321,朝阳,管庄,101122867814,管庄西里1-63号楼两居室格局方正业主诚意出售,278万,51847元/平,高楼层 (共6层) 2室1厅 | 53.62平米 | 南,https://ke-image.ljcdn.com/110000-inspection/pc1_x7PJFZMDl_1.jpg!m_fill,w_280,h_210,f_jpg?from=ke.com
20240321,朝阳,管庄,101122866227,京通苑 南北两居高楼层无遮挡满五年唯一 一号线管庄站,315万,41568元/平,顶层 (共6层) | 1997年 | 2室1厅 | 75.78平米 | 南 北,https://ke-image.ljcdn.com/110000-inspection/663746bb-d91f-42d3-8555-bf2a27968182_1000.jpg!m_fill,w_280,h_210,f_jpg?from=ke.com
20240321,朝阳,管庄,101122865942,2009年商品房社区采光视野好满五唯一只有契税。房主自荐,435万,50237元/平,中楼层 (共19层) 2室1厅 | 86.59平米 | 南 东南,https://ke-image.ljcdn.com/110000-inspection/pc1_7h1KYEmOP.jpg!m_fill,w_280,h_210,f_jpg?from=ke.com
20240321,朝阳,管庄,101122853730,主卧室带朝南厨房朝北次卧室朝北,358万,43248元/平,中楼层 (共6层) | 1995年 | 3室1厅 | 82.78平米 | 南 北,https://ke-image.ljcdn.com/110000-inspection/85d0a17a-2650-4561-96d2-d5e1474c22ce_1000.jpg!m_fill,w_280,h_210,f_jpg?from=ke.com
20240321,朝阳,管庄,101122848134,华龙美树全南精装复式坐拥地铁俯视万达房主自荐,910万,56695元/平,高楼层 (共19层) | 2006年 | 4室1厅 | 160.51平米 | 南,https://ke-image.ljcdn.com/110000-inspection/114fabad-ad50-4d31-bc52-a59f9c8e04b5_1000.jpg!m_fill,w_280,h_210,f_jpg?from=ke.com
20240321,朝阳,管庄,101122802299,满五唯一视野好采光无遮挡 地铁一号线近地铁 价格可谈,628万,39359元/平,低楼层 (共18层) 3室1厅 | 159.56平米 | 南,https://ke-image.ljcdn.com/110000-inspection/pc1_FZXRJqjkp_1.jpg!m_fill,w_280,h_210,f_jpg?from=ke.com
20240321,朝阳,管庄,101122789411,店长推荐管庄西里一居室格局方正采光好视野开阔,248万,48628元/平,顶层 (共6层) | 1997年 | 1室1厅 | 51平米 | 南,https://ke-image.ljcdn.com/110000-inspection/b477ca53-86c9-40d0-8184-1ad1646c7d0f_1000.jpg!m_fill,w_280,h_210,f_jpg?from=ke.com
20240321,朝阳,管庄,101122784156,管庄、常营地铁有电梯三居 户型方正 满五唯一 可贷款,419万,44260元/平,低楼层 (共18层) | 2000年 | 3室1厅 | 94.67平米 | 东北,https://ke-image.ljcdn.com/110000-inspection/5ea7b220-e995-42ca-8b12-c1a478e836eb_1000.jpg!m_fill,w_280,h_210,f_jpg?from=ke.com
20240321,朝阳,管庄,101122756748,华龙美树不临街  纯南向采光好  中间楼层复式户型,619万,51821元/平,中楼层 (共19层) | 2005年 | 2室2厅 | 119.45平米 | 南,https://ke-image.ljcdn.com/110000-inspection/pc1_mmvF6ZJ0i.jpg!m_fill,w_280,h_210,f_jpg?from=ke.com
20240321,朝阳,管庄,101122720876,建东苑 3室1厅 西南,469万,42310元/平,高楼层 (共6层) | 2004年 | 3室1厅 | 110.85平米 | 西南,https://ke-image.ljcdn.com/110000-inspection/pc1_GWxjFovtP_1.jpg!m_fill,w_280,h_210,f_jpg?from=ke.com
20240321,朝阳,管庄,101122706845,华龙美树满五年唯一商品房四居复式 南北通透 户型好,990万,62934元/平,高楼层 (共19层) | 2005年 | 4室3厅 | 157.31平米 | 南 北,https://ke-image.ljcdn.com/110000-inspection/pc1_hVKdBPonn.jpg!m_fill,w_280,h_210,f_jpg?from=ke.com
20240321,朝阳,管庄,101122663393,满五年 西南朝向 精装修 看房方便,287万,38763元/平,顶层 (共6层) | 2000年 | 2室1厅 | 74.04平米 | 西南,https://ke-image.ljcdn.com/110000-inspection/pc1_6tpSB4sxK.jpg!m_fill,w_280,h_210,f_jpg?from=ke.com
20240321,朝阳,管庄,101122635876,阳光华苑内环 人车分流独立管理好户型南向三居 满五年房主自荐,598万,43897元/平,中楼层 (共24层) | 2000年 | 3室1厅 | 136.23平米 | 西南,https://ke-image.ljcdn.com/110000-inspection/pc1_IVwquPNEI_2.jpg!m_fill,w_280,h_210,f_jpg?from=ke.com
20240321,朝阳,管庄,101122622202,总监推荐管庄西里1-63号楼精装修南北通透两居业主诚售,475万,55719元/平,高楼层 (共6层) | 2004年 | 2室1厅 | 85.25平米 | 南 北,https://ke-image.ljcdn.com/110000-inspection/pc1_EPKlUMwcq.jpg!m_fill,w_280,h_210,f_jpg?from=ke.com
20240321,朝阳,管庄,101122617621,京通苑  南北通透  采光好  看房方便,209万,40489元/平,顶层 (共6层) | 1996年 | 1室1厅 | 51.62平米 | 南 北,https://ke-image.ljcdn.com/110000-inspection/pc1_1heSDEZVB_1.jpg!m_fill,w_280,h_210,f_jpg?from=ke.com
20240321,朝阳,管庄,101122537581,建东苑 2室1厅 南 北,350万,49172元/平,底层 (共6层) | 2000年 | 2室1厅 | 71.18平米 | 南 北,https://ke-image.ljcdn.com/110000-inspection/pc1_SHal6Fe9r.jpg!m_fill,w_280,h_210,f_jpg?from=ke.com
20240321,朝阳,管庄,101122519059,店长推荐华龙美树南北复式4居  户型方正 自住装修好,850万,55357元/平,高楼层 (共16层) | 2006年 | 4室2厅 | 153.55平米 | 南 北,https://ke-image.ljcdn.com/110000-inspection/pc1_5ZNsoTfEB.jpg!m_fill,w_280,h_210,f_jpg?from=ke.com
20240321,朝阳,管庄,101122475733,建东苑西区 正规三居 南北向 满五唯一商品房,355万,40782元/平,顶层 (共6层) | 2000年 | 3室1厅 | 87.05平米 | 南 北,https://ke-image.ljcdn.com/110000-inspection/d94e345a-e5a4-4278-a9b7-874c6907e338_1000.jpg!m_fill,w_280,h_210,f_jpg?from=ke.com
20240321,朝阳,管庄,101122474333,瑞祥里 2室1厅 南 北,319万,36354元/平,顶层 (共6层) 2室1厅 | 87.75平米 | 南 北,https://ke-image.ljcdn.com/110000-inspection/pc1_4W7GaFVg5.jpg!m_fill,w_280,h_210,f_jpg?from=ke.com
20240321,朝阳,管庄,101122464743,地铁22号线和八通线双桥站双轨地铁,319万,43184元/平,顶层 (共6层) 2室2厅 | 73.87平米 | 南,https://ke-image.ljcdn.com/110000-inspection/pc1_Pf7AbSZh9_1.jpg!m_fill,w_280,h_210,f_jpg?from=ke.com
20240321,朝阳,管庄,101122463844,尚东阁一居室  满五年唯一  2009年商品房,217万,55914元/平,中楼层 (共19层) | 2010年 | 1室0厅 | 38.81平米 | 西,https://ke-image.ljcdn.com/110000-inspection/cc64ab8f-3aaf-4929-96cd-877de73c7b70_1000.jpg!m_fill,w_280,h_210,f_jpg?from=ke.com
20240321,朝阳,管庄,101122463616,一号线22号线管庄 南北通透三居 全明格局 满五年唯一,415万,37748元/平,顶层 (共6层) | 2008年 | 3室1厅 | 109.94平米 | 南 北,https://ke-image.ljcdn.com/110000-inspection/pc1_9S8vz46Xg_2.jpg!m_fill,w_280,h_210,f_jpg?from=ke.com
20240321,朝阳,管庄,101122445661,华龙美树北向开间距离地铁双桥站644米（高德地图）,211万,57400元/平,低楼层 (共19层) | 2005年 | 1室0厅 | 36.76平米 | 北,https://ke-image.ljcdn.com/110000-inspection/85e1689c-ece5-4599-85b4-0570293556f0_1000.jpg!m_fill,w_280,h_210,f_jpg?from=ke.com
20240321,朝阳,管庄,101122440584,西里1-63号楼 全明格局 楼层视野好 前后不临街,238万,53078元/平,低楼层 (共6层) | 1991年 | 1室1厅 | 44.84平米 | 南,https://ke-image.ljcdn.com/110000-inspection/pc1_sBHrz5O2v.jpg!m_fill,w_280,h_210,f_jpg?from=ke.com
20240321,朝阳,管庄,101122431576,店长推荐管庄东里两居室业主诚意出售,168万,33580元/平,顶层 (共3层) | 1955年 | 2室1厅 | 50.03平米 | 北,https://ke-image.ljcdn.com/110000-inspection/23a32211-ae9d-49a2-b727-98f23f7f3779_1000.jpg!m_fill,w_280,h_210,f_jpg?from=ke.com
20240321,朝阳,管庄,101122387387,一号线  八通线 22号线 管庄 京通苑内环 明厨明卫三居,610万,37026元/平,低楼层 (共18层) | 2000年 | 3室1厅 | 164.75平米 | 西北 南,https://ke-image.ljcdn.com/110000-inspection/adcf25bf-393d-4692-bb91-fc93da26dd8c_1000.jpg!m_fill,w_280,h_210,f_jpg?from=ke.com
20240321,朝阳,管庄,101122377434,南北通透低楼层两居。朝阳医院6号线常营站,220万,39063元/平,顶层 (共5层) | 1964年 | 2室0厅 | 56.32平米 | 南 北,https://ke-image.ljcdn.com/110000-inspection/c1ddebdf-6fee-44a0-a168-d6cd183bc19e_1000.jpg!m_fill,w_280,h_210,f_jpg?from=ke.com
20240321,朝阳,管庄,101122364579,建东苑   满五年购房成本低  采光好,253万,48757元/平,顶层 (共6层) 2室1厅 | 51.89平米 | 南,https://ke-image.ljcdn.com/110000-inspection/fdb788a1-3935-43cd-a4db-42d5a2e65477_1000.jpg!m_fill,w_280,h_210,f_jpg?from=ke.com
20240321,朝阳,管庄,101122341652,地铁1号线22号线 满五年唯一 落地双阳台 全屋实木装修,482万,44560元/平,中楼层 (共18层) | 2003年 | 3室2厅 | 108.17平米 | 东北,https://ke-image.ljcdn.com/110000-inspection/pc1_KK0Nk57fA.jpg!m_fill,w_280,h_210,f_jpg?from=ke.com
20240321,朝阳,管庄,101122330671,管庄板楼南北两居室 1号线/22号线 医院+公园旁 低密度,363万,41106元/平,中楼层 (共10层) 2室1厅 | 88.31平米 | 南 北,https://ke-image.ljcdn.com/110000-inspection/pc1_PLcFhpTZE.jpg!m_fill,w_280,h_210,f_jpg?from=ke.com
20240321,朝阳,管庄,101122328629,1号线 八通线 22号线 管庄京通苑 满五年唯一 三卧朝南,598万,40875元/平,高楼层 (共24层) 3室1厅 | 146.3平米 | 西南,https://ke-image.ljcdn.com/110000-inspection/pc1_1oa6H2R0F.jpg!m_fill,w_280,h_210,f_jpg?from=ke.com
20240321,朝阳,管庄,101122293423,满五年唯一商品房2004年楼龄高层视野好带电梯,247万,37861元/平,高楼层 (共24层) | 2004年 | 1室1厅 | 65.24平米 | 西,https://ke-image.ljcdn.com/110000-inspection/pc1_gCKmQH5EA_1.jpg!m_fill,w_280,h_210,f_jpg?from=ke.com
20240321,朝阳,管庄,101122236420,京通苑 2室1厅 东南,308万,42378元/平,低楼层 (共24层) | 1998年 | 2室1厅 | 72.68平米 | 东南,https://ke-image.ljcdn.com/110000-inspection/041b8991-21a1-4626-a671-07e1ac5e3259_1000.jpg!m_fill,w_280,h_210,f_jpg?from=ke.com
20240321,朝阳,管庄,101122222486,尚东阁2009年建成商品房楼层户型好无遮挡采光好,420万,45852元/平,中楼层 (共19层) 2室1厅 | 91.6平米 | 东 南,https://ke-image.ljcdn.com/110000-inspection/86cbb045-95b3-4615-9401-44cdfa617212_1000.jpg!m_fill,w_280,h_210,f_jpg?from=ke.com
20240321,朝阳,管庄,101122201648,此房全屋品牌家居精装修拎包住看房方便价钱能谈房主自荐,419万,47501元/平,高楼层 (共6层) | 2003年 | 2室2厅 | 88.21平米 | 南 北,https://ke-image.ljcdn.com/110000-inspection/pc1_P6IqksSfh.jpg!m_fill,w_280,h_210,f_jpg?from=ke.com
20240321,朝阳,管庄,101122176970,管庄西里南北通透三居室装修好户型好业主诚售,365万,43718元/平,低楼层 (共7层) 3室1厅 | 83.49平米 | 南 北,https://ke-image.ljcdn.com/110000-inspection/64cec524-ad25-4ac1-a7ff-c4d222a6fc2a_1000.jpg!m_fill,w_280,h_210,f_jpg?from=ke.com
20240321,朝阳,管庄,101122170677,管庄西里满五年三居室 南北通透,369万,49345元/平,底层 (共6层) | 1987年 | 3室1厅 | 74.78平米 | 南 北,https://ke-image.ljcdn.com/110000-inspection/4b18a294-5868-466e-9c24-dbff6f5935b9_1000.jpg!m_fill,w_280,h_210,f_jpg?from=ke.com
20240321,朝阳,管庄,101122162354,瑞祥里 2室1厅 南 北,350万,43436元/平,高楼层 (共6层) 2室1厅 | 80.58平米 | 南 北,https://ke-image.ljcdn.com/110000-inspection/pc1_sBDUs3OLa.jpg!m_fill,w_280,h_210,f_jpg?from=ke.com
20240321,朝阳,管庄,101122151189,1号线 八通线 22号线 管庄站 京通苑 满五年唯一三居,425万,45233元/平,中楼层 (共24层) | 1998年 | 3室1厅 | 93.96平米 | 东北,https://ke-image.ljcdn.com/110000-inspection/pc1_YCo8T50BO_1.jpg!m_fill,w_280,h_210,f_jpg?from=ke.com
20240321,朝阳,管庄,101122122118,瑞祥里  精装一居室 中间楼层 满五唯一商品房,320万,48471元/平,中楼层 (共6层) | 2006年 | 1室1厅 | 66.02平米 | 南 北,https://ke-image.ljcdn.com/110000-inspection/pc1_isn2Zhqjq.jpg!m_fill,w_280,h_210,f_jpg?from=ke.com
20240321,朝阳,管庄,101122078894,朝阳区京通苑电梯两居室格局周正不浪费 中间层 可贷款房主自荐,385万,42831元/平,高楼层 (共18层) 2室2厅 | 89.89平米 | 西南,https://ke-image.ljcdn.com/110000-inspection/5fb90478-d6b2-4a54-a331-cf6f929e3792_1000.jpg!m_fill,w_280,h_210,f_jpg?from=ke.com
20240321,朝阳,管庄,101122075930,朝阳区京通苑西南向两居 带7㎡阳台 看房有钥匙房主自荐,399万,44113元/平,高楼层 (共24层) | 1998年 | 2室1厅 | 90.45平米 | 西南,https://ke-image.ljcdn.com/110000-inspection/pc1_XvpPwX6zI.jpg!m_fill,w_280,h_210,f_jpg?from=ke.com
20240321,朝阳,管庄,101122074559,建东苑东区双通透户型满五唯一商品房中间楼层采光好,410万,47747元/平,中楼层 (共6层) | 2002年 | 2室2厅 | 85.87平米 | 南 北,https://ke-image.ljcdn.com/110000-inspection/e3fb2142-d89b-4e8c-b7ca-37c865fd292e_1000.jpg!m_fill,w_280,h_210,f_jpg?from=ke.com
20240321,朝阳,管庄,101122064531,建东苑低楼层三居室视野宽阔无遮挡房主自荐,625万,49186元/平,低楼层 (共6层) | 2000年 | 3室1厅 | 127.07平米 | 南 东 西,https://ke-image.ljcdn.com/110000-inspection/a1d703ac-cd3c-4128-8a0a-9ba28bfe2134_1000.jpg!m_fill,w_280,h_210,f_jpg?from=ke.com
20240321,朝阳,管庄,101122043064,建东苑 满五年唯一 南北通透双卫生间 看房方便,530万,43799元/平,高楼层 (共6层) | 2001年 | 3室1厅 | 121.01平米 | 南 北,https://ke-image.ljcdn.com/110000-inspection/pc1_amDwVOK2R.jpg!m_fill,w_280,h_210,f_jpg?from=ke.com
20240321,朝阳,管庄,101122021802,店长推荐管庄西里1-63南北通透两居室业主诚意出售,302万,51944元/平,顶层 (共6层) 2室1厅 | 58.14平米 | 南 北,https://ke-image.ljcdn.com/110000-inspection/132154c4-406e-40e9-8586-a8f5ca8c0c46_1000.jpg!m_fill,w_280,h_210,f_jpg?from=ke.com
20240321,朝阳,管庄,101121998264,朝阳  京通苑   两居室  独立餐厅,379万,42163元/平,低楼层 (共18层) | 2000年 | 2室2厅 | 89.89平米 | 西南,https://ke-image.ljcdn.com/110000-inspection/pc1_BW4dqGOC0.jpg!m_fill,w_280,h_210,f_jpg?from=ke.com
20240321,朝阳,管庄,101121986557,满五唯一商品房西南全明格局无遮挡采光好。,438万,48912元/平,低楼层 (共19层) 2室1厅 | 89.55平米 | 西南,https://ke-image.ljcdn.com/110000-inspection/pc1_xDH5NZgEp.jpg!m_fill,w_280,h_210,f_jpg?from=ke.com
20240321,朝阳,管庄,101121978638,管庄东里 南北通透三居 业主诚心出售,520万,50991元/平,低楼层 (共6层) | 2000年 | 3室1厅 | 101.98平米 | 北 南,https://ke-image.ljcdn.com/110000-inspection/e3480eb0-49c5-412e-b3e6-52ff0cd9c872_1000.jpg!m_fill,w_280,h_210,f_jpg?from=ke.com
20240321,朝阳,管庄,101121976180,华龙美树南北复式 满五年唯一 正对小区花园,565万,50218元/平,高楼层 (共16层) | 2005年 | 2室1厅 | 112.51平米 | 南 北,https://ke-image.ljcdn.com/110000-inspection/pc1_I2ZgxDnxV_1.jpg!m_fill,w_280,h_210,f_jpg?from=ke.com
20240321,朝阳,管庄,101121943595,瑞祥里东南北三居 三面采光 满五年唯一商品房,449万,35837元/平,顶层 (共6层) | 2008年 | 3室2厅 | 125.29平米 | 东南,https://ke-image.ljcdn.com/110000-inspection/test-338709c6-8e60-4dbf-ba27-7b8f4beb83f4.png!m_fill,w_280,h_210,f_jpg?from=ke.com
20240321,朝阳,管庄,101121933809,精装修两居南向采光好明厨明卫2009年带电梯,315万,48537元/平,低楼层 (共19层) 2室1厅 | 64.9平米 | 南,https://ke-image.ljcdn.com/110000-inspection/35bdcec4-8583-49ec-a44c-9c9e1ec2d137_1000.jpg!m_fill,w_280,h_210,f_jpg?from=ke.com
20240321,朝阳,管庄,101121932869,朝阳  管庄   京通苑    内环三居室,568万,42868元/平,高楼层 (共18层) | 2000年 | 3室1厅 | 132.5平米 | 东北,https://ke-image.ljcdn.com/110000-inspection/pc1_MZsPLGE5J.jpg!m_fill,w_280,h_210,f_jpg?from=ke.com
20240321,朝阳,管庄,101121910750,京通苑 东北向一居中楼层 无遮挡 满五年唯一 诚意出售,290万,44275元/平,低楼层 (共18层) | 2003年 | 1室1厅 | 65.5平米 | 东北,https://ke-image.ljcdn.com/110000-inspection/pc1_jUThHS8jH_1.jpg!m_fill,w_280,h_210,f_jpg?from=ke.com
20240321,朝阳,管庄,101121910701,首付179万 西北向 内环 三居落地窗无遮挡 1号线管庄房主自荐,520万,39725元/平,顶层 (共21层) | 2000年 | 3室1厅 | 130.9平米 | 西北,https://ke-image.ljcdn.com/110000-inspection/pc1_LtDlyWnDz_2.jpg!m_fill,w_280,h_210,f_jpg?from=ke.com
20240321,朝阳,管庄,101121900603,建东苑 1室1厅 南 北,285万,49300元/平,顶层 (共6层) 1室1厅 | 57.81平米 | 南 北,https://ke-image.ljcdn.com/110000-inspection/pc1_jzS3KEEku_1.jpg!m_fill,w_280,h_210,f_jpg?from=ke.com
20240321,朝阳,管庄,101121897507,京通苑两居室满五唯一拐角阳台视野开阔,400万,43076元/平,低楼层 (共24层) | 1998年 | 2室1厅 | 92.86平米 | 西北,https://ke-image.ljcdn.com/110000-inspection/pc1_pLHvCtqVh.jpg!m_fill,w_280,h_210,f_jpg?from=ke.com
20240321,朝阳,管庄,101121875950,管庄西里 南北两居 全明格局 不临街,294万,47428元/平,顶层 (共6层) | 1988年 | 2室1厅 | 61.99平米 | 南 北,https://ke-image.ljcdn.com/110000-inspection/pc1_5hmmK7HJq_1.jpg!m_fill,w_280,h_210,f_jpg?from=ke.com
20240321,朝阳,管庄,101121873211,管庄北一里（科技大学）南北满五唯一三居,369万,44118元/平,高楼层 (共6层) 3室1厅 | 83.64平米 | 南 北 西,https://ke-image.ljcdn.com/110000-inspection/8642b7b2-2ada-4272-9dde-4ea31e1d51f0_1000.jpg!m_fill,w_280,h_210,f_jpg?from=ke.com
20240321,朝阳,管庄,101121867532,管庄西里南向的两居满五年朝阳路边上房主自荐,330万,45834元/平,低楼层 (共6层) | 1997年 | 2室1厅 | 72平米 | 南,https://ke-image.ljcdn.com/110000-inspection/pc1_tGCpeeSKI_1.jpg!m_fill,w_280,h_210,f_jpg?from=ke.com
20240321,朝阳,管庄,101121866275,华龙美树地铁1号线双桥站精装南向复式满五唯一,678万,56150元/平,高楼层 (共16层) | 2005年 | 3室2厅 | 120.75平米 | 南,https://ke-image.ljcdn.com/110000-inspection/870f50f8-2fab-4fb4-9460-7e2d1fd07390_1000.jpg!m_fill,w_280,h_210,f_jpg?from=ke.com
20240321,朝阳,管庄,101121816089,管庄西里1-63号楼 满五年唯一 无抵押视野好,296万,48335元/平,顶层 (共6层) | 1986年 | 2室1厅 | 61.24平米 | 北 南,https://ke-image.ljcdn.com/110000-inspection/pc1_zlAgPz9Cf.jpg!m_fill,w_280,h_210,f_jpg?from=ke.com
20240321,朝阳,管庄,101121783328,地铁近 交通便利 配套齐全 高楼层 内环精装修三居,560万,38338元/平,高楼层 (共18层) 3室1厅 | 146.07平米 | 西北,https://ke-image.ljcdn.com/110000-inspection/pc1_z0FVGpIfJ.jpg!m_fill,w_280,h_210,f_jpg?from=ke.com
20240321,朝阳,管庄,101121768467,满五年唯一 客厅落地窗 中高层 视野开阔 首付120万,298万,45497元/平,高楼层 (共24层) | 2003年 | 1室1厅 | 65.5平米 | 东南,https://ke-image.ljcdn.com/110000-inspection/808b93cf-7e78-4ca0-ad2b-6dfadf11b320_1000.jpg!m_fill,w_280,h_210,f_jpg?from=ke.com
20240321,朝阳,管庄,101121767151,京通苑 南向一居 满五唯一商品房诚意出售一号线管庄站房主自荐,288万,44958元/平,中楼层 (共24层) | 1998年 | 1室1厅 | 64.06平米 | 南,https://ke-image.ljcdn.com/110000-inspection/ae46e694-8692-4926-b568-6caff155f5ea_1000.jpg!m_fill,w_280,h_210,f_jpg?from=ke.com
20240321,朝阳,管庄,101121728169,房子是满五年家庭唯一住房商品房南北户型,468万,48949元/平,低楼层 (共6层) 3室1厅 | 95.61平米 | 南 北,https://ke-image.ljcdn.com/110000-inspection/17ecb9c7-b484-4711-afe1-3c7a797335c1_1000.jpg!m_fill,w_280,h_210,f_jpg?from=ke.com
20240321,朝阳,管庄,101121702135,京通苑板楼 南北两居 双卧朝南 满五唯一,310万,41049元/平,顶层 (共6层) | 1997年 | 2室1厅 | 75.52平米 | 南 北,https://ke-image.ljcdn.com/110000-inspection/pc1_uR1Nkgtdm.jpg!m_fill,w_280,h_210,f_jpg?from=ke.com
20240321,朝阳,管庄,101121675381,建东苑西区 小两居 双金楼层 随时看,280万,40533元/平,中楼层 (共6层) | 2000年 | 2室1厅 | 69.08平米 | 东,https://ke-image.ljcdn.com/110000-inspection/pc1_SYCxGVjtf_1.jpg!m_fill,w_280,h_210,f_jpg?from=ke.com
20240321,朝阳,管庄,101121662147,三轨交汇八通线+6号线+22号线京通苑精装南北通透三居房主自荐,369万,42023元/平,顶层 (共6层) | 1996年 | 3室1厅 | 87.81平米 | 南 北,https://ke-image.ljcdn.com/110000-inspection/4277f78e-8cf7-4f49-8c94-d75ed94ca06b_1000.jpg!m_fill,w_280,h_210,f_jpg?from=ke.com
20240321,朝阳,管庄,101121656979,满五唯一 视野好 有阳台 钥匙房采光无遮挡 地铁一号线房主自荐,285万,44982元/平,高楼层 (共24层) | 2000年 | 1室1厅 | 63.36平米 | 西南,https://ke-image.ljcdn.com/110000-inspection/pc1_g6xEBi0TI.jpg!m_fill,w_280,h_210,f_jpg?from=ke.com
20240321,朝阳,管庄,101121620014,京通苑南向一居  2003年楼龄新 采光好 视野开阔,329万,51223元/平,高楼层 (共24层) | 2003年 | 1室1厅 | 64.23平米 | 南,https://ke-image.ljcdn.com/110000-inspection/pc1_oVGDBTBAG_2.jpg!m_fill,w_280,h_210,f_jpg?from=ke.com
20240321,朝阳,管庄,101121602796,京通苑 精装两居 次顶层 采光时间长 视野开阔,380万,45477元/平,高楼层 (共18层) | 2000年 | 2室1厅 | 83.56平米 | 西南,https://ke-image.ljcdn.com/110000-inspection/pc1_yiVqdxHmv_1.jpg!m_fill,w_280,h_210,f_jpg?from=ke.com
20240321,朝阳,管庄,101121581229,管庄东里 南北三居 业主诚心出售,318万,31832元/平,顶层 (共3层) | 1954年 | 3室1厅 | 99.9平米 | 南 北,https://ke-image.ljcdn.com/110000-inspection/3509d028-789f-4502-bd6a-cd200926091a_1000.jpg!m_fill,w_280,h_210,f_jpg?from=ke.com
20240321,朝阳,管庄,101121518833,满五唯一商品房南北双通透格局楼层好采光好。,425万,46061元/平,高楼层 (共19层) 3室1厅 | 92.27平米 | 南 北,https://ke-image.ljcdn.com/110000-inspection/3692ad8c-b14b-4e98-b43f-9aa524475e81_1000.jpg!m_fill,w_280,h_210,f_jpg?from=ke.com
20240321,朝阳,管庄,101121470993,满五唯一商品房 南北通透 次顶层精装修 1号线和22号线,255万,46330元/平,高楼层 (共6层) | 1996年 | 1室1厅 | 55.04平米 | 南 北,https://ke-image.ljcdn.com/110000-inspection/5f434861-3da6-4c78-a0c1-52e02ae3562e_1000.jpg!m_fill,w_280,h_210,f_jpg?from=ke.com
20240321,朝阳,管庄,101121409937,京通苑 正规三居 满五年 业主诚售 看房方便,580万,39645元/平,低楼层 (共24层) | 2000年 | 3室1厅 | 146.3平米 | 西南,https://ke-image.ljcdn.com/110000-inspection/pc1_x3oCW4u8T_1.jpg!m_fill,w_280,h_210,f_jpg?from=ke.com
20240321,朝阳,管庄,101121403546,汇鸿家园 2室1厅 西南,419万,46769元/平,低楼层 (共17层) 2室1厅 | 89.59平米 | 西南,https://ke-image.ljcdn.com/110000-inspection/091a59b9-bde2-4f20-8d64-b76c2f5e8592_1000.jpg!m_fill,w_280,h_210,f_jpg?from=ke.com
20240321,朝阳,管庄,101121364929,京通苑小区 精装修 拎包入住 随时签约,305万,50000元/平,底层 (共6层) | 1998年 | 1室1厅 | 61平米 | 南 北,https://ke-image.ljcdn.com/110000-inspection/pc1_yNk1gQR84_1.jpg!m_fill,w_280,h_210,f_jpg?from=ke.com
20240321,朝阳,管庄,101121335681,瑞祥里 南北通透双卫三居室 满五唯一 带电梯 精装修,542万,43360元/平,低楼层 (共9层) | 2008年 | 3室1厅 | 125平米 | 南 北,https://ke-image.ljcdn.com/110000-inspection/9362c248-9207-4dbd-a7be-ceaf0b1e1a3a_1000.jpg!m_fill,w_280,h_210,f_jpg?from=ke.com
20240321,朝阳,管庄,101121280541,汇鸿家园 带电梯 高楼层 正规两居室 无遮挡,460万,51346元/平,高楼层 (共17层) 2室1厅 | 89.59平米 | 西北,https://ke-image.ljcdn.com/110000-inspection/8e019fd6-8e57-4f3f-a571-bcc61defb0db_1000.jpg!m_fill,w_280,h_210,f_jpg?from=ke.com
20240321,朝阳,管庄,101121232735,管庄西里 满五唯一 南北通透 随时签约,435万,41884元/平,底层 (共6层) | 2001年 | 2室1厅 | 103.86平米 | 南 北,https://ke-image.ljcdn.com/110000-inspection/pc1_vj0JYW6Zv_1.jpg!m_fill,w_280,h_210,f_jpg?from=ke.com
20240321,朝阳,管庄,101121209004,管庄西里63号楼内三居大户型 满五唯一精装 看房方便,430万,54089元/平,高楼层 (共6层) | 1986年 | 3室1厅 | 79.5平米 | 南 北,https://ke-image.ljcdn.com/110000-inspection/pc1_0P1gjHrR9.jpg!m_fill,w_280,h_210,f_jpg?from=ke.com
20240321,朝阳,管庄,101121133956,汇鸿家园正规两居业主诚意出售房主自荐,466万,63144元/平,底层 (共10层) | 2004年 | 2室1厅 | 73.8平米 | 南 北,https://ke-image.ljcdn.com/110000-inspection/pc1_cgXVmtNq9.jpg!m_fill,w_280,h_210,f_jpg?from=ke.com
20240321,朝阳,管庄,101121074150,周井大院 1号线 双桥站 南向一居 满五年视野好采光好,195万,43228元/平,中楼层 (共5层) 1室1厅 | 45.11平米 | 南,https://ke-image.ljcdn.com/110000-inspection/dad83d49-78b8-4480-af9d-4822921810e1_1000.jpg!m_fill,w_280,h_210,f_jpg?from=ke.com
20240321,朝阳,管庄,101121064615,建东苑 2室1厅 南 北,415万,46672元/平,高楼层 (共6层) | 2004年 | 2室1厅 | 88.92平米 | 南 北,https://ke-image.ljcdn.com/110000-inspection/10c45d8f-f645-48fd-a0f9-f11c9ecd9113_1000.jpg!m_fill,w_280,h_210,f_jpg?from=ke.com
20240321,朝阳,管庄,101121040922,管庄西里 南北通透两居 业主诚心出售,330万,49550元/平,中楼层 (共6层) | 1997年 | 3室1厅 | 66.6平米 | 南 北,https://ke-image.ljcdn.com/110000-inspection/pc1_yTacAceUU.jpg!m_fill,w_280,h_210,f_jpg?from=ke.com
20240321,朝阳,管庄,101120995400,京通苑 南北通透 满五年唯一 精装修,376万,46006元/平,顶层 (共6层) | 1997年 | 3室1厅 | 81.73平米 | 南 北,https://ke-image.ljcdn.com/110000-inspection/36415561-52de-4bf6-90d1-2cbe7d1a4439_1000.jpg!m_fill,w_280,h_210,f_jpg?from=ke.com
20240321,朝阳,管庄,101120922470,建东苑东区     南北通透一居,283万,40755元/平,顶层 (共6层) | 2002年 | 1室1厅 | 69.44平米 | 南 北,https://ke-image.ljcdn.com/110000-inspection/268b5aac-5122-4d63-8812-05f37309d28a_1000.jpg!m_fill,w_280,h_210,f_jpg?from=ke.com
20240321,朝阳,管庄,101120826479,1号线管庄站阳光华苑内环三居 分车分流  西南 采光好,640万,46767元/平,中楼层 (共21层) | 2000年 | 3室1厅 | 136.85平米 | 西南,https://ke-image.ljcdn.com/110000-inspection/pc1_acSvMb4Kv.jpg!m_fill,w_280,h_210,f_jpg?from=ke.com
20240321,朝阳,管庄,101120813311,华龙美树满五年唯一商品房双卫生间。,799万,60058元/平,中楼层 (共19层) | 2006年 | 3室1厅 | 133.04平米 | 南 北,https://ke-image.ljcdn.com/110000-inspection/pc1_rULysXSpU.jpg!m_fill,w_280,h_210,f_jpg?from=ke.com
20240321,朝阳,管庄,101120678342,京通苑 满五唯一 内环复式 无遮挡,799万,36496元/平,中楼层 (共18层) | 2000年 | 4室2厅 | 218.93平米 | 南,https://ke-image.ljcdn.com/110000-inspection/pc1_otjx6lc1Z_1.jpg!m_fill,w_280,h_210,f_jpg?from=ke.com
20240321,朝阳,管庄,101120647836,管庄西里南北两居满五年唯一商品房,268万,36819元/平,顶层 (共6层) | 2000年 | 2室1厅 | 72.79平米 | 南 北,https://ke-image.ljcdn.com/110000-inspection/pc1_oKhLVIKLT_1.jpg!m_fill,w_280,h_210,f_jpg?from=ke.com
20240321,朝阳,管庄,101120583588,管庄西里南向的房子满五年唯一商品房,310万,39336元/平,低楼层 (共19层) | 2010年 | 1室1厅 | 78.81平米 | 南,https://ke-image.ljcdn.com/110000-inspection/pc1_O4V0KZj40_1.jpg!m_fill,w_280,h_210,f_jpg?from=ke.com
20240321,朝阳,管庄,101120570713,京通苑 西南一居 22号线和八通线双地铁,265万,41772元/平,顶层 (共24层) | 2000年 | 1室1厅 | 63.44平米 | 西南,https://ke-image.ljcdn.com/110000-inspection/9153e1ca-2389-4236-8ebe-0bd750c97890_1000.jpg!m_fill,w_280,h_210,f_jpg?from=ke.com
20240321,朝阳,管庄,101120568797,店长推荐管庄西里南向两居室精装修业主诚意出售,255万,47557元/平,顶层 (共6层) | 1980年 | 2室1厅 | 53.62平米 | 南,https://ke-image.ljcdn.com/110000-inspection/pc1_EFKFOKJEf_1.jpg!m_fill,w_280,h_210,f_jpg?from=ke.com
20240321,朝阳,管庄,101120542969,建东苑 04年 满五唯一 南北通透,284万,40823元/平,高楼层 (共6层) | 2004年 | 2室1厅 | 69.57平米 | 南 北,https://ke-image.ljcdn.com/110000-inspection/pc1_WJobcloNq_1.jpg!m_fill,w_280,h_210,f_jpg?from=ke.com
20240321,朝阳,管庄,101120515745,管庄西里 全南一居 业主诚心出售,249万,50734元/平,低楼层 (共6层) | 1997年 | 1室1厅 | 49.08平米 | 南,https://ke-image.ljcdn.com/110000-inspection/3875a7f4-ddbe-48a6-bc09-c2a93f47ea55_1000.jpg!m_fill,w_280,h_210,f_jpg?from=ke.com
20240321,朝阳,管庄,101120148455,华龙美树高楼层视野宽阔采光充足南向复式,679万,57699元/平,高楼层 (共16层) | 2006年 | 3室1厅 | 117.68平米 | 南 北,https://ke-image.ljcdn.com/110000-inspection/pc1_NUP734M5Y.jpg!m_fill,w_280,h_210,f_jpg?from=ke.com
20240321,朝阳,管庄,101119823526,此房高层无遮挡视野开阔户型方正,420万,36123元/平,高楼层 (共26层) 2室2厅 | 116.27平米 | 西,https://ke-image.ljcdn.com/110000-inspection/0729a8d5-98c4-47e7-bb42-edf458a8560c_1000.jpg!m_fill,w_280,h_210,f_jpg?from=ke.com
20240321,朝阳,管庄,101119535823,管庄西里低楼层南向一居室  业主诚心出售,288万,53762元/平,底层 (共6层) | 1996年 | 1室1厅 | 53.57平米 | 南,https://ke-image.ljcdn.com/110000-inspection/pc1_vtAXD7uW9_1.jpg!m_fill,w_280,h_210,f_jpg?from=ke.com
20240321,朝阳,管庄,101119040492,管庄西里南北大三居业主诚心出售,510万,39913元/平,高楼层 (共6层) | 1997年 | 3室1厅 | 127.78平米 | 南 北,https://ke-image.ljcdn.com/110000-inspection/0345c901-7046-4408-a927-2010a4539b7c_1000.jpg!m_fill,w_280,h_210,f_jpg?from=ke.com
20240321,朝阳,管庄,101119018743,建东苑南区南北双通透户型方正一梯两户,390万,44496元/平,顶层 (共6层) | 2002年 | 2室1厅 | 87.65平米 | 南 北,https://ke-image.ljcdn.com/110000-inspection/72206a7b-1c69-45c2-a272-988641b8fff3_1000.jpg!m_fill,w_280,h_210,f_jpg?from=ke.com
20240321,朝阳,管庄,101118420806,店长推荐管庄北一里三居室格局方正业主诚意出售房主自荐,460万,45415元/平,中楼层 (共4层) | 1998年 | 3室1厅 | 101.29平米 | 南 北,https://ke-image.ljcdn.com/110000-inspection/pc1_z6Od7KqA9_1.jpg!m_fill,w_280,h_210,f_jpg?from=ke.com
20240321,朝阳,管庄,101118263430,管庄西里南北三居室 户型方正 诚意出售,495万,38888元/平,底层 (共6层) | 2000年 | 3室1厅 | 127.29平米 | 南 北,https://ke-image.ljcdn.com/110000-inspection/ba5a24c0-0af8-4d22-b124-0ada522189a7_1000.jpg!m_fill,w_280,h_210,f_jpg?from=ke.com
20240321,朝阳,管庄,101117667592,店长推荐 管庄西里1到63号楼 南北通透 靠谱出售,280万,48160元/平,顶层 (共6层) | 1982年 | 2室1厅 | 58.14平米 | 南 北,https://ke-image.ljcdn.com/110000-inspection/pc1_GVCj3FKfc_1.jpg!m_fill,w_280,h_210,f_jpg?from=ke.com
20240321,朝阳,管庄,101123508178,管庄西里1-63号楼 满五年 南向2居新上,298万,46238元/平,顶层 (共6层) 2室1厅 | 64.45平米 | 南,https://s1.ljcdn.com/pegasus/redskull/images/common/default_house_list.png?_v=20240306121103
20240321,朝阳,管庄,101123504326,1号线 22号线 八通线 管庄 京通苑内环满五年唯一两居新上,435万,40015元/平,低楼层 (共21层) | 2000年 | 2室1厅 | 108.71平米 | 东南,https://s1.ljcdn.com/pegasus/redskull/images/common/default_house_list.png?_v=20240306121103
20240321,朝阳,管庄,101123148036,管庄西里1-63号楼内 南北通透格局比较好,268万,44952元/平,顶层 (共5层) | 1982年 | 2室1厅 | 59.62平米 | 南 北,https://s1.ljcdn.com/pegasus/redskull/images/common/default_house_list.png?_v=20240306121103
20240321,朝阳,管庄,101123039335,管庄西里1-63号楼以内正规两居室满五唯一,355万,50599元/平,顶层 (共5层) | 1996年 | 2室1厅 | 70.16平米 | 南 北,https://s1.ljcdn.com/pegasus/redskull/images/common/default_house_list.png?_v=20240306121103
20240321,朝阳,管庄,101122646154,朗廷大厦小户型开间近地铁可注册办公！,105万,23559元/平,中楼层 (共12层) | 2010年 | 1室0厅 | 44.57平米 | 东北,https://s1.ljcdn.com/pegasus/redskull/images/common/default_house_list.png?_v=20240306121103
20240321,朝阳,管庄,101122205564,朗廷 精装小户型 临地铁 有钥匙 随时看房,103万,23141元/平,中楼层 (共12层) 1室0厅 | 44.51平米 | 东北,https://s1.ljcdn.com/pegasus/redskull/images/common/default_house_list.png?_v=20240306121103
20240321,朝阳,管庄,101118469425,朗廷 南向小户型  精装修 交通方便 可注册,112万,25000元/平,高楼层 (共12层) | 2010年 | 1室0厅 | 44.8平米 | 南,https://s1.ljcdn.com/pegasus/redskull/images/common/default_house_list.png?_v=20240306121103
20240321,朝阳,管庄,101118079877,朗廷 近1号线管庄地铁站 随时签约,120万,24949元/平,低楼层 (共12层) | 2010年 | 1室0厅 | 48.1平米 | 南,https://s1.ljcdn.com/pegasus/redskull/images/common/default_house_list.png?_v=20240306121103
