20240612,门头沟,大峪,101124822595,惠民家园二区 正规两居室 采光好无遮挡必看好房,188万,29380元/平,底层 (共20层) 2室1厅 | 63.99平米 | 东 南,https://ke-image.ljcdn.com/110000-inspection/c8466fad-d38b-48cc-b739-af0b3edf6a2e_1000.jpg!m_fill,w_280,h_210,f_jpg?from=ke.com
20240612,门头沟,大峪,101124624407,坡头南街 2室1厅 南 北必看好房,175万,26998元/平,低楼层 (共6层) 2室1厅 | 64.82平米 | 南 北,https://ke-image.ljcdn.com/110000-inspection/97ff14d2-42d1-461e-8310-3ecd9fc9cbfe_1000.jpg!m_fill,w_280,h_210,f_jpg?from=ke.com
20240612,门头沟,大峪,101124607515,满五年商品房 正南朝向 带电梯 采光面宽 无遮挡必看好房,330万,35325元/平,低楼层 (共21层) 2室1厅 | 93.42平米 | 南,https://ke-image.ljcdn.com/110000-inspection/4f9f8441-eb2a-4c06-8824-5a5e46bcbcfd_1000.jpg!m_fill,w_280,h_210,f_jpg?from=ke.com
20240612,门头沟,大峪,101124599459,永新小区 楼层好 南北通透户型满五唯一必看好房,179万,28858元/平,低楼层 (共6层) | 1994年 | 2室1厅 | 62.03平米 | 南 北,https://ke-image.ljcdn.com/110000-inspection/db2f06af-50f7-4ff5-bd4c-c47f36b680b8_1000.jpg!m_fill,w_280,h_210,f_jpg?from=ke.com
20240612,门头沟,大峪,101124558983,急售 南北通透 中间楼层 采光好 楼龄新必看好房,209万,25944元/平,中楼层 (共6层) 2室1厅 | 80.56平米 | 南 北,https://ke-image.ljcdn.com/110000-inspection/86070b98-1ee9-412a-bc58-55dffaeef863_1000.jpg!m_fill,w_280,h_210,f_jpg?from=ke.com
20240612,门头沟,大峪,101124523353,大峪南路 2室1厅 南 北必看好房,142万,27531元/平,中楼层 (共6层) 2室1厅 | 51.58平米 | 南 北,https://ke-image.ljcdn.com/110000-inspection/ffeeecd9-cd93-49d4-9210-109e91b46891_1000.jpg!m_fill,w_280,h_210,f_jpg?from=ke.com
20240612,门头沟,大峪,101124420218,惠民家园  纯南向  电梯房  满五唯一必看好房,163万,25944元/平,低楼层 (共21层) 2室1厅 | 62.83平米 | 南,https://ke-image.ljcdn.com/110000-inspection/d48a4b0c-6122-4de6-a7a1-2bdff78f4c28_1000.jpg!m_fill,w_280,h_210,f_jpg?from=ke.com
20240612,门头沟,大峪,101124409594,惠民家园一区房子是南北通透两居 集中供暖必看好房,199万,29137元/平,中楼层 (共6层) 2室1厅 | 68.3平米 | 南 北,https://ke-image.ljcdn.com/110000-inspection/pc1_nnrAwa1UF_1.jpg!m_fill,w_280,h_210,f_jpg?from=ke.com
20240612,门头沟,大峪,101124102379,金泰丽湾悦栖山               高楼层采光好必看好房,495万,35264元/平,高楼层 (共21层) 3室2厅 | 140.37平米 | 南 北,https://ke-image.ljcdn.com/110000-inspection/pc1_zK5YHQ7CF_1.jpg!m_fill,w_280,h_210,f_jpg?from=ke.com
20240612,门头沟,大峪,101124062333,峪园小区集中供暖封闭管理配套完善交通便利必看好房,116万,27129元/平,高楼层 (共6层) | 1982年 | 1室1厅 | 42.76平米 | 南,https://ke-image.ljcdn.com/110000-inspection/pc1_vnXbBBUoj.jpg!m_fill,w_280,h_210,f_jpg?from=ke.com
20240612,门头沟,大峪,101123942756,大峪南路 1室1厅 南必看好房,125万,28236元/平,中楼层 (共16层) 1室1厅 | 44.27平米 | 南,https://ke-image.ljcdn.com/110000-inspection/pc1_7QgOooSed.jpg!m_fill,w_280,h_210,f_jpg?from=ke.com
20240612,门头沟,大峪,101123848890,惠民家园一区板楼南向一居室 配套齐全,145万,30090元/平,中楼层 (共6层) 1室1厅 | 48.19平米 | 南,https://ke-image.ljcdn.com/110000-inspection/pc1_397YeJsuI.jpg!m_fill,w_280,h_210,f_jpg?from=ke.com
20240612,门头沟,大峪,101123789703,黑山东街 2室1厅 南 北必看好房,275万,30200元/平,中楼层 (共6层) 2室1厅 | 91.06平米 | 南 北,https://ke-image.ljcdn.com/110000-inspection/pc1_hemB1JIu5.jpg!m_fill,w_280,h_210,f_jpg?from=ke.com
20240612,门头沟,大峪,101123697997,惠民家园二区 南北通透两居室 精装修拎包入住视野开阔必看好房,195万,30531元/平,顶层 (共21层) 2室1厅 | 63.87平米 | 南 北,https://ke-image.ljcdn.com/110000-inspection/5c32bc7a-58fc-4371-88fe-d12c612b0f2c_1000.jpg!m_fill,w_280,h_210,f_jpg?from=ke.com
20240612,门头沟,大峪,101123696198,峪园小区 2室1厅 南 北必看好房,169万,26243元/平,底层 (共6层) 2室1厅 | 64.4平米 | 南 北,https://ke-image.ljcdn.com/110000-inspection/pc1_kofB3A25m.jpg!m_fill,w_280,h_210,f_jpg?from=ke.com
20240612,门头沟,大峪,101123655795,金泰丽湾大三居   人车分流  纯商品房   精装修,478万,33021元/平,低楼层 (共19层) 3室2厅 | 144.76平米 | 南 北,https://ke-image.ljcdn.com/110000-inspection/2d202db3-aa24-4cab-aba8-dbdcf31d6ffa_1000.jpg!m_fill,w_280,h_210,f_jpg?from=ke.com
20240612,门头沟,大峪,101123319983,此房精装修楼层好视野好采光充足交通便利。必看好房,152万,27187元/平,中楼层 (共6层) 3室1厅 | 55.91平米 | 东 南 北,https://ke-image.ljcdn.com/110000-inspection/pc1_71fyNExbc.jpg!m_fill,w_280,h_210,f_jpg?from=ke.com
20240612,门头沟,大峪,101123274074,大峪南路 3室1厅 东南 北必看好房,205万,29446元/平,低楼层 (共18层) 3室1厅 | 69.62平米 | 东南 北,https://ke-image.ljcdn.com/110000-inspection/fb459913-faca-46e2-a639-0627ff644a50_1000.jpg!m_fill,w_280,h_210,f_jpg?from=ke.com
20240612,门头沟,大峪,101122951386,大峪带电梯的两居   采光视野好必看好房,180万,27638元/平,中楼层 (共18层) 2室1厅 | 65.13平米 | 东南,https://ke-image.ljcdn.com/110000-inspection/6caa948f-11a1-4d8b-b358-4c382404eada_1000.jpg!m_fill,w_280,h_210,f_jpg?from=ke.com
20240612,门头沟,大峪,101122804060,大峪南路 3室1厅 西南必看好房,215万,28549元/平,底层 (共16层) 3室1厅 | 75.31平米 | 西南,https://ke-image.ljcdn.com/110000-inspection/1a16812c-b0be-4b1b-a2bb-b24204687a1f_1000.jpg!m_fill,w_280,h_210,f_jpg?from=ke.com
20240612,门头沟,大峪,101124481087,峪园小区南北通透集中供暖封闭管理,200万,24827元/平,顶层 (共6层) | 1994年 | 2室2厅 | 80.56平米 | 南 北,https://ke-image.ljcdn.com/110000-inspection/pc1_q3C2T4EUs.jpg!m_fill,w_280,h_210,f_jpg?from=ke.com
20240612,门头沟,大峪,101124479330,大峪南路南北通透 采光好 户型方正 主卧朝南带阳台必看好房,198万,28428元/平,顶层 (共18层) 3室1厅 | 69.65平米 | 东 南 西 北,https://ke-image.ljcdn.com/110000-inspection/pc1_hwQ2bQfAt_1.jpg!m_fill,w_280,h_210,f_jpg?from=ke.com
20240612,门头沟,大峪,101124474291,西山艺境5号院集中供暖南北通透全明格局,620万,43518元/平,中楼层 (共6层) 3室2厅 | 142.47平米 | 南 北,https://ke-image.ljcdn.com/110000-inspection/pc1_wyE4c16dV.jpg!m_fill,w_280,h_210,f_jpg?from=ke.com
20240612,门头沟,大峪,101124439664,桃园小区大两居独立客厅独立餐厅,223万,25636元/平,底层 (共6层) | 2000年 | 2室2厅 | 86.99平米 | 南 北,https://ke-image.ljcdn.com/110000-inspection/pc1_03Qse02xo.jpg!m_fill,w_280,h_210,f_jpg?from=ke.com
20240612,门头沟,大峪,101124341261,新桥小区 南北通透 采光好 前后无遮挡,156万,25854元/平,高楼层 (共6层) | 1992年 | 2室1厅 | 60.34平米 | 南 北,https://ke-image.ljcdn.com/110000-inspection/pc1_wxvpVN3W6.jpg!m_fill,w_280,h_210,f_jpg?from=ke.com
20240612,门头沟,大峪,101124314228,西山艺境6号院三居室精装在售。必看好房,624万,43491元/平,低楼层 (共9层) 3室2厅 | 143.48平米 | 南 北,https://ke-image.ljcdn.com/110000-inspection/pc1_fGsuSwbIH.jpg!m_fill,w_280,h_210,f_jpg?from=ke.com
20240612,门头沟,大峪,101124157315,西山艺境南坡房三山环抱景色宜人清净地,1080万,32712元/平,底层 (共5层) | 2017年 | 5室2厅 | 330.16平米 | 南 北,https://ke-image.ljcdn.com/110000-inspection/pc1_ikVWpJy3b.jpg!m_fill,w_280,h_210,f_jpg?from=ke.com
20240612,门头沟,大峪,101124102797,新桥家园大两居 视野开阔 采光好,285万,26639元/平,低楼层 (共24层) 2室2厅 | 106.99平米 | 东,https://ke-image.ljcdn.com/110000-inspection/pc1_8rQKLHq1w_1.jpg!m_fill,w_280,h_210,f_jpg?from=ke.com
20240612,门头沟,大峪,101123967166,永新小区 2001年 两室两厅 户型好 南北通透  有装修,215万,25068元/平,高楼层 (共6层) 2室2厅 | 85.77平米 | 南 北,https://ke-image.ljcdn.com/110000-inspection/cbf71884-32ad-4ad2-b088-b08adce067ef_1000.jpg!m_fill,w_280,h_210,f_jpg?from=ke.com
20240612,门头沟,大峪,101123793100,南北朝向 格局好 中间楼层无遮挡 采光好,190万,29582元/平,中楼层 (共19层) 2室1厅 | 64.23平米 | 南 北,https://ke-image.ljcdn.com/110000-inspection/fc1f18e3-af8a-4173-9abc-bca75202d585_1000.jpg!m_fill,w_280,h_210,f_jpg?from=ke.com
20240612,门头沟,大峪,101123594505,低楼层格局好采光充足看房随时必看好房,152万,24356元/平,底层 (共20层) 2室1厅 | 62.41平米 | 南,https://ke-image.ljcdn.com/110000-inspection/pc1_3c0J79tCw.jpg!m_fill,w_280,h_210,f_jpg?from=ke.com
20240612,门头沟,大峪,101123512784,峪园小区南向两居室满五唯一商品房诚意出售必看好房,139万,23129元/平,顶层 (共6层) 2室1厅 | 60.1平米 | 南,https://ke-image.ljcdn.com/110000-inspection/pc1_k7ZYvgl03_1.jpg!m_fill,w_280,h_210,f_jpg?from=ke.com
20240612,门头沟,大峪,101123390864,大峪南路双卧朝南明厨明卫视野采光好必看好房,134万,23415元/平,顶层 (共6层) | 1980年 | 2室1厅 | 57.23平米 | 南,https://ke-image.ljcdn.com/110000-inspection/c7e4058b-5665-436c-a473-6f656b626f04_1000.jpg!m_fill,w_280,h_210,f_jpg?from=ke.com
20240612,门头沟,大峪,101122865514,新桥路小区中间楼层南北通透两居室必看好房,158万,26382元/平,中楼层 (共6层) 2室1厅 | 59.89平米 | 南 北,https://ke-image.ljcdn.com/110000-inspection/9b2b13f9-bdcf-4a9b-a904-3b81444d0ffe_1000.jpg!m_fill,w_280,h_210,f_jpg?from=ke.com
20240612,门头沟,大峪,101122690119,西山艺境8号院小区环境好配套设施齐全交通便利房主自荐,660万,39235元/平,中楼层 (共6层) 4室2厅 | 168.22平米 | 南 北,https://ke-image.ljcdn.com/110000-inspection/3d0ad4db-be75-4b0a-88ab-db053d679a14_1000.jpg!m_fill,w_280,h_210,f_jpg?from=ke.com
20240612,门头沟,大峪,101122380463,满五唯一 电梯房直接入户 精装高档低密洋房,545万,43186元/平,中楼层 (共8层) 3室2厅 | 126.2平米 | 南 北,https://ke-image.ljcdn.com/110000-inspection/pc1_AAQrxak1A_1.jpg!m_fill,w_280,h_210,f_jpg?from=ke.com
20240612,门头沟,大峪,101122107414,西山艺境3号院 上叠户型 看房方便 小区安静必看好房,780万,45376元/平,顶层 (共8层) | 2015年 | 5室2厅 | 171.9平米 | 南 北,https://ke-image.ljcdn.com/110000-inspection/pc1_vyTZVloSd.jpg!m_fill,w_280,h_210,f_jpg?from=ke.com
20240612,门头沟,大峪,101124656840,中昂时代广场 1室1厅 西必看好房,60万,22173元/平,中楼层 (共19层) 1室1厅 | 27.06平米 | 西,https://s1.ljcdn.com/pegasus/redskull/images/common/default_house_list.png?_v=20240531152802801
20240612,门头沟,大峪,101123186351,西山艺境7号院集中供暖地暖采光好交通便利,145万,19477元/平,中楼层 (共6层) 2室1厅 | 74.45平米 | 南,https://s1.ljcdn.com/pegasus/redskull/images/common/default_house_list.png?_v=20240531152802801
20240612,门头沟,大峪,101124829192,永新小区 2室2厅 南 北新上,269万,31363元/平,底层 (共6层) 2室2厅 | 85.77平米 | 南 北,https://ke-image.ljcdn.com/110000-inspection/e37e37d7-642d-45cd-aa57-5866fe7a7295_1000.jpg!m_fill,w_280,h_210,f_jpg?from=ke.com
20240612,门头沟,大峪,101124812562,永新小区 2室2厅 南 北新上,269万,31363元/平,低楼层 (共6层) 2室2厅 | 85.77平米 | 南 北,https://ke-image.ljcdn.com/110000-inspection/f95813ad-f448-4138-a6f0-860cd5a9a367_1000.jpg!m_fill,w_280,h_210,f_jpg?from=ke.com
20240612,门头沟,大峪,101124790982,惠民家园二区 西南朝向 带电梯 一室一厅 满五唯一新上,160万,33341元/平,低楼层 (共11层) 1室1厅 | 47.99平米 | 西南,https://ke-image.ljcdn.com/110000-inspection/51f6d37c-f826-4ac0-8ce5-1c5de8597b84_1000.jpg!m_fill,w_280,h_210,f_jpg?from=ke.com
20240612,门头沟,大峪,101124779317,桃园小区 2室1厅 南 北新上,240万,27505元/平,底层 (共6层) 2室1厅 | 87.26平米 | 南 北,https://ke-image.ljcdn.com/110000-inspection/ea877d20-db97-4f1d-9902-a2a3c4e13d88_1000.jpg!m_fill,w_280,h_210,f_jpg?from=ke.com
20240612,门头沟,大峪,101124775041,增产路大街42号院 南北通透 两居室 楼龄新新上,168万,21019元/平,顶层 (共6层) 2室1厅 | 79.93平米 | 南 北,https://ke-image.ljcdn.com/110000-inspection/0ed6c473-82cf-4d40-aa64-915526bbfb26_1000.jpg!m_fill,w_280,h_210,f_jpg?from=ke.com
20240612,门头沟,大峪,101124739197,大峪南路 2室1厅 南 北新上,140万,26018元/平,顶层 (共6层) 2室1厅 | 53.81平米 | 南 北,https://ke-image.ljcdn.com/110000-inspection/47095b2b-c6a5-4a13-a4ca-f10f787b8645_1000.jpg!m_fill,w_280,h_210,f_jpg?from=ke.com
20240612,门头沟,大峪,101124719597,黑山东街             出行方便,150万,20974元/平,地下室 (共7层) 2室1厅 | 71.52平米 | 南 北,https://ke-image.ljcdn.com/110000-inspection/pc1_El7mkA4Gc_1.jpg!m_fill,w_280,h_210,f_jpg?from=ke.com
20240612,门头沟,大峪,101124604150,惠民家园二区东南朝向 带电梯 满二年商品房 一居室,180万,33995元/平,低楼层 (共11层) | 2010年 | 1室1厅 | 52.95平米 | 东南,https://ke-image.ljcdn.com/110000-inspection/pc1_x14ialCHD_1.jpg!m_fill,w_280,h_210,f_jpg?from=ke.com
20240612,门头沟,大峪,101124565044,大峪南路 2室1厅 东北,189万,25393元/平,中楼层 (共6层) 2室1厅 | 74.43平米 | 东北,https://ke-image.ljcdn.com/110000-inspection/d1c7fcd8-288f-4b64-bf7e-650dd7179225_1000.jpg!m_fill,w_280,h_210,f_jpg?from=ke.com
20240612,门头沟,大峪,101124561454,新桥大街39号院 2室1厅 南 北,170万,29983元/平,中楼层 (共5层) 2室1厅 | 56.7平米 | 南 北,https://ke-image.ljcdn.com/110000-inspection/pc1_PyOHDsxi4.jpg!m_fill,w_280,h_210,f_jpg?from=ke.com
20240612,门头沟,大峪,101124556558,黑山东街       低楼层出行方便,146万,26933元/平,中楼层 (共6层) 2室1厅 | 54.21平米 | 南 北,https://ke-image.ljcdn.com/110000-inspection/pc1_eX5TJHzDR.jpg!m_fill,w_280,h_210,f_jpg?from=ke.com
20240612,门头沟,大峪,101124556039,惠民家园二区 1室0厅 东,158.5万,29665元/平,顶层 (共9层) | 2010年 | 1室0厅 | 53.43平米 | 东,https://ke-image.ljcdn.com/110000-inspection/835133e9-9745-4448-880a-ee6b2fb944a0_1000.jpg!m_fill,w_280,h_210,f_jpg?from=ke.com
20240612,门头沟,大峪,101124524915,惠民家园二区           高楼层 采光好,190万,35508元/平,中楼层 (共9层) 1室0厅 | 53.51平米 | 东,https://ke-image.ljcdn.com/110000-inspection/pc1_jhQlTU2BM.jpg!m_fill,w_280,h_210,f_jpg?from=ke.com
20240612,门头沟,大峪,101124508507,黑山东街 精装修 南北通透 户型好 采光好 低楼层,185万,34400元/平,低楼层 (共6层) 2室1厅 | 53.78平米 | 南 北,https://ke-image.ljcdn.com/110000-inspection/5a747770-f6e2-41f4-b642-f02efc04565c_1000.jpg!m_fill,w_280,h_210,f_jpg?from=ke.com
20240612,门头沟,大峪,101124443838,大峪南路 1室1厅 南,140万,31625元/平,高楼层 (共18层) 1室1厅 | 44.27平米 | 南,https://ke-image.ljcdn.com/110000-inspection/459bc657-baf0-4392-b05e-886226156b34_1000.jpg!m_fill,w_280,h_210,f_jpg?from=ke.com
20240612,门头沟,大峪,101124429174,桃园小区 2室1厅 南 北,230万,27869元/平,中楼层 (共6层) 2室1厅 | 82.53平米 | 南 北,https://ke-image.ljcdn.com/110000-inspection/a789ddd3-ae47-40c8-aa6c-492f13d09fdd_1000.jpg!m_fill,w_280,h_210,f_jpg?from=ke.com
20240612,门头沟,大峪,101124417966,惠民家园一区看房方便随时签约房主自荐,147万,30448元/平,高楼层 (共6层) 1室1厅 | 48.28平米 | 南,https://ke-image.ljcdn.com/110000-inspection/pc1_xRA4gcGNn_1.jpg!m_fill,w_280,h_210,f_jpg?from=ke.com
20240612,门头沟,大峪,101124391276,金泰丽湾  人车分流  满五唯一  全明格局,490万,36982元/平,低楼层 (共21层) 3室2厅 | 132.5平米 | 南 北,https://ke-image.ljcdn.com/110000-inspection/c486494c-d20f-4b6e-8c83-f5e7e6c5725c_1000.jpg!m_fill,w_280,h_210,f_jpg?from=ke.com
20240612,门头沟,大峪,101124382303,新桥路小区 2室1厅 东 西,163万,26898元/平,高楼层 (共6层) 2室1厅 | 60.6平米 | 东 西,https://ke-image.ljcdn.com/110000-inspection/pc1_AcnOmBoye_1.jpg!m_fill,w_280,h_210,f_jpg?from=ke.com
20240612,门头沟,大峪,101124364110,华远西山雅园 2居室 1厅1厨1卫,305万,37743元/平,高楼层 (共28层) 2室1厅 | 80.81平米 | 南,https://ke-image.ljcdn.com/110000-inspection/pc1_PeXA4Mumz_1.jpg!m_fill,w_280,h_210,f_jpg?from=ke.com
20240612,门头沟,大峪,101124358724,新桥家园 2室2厅 东,305万,25920元/平,高楼层 (共24层) 2室2厅 | 117.67平米 | 东,https://ke-image.ljcdn.com/110000-inspection/pc1_tTz7QHhUy.jpg!m_fill,w_280,h_210,f_jpg?from=ke.com
20240612,门头沟,大峪,101124351433,小低层大洋房一梯两户。公园园林环境优美,795万,47390元/平,中楼层 (共6层) | 2017年 | 4室1厅 | 167.76平米 | 南 北,https://ke-image.ljcdn.com/110000-inspection/pc1_ugMZW14nf_1.jpg!m_fill,w_280,h_210,f_jpg?from=ke.com
20240612,门头沟,大峪,101124351369,新桥路小区 1室1厅 南,140万,33493元/平,低楼层 (共6层) 1室1厅 | 41.8平米 | 南,https://ke-image.ljcdn.com/110000-inspection/pc1_ESxQlhW7P_1.jpg!m_fill,w_280,h_210,f_jpg?from=ke.com
20240612,门头沟,大峪,101124289798,纯南向 采光好 楼层高 视野佳 满五唯一 精装好房房主自荐,338万,38775元/平,高楼层 (共25层) 2室1厅 | 87.17平米 | 南,https://ke-image.ljcdn.com/110000-inspection/pc1_LVKPDduuI.jpg!m_fill,w_280,h_210,f_jpg?from=ke.com
20240612,门头沟,大峪,101124280137,华远西山雅园  两居  满五年 精装修,315万,37802元/平,底层 (共28层) 2室1厅 | 83.33平米 | 东 南,https://ke-image.ljcdn.com/110000-inspection/8a71f0b7-b3b9-4b25-9379-16fdc043b36b_1000.jpg!m_fill,w_280,h_210,f_jpg?from=ke.com
20240612,门头沟,大峪,101124268262,南北朝向两居室 采光好业主急售,208万,25820元/平,高楼层 (共6层) 2室1厅 | 80.56平米 | 南 北,https://ke-image.ljcdn.com/110000-inspection/pc1_0wi5p1nqL.jpg!m_fill,w_280,h_210,f_jpg?from=ke.com
20240612,门头沟,大峪,101124265155,坡头南街 2室1厅 东 北,170万,27719元/平,高楼层 (共6层) 2室1厅 | 61.33平米 | 东 北,https://ke-image.ljcdn.com/110000-inspection/pc1_yV0NwIqum_1.jpg!m_fill,w_280,h_210,f_jpg?from=ke.com
20240612,门头沟,大峪,101124261558,惠民家园一区 2室1厅 南 北,200万,29348元/平,底层 (共6层) 2室1厅 | 68.15平米 | 南 北,https://ke-image.ljcdn.com/110000-inspection/53020677-d457-42a9-95ab-74df7fa9dd4b_1000.jpg!m_fill,w_280,h_210,f_jpg?from=ke.com
20240612,门头沟,大峪,101124227625,高家园东街1号院 3室2厅 南 北,503万,54979元/平,低楼层 (共6层) 3室2厅 | 91.49平米 | 南 北,https://ke-image.ljcdn.com/110000-inspection/pc1_E3bbkdGlo.jpg!m_fill,w_280,h_210,f_jpg?from=ke.com
20240612,门头沟,大峪,101124216266,惠民家园二区带电梯次顶层采光无遮挡,269万,35639元/平,高楼层 (共11层) 2室1厅 | 75.48平米 | 南,https://ke-image.ljcdn.com/110000-inspection/6fff8a07-28a1-4847-a284-c513c0d8b43a_1000.jpg!m_fill,w_280,h_210,f_jpg?from=ke.com
20240612,门头沟,大峪,101124207286,新桥大街61号院   正规两居室 采光好房主自荐,213万,20333元/平,顶层 (共6层) | 1995年 | 2室1厅 | 104.76平米 | 东 西,https://ke-image.ljcdn.com/110000-inspection/pc1_xvdUVGt6l_1.jpg!m_fill,w_280,h_210,f_jpg?from=ke.com
20240612,门头沟,大峪,101124190409,金泰丽湾   精装修纯商品房  满五唯一,358万,38334元/平,低楼层 (共21层) 2室1厅 | 93.39平米 | 南,https://ke-image.ljcdn.com/110000-inspection/pc1_XEz7WxeB6_1.jpg!m_fill,w_280,h_210,f_jpg?from=ke.com
20240612,门头沟,大峪,101124189725,大峪南路 2室1厅 南 北,163万,28891元/平,顶层 (共5层) 2室1厅 | 56.42平米 | 南 北,https://ke-image.ljcdn.com/110000-inspection/93afd319-085d-4f9e-a004-f2d3634679ff_1000.jpg!m_fill,w_280,h_210,f_jpg?from=ke.com
20240612,门头沟,大峪,101124178782,大峪南路 2室1厅 南 北,209万,32090元/平,低楼层 (共18层) 2室1厅 | 65.13平米 | 南 北,https://ke-image.ljcdn.com/110000-inspection/87a2b2c3-ad09-41b1-967c-6d48a5e66bc3_1000.jpg!m_fill,w_280,h_210,f_jpg?from=ke.com
20240612,门头沟,大峪,101124083274,惠民家园一区 交通方便 环境好 配套齐全,230万,34603元/平,底层 (共6层) 2室1厅 | 66.47平米 | 南 北,https://ke-image.ljcdn.com/110000-inspection/pc1_9vaXw3k7p.jpg!m_fill,w_280,h_210,f_jpg?from=ke.com
20240612,门头沟,大峪,101124024107,桃园小区南北通透两居室明厨暗卫装修好房主自荐,186万,21316元/平,顶层 (共6层) | 2000年 | 2室2厅 | 87.26平米 | 南 北,https://ke-image.ljcdn.com/110000-inspection/pc1_CEraW0aJX_1.jpg!m_fill,w_280,h_210,f_jpg?from=ke.com
20240612,门头沟,大峪,101124007493,大峪精装修两居室 采光好 南北通透 明厨明卫,175万,30178元/平,高楼层 (共6层) 2室1厅 | 57.99平米 | 南 北,https://ke-image.ljcdn.com/110000-inspection/a4e109c4-594e-403a-975f-a0971689e1bf_1000.jpg!m_fill,w_280,h_210,f_jpg?from=ke.com
20240612,门头沟,大峪,101123986207,惠民家园一区 交通方便 环境好 配套齐全,235万,34372元/平,高楼层 (共6层) | 2010年 | 2室1厅 | 68.37平米 | 南,https://ke-image.ljcdn.com/110000-inspection/pc1_s0Z64Riy9.jpg!m_fill,w_280,h_210,f_jpg?from=ke.com
20240612,门头沟,大峪,101123972100,黑山东街 南北通透格局 低楼层精装修 满五唯一商品房,188万,32605元/平,低楼层 (共6层) 2室1厅 | 57.66平米 | 南 北,https://ke-image.ljcdn.com/110000-inspection/1edc92fb-67da-4c29-aa89-8c7dced095c2_1000.jpg!m_fill,w_280,h_210,f_jpg?from=ke.com
20240612,门头沟,大峪,101123969123,惠民二区带电梯正规一居室适合各种人群,158万,33103元/平,高楼层 (共15层) 1室1厅 | 47.73平米 | 南,https://ke-image.ljcdn.com/110000-inspection/072b1a80-d8c9-4a7b-8120-cdafb2c60185_1000.jpg!m_fill,w_280,h_210,f_jpg?from=ke.com
20240612,门头沟,大峪,101123967106,永新小区经典南北通透客厅带窗户两居室,225万,36355元/平,低楼层 (共6层) | 1994年 | 2室1厅 | 61.89平米 | 南 北,https://ke-image.ljcdn.com/110000-inspection/2d580eb6-a0d4-4109-a4f9-8db5fc2b0868_1000.jpg!m_fill,w_280,h_210,f_jpg?from=ke.com
20240612,门头沟,大峪,101123960371,惠民二区正规两居室满五唯一商品房高楼层采光好,260万,34470元/平,中楼层 (共11层) 2室1厅 | 75.43平米 | 南,https://ke-image.ljcdn.com/110000-inspection/56897c30-d388-41f8-a960-a92d9bd8c95c_1000.jpg!m_fill,w_280,h_210,f_jpg?from=ke.com
20240612,门头沟,大峪,101123954698,永新小区 2室1厅 南 北,278万,32413元/平,中楼层 (共6层) 2室1厅 | 85.77平米 | 南 北,https://ke-image.ljcdn.com/110000-inspection/d786a0b7-1d22-4dda-924a-7887dca935b4_1000.jpg!m_fill,w_280,h_210,f_jpg?from=ke.com
20240612,门头沟,大峪,101123954529,桃园小区南北通透大客厅满五年唯一住房采光好,248万,30050元/平,中楼层 (共6层) | 2000年 | 2室1厅 | 82.53平米 | 南 北,https://ke-image.ljcdn.com/110000-inspection/2e00eb5c-de79-4b80-8b35-545517d0a591_1000.jpg!m_fill,w_280,h_210,f_jpg?from=ke.com
20240612,门头沟,大峪,101123943909,金泰丽湾悦栖山  精装修两居室  楼层好无遮挡,358万,38322元/平,中楼层 (共21层) 2室1厅 | 93.42平米 | 南,https://ke-image.ljcdn.com/110000-inspection/pc1_aYVfdJxfg_1.jpg!m_fill,w_280,h_210,f_jpg?from=ke.com
20240612,门头沟,大峪,101123930639,西山艺境平墅前后无遮挡视野好毛坯好装修看房随时,745万,35991元/平,中楼层 (共5层) 4室2厅 | 207平米 | 南 北,https://ke-image.ljcdn.com/110000-inspection/51c63b97-5a3f-4810-bfbf-9b35bf0cd462_1000.jpg!m_fill,w_280,h_210,f_jpg?from=ke.com
20240612,门头沟,大峪,101123924161,惠民家园二区 正南朝向带电梯 户型方正 商品房 采光好,260万,34488元/平,中楼层 (共11层) 2室1厅 | 75.39平米 | 南,https://ke-image.ljcdn.com/110000-inspection/pc1_ixk6FvJgt_1.jpg!m_fill,w_280,h_210,f_jpg?from=ke.com
20240612,门头沟,大峪,101123879288,金泰丽湾悦西山   满五唯一  户型方正,479万,34137元/平,顶层 (共21层) | 2015年 | 3室2厅 | 140.32平米 | 南 西 北,https://ke-image.ljcdn.com/110000-inspection/82c293f5-5d0f-4b2c-99fb-fe2b481c4744_1000.jpg!m_fill,w_280,h_210,f_jpg?from=ke.com
20240612,门头沟,大峪,101123865345,黑山东街 低楼层 东西通透 采光好 无遮挡 两居室房主自荐,180万,31196元/平,底层 (共5层) 2室1厅 | 57.7平米 | 东 西,https://ke-image.ljcdn.com/110000-inspection/d0cc9e3a-326b-4eda-8632-afa391f36f0f_1000.jpg!m_fill,w_280,h_210,f_jpg?from=ke.com
20240612,门头沟,大峪,101123845450,惠民家园二区         满五唯一,159万,29042元/平,底层 (共9层) 1室1厅 | 54.75平米 | 南,https://ke-image.ljcdn.com/110000-inspection/pc1_R8IzCEEgl.jpg!m_fill,w_280,h_210,f_jpg?from=ke.com
20240612,门头沟,大峪,101123840641,惠民家园二区           低楼层  出入方便,308万,36104元/平,底层 (共9层) 3室1厅 | 85.31平米 | 南 北,https://ke-image.ljcdn.com/110000-inspection/7cc98f05-43e6-4c16-b72b-92149608eb69_1000.jpg!m_fill,w_280,h_210,f_jpg?from=ke.com
20240612,门头沟,大峪,101123807091,惠民家园二区 2室1厅 东南,218万,32083元/平,底层 (共9层) 2室1厅 | 67.95平米 | 东南,https://ke-image.ljcdn.com/110000-inspection/pc1_SSUXhqxyE.jpg!m_fill,w_280,h_210,f_jpg?from=ke.com
20240612,门头沟,大峪,101123779974,新桥南大街23号院 2室1厅 南 北,150万,25778元/平,顶层 (共6层) 2室1厅 | 58.19平米 | 南 北,https://ke-image.ljcdn.com/110000-inspection/3d8e5adf-49b1-464c-83a8-0022f8e7fefc_1000.jpg!m_fill,w_280,h_210,f_jpg?from=ke.com
20240612,门头沟,大峪,101123746052,惠民家园二区 南北双通透 精装修 采光好带电梯 满五年,320万,37089元/平,中楼层 (共9层) 3室1厅 | 86.28平米 | 南 北,https://ke-image.ljcdn.com/110000-inspection/7fb0cd45-ef6c-4881-a468-c3b560d8e7e5_1000.jpg!m_fill,w_280,h_210,f_jpg?from=ke.com
20240612,门头沟,大峪,101123720816,惠民家园二区  带电梯两居室 东南朝向 两室一厅,218万,31385元/平,高楼层 (共9层) 2室1厅 | 69.46平米 | 南,https://ke-image.ljcdn.com/110000-inspection/6354527e-fe55-4304-8cf8-8843bfe6e0ee_1000.jpg!m_fill,w_280,h_210,f_jpg?from=ke.com
20240612,门头沟,大峪,101123692470,金泰丽湾悦栖山 精装修婚房 带电梯,515万,39105元/平,低楼层 (共19层) 3室1厅 | 131.7平米 | 南 北,https://ke-image.ljcdn.com/110000-inspection/78344317-a20d-4d80-8e92-801a22c8722e_1000.jpg!m_fill,w_280,h_210,f_jpg?from=ke.com
20240612,门头沟,大峪,101123688756,华远裘马四季南北西朝向采光好。。,990万,51768元/平,中楼层 (共24层) | 2016年 | 4室2厅 | 191.24平米 | 南 西 北,https://ke-image.ljcdn.com/110000-inspection/b5959518-d3e4-43d3-91c6-7ed399d5fc1d_1000.jpg!m_fill,w_280,h_210,f_jpg?from=ke.com
20240612,门头沟,大峪,101123672086,金泰丽湾   全明格局  满五唯一房主自荐,548万,37700元/平,中楼层 (共19层) 3室2厅 | 145.36平米 | 南 西 北,https://ke-image.ljcdn.com/110000-inspection/f28cee25-0777-4d35-b587-83f710c23738_1000.jpg!m_fill,w_280,h_210,f_jpg?from=ke.com
20240612,门头沟,大峪,101123660308,黑山东街两居室满五唯一精装修小区无物业和停车费,285万,28529元/平,高楼层 (共6层) 3室1厅 | 99.9平米 | 东 西,https://ke-image.ljcdn.com/110000-inspection/pc1_3BpJVmoQP_1.jpg!m_fill,w_280,h_210,f_jpg?from=ke.com
20240612,门头沟,大峪,101123637233,黑山东街 南北通透 满五唯一商品房 低楼层 采光好,130万,33549元/平,低楼层 (共6层) 1室1厅 | 38.75平米 | 南 北,https://ke-image.ljcdn.com/110000-inspection/d70853a7-e041-4e2c-b1b5-98898b58db7c_1000.jpg!m_fill,w_280,h_210,f_jpg?from=ke.com
20240612,门头沟,大峪,101123580783,惠民家园二区 带电梯 南北通透 三居室 满五年住房,315万,36761元/平,高楼层 (共9层) 3室1厅 | 85.69平米 | 南 北,https://ke-image.ljcdn.com/110000-inspection/f8759be0-17a3-4281-9540-25f432f837d5_1000.jpg!m_fill,w_280,h_210,f_jpg?from=ke.com
20240612,门头沟,大峪,101123557227,新桥大街61号院  三居室 低楼层  南北通透,299万,29728元/平,低楼层 (共6层) 3室1厅 | 100.58平米 | 东 南 北,https://ke-image.ljcdn.com/110000-inspection/pc1_zmlKkuFX4.jpg!m_fill,w_280,h_210,f_jpg?from=ke.com
20240612,门头沟,大峪,101123503534,黑山东街        高楼层   采光好,118万,28318元/平,顶层 (共7层) | 1994年 | 1室1厅 | 41.67平米 | 南,https://ke-image.ljcdn.com/110000-inspection/300a1fd2-a368-4121-8a92-c12e3d3fb3db_1000.jpg!m_fill,w_280,h_210,f_jpg?from=ke.com
20240612,门头沟,大峪,101123493753,桃园小区 2室2厅 南 北,205万,27312元/平,底层 (共6层) 2室2厅 | 75.06平米 | 南 北,https://ke-image.ljcdn.com/110000-inspection/pc1_iqEAEvhBl.jpg!m_fill,w_280,h_210,f_jpg?from=ke.com
20240612,门头沟,大峪,101123474150,金泰丽湾悦栖山 三居室 带电梯 两梯三户 人车分流,498万,36966元/平,高楼层 (共20层) 3室1厅 | 134.72平米 | 南 北,https://ke-image.ljcdn.com/110000-inspection/1c12020d-62a1-49cf-ab4d-8a18630507ef_1000.jpg!m_fill,w_280,h_210,f_jpg?from=ke.com
20240612,门头沟,大峪,101123460878,金泰丽湾悦栖山  大三居  业主诚心出售,485万,36827元/平,高楼层 (共19层) 3室1厅 | 131.7平米 | 南 北,https://ke-image.ljcdn.com/110000-inspection/pc1_RJDqDqAJh.jpg!m_fill,w_280,h_210,f_jpg?from=ke.com
20240612,门头沟,大峪,101123452468,西山艺境洋房社区 通透户型 视野宽阔 明厨明卫,508万,54937元/平,中楼层 (共6层) 3室1厅 | 92.47平米 | 南 北,https://ke-image.ljcdn.com/110000-inspection/15c3102c-5499-4aba-b049-2d92db2e28f0_1000.jpg!m_fill,w_280,h_210,f_jpg?from=ke.com
20240612,门头沟,大峪,101123421114,满五唯一精装修南北两居室 距离车站比较近出行方便,145万,26509元/平,顶层 (共6层) | 1980年 | 2室1厅 | 54.7平米 | 南 北,https://ke-image.ljcdn.com/110000-inspection/pc1_AzJcwo3v8.jpg!m_fill,w_280,h_210,f_jpg?from=ke.com
20240612,门头沟,大峪,101123421058,金泰丽湾  正南朝向  精装修  人车分流   绿化环境好,355万,38267元/平,顶层 (共21层) | 2015年 | 2室1厅 | 92.77平米 | 南,https://ke-image.ljcdn.com/110000-inspection/pc1_EvnEwOZ4n.jpg!m_fill,w_280,h_210,f_jpg?from=ke.com
20240612,门头沟,大峪,101123398103,西山艺境2号院 小区安静 南北通透大三居室,628万,44204元/平,中楼层 (共5层) 3室2厅 | 142.07平米 | 南 北,https://ke-image.ljcdn.com/110000-inspection/d81abb47-e406-4061-9ab5-db5ee4c44a8c_1000.jpg!m_fill,w_280,h_210,f_jpg?from=ke.com
20240612,门头沟,大峪,101123364006,华远裘马四季商品房小区大平层精装交房,818万,51496元/平,低楼层 (共13层) 3室2厅 | 158.85平米 | 南 北,https://ke-image.ljcdn.com/110000-inspection/bd60fd9f-244f-4317-b5f5-a5dcf5ec87a4_1000.jpg!m_fill,w_280,h_210,f_jpg?from=ke.com
20240612,门头沟,大峪,101123342988,桃园小区 2室1厅 南 北,195万,25682元/平,顶层 (共6层) | 1998年 | 2室1厅 | 75.93平米 | 南 北,https://ke-image.ljcdn.com/110000-inspection/pc1_BcwKV0P7Z.jpg!m_fill,w_280,h_210,f_jpg?from=ke.com
20240612,门头沟,大峪,101123341651,黑山东街两居室 明厨明卫 南北通透,148万,27520元/平,顶层 (共6层) | 1980年 | 2室1厅 | 53.78平米 | 南 北,https://ke-image.ljcdn.com/110000-inspection/pc1_ZEeKh5DtZ.jpg!m_fill,w_280,h_210,f_jpg?from=ke.com
20240612,门头沟,大峪,101123327628,金泰丽湾悦栖山 3室2厅 南 北,568万,40465元/平,高楼层 (共21层) 3室2厅 | 140.37平米 | 南 北,https://ke-image.ljcdn.com/110000-inspection/pc1_bbvukjaoT.jpg!m_fill,w_280,h_210,f_jpg?from=ke.com
20240612,门头沟,大峪,101123325321,惠民一居   满五唯一  户型方正,165万,30882元/平,顶层 (共9层) 1室1厅 | 53.43平米 | 东,https://ke-image.ljcdn.com/110000-inspection/6a7919fa-94ad-47b5-8731-919ae101f89b_1000.jpg!m_fill,w_280,h_210,f_jpg?from=ke.com
20240612,门头沟,大峪,101123247395,西山艺境6号院 南北三居室 中间楼层,578万,41160元/平,中楼层 (共9层) 3室2厅 | 140.43平米 | 南 北,https://ke-image.ljcdn.com/110000-inspection/3e4589e7-98df-4c13-98b1-40b0be7521c1_1000.jpg!m_fill,w_280,h_210,f_jpg?from=ke.com
20240612,门头沟,大峪,101123240227,永新小区 中间楼层 正规客厅 南北通透两居,185万,29825元/平,中楼层 (共6层) 2室1厅 | 62.03平米 | 南 北,https://ke-image.ljcdn.com/110000-inspection/3facfea7-b73f-45b7-9956-357b51193f77_1000.jpg!m_fill,w_280,h_210,f_jpg?from=ke.com
20240612,门头沟,大峪,101123204925,永新小区 2室1厅 南 北,199万,30839元/平,中楼层 (共6层) 2室1厅 | 64.53平米 | 南 北,https://ke-image.ljcdn.com/110000-inspection/1aafbfe2-4c83-41f0-ac67-df7a8a4e73dd_1000.jpg!m_fill,w_280,h_210,f_jpg?from=ke.com
20240612,门头沟,大峪,101123200396,此房满五年唯一住房南北通透首套住房只有契税。,210万,26409元/平,高楼层 (共6层) | 2002年 | 2室1厅 | 79.52平米 | 南 北,https://ke-image.ljcdn.com/110000-inspection/pc1_gZvSxd0xw.jpg!m_fill,w_280,h_210,f_jpg?from=ke.com
20240612,门头沟,大峪,101123199427,房子楼层好采光从早上8点半到下午4点多,218万,28349元/平,中楼层 (共6层) 2室1厅 | 76.9平米 | 南 北,https://ke-image.ljcdn.com/110000-inspection/becb9054-2f13-4b19-8bf0-83f9f044eb98_1000.jpg!m_fill,w_280,h_210,f_jpg?from=ke.com
20240612,门头沟,大峪,101123189240,满五年唯一  精装修  中楼层   是全明格局,173万,28292元/平,中楼层 (共6层) 2室1厅 | 61.15平米 | 南,https://ke-image.ljcdn.com/110000-inspection/865d6792-7fd4-4d39-b789-4aa9c51bb9d3_1000.jpg!m_fill,w_280,h_210,f_jpg?from=ke.com
20240612,门头沟,大峪,101123178481,新桥路小区  精装修  低楼层  南北通透,198万,31389元/平,低楼层 (共6层) 2室1厅 | 63.08平米 | 南 北,https://ke-image.ljcdn.com/110000-inspection/pc1_P5fR7yiDt_1.jpg!m_fill,w_280,h_210,f_jpg?from=ke.com
20240612,门头沟,大峪,101123174864,永新小区 2室1厅 南 北,205万,33049元/平,中楼层 (共6层) 2室1厅 | 62.03平米 | 南 北,https://ke-image.ljcdn.com/110000-inspection/d1bda120-a0da-452a-bb01-e4b3d32dfe7b_1000.jpg!m_fill,w_280,h_210,f_jpg?from=ke.com
20240612,门头沟,大峪,101123151585,桃园小区 2室1厅 南 北,233万,28233元/平,低楼层 (共6层) 2室1厅 | 82.53平米 | 南 北,https://ke-image.ljcdn.com/110000-inspection/720830c5-16d1-40dc-9289-52def6c777f5_1000.jpg!m_fill,w_280,h_210,f_jpg?from=ke.com
20240612,门头沟,大峪,101123129598,新桥大街39号院 小区安静 满五唯一商品房 中间楼层,185万,28844元/平,中楼层 (共6层) 2室1厅 | 64.14平米 | 南 北,https://ke-image.ljcdn.com/110000-inspection/df8b208b-7c58-4276-b26b-bfb4af76890c_1000.jpg!m_fill,w_280,h_210,f_jpg?from=ke.com
20240612,门头沟,大峪,101123078514,桃园小区 2室1厅 南 北,199万,24113元/平,顶层 (共6层) 2室1厅 | 82.53平米 | 南 北,https://ke-image.ljcdn.com/110000-inspection/d0184ced-d20a-4197-b7c9-347962d81270_1000.jpg!m_fill,w_280,h_210,f_jpg?from=ke.com
20240612,门头沟,大峪,101123058906,惠民家园二区  南北通透两居室  楼层好位置好户型好,278万,35706元/平,中楼层 (共14层) 2室1厅 | 77.86平米 | 南 北,https://ke-image.ljcdn.com/110000-inspection/eb1972a0-42e2-4db8-aa08-7b0092dd0101_1000.jpg!m_fill,w_280,h_210,f_jpg?from=ke.com
20240612,门头沟,大峪,101123054307,黑山东街南北通透两居室  中间楼层,188万,32605元/平,中楼层 (共6层) 2室1厅 | 57.66平米 | 南 北,https://ke-image.ljcdn.com/110000-inspection/b6bfca0a-963b-4868-99a9-7fdd070004cc_1000.jpg!m_fill,w_280,h_210,f_jpg?from=ke.com
20240612,门头沟,大峪,101123044095,金泰丽湾悦栖山   精装修  采光好,495万,37359元/平,高楼层 (共21层) 3室2厅 | 132.5平米 | 南 北,https://ke-image.ljcdn.com/110000-inspection/pc1_OjU1fo8EO.jpg!m_fill,w_280,h_210,f_jpg?from=ke.com
20240612,门头沟,大峪,101123010118,新桥路小区 2室1厅 南 北,139万,28333元/平,顶层 (共6层) 2室1厅 | 49.06平米 | 南 北,https://ke-image.ljcdn.com/110000-inspection/405f7d55-b222-4d2b-ae94-51c22b603495_1000.jpg!m_fill,w_280,h_210,f_jpg?from=ke.com
20240612,门头沟,大峪,101123006706,黑山东街           高楼层 采光好,188万,24947元/平,顶层 (共6层) | 1983年 | 2室1厅 | 75.36平米 | 南 北,https://ke-image.ljcdn.com/110000-inspection/e7c92701-d8c9-4671-9e9f-5078c13927f4_1000.jpg!m_fill,w_280,h_210,f_jpg?from=ke.com
20240612,门头沟,大峪,101122960365,西山艺境6号院 3室2厅 南 西 北,680万,48071元/平,高楼层 (共9层) 3室2厅 | 141.46平米 | 南 西 北,https://ke-image.ljcdn.com/110000-inspection/pc1_KodIGVcQZ_1.jpg!m_fill,w_280,h_210,f_jpg?from=ke.com
20240612,门头沟,大峪,101122919608,高楼层采光充足业主靠谱出售看房提前预约,275万,29924元/平,高楼层 (共9层) 2室1厅 | 91.9平米 | 东 西,https://ke-image.ljcdn.com/110000-inspection/pc1_2jmKLp9SS.jpg!m_fill,w_280,h_210,f_jpg?from=ke.com
20240612,门头沟,大峪,101122899774,桃园小区经典南北通透两居室明厨暗卫房主自荐,193万,23386元/平,高楼层 (共6层) 2室1厅 | 82.53平米 | 南 北,https://ke-image.ljcdn.com/110000-inspection/149bdaa6-d062-4aa1-aab6-0db7a0c5abc7_1000.jpg!m_fill,w_280,h_210,f_jpg?from=ke.com
20240612,门头沟,大峪,101122875829,黑山东街    正规一居室   高楼层 采光好,118万,28373元/平,高楼层 (共6层) 1室1厅 | 41.59平米 | 南,https://ke-image.ljcdn.com/110000-inspection/c5380d69-b836-498d-9a7e-0ed1a170505b_1000.jpg!m_fill,w_280,h_210,f_jpg?from=ke.com
20240612,门头沟,大峪,101122870116,永新小区 3室2厅 南 北,265万,28652元/平,顶层 (共6层) 3室2厅 | 92.49平米 | 南 北,https://ke-image.ljcdn.com/110000-inspection/e271217e-3e41-4240-bf53-2c0c909d513c_1000.jpg!m_fill,w_280,h_210,f_jpg?from=ke.com
20240612,门头沟,大峪,101122864747,惠民家园二区 满五年唯一住房 正西朝向 无遮挡,190万,31944元/平,中楼层 (共6层) 2室1厅 | 59.48平米 | 西,https://ke-image.ljcdn.com/110000-inspection/fc7b28f3-8786-4b2a-b291-dc37aafdb5cf_1000.jpg!m_fill,w_280,h_210,f_jpg?from=ke.com
20240612,门头沟,大峪,101122860261,金泰丽湾 大三居 采光好 南北通透,510万,36333元/平,高楼层 (共21层) 3室2厅 | 140.37平米 | 东 南 北,https://ke-image.ljcdn.com/110000-inspection/d7013501-2e37-40ef-8ccc-ee0239884925_1000.jpg!m_fill,w_280,h_210,f_jpg?from=ke.com
20240612,门头沟,大峪,101122851506,明厨明卫精装修采光好南北通透。房主自荐,149万,25882元/平,高楼层 (共6层) 2室1厅 | 57.57平米 | 南 北,https://ke-image.ljcdn.com/110000-inspection/pc1_wl8DRkC66.jpg!m_fill,w_280,h_210,f_jpg?from=ke.com
20240612,门头沟,大峪,101122805787,峪园小区 1室1厅 南,105万,24858元/平,顶层 (共6层) 1室1厅 | 42.24平米 | 南,https://ke-image.ljcdn.com/110000-inspection/cb7a9e8e-17be-4521-a289-e15c70dff71d_1000.jpg!m_fill,w_280,h_210,f_jpg?from=ke.com
20240612,门头沟,大峪,101122786653,此房南北通透采光好出行购物配套齐全,155万,28832元/平,中楼层 (共5层) 2室1厅 | 53.76平米 | 南 北,https://ke-image.ljcdn.com/110000-inspection/49fcdc05-78db-40af-8bfe-123d1d0316a5_1000.jpg!m_fill,w_280,h_210,f_jpg?from=ke.com
20240612,门头沟,大峪,101122747834,新桥大街39号院 南北通透 户型方正 采光好 位置佳,173万,26973元/平,中楼层 (共6层) | 1995年 | 2室1厅 | 64.14平米 | 南 北,https://ke-image.ljcdn.com/110000-inspection/f2bec3d5-b3d3-448f-8afe-5463c9335c0e_1000.jpg!m_fill,w_280,h_210,f_jpg?from=ke.com
20240612,门头沟,大峪,101122744919,大峪南路 楼龄新 南北通透两居距离车站比较近,155万,26064元/平,顶层 (共6层) 2室1厅 | 59.47平米 | 南 北,https://ke-image.ljcdn.com/110000-inspection/9349c367-ee5b-481f-8e04-9f94b592ff82_1000.jpg!m_fill,w_280,h_210,f_jpg?from=ke.com
20240612,门头沟,大峪,101122539776,新桥大街61号院 正规两居室 楼层好 采光好,238万,26308元/平,中楼层 (共6层) | 1995年 | 2室1厅 | 90.47平米 | 南 北,https://ke-image.ljcdn.com/110000-inspection/775273f6-6d47-44eb-8a11-2a76eccc62ff_1000.jpg!m_fill,w_280,h_210,f_jpg?from=ke.com
20240612,门头沟,大峪,101122531307,精装修采光好直接居住  户型方正业主诚心出售,185万,33054元/平,中楼层 (共9层) 1室1厅 | 55.97平米 | 南,https://ke-image.ljcdn.com/110000-inspection/87ad2620-d24a-486e-9130-b0c0213ebbcd_1000.jpg!m_fill,w_280,h_210,f_jpg?from=ke.com
20240612,门头沟,大峪,101122529159,永新小区 满五唯一 南北通透 明厨明卫两居,195万,26658元/平,高楼层 (共6层) 2室1厅 | 73.15平米 | 南 北,https://ke-image.ljcdn.com/110000-inspection/pc1_phn5EyJ9w.jpg!m_fill,w_280,h_210,f_jpg?from=ke.com
20240612,门头沟,大峪,101122495761,黑山东街南北两居室业主诚心出售,185万,32554元/平,中楼层 (共7层) | 1994年 | 2室1厅 | 56.83平米 | 南 北,https://ke-image.ljcdn.com/110000-inspection/pc1_2NkD3jc9W_1.jpg!m_fill,w_280,h_210,f_jpg?from=ke.com
20240612,门头沟,大峪,101122430714,华远裘马四季精装修大平层格局方正,860万,44970元/平,低楼层 (共24层) 4室2厅 | 191.24平米 | 南 北,https://ke-image.ljcdn.com/110000-inspection/1d6cedc8-dcfa-414e-888c-ae483b85c945_1000.jpg!m_fill,w_280,h_210,f_jpg?from=ke.com
20240612,门头沟,大峪,101122406203,峪园小区 南北通透 交通便利 配套完善房主自荐,169万,26615元/平,高楼层 (共6层) | 1985年 | 2室1厅 | 63.5平米 | 南 北,https://ke-image.ljcdn.com/110000-inspection/pc1_tic0UlMzn.jpg!m_fill,w_280,h_210,f_jpg?from=ke.com
20240612,门头沟,大峪,101122272109,新桥家园 满五唯一 后期费用低 交通方便,280万,30389元/平,低楼层 (共24层) 2室1厅 | 92.14平米 | 南,https://ke-image.ljcdn.com/110000-inspection/50cc981f-e5d8-4357-9340-abf6573590ce_1000.jpg!m_fill,w_280,h_210,f_jpg?from=ke.com
20240612,门头沟,大峪,101122257059,紧挨着快4公交两居室高楼层 光好没遮挡,130万,26338元/平,顶层 (共6层) 2室1厅 | 49.36平米 | 南 北,https://ke-image.ljcdn.com/110000-inspection/pc1_c1Ozw1wEW_1.jpg!m_fill,w_280,h_210,f_jpg?from=ke.com
20240612,门头沟,大峪,101122246599,新桥家园大一居中间楼层满五唯一电梯房,268万,31537元/平,高楼层 (共24层) 1室1厅 | 84.98平米 | 西,https://ke-image.ljcdn.com/110000-inspection/99845497-f8ae-46a6-9955-a536f9ac4ca6_1000.jpg!m_fill,w_280,h_210,f_jpg?from=ke.com
20240612,门头沟,大峪,101122223181,满二年 电梯房 地热采暖 交通便利,335万,38177元/平,高楼层 (共25层) | 2015年 | 2室1厅 | 87.75平米 | 南,https://ke-image.ljcdn.com/110000-inspection/e0100e60-4df9-4b29-9c6b-04071869db10_1000.jpg!m_fill,w_280,h_210,f_jpg?from=ke.com
20240612,门头沟,大峪,101122208551,西山艺境2号院 南北通透 中间楼层带电梯,580万,47836元/平,中楼层 (共6层) 3室2厅 | 121.25平米 | 南 北,https://ke-image.ljcdn.com/110000-inspection/pc1_aGDfHaNL9.jpg!m_fill,w_280,h_210,f_jpg?from=ke.com
20240612,门头沟,大峪,101122128952,门城城区位置黑山北小街4号院南北通透明厨明卫两居,183万,36418元/平,底层 (共4层) 2室1厅 | 50.25平米 | 南 北,https://ke-image.ljcdn.com/110000-inspection/pc1_eAu6sxHOk_1.jpg!m_fill,w_280,h_210,f_jpg?from=ke.com
20240612,门头沟,大峪,101122100358,满二年 洋房 电梯直接入户 急售房主自荐,680万,40482元/平,高楼层 (共6层) 4室2厅 | 167.98平米 | 南 北,https://ke-image.ljcdn.com/110000-inspection/76aaa760-cbe5-448d-9105-3e81035615d1_1000.jpg!m_fill,w_280,h_210,f_jpg?from=ke.com
20240612,门头沟,大峪,101122019035,南北通透 唯一住房 低楼层 适合居住,229万,33223元/平,低楼层 (共6层) 2室1厅 | 68.93平米 | 南 北,https://ke-image.ljcdn.com/110000-inspection/pc1_1zzWrklgH.jpg!m_fill,w_280,h_210,f_jpg?from=ke.com
20240612,门头沟,大峪,101121919362,门头沟南北通透两室两厅大客厅大卧室,196万,22462元/平,顶层 (共6层) | 2000年 | 2室1厅 | 87.26平米 | 南 北,https://ke-image.ljcdn.com/110000-inspection/pc1_D8i4PveX8.jpg!m_fill,w_280,h_210,f_jpg?from=ke.com
20240612,门头沟,大峪,101121797183,满五唯一精装修南北通透两居室业主诚意出售,240万,31526元/平,低楼层 (共6层) 2室1厅 | 76.13平米 | 南 北,https://ke-image.ljcdn.com/110000-inspection/pc1_DGSz8skk9_1.jpg!m_fill,w_280,h_210,f_jpg?from=ke.com
20240612,门头沟,大峪,101121761364,黑山北小街11号院 南北通透 户型方正 配套齐全,210万,30026元/平,顶层 (共6层) | 2000年 | 2室1厅 | 69.94平米 | 南 北,https://ke-image.ljcdn.com/110000-inspection/6d12f407-88f9-4859-b60d-dd50dada0004_1000.jpg!m_fill,w_280,h_210,f_jpg?from=ke.com
20240612,门头沟,大峪,101121729164,大峪南路 3室1厅 南 北,193万,31552元/平,中楼层 (共6层) 3室1厅 | 61.17平米 | 南 北,https://ke-image.ljcdn.com/110000-inspection/7cf292e5-b594-4c29-bff9-b6c4c680d871_1000.jpg!m_fill,w_280,h_210,f_jpg?from=ke.com
20240612,门头沟,大峪,101121477706,门城城去位置惠民家园一区纯南一居,162万,33555元/平,低楼层 (共6层) | 2010年 | 1室0厅 | 48.28平米 | 南,https://ke-image.ljcdn.com/110000-inspection/pc1_IW6fxN5Fx.jpg!m_fill,w_280,h_210,f_jpg?from=ke.com
20240612,门头沟,大峪,101121403861,房子满五年了一层适合各种人群居住,129万,41600元/平,底层 (共6层) 1室1厅 | 31.01平米 | 南 北,https://ke-image.ljcdn.com/110000-inspection/pc1_P3kxvIsy0_1.jpg!m_fill,w_280,h_210,f_jpg?from=ke.com
20240612,门头沟,大峪,101121217729,桃园小区 2室1厅 南 北,235万,28475元/平,中楼层 (共6层) 2室1厅 | 82.53平米 | 南 北,https://ke-image.ljcdn.com/110000-inspection/b0c832c0-7c5d-4d49-a09b-01b83ca0b03b_1000.jpg!m_fill,w_280,h_210,f_jpg?from=ke.com
20240612,门头沟,大峪,101121189964,桃园小区 3室1厅 南 北,275万,27857元/平,高楼层 (共6层) 3室1厅 | 98.72平米 | 南 北,https://ke-image.ljcdn.com/110000-inspection/pc1_Rt0SOTEN6.jpg!m_fill,w_280,h_210,f_jpg?from=ke.com
20240612,门头沟,大峪,101121175320,黑山北小街4号院 南北通透 正规两居室 交通方便,198万,35715元/平,顶层 (共4层) 2室1厅 | 55.44平米 | 南 北,https://ke-image.ljcdn.com/110000-inspection/pc1_2CsOeVMXY.jpg!m_fill,w_280,h_210,f_jpg?from=ke.com
20240612,门头沟,大峪,101121094964,西山艺境6号院上跃毛坯装成您想要的样子 视野开阔,766万,54150元/平,顶层 (共9层) 3室2厅 | 141.46平米 | 南 北,https://ke-image.ljcdn.com/110000-inspection/e8bd2c5b-a4ca-4755-89f9-31006f3b09e9_1000.jpg!m_fill,w_280,h_210,f_jpg?from=ke.com
20240612,门头沟,大峪,101121056518,永新小区 3室1厅 南 北,252万,30796元/平,中楼层 (共6层) 3室1厅 | 81.83平米 | 南 北,https://ke-image.ljcdn.com/110000-inspection/pc1_yHGi4iyyO.jpg!m_fill,w_280,h_210,f_jpg?from=ke.com
20240612,门头沟,大峪,101121041620,精装修三居室高楼层视线好业主诚意出售,446万,42255元/平,高楼层 (共25层) 3室1厅 | 105.55平米 | 东 南 西,https://ke-image.ljcdn.com/110000-inspection/pc1_t9svDt9a7.jpg!m_fill,w_280,h_210,f_jpg?from=ke.com
20240612,门头沟,大峪,101120976647,此房位置好交通便利 户型三面采光 精装修 拎包入住,436万,41308元/平,中楼层 (共25层) | 2015年 | 3室1厅 | 105.55平米 | 东 南 西,https://ke-image.ljcdn.com/110000-inspection/91dfb997-530f-43cb-aea2-4da8b684f4d3_1000.jpg!m_fill,w_280,h_210,f_jpg?from=ke.com
20240612,门头沟,大峪,101120942648,房子满五年 正规两居室 南北通透 简单装修房主自荐,198万,32353元/平,中楼层 (共6层) 2室1厅 | 61.2平米 | 南 北,https://ke-image.ljcdn.com/110000-inspection/09b36e4a-9ace-4ed7-a122-8ef3494b3d62_1000.jpg!m_fill,w_280,h_210,f_jpg?from=ke.com
20240612,门头沟,大峪,101120709294,华远裘马四季产权清晰签约随时,720万,45326元/平,低楼层 (共13层) 3室2厅 | 158.85平米 | 南 西 北,https://ke-image.ljcdn.com/110000-inspection/ac744950-346e-4a1a-9229-0f94e01bfef8_1000.jpg!m_fill,w_280,h_210,f_jpg?from=ke.com
20240612,门头沟,大峪,101120493303,满五年唯一 2000年楼龄新 南北通透 大客厅房主自荐,229万,27748元/平,中楼层 (共6层) 2室1厅 | 82.53平米 | 南 北,https://ke-image.ljcdn.com/110000-inspection/c604cbd6-df00-407a-a20c-3a37bada3c77_1000.jpg!m_fill,w_280,h_210,f_jpg?from=ke.com
20240612,门头沟,大峪,101119453494,西山艺境 洋房社区 经典三居室把边户型明厨明卫房主自荐,498万,53856元/平,中楼层 (共6层) | 2016年 | 3室1厅 | 92.47平米 | 南 北,https://ke-image.ljcdn.com/110000-inspection/pc1_hNjJGCQFl_1.jpg!m_fill,w_280,h_210,f_jpg?from=ke.com
20240612,门头沟,大峪,101119199914,门头沟区华远裘马四季精装大平层,840万,43917元/平,中楼层 (共24层) 4室2厅 | 191.27平米 | 南 北,https://ke-image.ljcdn.com/110000-inspection/f4100ea1-182d-4e7a-bd91-a847d5af3521_1000.jpg!m_fill,w_280,h_210,f_jpg?from=ke.com
20240612,门头沟,大峪,101118607847,西山艺境8号院 视野开阔 南北通透没住过 电梯直达车库,850万,50735元/平,中楼层 (共6层) 4室1厅 | 167.54平米 | 南 北,https://ke-image.ljcdn.com/110000-inspection/pc1_ve56h50Mu.jpg!m_fill,w_280,h_210,f_jpg?from=ke.com
20240612,门头沟,大峪,101118229759,大峪南路 三居室 南北通透 明厨明卫,185万,30244元/平,顶层 (共6层) | 1989年 | 3室1厅 | 61.17平米 | 南 北,https://ke-image.ljcdn.com/110000-inspection/pc1_nYrqjoSqT_1.jpg!m_fill,w_280,h_210,f_jpg?from=ke.com
20240612,门头沟,大峪,101115772076,西山艺境8号院 南北朝向四居室 可通车库,750万,44585元/平,顶层 (共6层) | 2018年 | 4室2厅 | 168.22平米 | 南 北,https://ke-image.ljcdn.com/110000-inspection/pc1_uaVJ5t5G0.jpg!m_fill,w_280,h_210,f_jpg?from=ke.com
20240612,门头沟,大峪,101124854734,增产路 2室1厅 南 北新上,176万,25233元/平,低楼层 (共6层) 2室1厅 | 69.75平米 | 南 北,https://ke-image.ljcdn.com/110000-inspection/pc1_wsTdFeMHo_1.jpg!m_fill,w_280,h_210,f_jpg?from=ke.com
20240612,门头沟,大峪,101124836724,西山艺境华墅 4室2厅 东 南 西 北新上,1750万,48219元/平,底层 (共3层) 4室2厅 | 362.93平米 | 东 南 西 北,https://ke-image.ljcdn.com/110000-inspection/pc1_uC8d2v5pd_1.jpg!m_fill,w_280,h_210,f_jpg?from=ke.com
20240612,门头沟,大峪,101124829133,西山艺境6号院毛坯三居室新房交付状态没有住过人新上,625万,44358元/平,中楼层 (共9层) 3室2厅 | 140.9平米 | 南 北,https://ke-image.ljcdn.com/110000-inspection/pc1_lYERITldt.jpg!m_fill,w_280,h_210,f_jpg?from=ke.com
20240612,门头沟,大峪,101124818170,桃园小区 2室1厅 南 北新上,191万,23082元/平,顶层 (共6层) 2室1厅 | 82.75平米 | 南 北,https://ke-image.ljcdn.com/110000-inspection/387ac4a3-9780-41c0-b81e-3b984a431339_1000.jpg!m_fill,w_280,h_210,f_jpg?from=ke.com
20240612,门头沟,大峪,101124811813,惠民家园二区       高楼层  采光好新上,480万,33485元/平,顶层 (共11层) 3室1厅 | 143.35平米 | 南,https://ke-image.ljcdn.com/110000-inspection/b1c5d8e2-5259-4929-bf7d-54f8a49ee75e_1000.jpg!m_fill,w_280,h_210,f_jpg?from=ke.com
20240612,门头沟,大峪,101124806058,满五唯一标准价精装修正规一居室新上,135万,32437元/平,中楼层 (共7层) 1室1厅 | 41.62平米 | 西,https://ke-image.ljcdn.com/110000-inspection/pc1_pGJsxPS9W.jpg!m_fill,w_280,h_210,f_jpg?from=ke.com
20240612,门头沟,大峪,101124800610,西山艺境华墅上下3层地暖无遮挡采光好新上,1160万,34276元/平,底层 (共5层) 5室3厅 | 338.43平米 | 南 北,https://ke-image.ljcdn.com/110000-inspection/pc1_7d9dUFl4v_1.jpg!m_fill,w_280,h_210,f_jpg?from=ke.com
20240612,门头沟,大峪,101124791296,新桥大街39号院  分局楼  精装修新上,186万,29000元/平,中楼层 (共6层) 2室1厅 | 64.14平米 | 南 北,https://ke-image.ljcdn.com/110000-inspection/pc1_XmEmrRiA7_1.jpg!m_fill,w_280,h_210,f_jpg?from=ke.com
20240612,门头沟,大峪,101124774765,黑山东街 满五唯一商品房 东西通透 明厨暗卫采光好新上,157万,27187元/平,顶层 (共7层) 2室1厅 | 57.75平米 | 东 西,https://ke-image.ljcdn.com/110000-inspection/9cf7abee-8d9f-4d19-af2c-97933ffde87f_1000.jpg!m_fill,w_280,h_210,f_jpg?from=ke.com
20240612,门头沟,大峪,101124773651,满五不唯一  户型好 采光好 三居室 适合三代居住新上,512万,38642元/平,低楼层 (共21层) 3室2厅 | 132.5平米 | 南 北,https://ke-image.ljcdn.com/110000-inspection/pc1_foK1SJhTq.jpg!m_fill,w_280,h_210,f_jpg?from=ke.com
20240612,门头沟,大峪,101124767879,西山艺境华墅商品房满五年地上三层地下一层新上,1298万,36090元/平,底层 (共3层) | 2017年 | 5室2厅 | 359.66平米 | 南 北,https://ke-image.ljcdn.com/110000-inspection/c5cfd258-1718-4baf-b61b-07f911103f32_1000.jpg!m_fill,w_280,h_210,f_jpg?from=ke.com
20240612,门头沟,大峪,101124745180,惠民三区   纯南2居   满五唯一新上,179万,29173元/平,中楼层 (共20层) | 2012年 | 2室1厅 | 61.36平米 | 南,https://ke-image.ljcdn.com/110000-inspection/pc1_WRI430CDy.jpg!m_fill,w_280,h_210,f_jpg?from=ke.com
20240612,门头沟,大峪,101124733856,拥有一所半山的花园 静下来享受安逸时光新上,1200万,35511元/平,底层 (共5层) 4室2厅 | 337.93平米 | 南 北,https://ke-image.ljcdn.com/110000-inspection/ab4d535b-256f-423b-8f73-23f65661daeb_1000.jpg!m_fill,w_280,h_210,f_jpg?from=ke.com
20240612,门头沟,大峪,101124723701,西山艺境8号院精装修四居室 电梯洋房,678万,40418元/平,中楼层 (共6层) | 2018年 | 4室2厅 | 167.75平米 | 南 北,https://ke-image.ljcdn.com/110000-inspection/f64f4b09-4715-488b-ade9-24a8e8e0e270_1000.jpg!m_fill,w_280,h_210,f_jpg?from=ke.com
20240612,门头沟,大峪,101124696734,金泰丽湾悦栖山       高楼层   采光好,575万,35746元/平,高楼层 (共20层) 3室2厅 | 160.86平米 | 南 北,https://ke-image.ljcdn.com/110000-inspection/2784a209-204c-41be-bed6-e360827fad3c_1000.jpg!m_fill,w_280,h_210,f_jpg?from=ke.com
20240612,门头沟,大峪,101124690859,西山艺境华墅 南北通透下叠 交通便利 配套完善,1315万,38806元/平,底层 (共6层) 3室3厅 | 338.87平米 | 南 北,https://ke-image.ljcdn.com/110000-inspection/pc1_dyROor93p_1.jpg!m_fill,w_280,h_210,f_jpg?from=ke.com
20240612,门头沟,大峪,101124683051,位置好 交通便利 拎包入住 南北通透 产权清晰,138万,24534元/平,顶层 (共6层) 2室1厅 | 56.25平米 | 南 北,https://ke-image.ljcdn.com/110000-inspection/pc1_qj7wp0m2q.jpg!m_fill,w_280,h_210,f_jpg?from=ke.com
20240612,门头沟,大峪,101124676723,门头沟京汉铂寓 2室1厅 南,328万,37379元/平,高楼层 (共25层) 2室1厅 | 87.75平米 | 南,https://ke-image.ljcdn.com/110000-inspection/pc1_iCUM7K2GK_1.jpg!m_fill,w_280,h_210,f_jpg?from=ke.com
20240612,门头沟,大峪,101124665751,惠民家园两居室南北通透楼层好采光充足,195万,29135元/平,低楼层 (共6层) 2室1厅 | 66.93平米 | 南 北,https://ke-image.ljcdn.com/110000-inspection/pc1_cpuypbxWY.jpg!m_fill,w_280,h_210,f_jpg?from=ke.com
20240612,门头沟,大峪,101124622747,金泰丽湾 满五唯一 纯商品房   人车分流,365万,39345元/平,高楼层 (共21层) 2室1厅 | 92.77平米 | 南,https://ke-image.ljcdn.com/110000-inspection/pc1_AWhIckYfi.jpg!m_fill,w_280,h_210,f_jpg?from=ke.com
20240612,门头沟,大峪,101124612834,西山艺境3号院 复式结构 采光视野开阔 签约随,705万,50182元/平,顶层 (共5层) 5室3厅 | 140.49平米 | 南 西北,https://ke-image.ljcdn.com/110000-inspection/bb603190-88bc-4b96-a5e6-beedbcb7e404_1000.jpg!m_fill,w_280,h_210,f_jpg?from=ke.com
20240612,门头沟,大峪,101124591954,新桥大街61号院  满五唯一  方正大户型,356万,23930元/平,顶层 (共6层) | 1995年 | 4室2厅 | 148.77平米 | 南 北,https://ke-image.ljcdn.com/110000-inspection/pc1_7kzHekDOo.jpg!m_fill,w_280,h_210,f_jpg?from=ke.com
20240612,门头沟,大峪,101124589331,金泰丽湾悦栖山南北通透精装修采光无遮挡 人车分,500万,35633元/平,顶层 (共21层) | 2015年 | 3室2厅 | 140.32平米 | 南 北,https://ke-image.ljcdn.com/110000-inspection/0e170ed8-f6fa-48ca-b692-548915c8c60c_1000.jpg!m_fill,w_280,h_210,f_jpg?from=ke.com
20240612,门头沟,大峪,101124573962,惠民家园二区 南北通透三居室。,320万,36418元/平,中楼层 (共9层) 3室1厅 | 87.87平米 | 南 北,https://ke-image.ljcdn.com/110000-inspection/pc1_vkNfjPkHF.jpg!m_fill,w_280,h_210,f_jpg?from=ke.com
20240612,门头沟,大峪,101124573807,金泰丽湾悦西山  满五唯一  人车分流,379万,40592元/平,高楼层 (共21层) | 2015年 | 2室1厅 | 93.37平米 | 南,https://ke-image.ljcdn.com/110000-inspection/test-5a7801b0-01d3-4738-9af1-70bc8f1d2cee.png!m_fill,w_280,h_210,f_jpg?from=ke.com
20240612,门头沟,大峪,101124569466,新桥路小区 1室1厅 东 西,139万,29733元/平,中楼层 (共6层) 1室1厅 | 46.75平米 | 东 西,https://ke-image.ljcdn.com/110000-inspection/pc1_EYoHfbXqt.jpg!m_fill,w_280,h_210,f_jpg?from=ke.com
20240612,门头沟,大峪,101124564320,永新小区 2室1厅 南 北,200万,32680元/平,低楼层 (共6层) 2室1厅 | 61.2平米 | 南 北,https://ke-image.ljcdn.com/110000-inspection/pc1_qrgE6t5ab_1.jpg!m_fill,w_280,h_210,f_jpg?from=ke.com
20240612,门头沟,大峪,101124562799,大峪南路 2室1厅 南 北,162万,29106元/平,顶层 (共6层) | 1982年 | 2室1厅 | 55.66平米 | 南 北,https://ke-image.ljcdn.com/110000-inspection/pc1_waECgeGgz.jpg!m_fill,w_280,h_210,f_jpg?from=ke.com
20240612,门头沟,大峪,101124557597,新桥大街39号院   南北通透户型采光好位置佳,198万,32847元/平,底层 (共6层) 2室1厅 | 60.28平米 | 南 北,https://ke-image.ljcdn.com/110000-inspection/6516f2fb-ec3c-4d7a-b2aa-1957418966b9_1000.jpg!m_fill,w_280,h_210,f_jpg?from=ke.com
20240612,门头沟,大峪,101124505999,黑山北小街4号院南北朝向通风好,148万,27337元/平,中楼层 (共6层) 2室1厅 | 54.14平米 | 南 北,https://ke-image.ljcdn.com/110000-inspection/89834082-53a2-40a3-8e8a-45ed124b5b76_1000.jpg!m_fill,w_280,h_210,f_jpg?from=ke.com
20240612,门头沟,大峪,101124504480,此房满五不唯一 楼层好 购物 壹公里超市 京房主自荐,248万,33853元/平,中楼层 (共14层) 2室1厅 | 73.26平米 | 南 东,https://ke-image.ljcdn.com/110000-inspection/d9a1b629-f1d7-438c-9c5d-cf15892c5aaa_1000.jpg!m_fill,w_280,h_210,f_jpg?from=ke.com
20240612,门头沟,大峪,101124495958,黑山东街 2室1厅 南,189万,32779元/平,中楼层 (共6层) 2室1厅 | 57.66平米 | 南,https://ke-image.ljcdn.com/110000-inspection/8ef81e63-65db-4418-8d3f-4543341504fd_1000.jpg!m_fill,w_280,h_210,f_jpg?from=ke.com
20240612,门头沟,大峪,101124494009,新桥路小区 1室1厅 东 西,152万,24996元/平,底层 (共6层) | 1993年 | 1室1厅 | 60.81平米 | 东 西,https://ke-image.ljcdn.com/110000-inspection/3f687868-1076-4db1-928f-0a20d8342970_1000.jpg!m_fill,w_280,h_210,f_jpg?from=ke.com
20240612,门头沟,大峪,101124490643,永新小区 2室1厅 北 南,178万,28696元/平,低楼层 (共6层) | 1995年 | 2室1厅 | 62.03平米 | 北 南,https://ke-image.ljcdn.com/110000-inspection/pc1_c3Vnyikv0.jpg!m_fill,w_280,h_210,f_jpg?from=ke.com
20240612,门头沟,大峪,101124474540,门头沟京汉铂寓 南北通透 带有电梯 房龄新房主自荐,350万,37282元/平,高楼层 (共25层) 2室1厅 | 93.88平米 | 南 北,https://ke-image.ljcdn.com/110000-inspection/pc1_EcjyB2wF7_1.jpg!m_fill,w_280,h_210,f_jpg?from=ke.com
20240612,门头沟,大峪,101124454136,西山艺境华墅 南北通透上跃 精装修 交通便利,1150万,57183元/平,顶层 (共5层) | 2017年 | 5室1厅 | 201.11平米 | 南 北,https://ke-image.ljcdn.com/110000-inspection/pc1_ndYg0epiZ_1.jpg!m_fill,w_280,h_210,f_jpg?from=ke.com
20240612,门头沟,大峪,101124410391,东南朝向 格局合理 复式结构 视野好无遮挡 采光,510万,35603元/平,顶层 (共11层) 3室3厅 | 143.25平米 | 东 南,https://ke-image.ljcdn.com/110000-inspection/pc1_GtPxwJimL_1.jpg!m_fill,w_280,h_210,f_jpg?from=ke.com
20240612,门头沟,大峪,101124361128,金泰丽湾悦栖山 精装修 采光无正当,468万,39040元/平,低楼层 (共20层) 3室1厅 | 119.88平米 | 南 北,https://ke-image.ljcdn.com/110000-inspection/120864ad-e2d6-4e8d-ae9c-94cf1045cf61_1000.jpg!m_fill,w_280,h_210,f_jpg?from=ke.com
20240612,门头沟,大峪,101124351187,此房是业主唯一住房高楼层 采光好 视野好,263万,31128元/平,顶层 (共24层) | 2003年 | 1室1厅 | 84.49平米 | 东北,https://ke-image.ljcdn.com/110000-inspection/pc1_wN8v8wtWb.jpg!m_fill,w_280,h_210,f_jpg?from=ke.com
20240612,门头沟,大峪,101124330407,大峪南路 2室1厅 南 北,180万,33696元/平,中楼层 (共6层) 2室1厅 | 53.42平米 | 南 北,https://ke-image.ljcdn.com/110000-inspection/4833b274-631c-4666-bc3b-36a357e998f3_1000.jpg!m_fill,w_280,h_210,f_jpg?from=ke.com
20240612,门头沟,大峪,101124295301,采光好 无遮挡 商品房 满五年 精装修 全明格局,895万,40623元/平,高楼层 (共19层) | 2015年 | 4室2厅 | 220.32平米 | 南 北,https://ke-image.ljcdn.com/110000-inspection/pc1_HEDQU1vyO.jpg!m_fill,w_280,h_210,f_jpg?from=ke.com
20240612,门头沟,大峪,101124284605,黑山东街 南北通透两居室  采光充足 业主诚心出售,147万,25867元/平,顶层 (共7层) 2室1厅 | 56.83平米 | 南 北,https://ke-image.ljcdn.com/110000-inspection/pc1_7sxyxbj4g.jpg!m_fill,w_280,h_210,f_jpg?from=ke.com
20240612,门头沟,大峪,101124271970,金泰丽湾悦栖山   正规三居室  楼层好 采光好,515万,38228元/平,中楼层 (共20层) 3室2厅 | 134.72平米 | 南 北,https://ke-image.ljcdn.com/110000-inspection/pc1_2DVkg7K1x.jpg!m_fill,w_280,h_210,f_jpg?from=ke.com
20240612,门头沟,大峪,101124254396,满五南北格局 生活配套基本齐全交通便利配套齐全,255万,35353元/平,中楼层 (共9层) | 2010年 | 2室1厅 | 72.13平米 | 南 北,https://ke-image.ljcdn.com/110000-inspection/bb373feb-c5a9-4e4c-a994-d871a868c0bc_1000.jpg!m_fill,w_280,h_210,f_jpg?from=ke.com
20240612,门头沟,大峪,101124244916,大峪南路 满五唯一  钢混结构有电梯  视野开阔采光好,185万,31826元/平,低楼层 (共16层) 2室1厅 | 58.13平米 | 东南,https://ke-image.ljcdn.com/110000-inspection/pc1_OVXgxYLSI.jpg!m_fill,w_280,h_210,f_jpg?from=ke.com
20240612,门头沟,大峪,101124231702,峪园小区 2室1厅 南,193万,23979元/平,顶层 (共6层) 2室1厅 | 80.49平米 | 南,https://ke-image.ljcdn.com/110000-inspection/73a5d314-e347-42d2-a1e3-d69b1f1b5da6_1000.jpg!m_fill,w_280,h_210,f_jpg?from=ke.com
20240612,门头沟,大峪,101124196946,大峪南路带电梯的两居室 快4沿线  交通便利 配套齐全,172万,26409元/平,底层 (共16层) 2室1厅 | 65.13平米 | 东南,https://ke-image.ljcdn.com/110000-inspection/pc1_eIPFNRKbR.jpg!m_fill,w_280,h_210,f_jpg?from=ke.com
20240612,门头沟,大峪,101124193274,大峪南路 2室1厅 南 北,188万,31613元/平,中楼层 (共6层) 2室1厅 | 59.47平米 | 南 北,https://ke-image.ljcdn.com/110000-inspection/28f12b36-f19f-40d3-9af0-04a86a185a49_1000.jpg!m_fill,w_280,h_210,f_jpg?from=ke.com
20240612,门头沟,大峪,101124192791,大峪南路 2室1厅 西北,184万,24616元/平,低楼层 (共6层) 2室1厅 | 74.75平米 | 西北,https://ke-image.ljcdn.com/110000-inspection/pc1_LYcBhz1p4_1.jpg!m_fill,w_280,h_210,f_jpg?from=ke.com
20240612,门头沟,大峪,101124186086,新桥路小区 精装修 看房方便 适合老人居住,176万,34262元/平,底层 (共6层) 1室1厅 | 51.37平米 | 东 西,https://ke-image.ljcdn.com/110000-inspection/pc1_XIWOc7hwY_1.jpg!m_fill,w_280,h_210,f_jpg?from=ke.com
20240612,门头沟,大峪,101124177535,此房满五南北通透 采光视野好交通便利配套设施齐全,178万,26828元/平,中楼层 (共6层) 2室1厅 | 66.35平米 | 南 北,https://ke-image.ljcdn.com/110000-inspection/ed0b40a9-c499-4fba-80a6-ca0c7bd9328c_1000.jpg!m_fill,w_280,h_210,f_jpg?from=ke.com
20240612,门头沟,大峪,101124157202,惠民三区  南北西三面采光  满五唯一,206万,33988元/平,高楼层 (共20层) | 2012年 | 2室1厅 | 60.61平米 | 南 西 北,https://ke-image.ljcdn.com/110000-inspection/c667e197-d5f2-42c6-b550-80e4a51698c6_1000.jpg!m_fill,w_280,h_210,f_jpg?from=ke.com
20240612,门头沟,大峪,101124133276,新桥路小区 2室1厅 南 北,149万,30053元/平,顶层 (共6层) | 1992年 | 2室1厅 | 49.58平米 | 南 北,https://ke-image.ljcdn.com/110000-inspection/pc1_BdwPDQCZm_1.jpg!m_fill,w_280,h_210,f_jpg?from=ke.com
20240612,门头沟,大峪,101124127867,惠民家园二区 带电梯 正东朝向 一居室视野开阔 采光好,150万,28075元/平,顶层 (共9层) 1室0厅 | 53.43平米 | 东,https://ke-image.ljcdn.com/110000-inspection/39b51de6-c470-4b92-b5dc-5e7eeb341997_1000.jpg!m_fill,w_280,h_210,f_jpg?from=ke.com
20240612,门头沟,大峪,101124125936,金泰丽湾悦栖山 精装修 南北双通透 低楼层 无遮挡,485万,40077元/平,低楼层 (共21层) 2室1厅 | 121.02平米 | 南 北,https://ke-image.ljcdn.com/110000-inspection/pc1_nCnjzVgzH.jpg!m_fill,w_280,h_210,f_jpg?from=ke.com
20240612,门头沟,大峪,101124016230,惠民家园二区 房龄新 带电梯 采光好 一梯四户 地采暖,168万,26424元/平,中楼层 (共15层) 1室1厅 | 63.58平米 | 东,https://ke-image.ljcdn.com/110000-inspection/pc1_9tslRtclc.jpg!m_fill,w_280,h_210,f_jpg?from=ke.com
20240612,门头沟,大峪,101124013322,西山艺境华墅人车分流 安静出行购物都方便,1880万,47927元/平,底层 (共3层) 7室2厅 | 392.27平米 | 南 北,https://ke-image.ljcdn.com/110000-inspection/fb706be3-88bb-4b20-9946-72c8faed5f11_1000.jpg!m_fill,w_280,h_210,f_jpg?from=ke.com
20240612,门头沟,大峪,101123936309,惠民家园一区南北朝向屋里有上楼上的楼梯。,210万,30743元/平,高楼层 (共6层) 2室1厅 | 68.31平米 | 南 北,https://ke-image.ljcdn.com/110000-inspection/pc1_kwlDHk4xs.jpg!m_fill,w_280,h_210,f_jpg?from=ke.com
20240612,门头沟,大峪,101123935264,新桥家园 满五唯一 高楼层 采光视野好,238万,29736元/平,高楼层 (共24层) 2室1厅 | 80.04平米 | 西,https://ke-image.ljcdn.com/110000-inspection/4a715273-0cfc-4001-864c-1af6d9611040_1000.jpg!m_fill,w_280,h_210,f_jpg?from=ke.com
20240612,门头沟,大峪,101123906032,此房满五唯一南北通透户型好,303万,22623元/平,顶层 (共6层) 4室1厅 | 133.94平米 | 南 北,https://ke-image.ljcdn.com/110000-inspection/bc7850fc-bbca-44c6-8db9-75e2c602d6a2_1000.jpg!m_fill,w_280,h_210,f_jpg?from=ke.com
20240612,门头沟,大峪,101123904499,高家园东街1号院 4室2厅 南 北,730万,70662元/平,底层 (共6层) 4室2厅 | 103.31平米 | 南 北,https://ke-image.ljcdn.com/110000-inspection/pc1_XoKvywz13.jpg!m_fill,w_280,h_210,f_jpg?from=ke.com
20240612,门头沟,大峪,101123882653,视野开阔南北通透花园洋房四居室户型方正,679万,40463元/平,低楼层 (共6层) | 2018年 | 4室2厅 | 167.81平米 | 南 北,https://ke-image.ljcdn.com/110000-inspection/pc1_BxIFU0Gec_1.jpg!m_fill,w_280,h_210,f_jpg?from=ke.com
20240612,门头沟,大峪,101123867102,西山艺境华墅 下叠毛坯诚意出售,1350万,49576元/平,底层 (共5层) 5室3厅 | 272.31平米 | 南 北,https://ke-image.ljcdn.com/110000-inspection/pc1_Q8TbO4T6Q.jpg!m_fill,w_280,h_210,f_jpg?from=ke.com
20240612,门头沟,大峪,101123856383,峪园小区 2室1厅 南 北,215万,31848元/平,低楼层 (共6层) | 1986年 | 2室1厅 | 67.51平米 | 南 北,https://ke-image.ljcdn.com/110000-inspection/25bac3d4-b6df-4b31-880b-852ece736741_1000.jpg!m_fill,w_280,h_210,f_jpg?from=ke.com
20240612,门头沟,大峪,101123820946,电梯房 两居室 带装修 可以拎包入住,209万,30008元/平,中楼层 (共16层) 2室1厅 | 69.65平米 | 东 南 西 北,https://ke-image.ljcdn.com/110000-inspection/pc1_CKHfIpFgL_1.jpg!m_fill,w_280,h_210,f_jpg?from=ke.com
20240612,门头沟,大峪,101123812261,满五唯一 花园下跃精装修 拎包入住,850万,67221元/平,底层 (共8层) 4室1厅 | 126.45平米 | 南 北,https://ke-image.ljcdn.com/110000-inspection/pc1_Pn8cmoV6u.jpg!m_fill,w_280,h_210,f_jpg?from=ke.com
20240612,门头沟,大峪,101123724833,西山艺境3号院 上叠户型 看房方便  小区环境好,828万,58883元/平,顶层 (共9层) | 2015年 | 7室2厅 | 140.62平米 | 南 北,https://ke-image.ljcdn.com/110000-inspection/pc1_iOBDj53qm.jpg!m_fill,w_280,h_210,f_jpg?from=ke.com
20240612,门头沟,大峪,101123722251,黑山东街  正规一居室   户型好  业主诚心出售,89万,23354元/平,地下室 (共7层) 2室1厅 | 38.11平米 | 西,https://ke-image.ljcdn.com/110000-inspection/pc1_ZVWpWTf10_1.jpg!m_fill,w_280,h_210,f_jpg?from=ke.com
20240612,门头沟,大峪,101123721730,惠民家园二区               前后没有遮挡,270万,29212元/平,低楼层 (共9层) | 2010年 | 2室1厅 | 92.43平米 | 东 西,https://ke-image.ljcdn.com/110000-inspection/pc1_xspOutaCb_1.jpg!m_fill,w_280,h_210,f_jpg?from=ke.com
20240612,门头沟,大峪,101123713496,西山艺境3号院 5室2厅 南 北,980万,57374元/平,顶层 (共8层) 5室2厅 | 170.81平米 | 南 北,https://ke-image.ljcdn.com/110000-inspection/2ce689e4-4422-4f19-a8ae-09319a27cfd6_1000.jpg!m_fill,w_280,h_210,f_jpg?from=ke.com
20240612,门头沟,大峪,101123680200,西山艺境华墅 4室2厅 南 北,1050万,46395元/平,中楼层 (共5层) 4室2厅 | 226.32平米 | 南 北,https://ke-image.ljcdn.com/110000-inspection/pc1_1XyrLMxOZ.jpg!m_fill,w_280,h_210,f_jpg?from=ke.com
20240612,门头沟,大峪,101123656729,惠民家园二区       商品房房主自荐,248万,29808元/平,高楼层 (共15层) 2室1厅 | 83.2平米 | 东 西,https://ke-image.ljcdn.com/110000-inspection/pc1_UR3xAJOE7.jpg!m_fill,w_280,h_210,f_jpg?from=ke.com
20240612,门头沟,大峪,101123656544,新桥家园 4室2厅 东南,488万,28998元/平,中楼层 (共24层) 4室2厅 | 168.29平米 | 东南,https://ke-image.ljcdn.com/110000-inspection/pc1_LNbUkxoFM_1.jpg!m_fill,w_280,h_210,f_jpg?from=ke.com
20240612,门头沟,大峪,101123579856,桃园小区 2000年 满五唯一 大客厅 采光好,179万,23277元/平,顶层 (共6层) | 1999年 | 2室1厅 | 76.9平米 | 南 北,https://ke-image.ljcdn.com/110000-inspection/8ba2ac60-b50e-4e79-855f-e736c1caee86_1000.jpg!m_fill,w_280,h_210,f_jpg?from=ke.com
20240612,门头沟,大峪,101123579694,西山艺境8号院  精装修 直通车库诚意出售,768万,45715元/平,高楼层 (共6层) | 2019年 | 3室2厅 | 168平米 | 南 西 北,https://ke-image.ljcdn.com/110000-inspection/pc1_S4bhN8aLE.jpg!m_fill,w_280,h_210,f_jpg?from=ke.com
20240612,门头沟,大峪,101123570853,新桥路此房满五唯一东西通透 采光好没遮挡,189万,25363元/平,顶层 (共6层) | 1993年 | 3室1厅 | 74.52平米 | 东 西,https://ke-image.ljcdn.com/110000-inspection/35360fb5-1551-48b9-82a8-2ede3fa43d9f_1000.jpg!m_fill,w_280,h_210,f_jpg?from=ke.com
20240612,门头沟,大峪,101123514630,西山艺境华墅 5室2厅 南 北,1050万,50698元/平,中楼层 (共5层) | 2017年 | 5室2厅 | 207.11平米 | 南 北,https://ke-image.ljcdn.com/110000-inspection/pc1_WJxULjw86_1.jpg!m_fill,w_280,h_210,f_jpg?from=ke.com
20240612,门头沟,大峪,101123469948,满五唯一  精装修随时看房 楼前绿化全南朝向两居室,359万,38648元/平,低楼层 (共21层) 2室1厅 | 92.89平米 | 南,https://ke-image.ljcdn.com/110000-inspection/cafb886f-6756-498e-b2e9-fc93f4d72ffa_1000.jpg!m_fill,w_280,h_210,f_jpg?from=ke.com
20240612,门头沟,大峪,101123448712,新桥家园中间楼层带电梯 采光好,529万,31434元/平,中楼层 (共24层) | 2003年 | 3室2厅 | 168.29平米 | 西南,https://ke-image.ljcdn.com/110000-inspection/a7b0611e-5b0d-4da3-9bd9-aec097946f5d_1000.jpg!m_fill,w_280,h_210,f_jpg?from=ke.com
20240612,门头沟,大峪,101123424362,西山艺境华墅大联排急售独门独院,1150万,31978元/平,底层 (共3层) | 2017年 | 5室2厅 | 359.63平米 | 南 北,https://ke-image.ljcdn.com/110000-inspection/pc1_RWFHY0vpR_1.jpg!m_fill,w_280,h_210,f_jpg?from=ke.com
20240612,门头沟,大峪,101123422825,南北通透一层 两居室 看房随时有钥匙,176万,31885元/平,底层 (共6层) 2室1厅 | 55.2平米 | 南 北,https://ke-image.ljcdn.com/110000-inspection/pc1_YdNct0VKk_1.jpg!m_fill,w_280,h_210,f_jpg?from=ke.com
20240612,门头沟,大峪,101123408721,西山环路2号院 *西山艺境2号院,640万,45160元/平,中楼层 (共5层) | 2016年 | 3室2厅 | 141.72平米 | 南 北,https://ke-image.ljcdn.com/110000-inspection/3a670556-58e1-4e43-9b35-b08ba11504a5_1000.jpg!m_fill,w_280,h_210,f_jpg?from=ke.com
20240612,门头沟,大峪,101123384869,惠民家园二区 户型好 毛坯房 采光好无遮挡,259万,34561元/平,底层 (共14层) | 2010年 | 2室1厅 | 74.94平米 | 南 北,https://ke-image.ljcdn.com/110000-inspection/c666f7c3-c9b5-4be3-871a-d819f3461e2c_1000.jpg!m_fill,w_280,h_210,f_jpg?from=ke.com
20240612,门头沟,大峪,101123350746,依山环绕 高档洋房 南北通透 电梯直接入户,639万,38041元/平,中楼层 (共6层) 4室2厅 | 167.98平米 | 南 北,https://ke-image.ljcdn.com/110000-inspection/pc1_KOd6hoARX.jpg!m_fill,w_280,h_210,f_jpg?from=ke.com
20240612,门头沟,大峪,101123336812,西山艺境华墅 3室2厅 北 东 南,855万,37681元/平,中楼层 (共5层) | 2017年 | 3室2厅 | 226.91平米 | 北 东 南,https://ke-image.ljcdn.com/110000-inspection/pc1_C6G4vFJeN_1.jpg!m_fill,w_280,h_210,f_jpg?from=ke.com
20240612,门头沟,大峪,101123318323,西山艺境7号院 南北通透 格局好 视野开阔 封闭式管理,1150万,67903元/平,底层 (共6层) 4室1厅 | 169.36平米 | 南 北,https://ke-image.ljcdn.com/110000-inspection/pc1_L9pAx5J6Z.jpg!m_fill,w_280,h_210,f_jpg?from=ke.com
20240612,门头沟,大峪,101123304910,西山艺境华墅 4室2厅 南 北,760万,33581元/平,中楼层 (共5层) 4室2厅 | 226.32平米 | 南 北,https://ke-image.ljcdn.com/110000-inspection/40159bc5-1a3d-4410-9377-e8fdfa11daf2_1000.jpg!m_fill,w_280,h_210,f_jpg?from=ke.com
20240612,门头沟,大峪,101123302299,西山艺境华墅 下叠南北通透诚意出售,1280万,38893元/平,底层 (共5层) 5室3厅 | 329.11平米 | 南 北,https://ke-image.ljcdn.com/110000-inspection/pc1_YMOGVsuWE.jpg!m_fill,w_280,h_210,f_jpg?from=ke.com
20240612,门头沟,大峪,101123278223,金泰丽湾悦栖山 南北通透两居室 采光好 无遮挡,398万,36117元/平,底层 (共20层) | 2016年 | 2室1厅 | 110.2平米 | 南 北,https://ke-image.ljcdn.com/110000-inspection/pc1_GcYgWNRYs.jpg!m_fill,w_280,h_210,f_jpg?from=ke.com
20240612,门头沟,大峪,101123277975,新桥路小区 2室1厅 南 北,165万,26162元/平,顶层 (共6层) | 1993年 | 2室1厅 | 63.07平米 | 南 北,https://ke-image.ljcdn.com/110000-inspection/pc1_XeDe0QlRp_1.jpg!m_fill,w_280,h_210,f_jpg?from=ke.com
20240612,门头沟,大峪,101123258671,新桥  大街  甲43  号楼,139万,25694元/平,顶层 (共6层) 2室1厅 | 54.1平米 | 南 北,https://ke-image.ljcdn.com/110000-inspection/eb4646e6-3c28-47d8-be0e-1603cce51c7a_1000.jpg!m_fill,w_280,h_210,f_jpg?from=ke.com
20240612,门头沟,大峪,101123257015,南北通透中低楼层装修好出行方便,169万,28390元/平,低楼层 (共6层) 2室1厅 | 59.53平米 | 南 北,https://ke-image.ljcdn.com/110000-inspection/pc1_6iKhJkvJI.jpg!m_fill,w_280,h_210,f_jpg?from=ke.com
20240612,门头沟,大峪,101123240623,金泰丽湾悦栖山  中间楼层 位置好 无遮挡 采光好,369万,39776元/平,高楼层 (共21层) | 2015年 | 2室1厅 | 92.77平米 | 南,https://ke-image.ljcdn.com/110000-inspection/pc1_n873VasbA.jpg!m_fill,w_280,h_210,f_jpg?from=ke.com
20240612,门头沟,大峪,101123148228,惠民家园二区高楼层采光充足看房随时,286万,34930元/平,顶层 (共11层) 1室1厅 | 81.88平米 | 西,https://ke-image.ljcdn.com/110000-inspection/22f93d0d-4a0c-4c91-99be-db925f34ffcd_1000.jpg!m_fill,w_280,h_210,f_jpg?from=ke.com
20240612,门头沟,大峪,101123145469,新桥家园满五唯一后期费用低视野开阔高楼层诚心出售,260万,31394元/平,高楼层 (共24层) | 2003年 | 2室1厅 | 82.82平米 | 东北,https://ke-image.ljcdn.com/110000-inspection/cfb51b04-21aa-4e5e-be4f-0a9f0e67c123_1000.jpg!m_fill,w_280,h_210,f_jpg?from=ke.com
20240612,门头沟,大峪,101123124249,永新小区正规两室一厅 南北通透 简单装修。,185万,29825元/平,中楼层 (共6层) | 1995年 | 2室1厅 | 62.03平米 | 南 北,https://ke-image.ljcdn.com/110000-inspection/de1bd046-f39e-4240-b521-cdcf6887efd1_1000.jpg!m_fill,w_280,h_210,f_jpg?from=ke.com
20240612,门头沟,大峪,101123123856,带电梯    高层两居交通方便不临街地理位置好,210万,32244元/平,高楼层 (共16层) 2室1厅 | 65.13平米 | 东南,https://ke-image.ljcdn.com/110000-inspection/pc1_HFVsnkxhT.jpg!m_fill,w_280,h_210,f_jpg?from=ke.com
20240612,门头沟,大峪,101123109970,黑山东街正规一居室南北通透户型好,109万,28130元/平,顶层 (共6层) 1室1厅 | 38.75平米 | 南 北,https://ke-image.ljcdn.com/110000-inspection/pc1_3X0KsPyOB.jpg!m_fill,w_280,h_210,f_jpg?from=ke.com
20240612,门头沟,大峪,101123109527,西山艺境华墅 中叠采光好直通车库诚意出售,1330万,58604元/平,中楼层 (共6层) 4室2厅 | 226.95平米 | 南 北,https://ke-image.ljcdn.com/110000-inspection/pc1_M7vr3ySZE.jpg!m_fill,w_280,h_210,f_jpg?from=ke.com
20240612,门头沟,大峪,101123074813,新桥大街甲43号楼 采光视野好 看房方便 签约随时,208万,29929元/平,高楼层 (共6层) | 1987年 | 2室1厅 | 69.5平米 | 南 北,https://ke-image.ljcdn.com/110000-inspection/pc1_raHabcmIK.jpg!m_fill,w_280,h_210,f_jpg?from=ke.com
20240612,门头沟,大峪,101123046564,峪园小区 南北两居室 出行购物都方便,180万,29212元/平,顶层 (共6层) 2室1厅 | 61.62平米 | 南 北,https://ke-image.ljcdn.com/110000-inspection/pc1_WseI0DAR7.jpg!m_fill,w_280,h_210,f_jpg?from=ke.com
20240612,门头沟,大峪,101123024349,桃园小区 满五唯一 中间楼层 楼龄新 视野采光都不错,226万,25791元/平,中楼层 (共6层) 2室2厅 | 87.63平米 | 东 西,https://ke-image.ljcdn.com/110000-inspection/0c34f13a-b96b-4944-902f-64b6251923f2_1000.jpg!m_fill,w_280,h_210,f_jpg?from=ke.com
20240612,门头沟,大峪,101123015792,满五年唯一 2002年楼龄 南北通透 大客厅房主自荐,199万,22806元/平,高楼层 (共6层) 2室2厅 | 87.26平米 | 南 北,https://ke-image.ljcdn.com/110000-inspection/26ae0c3c-57b7-42d6-a295-5c4e3cf5ec34_1000.jpg!m_fill,w_280,h_210,f_jpg?from=ke.com
20240612,门头沟,大峪,101122985302,黑山东街小三居精装修全明格局,210万,39048元/平,底层 (共6层) | 1980年 | 3室1厅 | 53.78平米 | 南 北,https://ke-image.ljcdn.com/110000-inspection/4abc6d13-3d57-4f89-ae24-1b08ae5618b8_1000.jpg!m_fill,w_280,h_210,f_jpg?from=ke.com
20240612,门头沟,大峪,101122984739,黑山东街东向两居室中间楼层采光好,125万,28703元/平,中楼层 (共5层) | 1970年 | 2室1厅 | 43.55平米 | 东,https://ke-image.ljcdn.com/110000-inspection/pc1_KMYaqftwt_1.jpg!m_fill,w_280,h_210,f_jpg?from=ke.com
20240612,门头沟,大峪,101122974159,新桥路此房满五唯一南北通透三居室房子是中楼层。,230万,30919元/平,中楼层 (共6层) | 1993年 | 3室1厅 | 74.39平米 | 南 西 北,https://ke-image.ljcdn.com/110000-inspection/pc1_mc6AgJMnh.jpg!m_fill,w_280,h_210,f_jpg?from=ke.com
20240612,门头沟,大峪,101122968529,此房满五年双卧朝南的两居室无遮挡采光好。视野开阔,190万,22068元/平,顶层 (共6层) 2室1厅 | 86.1平米 | 南 北,https://ke-image.ljcdn.com/110000-inspection/f5e08809-ece4-426b-bb05-69a880343acd_1000.jpg!m_fill,w_280,h_210,f_jpg?from=ke.com
20240612,门头沟,大峪,101122967494,黑山大街15号  满五唯一视野好没遮挡采光好。,210万,23612元/平,顶层 (共6层) 2室1厅 | 88.94平米 | 东 西,https://ke-image.ljcdn.com/110000-inspection/64b59b2d-2af7-4d51-8d05-73fd042948ba_1000.jpg!m_fill,w_280,h_210,f_jpg?from=ke.com
20240612,门头沟,大峪,101122950377,西山艺境 精装洋房三居室 电梯入库房主自荐,608万,47893元/平,顶层 (共6层) 3室2厅 | 126.95平米 | 南 北,https://ke-image.ljcdn.com/110000-inspection/pc1_uDKQduNCu_1.jpg!m_fill,w_280,h_210,f_jpg?from=ke.com
20240612,门头沟,大峪,101122877735,新桥大街39号院 南北通透户型 采光好,155万,24166元/平,顶层 (共6层) | 1995年 | 2室1厅 | 64.14平米 | 南 北,https://ke-image.ljcdn.com/110000-inspection/9da4e3f9-6c53-4729-bb14-bf1319e2162c_1000.jpg!m_fill,w_280,h_210,f_jpg?from=ke.com
20240612,门头沟,大峪,101122874359,黑山东街  三居室 采光好  无遮挡,198万,26386元/平,顶层 (共6层) 3室1厅 | 75.04平米 | 南 北,https://ke-image.ljcdn.com/110000-inspection/3e748b63-c9e9-422b-92ed-f297bb5d1a11_1000.jpg!m_fill,w_280,h_210,f_jpg?from=ke.com
20240612,门头沟,大峪,101122869763,金泰丽湾   满五唯一商品房  落地窗采光好,488万,36224元/平,中楼层 (共20层) 3室2厅 | 134.72平米 | 南 北,https://ke-image.ljcdn.com/110000-inspection/pc1_1qxxPHxJP.jpg!m_fill,w_280,h_210,f_jpg?from=ke.com
20240612,门头沟,大峪,101122867822,新桥大街39号院  南北通透户型,171万,26661元/平,高楼层 (共6层) | 1995年 | 2室1厅 | 64.14平米 | 南 北,https://ke-image.ljcdn.com/110000-inspection/pc1_ERvRxcdj3_1.jpg!m_fill,w_280,h_210,f_jpg?from=ke.com
20240612,门头沟,大峪,101122864247,惠民家园二区 满五唯一商品房 正南朝向 采光好 视野好,260万,34488元/平,底层 (共11层) | 2010年 | 2室1厅 | 75.39平米 | 南,https://ke-image.ljcdn.com/110000-inspection/pc1_BH6zGMNQm.jpg!m_fill,w_280,h_210,f_jpg?from=ke.com
20240612,门头沟,大峪,101122863534,欧式装修  户型好  三居室   低楼层  适合三代居住,505万,37905元/平,底层 (共21层) 3室1厅 | 133.23平米 | 南 北,https://ke-image.ljcdn.com/110000-inspection/31994041-522b-4393-a0c0-bb8bdeaac98f_1000.jpg!m_fill,w_280,h_210,f_jpg?from=ke.com
20240612,门头沟,大峪,101122863229,惠民家园二区   满五唯一电梯房采光充足,290万,38714元/平,中楼层 (共11层) 2室1厅 | 74.91平米 | 南 北,https://ke-image.ljcdn.com/110000-inspection/95a44a8c-750e-444c-8584-96561cb9349b_1000.jpg!m_fill,w_280,h_210,f_jpg?from=ke.com
20240612,门头沟,大峪,101122863170,此房满五唯一朝南采光好户型方正业主诚心出售,162万,30321元/平,中楼层 (共9层) | 2010年 | 1室0厅 | 53.43平米 | 东,https://ke-image.ljcdn.com/110000-inspection/5559bb8c-ac87-49f4-84b3-388db7bfc5fb_1000.jpg!m_fill,w_280,h_210,f_jpg?from=ke.com
20240612,门头沟,大峪,101122862608,大峪南路 2室1厅 东 南 北,165万,30715元/平,中楼层 (共6层) 2室1厅 | 53.72平米 | 东 南 北,https://ke-image.ljcdn.com/110000-inspection/pc1_RMr4TAXQm.jpg!m_fill,w_280,h_210,f_jpg?from=ke.com
20240612,门头沟,大峪,101122862045,黑山东街  满五唯一  正规三居,193万,25597元/平,高楼层 (共7层) | 1994年 | 3室1厅 | 75.4平米 | 东 西,https://ke-image.ljcdn.com/110000-inspection/7ba72ba2-9285-4723-af0a-be0c2922a6ad_1000.jpg!m_fill,w_280,h_210,f_jpg?from=ke.com
20240612,门头沟,大峪,101122861787,惠民家园二区    一居室  看房方便钥匙,169万,31583元/平,高楼层 (共9层) | 2010年 | 1室0厅 | 53.51平米 | 东,https://ke-image.ljcdn.com/110000-inspection/pc1_dmOX8Fkzv_1.jpg!m_fill,w_280,h_210,f_jpg?from=ke.com
20240612,门头沟,大峪,101122852067,大峪南路 2室1厅 南 北,138万,24910元/平,高楼层 (共6层) | 1985年 | 2室1厅 | 55.4平米 | 南 北,https://ke-image.ljcdn.com/110000-inspection/pc1_ps7QFNL5Z_1.jpg!m_fill,w_280,h_210,f_jpg?from=ke.com
20240612,门头沟,大峪,101122851443,大峪南路 2室1厅 东北,186万,24990元/平,中楼层 (共6层) 2室1厅 | 74.43平米 | 东北,https://ke-image.ljcdn.com/110000-inspection/pc1_VZGe8dTdf.jpg!m_fill,w_280,h_210,f_jpg?from=ke.com
20240612,门头沟,大峪,101122851181,金泰丽湾  满五唯一  精装修  双卫,356万,38108元/平,高楼层 (共21层) 2室1厅 | 93.42平米 | 南,https://ke-image.ljcdn.com/110000-inspection/cd978735-bad1-4dcc-9adb-ba45750f7464_1000.jpg!m_fill,w_280,h_210,f_jpg?from=ke.com
20240612,门头沟,大峪,101122723218,金泰丽湾悦栖山 四居室 南北通透 满五年住房 诚心出售,810万,36765元/平,低楼层 (共19层) | 2015年 | 4室2厅 | 220.32平米 | 北 南,https://ke-image.ljcdn.com/110000-inspection/pc1_NxxbM8AhT_1.jpg!m_fill,w_280,h_210,f_jpg?from=ke.com
20240612,门头沟,大峪,101122657137,南路二社区 文化大院靠近快四看房方便,139万,25342元/平,高楼层 (共6层) | 1980年 | 2室1厅 | 54.85平米 | 南 北,https://ke-image.ljcdn.com/110000-inspection/pc1_Jnjnn1cBu.jpg!m_fill,w_280,h_210,f_jpg?from=ke.com
20240612,门头沟,大峪,101122655187,大峪南路 3室1厅 南 北,209万,28370元/平,中楼层 (共5层) | 1986年 | 3室1厅 | 73.67平米 | 南 北,https://ke-image.ljcdn.com/110000-inspection/d45c3f2c-3f05-42d5-a466-a1e11eba207e_1000.jpg!m_fill,w_280,h_210,f_jpg?from=ke.com
20240612,门头沟,大峪,101122647654,新桥路小区两居室  低楼层 精装修 看房方便,199万,31158元/平,低楼层 (共6层) 2室1厅 | 63.87平米 | 东 西,https://ke-image.ljcdn.com/110000-inspection/5b0f15c7-d54f-4d3a-b541-0422aba89d0e_1000.jpg!m_fill,w_280,h_210,f_jpg?from=ke.com
20240612,门头沟,大峪,101122634198,南北通透采光好直通车库配套齐全 诚意出售,675万,40179元/平,中楼层 (共6层) 4室2厅 | 168平米 | 南 北,https://ke-image.ljcdn.com/110000-inspection/4225918b-80e8-41bc-b4ed-cad4b1a6a734_1000.jpg!m_fill,w_280,h_210,f_jpg?from=ke.com
20240612,门头沟,大峪,101122450527,华远裘马四季精装修大平层户型方正,830万,43395元/平,中楼层 (共24层) 4室2厅 | 191.27平米 | 南 西 北,https://ke-image.ljcdn.com/110000-inspection/pc1_eeXhbhYJs.jpg!m_fill,w_280,h_210,f_jpg?from=ke.com
20240612,门头沟,大峪,101122402982,黑山北小街11号院 满五唯一 南北通透 三居室,242万,29220元/平,中楼层 (共6层) 3室1厅 | 82.82平米 | 南 北,https://ke-image.ljcdn.com/110000-inspection/pc1_bupjYJOf3_1.jpg!m_fill,w_280,h_210,f_jpg?from=ke.com
20240612,门头沟,大峪,101122385636,金泰丽湾 人车分流 满五唯一 次顶层 采光好 无遮挡房主自荐,426万,41794元/平,高楼层 (共20层) | 2016年 | 2室1厅 | 101.93平米 | 南,https://ke-image.ljcdn.com/110000-inspection/pc1_IIcOLbaPD_1.jpg!m_fill,w_280,h_210,f_jpg?from=ke.com
20240612,门头沟,大峪,101122385525,大峪两居室全明格局南北通透,135万,25089元/平,顶层 (共6层) 2室1厅 | 53.81平米 | 南 北,https://ke-image.ljcdn.com/110000-inspection/c69d9d64-5e0a-4f82-a220-9a14a0b71193_1000.jpg!m_fill,w_280,h_210,f_jpg?from=ke.com
20240612,门头沟,大峪,101122382022,大峪南路 2室1厅 南,190万,33677元/平,中楼层 (共6层) 2室1厅 | 56.42平米 | 南,https://ke-image.ljcdn.com/110000-inspection/pc1_8IXmLHRvg.jpg!m_fill,w_280,h_210,f_jpg?from=ke.com
20240612,门头沟,大峪,101122376966,采光好 无遮挡 商品房 满五年 精装修 全明格局,879万,39897元/平,中楼层 (共19层) | 2015年 | 4室2厅 | 220.32平米 | 南 北,https://ke-image.ljcdn.com/110000-inspection/pc1_kErvHVCgb_1.jpg!m_fill,w_280,h_210,f_jpg?from=ke.com
20240612,门头沟,大峪,101122326043,西山艺境 电梯 三室两厅两卫 地暖 园林景观 封闭管理,590万,47685元/平,顶层 (共6层) 3室2厅 | 123.73平米 | 南 北,https://ke-image.ljcdn.com/110000-inspection/pc1_qmLd83fMK.jpg!m_fill,w_280,h_210,f_jpg?from=ke.com
20240612,门头沟,大峪,101122316511,永新小区 南北通透格局精装修交通便利正规客厅,179万,28858元/平,顶层 (共6层) | 1994年 | 2室1厅 | 62.03平米 | 南 北,https://ke-image.ljcdn.com/110000-inspection/pc1_ipNZ19Dgx.jpg!m_fill,w_280,h_210,f_jpg?from=ke.com
20240612,门头沟,大峪,101122134492,大峪南路南北通透一居室中间楼层,120万,31008元/平,低楼层 (共6层) 1室1厅 | 38.7平米 | 南 北,https://ke-image.ljcdn.com/110000-inspection/pc1_RThzQ3dWn.jpg!m_fill,w_280,h_210,f_jpg?from=ke.com
20240612,门头沟,大峪,101122071710,大峪南路 2室1厅 西南,160万,22375元/平,顶层 (共6层) 2室1厅 | 71.51平米 | 西南,https://ke-image.ljcdn.com/110000-inspection/pc1_4LWzwLTku.jpg!m_fill,w_280,h_210,f_jpg?from=ke.com
20240612,门头沟,大峪,101122025026,西山艺境8号院 南北通透 四居室洋房 交通便利,670万,39789元/平,低楼层 (共6层) | 2018年 | 4室2厅 | 168.39平米 | 南 北,https://ke-image.ljcdn.com/110000-inspection/pc1_sCICOLF0r_1.jpg!m_fill,w_280,h_210,f_jpg?from=ke.com
20240612,门头沟,大峪,101121995648,紧挨着快4公交两居室高楼层 光好没遮挡,139万,25642元/平,顶层 (共6层) 2室1厅 | 54.21平米 | 南 北,https://ke-image.ljcdn.com/110000-inspection/4a476ebf-0360-46b5-acaf-12af61bfbb3a_1000.jpg!m_fill,w_280,h_210,f_jpg?from=ke.com
20240612,门头沟,大峪,101121969309,西山艺境8号院南北通透视野宽阔采光充足配套设施完善房主自荐,960万,57181元/平,底层 (共6层) 4室2厅 | 167.89平米 | 南 北,https://ke-image.ljcdn.com/110000-inspection/pc1_N84p3RmHm_1.jpg!m_fill,w_280,h_210,f_jpg?from=ke.com
20240612,门头沟,大峪,101121950669,满五唯一标准价中楼层前后无遮挡房主自荐,235万,28475元/平,中楼层 (共6层) 2室1厅 | 82.53平米 | 南 北,https://ke-image.ljcdn.com/110000-inspection/f329cfbd-b8ac-447b-b608-86d993506100_1000.jpg!m_fill,w_280,h_210,f_jpg?from=ke.com
20240612,门头沟,大峪,101121935152,西山艺境7号院电梯可以直接下车库的房源精装在售,608万,47893元/平,顶层 (共6层) 3室2厅 | 126.95平米 | 东 南 北,https://ke-image.ljcdn.com/110000-inspection/180e05e5-52f5-4811-b119-ca7a25bde1a9_1000.jpg!m_fill,w_280,h_210,f_jpg?from=ke.com
20240612,门头沟,大峪,101121883035,西山艺境华墅 南北通透 采光好 视野佳,985万,38089元/平,顶层 (共5层) 3室2厅 | 258.61平米 | 南 北,https://ke-image.ljcdn.com/110000-inspection/pc1_MBPaaJW2U.jpg!m_fill,w_280,h_210,f_jpg?from=ke.com
20240612,门头沟,大峪,101121862163,门城城区华远裘马四季精装大平层,880万,53048元/平,低楼层 (共24层) 4室2厅 | 165.89平米 | 西南 北,https://ke-image.ljcdn.com/110000-inspection/pc1_NLmSpi4U0.jpg!m_fill,w_280,h_210,f_jpg?from=ke.com
20240612,门头沟,大峪,101121788467,西山艺境华墅 此房三面花园视野开阔配套设施完善,1000万,35822元/平,底层 (共5层) | 2017年 | 5室2厅 | 279.16平米 | 南 北,https://ke-image.ljcdn.com/110000-inspection/0c66b89c-0ea6-4816-9c4b-d7bcd3e837ed_1000.jpg!m_fill,w_280,h_210,f_jpg?from=ke.com
20240612,门头沟,大峪,101121773992,黑山北小街11号院两居室南北朝向,198万,28310元/平,中楼层 (共6层) 2室1厅 | 69.94平米 | 南 北,https://ke-image.ljcdn.com/110000-inspection/pc1_DY2yBMaeI.jpg!m_fill,w_280,h_210,f_jpg?from=ke.com
20240612,门头沟,大峪,101121729255,门头沟区城区华远裘马四季精装大平层,900万,57545元/平,底层 (共24层) 3室2厅 | 156.4平米 | 东南 北,https://ke-image.ljcdn.com/110000-inspection/pc1_X6SUpAypU.jpg!m_fill,w_280,h_210,f_jpg?from=ke.com
20240612,门头沟,大峪,101121462899,惠民家园一区2011年建成  板楼总高6层,150万,31296元/平,高楼层 (共6层) | 2010年 | 1室1厅 | 47.93平米 | 南,https://ke-image.ljcdn.com/110000-inspection/pc1_cakQB9wZF.jpg!m_fill,w_280,h_210,f_jpg?from=ke.com
20240612,门头沟,大峪,101121301644,华远裘马四季南北朝向采光好,990万,51768元/平,高楼层 (共24层) 4室2厅 | 191.24平米 | 南 北,https://ke-image.ljcdn.com/110000-inspection/b05a0e55-1376-46f3-9ad9-af84e5da38b3_1000.jpg!m_fill,w_280,h_210,f_jpg?from=ke.com
20240612,门头沟,大峪,101121214753,桃园小区 2室1厅 东 西,280万,28119元/平,低楼层 (共6层) | 2002年 | 2室1厅 | 99.58平米 | 东 西,https://ke-image.ljcdn.com/110000-inspection/28b0e2be-30fc-439d-b2cf-138cc587ca3e_1000.jpg!m_fill,w_280,h_210,f_jpg?from=ke.com
20240612,门头沟,大峪,101121210991,精装联排 4层电梯别墅 三面采光 带两个车位房主自荐,1250万,62239元/平,顶层 (共4层) 4室2厅 | 200.84平米 | 南 北,https://ke-image.ljcdn.com/110000-inspection/pc1_o8gC5vuxS_1.jpg!m_fill,w_280,h_210,f_jpg?from=ke.com
20240612,门头沟,大峪,101120988302,西山艺境华墅精装修下叠 看房方便 业主诚心出售,1490万,44129元/平,底层 (共5层) | 2017年 | 4室2厅 | 337.65平米 | 南 北,https://ke-image.ljcdn.com/110000-inspection/pc1_AeZTxaWUE_1.jpg!m_fill,w_280,h_210,f_jpg?from=ke.com
20240612,门头沟,大峪,101120949126,西山艺境华墅 大联排 南北通透 环境优美房主自荐,1980万,54621元/平,底层 (共1层) | 2017年 | 4室2厅 | 362.5平米 | 南 北,https://ke-image.ljcdn.com/110000-inspection/pc1_ATLZnxHaW_1.jpg!m_fill,w_280,h_210,f_jpg?from=ke.com
20240612,门头沟,大峪,101120847076,增产路大街42号院 满五业主家唯一住房 业主诚心出售房主自荐,185万,23146元/平,底层 (共6层) | 1999年 | 2室1厅 | 79.93平米 | 南 北,https://ke-image.ljcdn.com/110000-inspection/pc1_rg4T3YfMi.jpg!m_fill,w_280,h_210,f_jpg?from=ke.com
20240612,门头沟,大峪,101120846274,华远裘马四季南北通透精装修大平层 采光通风好,910万,47585元/平,低楼层 (共24层) 4室2厅 | 191.24平米 | 南 北,https://ke-image.ljcdn.com/110000-inspection/d2711156-ae57-4eae-ab97-5b3b85508706_1000.jpg!m_fill,w_280,h_210,f_jpg?from=ke.com
20240612,门头沟,大峪,101120610173,西山艺境6号院三室两厅两卫集中供暖交通便利房主自荐,590万,47782元/平,中楼层 (共8层) | 2015年 | 3室2厅 | 123.48平米 | 南 北,https://ke-image.ljcdn.com/110000-inspection/ab1e05e4-c6a8-4267-a179-71ab1f7453da_1000.jpg!m_fill,w_280,h_210,f_jpg?from=ke.com
20240612,门头沟,大峪,101120544702,此房南北通透户型方正没有浪费空间业主诚意出售,225万,28532元/平,中楼层 (共6层) 3室1厅 | 78.86平米 | 南 北,https://ke-image.ljcdn.com/110000-inspection/49879dd4-a118-4b47-86d3-0634cfdbe0b8_1000.jpg!m_fill,w_280,h_210,f_jpg?from=ke.com
20240612,门头沟,大峪,101120269234,高家园东街1号院 电梯花园洋房 正规三居室 明厨明卫,539万,58290元/平,高楼层 (共6层) 3室1厅 | 92.47平米 | 南 北 东,https://ke-image.ljcdn.com/110000-inspection/pc1_HZCnD4Yxi.jpg!m_fill,w_280,h_210,f_jpg?from=ke.com
20240612,门头沟,大峪,101120246366,高家园东街1号院 5室2厅 南 北,725万,49939元/平,顶层 (共6层) 5室2厅 | 145.18平米 | 南 北,https://ke-image.ljcdn.com/110000-inspection/40f8eb8f-c2f5-4ce1-82ec-e573c4c0eba6_1000.jpg!m_fill,w_280,h_210,f_jpg?from=ke.com
20240612,门头沟,大峪,101120145533,房子满五唯一 正规两居室 南北通透 简单装修。,165万,26601元/平,顶层 (共6层) | 1995年 | 2室1厅 | 62.03平米 | 北 南,https://ke-image.ljcdn.com/110000-inspection/pc1_ZjSWl7OZ3_1.jpg!m_fill,w_280,h_210,f_jpg?from=ke.com
20240612,门头沟,大峪,101120034975,满五唯一 联排别墅 精装修 带车位,1490万,83488元/平,底层 (共4层) | 2015年 | 4室3厅 | 178.47平米 | 南 北,https://ke-image.ljcdn.com/110000-inspection/pc1_wS2pNehUW_1.jpg!m_fill,w_280,h_210,f_jpg?from=ke.com
20240612,门头沟,大峪,101119919236,惠民家园 满五唯一 南北通透 前后无遮挡,249万,31464元/平,高楼层 (共6层) | 2010年 | 2室1厅 | 79.14平米 | 南 北,https://ke-image.ljcdn.com/110000-inspection/pc1_b4Ykgo1WE.jpg!m_fill,w_280,h_210,f_jpg?from=ke.com
20240612,门头沟,大峪,101119451128,西山艺境6号院 精装修联排 一层有花园 配套齐全,1490万,79932元/平,顶层 (共4层) | 2015年 | 5室2厅 | 186.41平米 | 北 南,https://ke-image.ljcdn.com/110000-inspection/pc1_5WEguv5pU.jpg!m_fill,w_280,h_210,f_jpg?from=ke.com
20240612,门头沟,大峪,101119354969,华远裘马四季 精装修 平层 交通方便 视野好,1000万,52354元/平,高楼层 (共24层) | 2016年 | 4室2厅 | 191.01平米 | 南 北 东,https://ke-image.ljcdn.com/110000-inspection/ee43d8e0-f342-4bcb-bc75-1041a98763cf_1000.jpg!m_fill,w_280,h_210,f_jpg?from=ke.com
20240612,门头沟,大峪,101119349517,西山艺境联排别墅产品业主诚心出售,1499万,40794元/平,底层 (共1层) 5室3厅 | 367.46平米 | 南 北,https://ke-image.ljcdn.com/110000-inspection/pc1_NHsz1q7et_1.jpg!m_fill,w_280,h_210,f_jpg?from=ke.com
20240612,门头沟,大峪,101118978297,西山艺境华墅 南北通透 视野好 交通便利,920万,41035元/平,中楼层 (共5层) | 2017年 | 4室2厅 | 224.2平米 | 南 北,https://ke-image.ljcdn.com/110000-inspection/919025c3-113c-4cc4-b2af-5c16a06289e0_1000.jpg!m_fill,w_280,h_210,f_jpg?from=ke.com
20240612,门头沟,大峪,101118880462,华远裘马四季 南北通透精装修大平层 采光通风好,890万,53641元/平,低楼层 (共24层) 4室2厅 | 165.92平米 | 南 北,https://ke-image.ljcdn.com/110000-inspection/pc1_7kkdiQTh7_1.jpg!m_fill,w_280,h_210,f_jpg?from=ke.com
20240612,门头沟,大峪,101118519951,门头沟西山艺境华墅3层加4层叠拼户型3室3厅3卫户型房主自荐,895万,39527元/平,中楼层 (共5层) 3室2厅 | 226.43平米 | 南 北,https://ke-image.ljcdn.com/110000-inspection/123d5b87-8017-43c4-a810-5725fd256d43_1000.jpg!m_fill,w_280,h_210,f_jpg?from=ke.com
20240612,门头沟,大峪,101118182419,惠民家园 正规两居室户型方正满五年房主自荐,286万,42383元/平,顶层 (共6层) 2室1厅 | 67.48平米 | 南 北,https://ke-image.ljcdn.com/110000-inspection/057f6df6-6136-4dd4-a643-4c58f8d6eaf8_1000.jpg!m_fill,w_280,h_210,f_jpg?from=ke.com
20240612,门头沟,大峪,101117928559,西山艺境6号院业主自住 南北通透 把边 精装 拎包入住房主自荐,1900万,94603元/平,顶层 (共4层) | 2015年 | 4室2厅 | 200.84平米 | 南 北,https://ke-image.ljcdn.com/110000-inspection/f4fd4289-4c10-4e15-877c-76bf82916f79_1000.jpg!m_fill,w_280,h_210,f_jpg?from=ke.com
20240612,门头沟,大峪,101117663020,此房视野开阔南侧无遮挡独门独院地下室南侧有窗,1930万,53525元/平,底层 (共3层) 5室3厅 | 360.58平米 | 南 北,https://ke-image.ljcdn.com/110000-inspection/189e5f18-add8-4a70-a9de-23b0d6363171_1000.jpg!m_fill,w_280,h_210,f_jpg?from=ke.com
20240612,门头沟,大峪,101117660593,联排别墅把东户前后无遮挡视野好一览西山。,1560万,81002元/平,底层 (共4层) | 2015年 | 4室2厅 | 192.59平米 | 南 北 东,https://ke-image.ljcdn.com/110000-inspection/pc1_yvkxucbYa.jpg!m_fill,w_280,h_210,f_jpg?from=ke.com
20240612,门头沟,大峪,101115941977,西山艺境华墅前排叠拼视野开阔可远观山景,1150万,50863元/平,中楼层 (共5层) 4室1厅 | 226.1平米 | 南 北,https://ke-image.ljcdn.com/110000-inspection/16a4d683-85e6-4703-87b6-728cf4ab0b84_1000.jpg!m_fill,w_280,h_210,f_jpg?from=ke.com
20240612,门头沟,大峪,101124852890,西山艺境华墅 5室2厅 南 北新上,890万,31191元/平,底层 (共5层) 5室2厅 | 285.34平米 | 南 北,https://s1.ljcdn.com/pegasus/redskull/images/common/default_house_list.png?_v=20240531152802801
20240612,门头沟,大峪,101124676507,西山艺境7号院商业办公类房源毛坯无装修看房随时,518万,30187元/平,低楼层 (共6层) 4室1厅 | 171.6平米 | 南 北,https://s1.ljcdn.com/pegasus/redskull/images/common/default_house_list.png?_v=20240531152802801
20240612,门头沟,大峪,101124527126,华远西山雅园南北通透格局视野宽阔配套设施全,339万,38146元/平,低楼层 (共28层) 3室1厅 | 88.87平米 | 南 北,https://s1.ljcdn.com/pegasus/redskull/images/common/default_house_list.png?_v=20240531152802801
20240612,门头沟,大峪,101124393205,中昂时代广场 1室1厅 西南,69万,16599元/平,高楼层 (共17层) | 2017年 | 1室1厅 | 41.57平米 | 西南,https://s1.ljcdn.com/pegasus/redskull/images/common/default_house_list.png?_v=20240531152802801
20240612,门头沟,大峪,101124343187,门城城区位置中昂时代广场精装修,69万,18674元/平,中楼层 (共19层) 1室1厅 | 36.95平米 | 南,https://s1.ljcdn.com/pegasus/redskull/images/common/default_house_list.png?_v=20240531152802801
20240612,门头沟,大峪,101124299176,个人产权 南向户型 诚意出售 采光好 平层 直通车库,140万,18955元/平,低楼层 (共6层) | 2018年 | 2室1厅 | 73.86平米 | 南,https://s1.ljcdn.com/pegasus/redskull/images/common/default_house_list.png?_v=20240531152802801
20240612,门头沟,大峪,101124296687,中昂时代广场 配套齐全 交通便利 采光充足,75万,17577元/平,中楼层 (共18层) 2室1厅 | 42.67平米 | 北 东,https://s1.ljcdn.com/pegasus/redskull/images/common/default_house_list.png?_v=20240531152802801
20240612,门头沟,大峪,101124198389,交通便利 集中供暖 配套齐全 看房方便,65万,17592元/平,中楼层 (共19层) 1室1厅 | 36.95平米 | 北 东,https://s1.ljcdn.com/pegasus/redskull/images/common/default_house_list.png?_v=20240531152802801
20240612,门头沟,大峪,101124056081,西山艺境7号院 4室1厅 南 北,469万,28133元/平,中楼层 (共6层) 4室1厅 | 166.71平米 | 南 北,https://s1.ljcdn.com/pegasus/redskull/images/common/default_house_list.png?_v=20240531152802801
20240612,门头沟,大峪,101124030343,新桥家园 2室2厅 东 南,350万,32031元/平,低楼层 (共24层) 2室2厅 | 109.27平米 | 东 南,https://s1.ljcdn.com/pegasus/redskull/images/common/default_house_list.png?_v=20240531152802801
20240612,门头沟,大峪,101123944073,西山艺境华墅 4室2厅 南 北,1200万,35538元/平,底层 (共5层) 4室2厅 | 337.67平米 | 南 北,https://s1.ljcdn.com/pegasus/redskull/images/common/default_house_list.png?_v=20240531152802801
20240612,门头沟,大峪,101123931834,中昂时代广场 精装修 交通便利 配套齐全,69万,18639元/平,中楼层 (共19层) 2室1厅 | 37.02平米 | 东 北,https://s1.ljcdn.com/pegasus/redskull/images/common/default_house_list.png?_v=20240531152802801
20240612,门头沟,大峪,101123898990,中昂时代广场 精装修 交通便利 配套成熟,73万,19201元/平,低楼层 (共19层) 2室1厅 | 38.02平米 | 南,https://s1.ljcdn.com/pegasus/redskull/images/common/default_house_list.png?_v=20240531152802801
20240612,门头沟,大峪,101123679904,西山艺境华墅 车位,40万,8491元/平,地下室 (共1层) 1室0厅 | 47.11平米 | 北 南,https://ke-image.ljcdn.com/110000-inspection/959d4fc8a9cb33ebe83810e37a5b35a6-028.jpg!m_fill,w_280,h_210,f_jpg?from=ke.com
20240612,门头沟,大峪,101123395439,门城城区位置中昂时代广场精装修,69.9万,16848元/平,中楼层 (共19层) 1室1厅 | 41.49平米 | 西,https://s1.ljcdn.com/pegasus/redskull/images/common/default_house_list.png?_v=20240531152802801
20240612,门头沟,大峪,101123259498,交通便利 集中供暖 配套齐全 看房方便,70万,18945元/平,中楼层 (共19层) 1室1厅 | 36.95平米 | 东北,https://s1.ljcdn.com/pegasus/redskull/images/common/default_house_list.png?_v=20240531152802801
20240612,门头沟,大峪,101123147005,西山艺境8号院 车位,30万,9961元/平,地下室 (共1层) 1室0厅 | 30.12平米 | 南,https://ke-image.ljcdn.com/110000-inspection/4b1e74189bfa9be8454f0d52faf02f03-062.jpg!m_fill,w_280,h_210,f_jpg?from=ke.com
20240612,门头沟,大峪,101122935271,中昂时代广场 户型方正 配套齐全 交通便利,70万,20373元/平,中楼层 (共19层) 1室1厅 | 34.36平米 | 西,https://s1.ljcdn.com/pegasus/redskull/images/common/default_house_list.png?_v=20240531152802801
20240612,门头沟,大峪,101122293027,西山艺境华墅 联排 南北花园 诚意出售,1400万,39041元/平,底层 (共3层) | 2017年 | 5室3厅 | 358.6平米 | 北 南 东,https://s1.ljcdn.com/pegasus/redskull/images/common/default_house_list.png?_v=20240531152802801
20240612,门头沟,大峪,101121784656,门头区城区位置中昂时代广场精装修房主自荐,76万,18283元/平,中楼层 (共17层) | 2018年 | 1室1厅 | 41.57平米 | 东,https://s1.ljcdn.com/pegasus/redskull/images/common/default_house_list.png?_v=20240531152802801
20240612,门头沟,大峪,101121205827,中昂时代广场 东西通透 楼层好 配套齐全,95万,17081元/平,中楼层 (共19层) | 2018年 | 2室1厅 | 55.62平米 | 东 西,https://s1.ljcdn.com/pegasus/redskull/images/common/default_house_list.png?_v=20240531152802801
20240612,门头沟,大峪,101121163667,小区人车分流地下车库电梯直达出行方便,19.5万,13752元/平,地下室 (共21层) 1室0厅 | 14.18平米 | 南,https://ke-image.ljcdn.com/110000-inspection/fcbc70af-44f1-4695-b519-01f3271927ea.jpg!m_fill,w_280,h_210,f_jpg?from=ke.com
20240612,门头沟,大峪,101120891092,西山艺境7号院 南向 精装修 环境好,138万,18536元/平,低楼层 (共6层) | 2018年 | 2室1厅 | 74.45平米 | 南,https://s1.ljcdn.com/pegasus/redskull/images/common/default_house_list.png?_v=20240531152802801
20240612,门头沟,大峪,101119502073,交通便利 集中供暖 配套齐全 看房方便,93万,17698元/平,中楼层 (共19层) | 2018年 | 2室1厅 | 52.55平米 | 南 西,https://s1.ljcdn.com/pegasus/redskull/images/common/default_house_list.png?_v=20240531152802801
