20230904,海淀,定慧寺,101120759463,核二院 低楼层 客厅有窗 格局好必看好房,1130万,128410元/平,中楼层 (共5层) | 1996年建 | 3室1厅 | 88平米 | 南 西北,https://ke-image.ljcdn.com/110000-inspection/pc1_7XjkRJkEe.jpg!m_fill,w_280,h_210,f_jpg?from=ke.com
20230904,海淀,定慧寺,101120698978,八宝庄航天桥小三居南北通透采光好随时签约低楼层必看好房,628万,94721元/平,低楼层 (共6层) 3室1厅 | 66.3平米 | 南 北,https://ke-image.ljcdn.com/110000-inspection/pc1_YYWQQgxSQ.jpg!m_fill,w_280,h_210,f_jpg?from=ke.com
20230904,海淀,定慧寺,101120690820,定慧北里 3室1厅 东 南必看好房,695万,93919元/平,中楼层 (共6层) 3室1厅 | 74平米 | 东 南,https://ke-image.ljcdn.com/110000-inspection/5622389f-b93f-4f92-b349-7d3ee369039f_1000.jpg!m_fill,w_280,h_210,f_jpg?from=ke.com
20230904,海淀,定慧寺,101120667869,南北向两居室满五年唯一低楼层 无遮挡诚心卖看房方便必看好房,699万,92965元/平,底层 (共6层) 2室2厅 | 75.19平米 | 南 北,https://ke-image.ljcdn.com/110000-inspection/pc1_DC3bnqkeA_1.jpg!m_fill,w_280,h_210,f_jpg?from=ke.com
20230904,海淀,定慧寺,101120623336,北京印象 金地物业 人车分流 德国设计必看好房,310万,101175元/平,底层 (共10层) | 2003年建 | 1室1厅 | 30.64平米 | 东,https://ke-image.ljcdn.com/110000-inspection/pc1_ibeLi0SGE_1.jpg!m_fill,w_280,h_210,f_jpg?from=ke.com
20230904,海淀,定慧寺,101120617492,首师大家属院 南北通透电梯房三居室 满五年唯一,965万,120025元/平,中楼层 (共18层) | 1998年建 | 3室1厅 | 80.4平米 | 南 北,https://ke-image.ljcdn.com/110000-inspection/pc1_DyrswyCMz_2.jpg!m_fill,w_280,h_210,f_jpg?from=ke.com
20230904,海淀,定慧寺,101120587219,地铁10号线西钓鱼台站附近 花园洋房  四居 南北通透必看好房,1850万,78324元/平,低楼层 (共6层) 4室2厅 | 236.2平米 | 南 北,https://ke-image.ljcdn.com/110000-inspection/pc1_EfsuhEWrX.jpg!m_fill,w_280,h_210,f_jpg?from=ke.com
20230904,海淀,定慧寺,101120553721,八宝庄 2室1厅 东南必看好房,550万,87164元/平,中楼层 (共16层) | 1991年建 | 2室1厅 | 63.1平米 | 东南,https://ke-image.ljcdn.com/110000-inspection/pc1_rmuMHHWDs_1.jpg!m_fill,w_280,h_210,f_jpg?from=ke.com
20230904,海淀,定慧寺,101120541731,恩济花园 2室1厅 南 北,1200万,125787元/平,中楼层 (共6层) | 1990年建 | 2室1厅 | 95.4平米 | 南 北,https://ke-image.ljcdn.com/110000-inspection/f1dde64f-a86c-4db2-b3f1-64a8c482b259_1000.jpg!m_fill,w_280,h_210,f_jpg?from=ke.com
20230904,海淀,定慧寺,101120481932,八里庄北里 电梯直达 视野开阔 近地铁临公园必看好房,730万,89461元/平,顶层 (共16层) | 1997年建 | 2室1厅 | 81.6平米 | 西南,https://ke-image.ljcdn.com/110000-inspection/pc1_bAx7ZBTk2_1.jpg!m_fill,w_280,h_210,f_jpg?from=ke.com
20230904,海淀,定慧寺,101120443957,定慧北里 南北通透一居室 明厨明卫必看好房,425万,88138元/平,中楼层 (共6层) 1室1厅 | 48.22平米 | 南 北,https://ke-image.ljcdn.com/110000-inspection/pc1_dxX61ld4b_1.jpg!m_fill,w_280,h_210,f_jpg?from=ke.com
20230904,海淀,定慧寺,101120377096,八宝庄南向十号线西钓鱼台中间层航天桥板楼大卧室必看好房,398万,92774元/平,中楼层 (共6层) 1室1厅 | 42.9平米 | 南,https://ke-image.ljcdn.com/110000-inspection/pc1_1PU7ib7BX.jpg!m_fill,w_280,h_210,f_jpg?from=ke.com
20230904,海淀,定慧寺,101120362661,八里庄北里新上中间楼层南北通透两居室,659万,104604元/平,中楼层 (共6层) | 1991年建 | 2室1厅 | 63平米 | 南 北,https://ke-image.ljcdn.com/110000-inspection/68266cea-97b5-4c85-9301-07ef0a79361f_1000.jpg!m_fill,w_280,h_210,f_jpg?from=ke.com
20230904,海淀,定慧寺,101120352422,海淀 定慧寺 商品房社区 南北通透 落地飘窗 诚意满满,1050万,110422元/平,低楼层 (共9层) | 2009年建 | 2室1厅 | 95.09平米 | 南 北,https://ke-image.ljcdn.com/110000-inspection/pc1_sVuTD4lNw_1.jpg!m_fill,w_280,h_210,f_jpg?from=ke.com
20230904,海淀,定慧寺,101120348605,定慧北里 南北通透 户型方正 采光好,653万,87593元/平,高楼层 (共10层) 2室1厅 | 74.55平米 | 南 北,https://ke-image.ljcdn.com/110000-inspection/pc1_ZaClw8WKT_1.jpg!m_fill,w_280,h_210,f_jpg?from=ke.com
20230904,海淀,定慧寺,101120250354,首师大家属院 三室双卫格局 楼龄新满五年唯一诚心出售必看好房,1190万,112797元/平,低楼层 (共18层) 3室2厅 | 105.5平米 | 南 西 北,https://ke-image.ljcdn.com/110000-inspection/pc1_pQpcrTrWO.jpg!m_fill,w_280,h_210,f_jpg?from=ke.com
20230904,海淀,定慧寺,101120242586,首师大宿舍楼有钥匙随时看房业主诚心出售必看好房,578万,107435元/平,高楼层 (共6层) | 1984年建 | 2室1厅 | 53.8平米 | 南 北,https://ke-image.ljcdn.com/110000-inspection/pc1_6hD6maFS8.jpg!m_fill,w_280,h_210,f_jpg?from=ke.com
20230904,海淀,定慧寺,101120235348,核二院 航天桥 带电梯三居 央产房 看房方便必看好房,1120万,129780元/平,高楼层 (共18层) | 1993年建 | 3室1厅 | 86.3平米 | 南 北,https://ke-image.ljcdn.com/110000-inspection/pc1_NXkEjYge0_1.jpg!m_fill,w_280,h_210,f_jpg?from=ke.com
20230904,海淀,定慧寺,101120196852,花园桥首师大家属院 南向电梯两居 中高楼层采光视野好必看好房,940万,116916元/平,中楼层 (共18层) 2室1厅 | 80.4平米 | 南,https://ke-image.ljcdn.com/110000-inspection/pc1_ZsATEhxQ6.jpg!m_fill,w_280,h_210,f_jpg?from=ke.com
20230904,海淀,定慧寺,101120124616,带电梯楼龄新两梯三户格局好的三居必看好房,1266万,94485元/平,低楼层 (共15层) 3室2厅 | 133.99平米 | 南 西 北,https://ke-image.ljcdn.com/110000-inspection/pc1_DQuRVd24Z.jpg!m_fill,w_280,h_210,f_jpg?from=ke.com
20230904,海淀,定慧寺,101120112718,阜成路甲52号院满5年南北通透带电梯两居室必看好房,685万,88490元/平,中楼层 (共18层) | 1999年建 | 2室1厅 | 77.41平米 | 南 北,https://ke-image.ljcdn.com/110000-inspection/pc1_Dc0i1iZsb_1.jpg!m_fill,w_280,h_210,f_jpg?from=ke.com
20230904,海淀,定慧寺,101120066332,双轨交汇慈寿寺地铁站小区东门直接通公园精装修格局好必看好房,525万,98685元/平,高楼层 (共6层) 2室1厅 | 53.2平米 | 东 西,https://ke-image.ljcdn.com/110000-inspection/pc1_gxC6RSx6g.jpg!m_fill,w_280,h_210,f_jpg?from=ke.com
20230904,海淀,定慧寺,101120065668,颐安嘉园二期全南两居室采光通风好,945万,95639元/平,低楼层 (共17层) | 2003年建 | 2室1厅 | 98.81平米 | 南,https://ke-image.ljcdn.com/110000-inspection/pc1_NWNaDbPEd_2.jpg!m_fill,w_280,h_210,f_jpg?from=ke.com
20230904,海淀,定慧寺,101119971901,恩济里小区 中间层 南北通透 明厅户型必看好房,668万,109509元/平,中楼层 (共6层) 2室1厅 | 61平米 | 南 北,https://ke-image.ljcdn.com/110000-inspection/pc1_NM8jv3af6_1.jpg!m_fill,w_280,h_210,f_jpg?from=ke.com
20230904,海淀,定慧寺,101119891213,定慧寺核二院 紫竹桥随时签约。满五年必看好房,925万,126887元/平,中楼层 (共6层) 3室1厅 | 72.9平米 | 南 北,https://ke-image.ljcdn.com/110000-inspection/pc1_JCTNlaR8i.jpg!m_fill,w_280,h_210,f_jpg?from=ke.com
20230904,海淀,定慧寺,101119852395,恩济里双卧朝南两居采光好上下楼方便必看好房,530万,95668元/平,低楼层 (共6层) | 1991年建 | 2室1厅 | 55.4平米 | 南,https://ke-image.ljcdn.com/110000-inspection/pc1_Aq7Q2xWGZ_1.jpg!m_fill,w_280,h_210,f_jpg?from=ke.com
20230904,海淀,定慧寺,101119816737,西三环北路109号院  电梯直达  精装修 满五年唯一,730万,126298元/平,高楼层 (共18层) 2室1厅 | 57.8平米 | 西南 北,https://ke-image.ljcdn.com/110000-inspection/pc1_B113A2Vfe_2.jpg!m_fill,w_280,h_210,f_jpg?from=ke.com
20230904,海淀,定慧寺,101119803556,定慧寺北里客厅带阳台采光好南北通透必看好房,558万,99643元/平,高楼层 (共6层) 2室1厅 | 56平米 | 南 北,https://ke-image.ljcdn.com/110000-inspection/pc1_XVkZR6Qnh.jpg!m_fill,w_280,h_210,f_jpg?from=ke.com
20230904,海淀,定慧寺,101119692581,西八里庄北里南北通透明厅小两居必看好房,512万,102400元/平,顶层 (共6层) | 1991年建 | 2室1厅 | 50平米 | 南 北,https://ke-image.ljcdn.com/110000-inspection/pc1_YEDlcBRx7.jpg!m_fill,w_280,h_210,f_jpg?from=ke.com
20230904,海淀,定慧寺,101119405484,定慧北里 独院管理 一层南北两居 看房有钥匙 位置好,608万,99836元/平,底层 (共6层) | 1994年建 | 2室1厅 | 60.9平米 | 南 北,https://ke-image.ljcdn.com/110000-inspection/pc1_iePm49SZM_1.jpg!m_fill,w_280,h_210,f_jpg?from=ke.com
20230904,海淀,定慧寺,101119388634,定慧福里北区 近地铁  大一居 西四环房主自荐,499万,83838元/平,高楼层 (共16层) 1室1厅 | 59.52平米 | 东 西,https://ke-image.ljcdn.com/110000-inspection/pc1_QzZEBUlLG_1.jpg!m_fill,w_280,h_210,f_jpg?from=ke.com
20230904,海淀,定慧寺,101119355652,恩济里小区 中楼层 南北通透 两居 不临街,562万,96814元/平,中楼层 (共6层) 2室1厅 | 58.05平米 | 南 北,https://ke-image.ljcdn.com/110000-inspection/pc1_xAU9ckG7m_1.jpg!m_fill,w_280,h_210,f_jpg?from=ke.com
20230904,海淀,定慧寺,101119251044,八宝庄小区南向一居室满五年唯一必看好房,398万,96837元/平,底层 (共6层) 1室1厅 | 41.1平米 | 南,https://ke-image.ljcdn.com/110000-inspection/pc1_F0yMRnRH4_1.jpg!m_fill,w_280,h_210,f_jpg?from=ke.com
20230904,海淀,定慧寺,101119171493,邻河而建、欧式风格园林、南北通透三居室、有产权车位,1920万,126767元/平,低楼层 (共26层) 3室2厅 | 151.46平米 | 南 北,https://ke-image.ljcdn.com/110000-inspection/pc1_tVfXMq9HD.jpg!m_fill,w_280,h_210,f_jpg?from=ke.com
20230904,海淀,定慧寺,101119022229,此房满五年央产户型好小区环境棒绿化高管理好必看好房,1258万,120614元/平,中楼层 (共5层) | 1980年建 | 3室1厅 | 104.3平米 | 南 北,https://ke-image.ljcdn.com/110000-inspection/pc1_qfwpvm25y_1.jpg!m_fill,w_280,h_210,f_jpg?from=ke.com
20230904,海淀,定慧寺,101118930668,海淀恩济庄两室中层  58.09平 双南卧室必看好房,460万,79188元/平,高楼层 (共6层) | 1991年建 | 2室1厅 | 58.09平米 | 南,https://ke-image.ljcdn.com/110000-inspection/pc1_6VPqo3j9C_1.jpg!m_fill,w_280,h_210,f_jpg?from=ke.com
20230904,海淀,定慧寺,101118913163,阜成路甲52号院航天桥24h热水99年楼龄诚意卖独院管理必看好房,680万,83324元/平,高楼层 (共18层) | 1999年建 | 2室1厅 | 81.61平米 | 南 东,https://ke-image.ljcdn.com/110000-inspection/pc1_T4vgnK76Y_2.jpg!m_fill,w_280,h_210,f_jpg?from=ke.com
20230904,海淀,定慧寺,101118681075,首师大附宿舍楼 精装南北两居带厅楼层好满5年唯一必看好房,586万,108119元/平,中楼层 (共6层) 2室1厅 | 54.2平米 | 南 北,https://ke-image.ljcdn.com/110000-inspection/pc1_YMLMp4FoN.jpg!m_fill,w_280,h_210,f_jpg?from=ke.com
20230904,海淀,定慧寺,101118598765,地铁新小区西三环玉渊潭昆玉河畔新装修欧式花园有车位必看好房,945万,106443元/平,中楼层 (共18层) 2室1厅 | 88.78平米 | 西北,https://ke-image.ljcdn.com/110000-inspection/pc1_zdFtSrQrx.jpg!m_fill,w_280,h_210,f_jpg?from=ke.com
20230904,海淀,定慧寺,101118570077,地铁10号线西钓鱼台站旁 小户型中间层 南北通透两居必看好房,508万,91532元/平,中楼层 (共5层) 2室1厅 | 55.5平米 | 南 北,https://ke-image.ljcdn.com/110000-inspection/pc1_9IrzSkvI1.jpg!m_fill,w_280,h_210,f_jpg?from=ke.com
20230904,海淀,定慧寺,101118491764,八宝庄满2年单位分房3层南北通透随时可以看必看好房,608万,91705元/平,中楼层 (共6层) 3室1厅 | 66.3平米 | 南 北,https://ke-image.ljcdn.com/110000-inspection/pc1_T0nEYLQ3b.jpg!m_fill,w_280,h_210,f_jpg?from=ke.com
20230904,海淀,定慧寺,101118422226,海淀西四环 北京印象 欧式住宅 小区环境好 楼龄新,2150万,78046元/平,低楼层 (共12层) | 2003年建 | 4室2厅 | 275.48平米 | 南 北,https://ke-image.ljcdn.com/110000-inspection/pc1_Av8tJfwlv.jpg!m_fill,w_280,h_210,f_jpg?from=ke.com
20230904,海淀,定慧寺,101117524266,亮甲店小区 地铁五路居 一居室 满五年唯一,442万,88224元/平,高楼层 (共7层) 1室1厅 | 50.1平米 | 西,https://ke-image.ljcdn.com/110000-inspection/pc1_mVca4jpHJ.jpg!m_fill,w_280,h_210,f_jpg?from=ke.com
20230904,海淀,定慧寺,101117051731,南北通透两居满五唯一精装修一梯两户,663万,96902元/平,高楼层 (共6层) 2室1厅 | 68.42平米 | 南 北,https://ke-image.ljcdn.com/110000-inspection/pc1_Bbp7KIXrF_1.jpg!m_fill,w_280,h_210,f_jpg?from=ke.com
20230904,海淀,定慧寺,101120365831,南北向两居室明厨明卫双阳台中间层满五年必看好房,552万,91558元/平,中楼层 (共6层) 2室1厅 | 60.29平米 | 南 北,https://ke-image.ljcdn.com/110000-inspection/pc1_f75kK0UCK_1.jpg!m_fill,w_280,h_210,f_jpg?from=ke.com
20230904,海淀,定慧寺,101120178701,海淀 6号线五路居站 2009年房龄 采光无遮挡 电梯直达,705万,89547元/平,顶层 (共16层) 2室1厅 | 78.73平米 | 南 西,https://ke-image.ljcdn.com/110000-inspection/pc1_D2OpxAlm5_1.jpg!m_fill,w_280,h_210,f_jpg?from=ke.com
20230904,海淀,定慧寺,101119765602,恩济里小区定慧寺八里庄恩济里小区必看好房,759万,97709元/平,顶层 (共4层) 3室1厅 | 77.68平米 | 西南,https://ke-image.ljcdn.com/110000-inspection/pc1_YnxRuxc37_1.jpg!m_fill,w_280,h_210,f_jpg?from=ke.com
20230904,海淀,定慧寺,101119650635,核二院 南北通透 三居室 户型方正 楼龄新 满五年必看好房,938万,129559元/平,底层 (共6层) 3室1厅 | 72.4平米 | 南 北,https://ke-image.ljcdn.com/110000-inspection/pc1_WPFqaXteK.jpg!m_fill,w_280,h_210,f_jpg?from=ke.com
20230904,海淀,定慧寺,101119249937,楼龄新有电梯正规方正两居采光视野好。必看好房,618万,83032元/平,高楼层 (共16层) 2室1厅 | 74.43平米 | 东 西 南,https://ke-image.ljcdn.com/110000-inspection/pc1_uQrybCol6_2.jpg!m_fill,w_280,h_210,f_jpg?from=ke.com
20230904,海淀,定慧寺,101118684198,航天桥马神庙一号核二院精装三居满五年有电梯高层诚售,906万,112968元/平,顶层 (共18层) | 1999年建 | 3室1厅 | 80.2平米 | 东南,https://ke-image.ljcdn.com/110000-inspection/bea42845-1296-4a76-ba88-37dec3d85710_1000.jpg!m_fill,w_280,h_210,f_jpg?from=ke.com
20230904,海淀,定慧寺,101118569579,恩济里小区 南北通透 精装修两居室必看好房,553万,94627元/平,高楼层 (共6层) 2室1厅 | 58.44平米 | 南 北,https://ke-image.ljcdn.com/110000-inspection/a73544d8-9abc-4475-9337-dab227cceec6_1000.jpg!m_fill,w_280,h_210,f_jpg?from=ke.com
20230904,海淀,定慧寺,101117878152,少上天ban也要来看。西三环、地铁口、高品临河社区房主自荐,880万,96471元/平,低楼层 (共17层) 2室1厅 | 91.22平米 | 西北,https://ke-image.ljcdn.com/110000-inspection/pc1_wHeakHDY5_1.jpg!m_fill,w_280,h_210,f_jpg?from=ke.com
20230904,海淀,定慧寺,101117707947,2007年商品房 满五只有契税 小区新 诚心出售,798万,95960元/平,底层 (共15层) 2室1厅 | 83.16平米 | 南 北,https://ke-image.ljcdn.com/110000-inspection/pc1_mtejMW7Do_1.jpg!m_fill,w_280,h_210,f_jpg?from=ke.com
20230904,海淀,定慧寺,101117563676,八宝庄小区定慧桥西钓鱼台电梯房钢混结构工商局管理必看好房,465万,96154元/平,低楼层 (共16层) 1室1厅 | 48.36平米 | 东,https://ke-image.ljcdn.com/110000-inspection/pc1_TT0hVGnDF_2.jpg!m_fill,w_280,h_210,f_jpg?from=ke.com
20230904,海淀,定慧寺,101118895947,西钓鱼台一期 观昆玉河西山 通透采光好 业主诚心出售房主自荐,1950万,129776元/平,中楼层 (共26层) 3室2厅 | 150.26平米 | 南 北,https://s1.ljcdn.com/pegasus/redskull/images/common/default_house_list.png?_v=20230816111335
20230904,海淀,定慧寺,101120841538,花园桥首师大院内新出南北三居室有电梯 看房随时新上,1100万,136816元/平,中楼层 (共18层) 3室1厅 | 80.4平米 | 南 北,https://ke-image.ljcdn.com/110000-inspection/pc1_p4moeDggC.jpg!m_fill,w_280,h_210,f_jpg?from=ke.com
20230904,海淀,定慧寺,101120797179,西三环北路105号院 4室2厅 东北新上,1350万,109401元/平,顶层 (共18层) 4室2厅 | 123.4平米 | 东北,https://ke-image.ljcdn.com/110000-inspection/pc1_1htXbvNJt_2.jpg!m_fill,w_280,h_210,f_jpg?from=ke.com
20230904,海淀,定慧寺,101120786548,定慧福里南区 西四环 商品房 两居室新上,1002万,120796元/平,中楼层 (共13层) | 2009年建 | 2室1厅 | 82.95平米 | 南 北,https://ke-image.ljcdn.com/110000-inspection/pc1_qaJtyUPk2.jpg!m_fill,w_280,h_210,f_jpg?from=ke.com
20230904,海淀,定慧寺,101120781694,瑞新里小区南北通透三居室高楼层视野好新上,1860万,119201元/平,高楼层 (共15层) 3室2厅 | 156.04平米 | 南 北,https://ke-image.ljcdn.com/110000-inspection/pc1_exAzQ1GuG.jpg!m_fill,w_280,h_210,f_jpg?from=ke.com
20230904,海淀,定慧寺,101120775580,西八里庄北里低zong价 低shui费的一居室,428万,98618元/平,顶层 (共6层) | 1994年建 | 1室1厅 | 43.4平米 | 西,https://ke-image.ljcdn.com/110000-inspection/61f81d2d-e192-4622-9c43-6a7c9329cacd_1000.jpg!m_fill,w_280,h_210,f_jpg?from=ke.com
20230904,海淀,定慧寺,101120771775,科委家属院 带电梯高层 南北西三面采光  全明格局三居,880万,122053元/平,高楼层 (共14层) | 1985年建 | 3室1厅 | 72.1平米 | 南 北,https://ke-image.ljcdn.com/110000-inspection/pc1_SD2XMdyyk.jpg!m_fill,w_280,h_210,f_jpg?from=ke.com
20230904,海淀,定慧寺,101120771737,八里庄北里 精装修3居室 电梯直达 临公园近地铁,685万,89077元/平,顶层 (共12层) 2室1厅 | 76.9平米 | 东 西,https://ke-image.ljcdn.com/110000-inspection/pc1_fe1eS1H0x.jpg!m_fill,w_280,h_210,f_jpg?from=ke.com
20230904,海淀,定慧寺,101120763045,满五年费用成本低有钥匙随时看房,638万,102080元/平,低楼层 (共7层) | 1998年建 | 2室1厅 | 62.5平米 | 南 北,https://ke-image.ljcdn.com/110000-inspection/pc1_H0n3oMJmj.jpg!m_fill,w_280,h_210,f_jpg?from=ke.com
20230904,海淀,定慧寺,101120763061,西四环 十佳文明社区 恩济里小区 正规明厅三居室,750万,96900元/平,中楼层 (共5层) | 1989年建 | 3室1厅 | 77.4平米 | 东北,https://ke-image.ljcdn.com/110000-inspection/pc1_sKEwAF8c5_1.jpg!m_fill,w_280,h_210,f_jpg?from=ke.com
20230904,海淀,定慧寺,101120756399,八里庄北里  电梯两居室 精装修  地铁6.10号线 公园,732万,95313元/平,低楼层 (共16层) 2室1厅 | 76.8平米 | 西南,https://ke-image.ljcdn.com/110000-inspection/32d5c965-3a69-4c38-b2b0-8aa76be6519a_1000.jpg!m_fill,w_280,h_210,f_jpg?from=ke.com
20230904,海淀,定慧寺,101120721369,岭南路26号院 2室1厅 南 北,690万,121694元/平,中楼层 (共6层) | 1982年建 | 2室1厅 | 56.7平米 | 南 北,https://ke-image.ljcdn.com/110000-inspection/pc1_SnY3prUHx.jpg!m_fill,w_280,h_210,f_jpg?from=ke.com
20230904,海淀,定慧寺,101120711127,海淀区  高层观景   西钓鱼台嘉园  10号线 地钓鱼台站,1725万,136418元/平,顶层 (共17层) | 2018年建 | 3室2厅 | 126.45平米 | 南 北,https://ke-image.ljcdn.com/110000-inspection/pc1_huh04oWkB_1.jpg!m_fill,w_280,h_210,f_jpg?from=ke.com
20230904,海淀,定慧寺,101120672422,三室两卫 全明格局 满五唯一 居住舒适,976万,86220元/平,高楼层 (共6层) | 1998年建 | 3室2厅 | 113.2平米 | 东 西,https://ke-image.ljcdn.com/110000-inspection/pc1_3iAEC1DUq_1.jpg!m_fill,w_280,h_210,f_jpg?from=ke.com
20230904,海淀,定慧寺,101120670129,定慧北里  独院管理 刷卡进出  环境和管理好,780万,94615元/平,高楼层 (共6层) | 1996年建 | 3室1厅 | 82.44平米 | 南 北,https://ke-image.ljcdn.com/110000-inspection/pc1_dTWQTh9ly_1.jpg!m_fill,w_280,h_210,f_jpg?from=ke.com
20230904,海淀,定慧寺,101120664532,水文宿舍 楼龄新 南北通透  诚心出售,595万,98348元/平,顶层 (共6层) 2室1厅 | 60.5平米 | 南 北,https://ke-image.ljcdn.com/110000-inspection/pc1_gunJlXVwv_2.jpg!m_fill,w_280,h_210,f_jpg?from=ke.com
20230904,海淀,定慧寺,101120612122,恩济里 精装修三居 中间层 采光好,660万,98464元/平,中楼层 (共6层) 3室1厅 | 67.03平米 | 南 北,https://ke-image.ljcdn.com/110000-inspection/pc1_tDbVlZkR1_1.jpg!m_fill,w_280,h_210,f_jpg?from=ke.com
20230904,海淀,定慧寺,101120589743,首师大家属院 南向带客厅两居室 楼龄新有电梯,810万,116547元/平,顶层 (共6层) 2室1厅 | 69.5平米 | 南,https://ke-image.ljcdn.com/110000-inspection/pc1_sM0YfyTmr.jpg!m_fill,w_280,h_210,f_jpg?from=ke.com
20230904,海淀,定慧寺,101120587218,恩济庄46号院 四居 两卫 精装 采光好,1380万,78948元/平,中楼层 (共14层) 4室2厅 | 174.8平米 | 南 北,https://ke-image.ljcdn.com/110000-inspection/pc1_FqaBuzHcN.jpg!m_fill,w_280,h_210,f_jpg?from=ke.com
20230904,海淀,定慧寺,101120547755,北京印象中间两居安静人车分流,966万,92405元/平,中楼层 (共10层) | 2003年建 | 2室1厅 | 104.54平米 | 西,https://ke-image.ljcdn.com/110000-inspection/pc1_IivYjJ4OJ_1.jpg!m_fill,w_280,h_210,f_jpg?from=ke.com
20230904,海淀,定慧寺,101120536778,恩济里小区 1室1厅 南房主自荐,520万,98672元/平,低楼层 (共15层) | 1992年建 | 1室1厅 | 52.7平米 | 南,https://ke-image.ljcdn.com/110000-inspection/pc1_O0q3Uju7w.jpg!m_fill,w_280,h_210,f_jpg?from=ke.com
20230904,海淀,定慧寺,101120516625,纯商品房小区金地物业人车人流小区环境好,920万,91826元/平,低楼层 (共15层) | 2003年建 | 2室1厅 | 100.19平米 | 北,https://ke-image.ljcdn.com/110000-inspection/pc1_uSbIWz5fR_1.jpg!m_fill,w_280,h_210,f_jpg?from=ke.com
20230904,海淀,定慧寺,101120483644,十号线西钓鱼台地铁、板楼南北通透、采光好房主自荐,498万,89730元/平,高楼层 (共6层) 2室1厅 | 55.5平米 | 南 北,https://ke-image.ljcdn.com/110000-inspection/pc1_yf0Wwqhgj.jpg!m_fill,w_280,h_210,f_jpg?from=ke.com
20230904,海淀,定慧寺,101120481023,八里庄北里1层的两居室 满五年唯一近地铁房主自荐,539万,99815元/平,底层 (共6层) 2室1厅 | 54平米 | 南 北,https://ke-image.ljcdn.com/110000-inspection/pc1_rgjVnJDAX_1.jpg!m_fill,w_280,h_210,f_jpg?from=ke.com
20230904,海淀,定慧寺,101120463198,安装宿舍小户型近地铁交通方便生活配套齐全房主自荐,380万,96693元/平,中楼层 (共6层) | 1991年建 | 1室1厅 | 39.3平米 | 南,https://ke-image.ljcdn.com/110000-inspection/pc1_bJQCnIA45.jpg!m_fill,w_280,h_210,f_jpg?from=ke.com
20230904,海淀,定慧寺,101120459796,定慧福里北区 2室1厅 南 北,688万,89935元/平,高楼层 (共16层) | 2010年建 | 2室1厅 | 76.5平米 | 南 北,https://ke-image.ljcdn.com/110000-inspection/pc1_05M4btgVG.jpg!m_fill,w_280,h_210,f_jpg?from=ke.com
20230904,海淀,定慧寺,101120451490,满五年24小时保安服务交通方便购物方便房主自荐,890万,88084元/平,高楼层 (共16层) 3室1厅 | 101.04平米 | 南 北,https://ke-image.ljcdn.com/110000-inspection/pc1_5hufCN5x7_1.jpg!m_fill,w_280,h_210,f_jpg?from=ke.com
20230904,海淀,定慧寺,101120427305,八宝庄东向一居室带电梯无户口单独管理房主自荐,445万,96113元/平,低楼层 (共16层) | 1990年建 | 1室1厅 | 46.3平米 | 东,https://ke-image.ljcdn.com/110000-inspection/pc1_do1iM4gJE.jpg!m_fill,w_280,h_210,f_jpg?from=ke.com
20230904,海淀,定慧寺,101120342147,首师大家属院 南向精装两居 采光好无遮挡 安静不临街,688万,119032元/平,顶层 (共6层) 2室1厅 | 57.8平米 | 南,https://ke-image.ljcdn.com/110000-inspection/pc1_le4WyJfUL.jpg!m_fill,w_280,h_210,f_jpg?from=ke.com
20230904,海淀,定慧寺,101120336566,科委宿舍南北西三居室钢混结构电梯房,850万,117892元/平,中楼层 (共14层) | 1985年建 | 3室1厅 | 72.1平米 | 南 北 西,https://ke-image.ljcdn.com/110000-inspection/pc1_z8U5wW6kW_2.jpg!m_fill,w_280,h_210,f_jpg?from=ke.com
20230904,海淀,定慧寺,101120306985,西八里庄北里3层南北通透精装修大两居室近地铁,799万,102581元/平,低楼层 (共9层) | 1997年建 | 2室2厅 | 77.89平米 | 南 北,https://ke-image.ljcdn.com/110000-inspection/pc1_gw2FFqqcs.jpg!m_fill,w_280,h_210,f_jpg?from=ke.com
20230904,海淀,定慧寺,101120290254,恩济庄46号院大三居满五年诚心出售靠近地铁,920万,78566元/平,中楼层 (共14层) 3室2厅 | 117.1平米 | 南 西 北,https://ke-image.ljcdn.com/110000-inspection/505e8f83-7139-44e9-a442-6d2bceffb845_1000.jpg!m_fill,w_280,h_210,f_jpg?from=ke.com
20230904,海淀,定慧寺,101120289266,海淀八里庄 板楼中间层 南北通透 88.2%得房率落地飘窗,1580万,114684元/平,中楼层 (共12层) | 2004年建 | 3室2厅 | 137.77平米 | 南 北,https://ke-image.ljcdn.com/110000-inspection/pc1_3baBawPZY_1.jpg!m_fill,w_280,h_210,f_jpg?from=ke.com
20230904,海淀,定慧寺,101120228633,西八里庄北里   低楼层  格局方正,440万,101383元/平,低楼层 (共6层) 1室1厅 | 43.4平米 | 西,https://ke-image.ljcdn.com/110000-inspection/pc1_wWI6PcMmm.jpg!m_fill,w_280,h_210,f_jpg?from=ke.com
20230904,海淀,定慧寺,101120223690,海淀  定慧寺  定慧东里 塔楼带电梯 无遮挡,541万,80747元/平,顶层 (共16层) 2室1厅 | 67平米 | 西 北,https://ke-image.ljcdn.com/110000-inspection/pc1_QTPaXjJqE_1.jpg!m_fill,w_280,h_210,f_jpg?from=ke.com
20230904,海淀,定慧寺,101120223586,西三环中塔园小区东西通透两居室精装修,599万,102132元/平,高楼层 (共6层) | 1998年建 | 2室1厅 | 58.65平米 | 东 西,https://ke-image.ljcdn.com/110000-inspection/pc1_Hz3mnPzYN_2.jpg!m_fill,w_280,h_210,f_jpg?from=ke.com
20230904,海淀,定慧寺,101120218187,定慧寺亮甲店小区南北向两居室 近地铁五路居站,368万,62906元/平,地下室 (共7层) 2室1厅 | 58.5平米 | 南 北,https://ke-image.ljcdn.com/110000-inspection/pc1_VcDb1AlZE_1.jpg!m_fill,w_280,h_210,f_jpg?from=ke.com
20230904,海淀,定慧寺,101120197746,南北通透 满五唯一 精装修 公园地铁 看房随时,529万,95316元/平,高楼层 (共6层) 2室1厅 | 55.5平米 | 南 北,https://ke-image.ljcdn.com/110000-inspection/pc1_8Pbvakv31_1.jpg!m_fill,w_280,h_210,f_jpg?from=ke.com
20230904,海淀,定慧寺,101120182658,又一村小区满五唯一住房南北通透精装修拎包入住房主自荐,589万,110590元/平,中楼层 (共6层) 2室1厅 | 53.26平米 | 南 北,https://ke-image.ljcdn.com/110000-inspection/pc1_yq3j0SzO2.jpg!m_fill,w_280,h_210,f_jpg?from=ke.com
20230904,海淀,定慧寺,101120181434,西三环北路105号院 2室1厅 东南,715万,127907元/平,中楼层 (共18层) 2室1厅 | 55.9平米 | 东南,https://ke-image.ljcdn.com/110000-inspection/pc1_1q4TgXGf3.jpg!m_fill,w_280,h_210,f_jpg?from=ke.com
20230904,海淀,定慧寺,101120123460,定慧北里 东西通透 明厅大两居 带车位房主自荐,599万,77341元/平,顶层 (共6层) 2室1厅 | 77.45平米 | 东 西,https://ke-image.ljcdn.com/110000-inspection/pc1_LmBJtxHCG_1.jpg!m_fill,w_280,h_210,f_jpg?from=ke.com
20230904,海淀,定慧寺,101120116934,亮甲店小区 三居10月份满2年业主诚意出售看房方便,520万,87395元/平,顶层 (共7层) | 1998年建 | 3室1厅 | 59.5平米 | 南 北,https://ke-image.ljcdn.com/110000-inspection/pc1_QdEkc62em_1.jpg!m_fill,w_280,h_210,f_jpg?from=ke.com
20230904,海淀,定慧寺,101120114055,西三环航天桥旁 供电局宿舍 小区安静管理好 花园景观,668万,91382元/平,中楼层 (共6层) | 1998年建 | 2室1厅 | 73.1平米 | 东 西,https://ke-image.ljcdn.com/110000-inspection/pc1_KAPQAt9pT_1.jpg!m_fill,w_280,h_210,f_jpg?from=ke.com
20230904,海淀,定慧寺,101120104993,恩济里小区 东西通透 精装中间层三居室,750万,94913元/平,中楼层 (共4层) 3室1厅 | 79.02平米 | 东 西 北,https://ke-image.ljcdn.com/110000-inspection/pc1_haMAT1lNx.jpg!m_fill,w_280,h_210,f_jpg?from=ke.com
20230904,海淀,定慧寺,101120092727,西三环北路105号院 1室1厅 南,630万,146172元/平,高楼层 (共18层) | 1990年建 | 1室1厅 | 43.1平米 | 南,https://ke-image.ljcdn.com/110000-inspection/pc1_ikmPs93cg_2.jpg!m_fill,w_280,h_210,f_jpg?from=ke.com
20230904,海淀,定慧寺,101120057595,贸促会宿舍管理好 改造完视野开阔电梯直达,485万,112739元/平,低楼层 (共16层) 1室1厅 | 43.02平米 | 西,https://ke-image.ljcdn.com/110000-inspection/pc1_h5SQQ6fkW.jpg!m_fill,w_280,h_210,f_jpg?from=ke.com
20230904,海淀,定慧寺,101120027221,恩济里小区 明厅两居 采光好 满五唯一 诚意出售房主自荐,462万,101584元/平,高楼层 (共6层) 1室1厅 | 45.48平米 | 南,https://ke-image.ljcdn.com/110000-inspection/pc1_8VsSyNwoA.jpg!m_fill,w_280,h_210,f_jpg?from=ke.com
20230904,海淀,定慧寺,101120001997,首师大附中宿舍中间楼层南向一居满五年唯一房改房,445万,107488元/平,中楼层 (共5层) 1室1厅 | 41.4平米 | 南,https://ke-image.ljcdn.com/110000-inspection/pc1_sIHiarmYq_2.jpg!m_fill,w_280,h_210,f_jpg?from=ke.com
20230904,海淀,定慧寺,101120000242,八宝庄 1室1厅 南 北,430万,100234元/平,中楼层 (共6层) | 1990年建 | 1室1厅 | 42.9平米 | 南 北,https://ke-image.ljcdn.com/110000-inspection/pc1_tAJ2o4pmx_1.jpg!m_fill,w_280,h_210,f_jpg?from=ke.com
20230904,海淀,定慧寺,101119992748,定慧寺定慧福里南区商品房两居室 电梯房 人车分流,1180万,124987元/平,中楼层 (共9层) | 2009年建 | 2室1厅 | 94.41平米 | 南 北,https://ke-image.ljcdn.com/110000-inspection/pc1_YBx2SZivb.jpg!m_fill,w_280,h_210,f_jpg?from=ke.com
20230904,海淀,定慧寺,101119947353,恩济里小区 带电梯  全明户型  精装修 三居室,990万,83934元/平,低楼层 (共14层) | 1995年建 | 3室1厅 | 117.95平米 | 南 北,https://ke-image.ljcdn.com/110000-inspection/3ee76b3f-df26-4358-b7b8-540cf67f9ffb_1000.jpg!m_fill,w_280,h_210,f_jpg?from=ke.com
20230904,海淀,定慧寺,101119927247,瑞新里满五年四居高楼层视野好,1850万,108403元/平,中楼层 (共15层) 4室2厅 | 170.66平米 | 南 北,https://ke-image.ljcdn.com/110000-inspection/pc1_MM9eZLJ7h_1.jpg!m_fill,w_280,h_210,f_jpg?from=ke.com
20230904,海淀,定慧寺,101119902986,首师大家属院全南两居室业主诚心出售,1100万,136816元/平,中楼层 (共18层) 2室2厅 | 80.4平米 | 南,https://ke-image.ljcdn.com/110000-inspection/pc1_fwnYKDwtK_2.jpg!m_fill,w_280,h_210,f_jpg?from=ke.com
20230904,海淀,定慧寺,101119890067,恩济里 正规三居 中间层 不临街 安静,918万,102137元/平,中楼层 (共6层) 3室1厅 | 89.88平米 | 南 北,https://ke-image.ljcdn.com/110000-inspection/cbc43636-bc0c-46dc-9d1d-67f30a327313_1000.jpg!m_fill,w_280,h_210,f_jpg?from=ke.com
20230904,海淀,定慧寺,101119856461,北洼路44号院 2室1厅 南 北,536万,95036元/平,顶层 (共6层) | 1999年建 | 2室1厅 | 56.4平米 | 南 北,https://ke-image.ljcdn.com/110000-inspection/pc1_PyYSujEnS.jpg!m_fill,w_280,h_210,f_jpg?from=ke.com
20230904,海淀,定慧寺,101119850414,瑞新里小区 精装小2居水系环境2007年新楼龄,798万,108942元/平,中楼层 (共15层) | 2007年建 | 1室1厅 | 73.25平米 | 西 北,https://ke-image.ljcdn.com/110000-inspection/pc1_o2bKpGJ1Z_1.jpg!m_fill,w_280,h_210,f_jpg?from=ke.com
20230904,海淀,定慧寺,101119810326,恩济里小区 正规两居 南向采光好,560万,101084元/平,高楼层 (共6层) | 1991年建 | 2室1厅 | 55.4平米 | 南,https://ke-image.ljcdn.com/110000-inspection/pc1_h4AjzUI9J_1.jpg!m_fill,w_280,h_210,f_jpg?from=ke.com
20230904,海淀,定慧寺,101119805851,阜成路49号院水1楼南北通透小三居诚意出售房主自荐,528万,97960元/平,底层 (共6层) | 1985年建 | 2室1厅 | 53.9平米 | 南 北,https://ke-image.ljcdn.com/110000-inspection/pc1_j4LM0qsDz.jpg!m_fill,w_280,h_210,f_jpg?from=ke.com
20230904,海淀,定慧寺,101119801390,恩济里小区南北通透两居室中间楼层看房方便,602万,103012元/平,中楼层 (共6层) 2室1厅 | 58.44平米 | 南 北,https://ke-image.ljcdn.com/110000-inspection/pc1_4Bs661BlP_1.jpg!m_fill,w_280,h_210,f_jpg?from=ke.com
20230904,海淀,定慧寺,101119797929,西八里庄北里 朝南大一居 采光视野好 双线地铁口房主自荐,475万,94641元/平,顶层 (共6层) 1室1厅 | 50.19平米 | 南,https://ke-image.ljcdn.com/110000-inspection/pc1_6c81Gc4pA_1.jpg!m_fill,w_280,h_210,f_jpg?from=ke.com
20230904,海淀,定慧寺,101119758402,北京印象 正规一室一厅 精装修拎包入住 等同满五唯一,650万,95857元/平,底层 (共10层) | 2003年建 | 1室1厅 | 67.81平米 | 北,https://ke-image.ljcdn.com/110000-inspection/pc1_Phq4U131U_1.jpg!m_fill,w_280,h_210,f_jpg?from=ke.com
20230904,海淀,定慧寺,101119697865,西钓鱼台嘉园  高层全景玉渊潭 有车位 层高3.3米有车,3000万,139978元/平,中楼层 (共22层) 3室2厅 | 214.32平米 | 南 北,https://ke-image.ljcdn.com/110000-inspection/pc1_YQk0qOCXz_1.jpg!m_fill,w_280,h_210,f_jpg?from=ke.com
20230904,海淀,定慧寺,101119694983,定慧西里楼龄新 管理好 出行便利 配套齐全,495万,80751元/平,中楼层 (共14层) | 1995年建 | 2室1厅 | 61.3平米 | 南 北,https://ke-image.ljcdn.com/110000-inspection/a40bf19d-56f5-45a5-a5b5-20002b01cc1c_1000.jpg!m_fill,w_280,h_210,f_jpg?from=ke.com
20230904,海淀,定慧寺,101119678041,南北通透中间楼层采光好安静不临街,700万,120899元/平,中楼层 (共6层) 2室1厅 | 57.9平米 | 南 北,https://ke-image.ljcdn.com/110000-inspection/pc1_YdYcJWLRm_2.jpg!m_fill,w_280,h_210,f_jpg?from=ke.com
20230904,海淀,定慧寺,101119665510,八里庄北里2层的两居室 满五年 业主诚心出售,559万,99822元/平,低楼层 (共6层) 2室1厅 | 56平米 | 东 西,https://ke-image.ljcdn.com/110000-inspection/pc1_QYyTgxRKK.jpg!m_fill,w_280,h_210,f_jpg?from=ke.com
20230904,海淀,定慧寺,101119660953,核二院环境好不临街中间楼层无遮挡房主自荐,688万,123964元/平,高楼层 (共6层) 2室1厅 | 55.5平米 | 南,https://ke-image.ljcdn.com/110000-inspection/pc1_QTFXiFPre_2.jpg!m_fill,w_280,h_210,f_jpg?from=ke.com
20230904,海淀,定慧寺,101119624312,八里庄北里  南北三居室 公园 地铁6.10号线慈寿寺房主自荐,830万,109499元/平,底层 (共6层) | 1997年建 | 3室1厅 | 75.8平米 | 东 南 北,https://ke-image.ljcdn.com/110000-inspection/pc1_s5WCNito4_1.jpg!m_fill,w_280,h_210,f_jpg?from=ke.com
20230904,海淀,定慧寺,101119620170,科委宿舍 3室1厅 南 北,840万,123712元/平,中楼层 (共14层) | 1985年建 | 3室1厅 | 67.9平米 | 南 北,https://ke-image.ljcdn.com/110000-inspection/pc1_FRqpnbVRO.jpg!m_fill,w_280,h_210,f_jpg?from=ke.com
20230904,海淀,定慧寺,101119590008,双轨交汇慈寿寺地铁站 小区直通公园 双卧室朝南,719万,95995元/平,高楼层 (共6层) 3室1厅 | 74.9平米 | 南 北,https://ke-image.ljcdn.com/110000-inspection/pc1_gu5Ojss3V_1.jpg!m_fill,w_280,h_210,f_jpg?from=ke.com
20230904,海淀,定慧寺,101119524021,恩济庄96号院优质两居 中间楼层 全明格局 满五年唯一,689万,86930元/平,中楼层 (共6层) | 1998年建 | 2室1厅 | 79.26平米 | 东 南 西,https://ke-image.ljcdn.com/110000-inspection/3ed332ac-0dd1-4c32-b938-3e7255a2b1b7_1000.jpg!m_fill,w_280,h_210,f_jpg?from=ke.com
20230904,海淀,定慧寺,101119520116,岭南路26号院南北向两居室中楼层户型方正环境好,760万,126879元/平,中楼层 (共6层) | 1982年建 | 2室1厅 | 59.9平米 | 南 北,https://ke-image.ljcdn.com/110000-inspection/pc1_acHHvPq6A.jpg!m_fill,w_280,h_210,f_jpg?from=ke.com
20230904,海淀,定慧寺,101119508992,西八里庄北里满五年央产房看房方便,1500万,98426元/平,低楼层 (共15层) | 1998年建 | 3室2厅 | 152.4平米 | 南 西,https://ke-image.ljcdn.com/110000-inspection/pc1_hM7jTNhnc_1.jpg!m_fill,w_280,h_210,f_jpg?from=ke.com
20230904,海淀,定慧寺,101119468805,钓鱼台庄园满五唯一花园洋房一梯两户电梯直达,2190万,105360元/平,中楼层 (共6层) | 1997年建 | 4室2厅 | 207.86平米 | 东 南 西 北,https://ke-image.ljcdn.com/110000-inspection/pc1_t4TrE0oux_1.jpg!m_fill,w_280,h_210,f_jpg?from=ke.com
20230904,海淀,定慧寺,101119402173,核二院    核二院小区  航天桥 核二院 马神庙一号,702万,124248元/平,高楼层 (共6层) | 1986年建 | 2室1厅 | 56.5平米 | 南 北,https://ke-image.ljcdn.com/110000-inspection/pc1_RwzHQ9MNH.jpg!m_fill,w_280,h_210,f_jpg?from=ke.com
20230904,海淀,定慧寺,101119400149,恩济里 精装 南北通透 两居 采光好,585万,102722元/平,高楼层 (共6层) 2室1厅 | 56.95平米 | 南 北,https://ke-image.ljcdn.com/110000-inspection/pc1_WZd6s22Js_1.jpg!m_fill,w_280,h_210,f_jpg?from=ke.com
20230904,海淀,定慧寺,101119376860,航天桥 核二院 正规三居室  央产大院 业主诚售,960万,114833元/平,底层 (共18层) 3室1厅 | 83.6平米 | 东南 西北,https://ke-image.ljcdn.com/110000-inspection/pc1_wNUqB6BvQ_1.jpg!m_fill,w_280,h_210,f_jpg?from=ke.com
20230904,海淀,定慧寺,101119364869,北京印象南北三居室看房方便诚意出售,1560万,86677元/平,低楼层 (共11层) | 2003年建 | 3室2厅 | 179.98平米 | 南 北,https://ke-image.ljcdn.com/110000-inspection/pc1_4Sikym7K8_1.jpg!m_fill,w_280,h_210,f_jpg?from=ke.com
20230904,海淀,定慧寺,101119364425,西八里庄北里   南北通透 低楼层视野好,810万,101632元/平,低楼层 (共9层) | 1997年建 | 2室1厅 | 79.7平米 | 南 北,https://ke-image.ljcdn.com/110000-inspection/pc1_M3qUEbX4z_1.jpg!m_fill,w_280,h_210,f_jpg?from=ke.com
20230904,海淀,定慧寺,101119325383,满五年唯一交通方便近地铁超市南向采光好,482万,92693元/平,底层 (共7层) | 1998年建 | 1室1厅 | 52平米 | 南,https://ke-image.ljcdn.com/110000-inspection/pc1_BUqpSJMT2_1.jpg!m_fill,w_280,h_210,f_jpg?from=ke.com
20230904,海淀,定慧寺,101119283262,恩济里小区 满五年商品房 视野好采光好,570万,101605元/平,顶层 (共6层) 2室1厅 | 56.1平米 | 南,https://ke-image.ljcdn.com/110000-inspection/f4ce6daf-e2ca-4fef-9a7a-edc58f4fa7ba_1000.jpg!m_fill,w_280,h_210,f_jpg?from=ke.com
20230904,海淀,定慧寺,101119231775,定慧北里 南北双阳台两居 低楼层 无遮挡,709万,85774元/平,低楼层 (共12层) 2室1厅 | 82.66平米 | 南 北,https://ke-image.ljcdn.com/110000-inspection/pc1_AGs17QjD2_1.jpg!m_fill,w_280,h_210,f_jpg?from=ke.com
20230904,海淀,定慧寺,101119226745,科委宿舍电梯直达两居不临街满五唯一可以组合贷。,657万,123265元/平,中楼层 (共14层) | 1985年建 | 2室1厅 | 53.3平米 | 南,https://ke-image.ljcdn.com/110000-inspection/pc1_U8mKnIyN8.jpg!m_fill,w_280,h_210,f_jpg?from=ke.com
20230904,海淀,定慧寺,101119211946,科委宿舍正规三居室采光好满五年看房方便,826万,121471元/平,低楼层 (共14层) | 1985年建 | 3室1厅 | 68平米 | 南 北,https://ke-image.ljcdn.com/110000-inspection/pc1_4EnfN2L27.jpg!m_fill,w_280,h_210,f_jpg?from=ke.com
20230904,海淀,定慧寺,101119204112,西三环北路109号 管理好电梯直达近地铁6号线花园桥,850万,105854元/平,高楼层 (共18层) 3室1厅 | 80.3平米 | 东南,https://ke-image.ljcdn.com/110000-inspection/pc1_U9pmZCFpR_2.jpg!m_fill,w_280,h_210,f_jpg?from=ke.com
20230904,海淀,定慧寺,101119187728,中塔园单独管理很好央产房已上市随时看房诚心卖,490万,118044元/平,底层 (共6层) 1室1厅 | 41.51平米 | 西南,https://ke-image.ljcdn.com/110000-inspection/pc1_rhajDSG2d.jpg!m_fill,w_280,h_210,f_jpg?from=ke.com
20230904,海淀,定慧寺,101119186186,恩济庄96号院 2室1厅 东 西,690万,86380元/平,中楼层 (共6层) | 1998年建 | 2室1厅 | 79.88平米 | 东 西,https://ke-image.ljcdn.com/110000-inspection/pc1_6jC1taigk_1.jpg!m_fill,w_280,h_210,f_jpg?from=ke.com
20230904,海淀,定慧寺,101119184397,阜成路49号院水1楼全南向两居室精装修看房随时房主自荐,579万,113308元/平,中楼层 (共6层) | 1992年建 | 2室1厅 | 51.1平米 | 南,https://ke-image.ljcdn.com/110000-inspection/pc1_xJ8feSNzh_2.jpg!m_fill,w_280,h_210,f_jpg?from=ke.com
20230904,海淀,定慧寺,101119178525,恩济里 南北通透 两室一厅采光好,610万,104256元/平,中楼层 (共6层) | 1995年建 | 2室1厅 | 58.51平米 | 南 北,https://ke-image.ljcdn.com/110000-inspection/pc1_1KIJVPKrv_1.jpg!m_fill,w_280,h_210,f_jpg?from=ke.com
20230904,海淀,定慧寺,101119172074,亮甲店小区 南北通透 全明格局 看房方便,499万,85300元/平,顶层 (共7层) 2室1厅 | 58.5平米 | 南 北,https://ke-image.ljcdn.com/110000-inspection/pc1_mt4qi2QN4_1.jpg!m_fill,w_280,h_210,f_jpg?from=ke.com
20230904,海淀,定慧寺,101119162134,西四环 定慧福里南区 南北双阳台 户型方正 诚意出售,1160万,109870元/平,低楼层 (共9层) | 2009年建 | 2室1厅 | 105.58平米 | 南 北,https://ke-image.ljcdn.com/110000-inspection/pc1_PNXhJe75D.jpg!m_fill,w_280,h_210,f_jpg?from=ke.com
20230904,海淀,定慧寺,101119161820,定慧北里独院管理南北大两居 双阳台 满五年唯一带车位,710万,87278元/平,低楼层 (共12层) 2室1厅 | 81.35平米 | 南 北,https://ke-image.ljcdn.com/110000-inspection/pc1_7FwgiMmqX_1.jpg!m_fill,w_280,h_210,f_jpg?from=ke.com
20230904,海淀,定慧寺,101119153015,恩济里 正规两居室 业主诚心出售,630万,125749元/平,底层 (共6层) | 1996年建 | 2室1厅 | 50.1平米 | 南,https://ke-image.ljcdn.com/110000-inspection/pc1_9vroFp4zk_2.jpg!m_fill,w_280,h_210,f_jpg?from=ke.com
20230904,海淀,定慧寺,101119147752,八里庄北里新上南北通透小三居中间层一手业主满五唯一,698万,102047元/平,中楼层 (共6层) 3室1厅 | 68.4平米 | 南 北,https://ke-image.ljcdn.com/110000-inspection/pc1_euGp0G6qJ_1.jpg!m_fill,w_280,h_210,f_jpg?from=ke.com
20230904,海淀,定慧寺,101119145319,安装宿舍 两居室 南北通透 近地铁,498万,87369元/平,顶层 (共6层) | 1992年建 | 2室1厅 | 57平米 | 南 北,https://ke-image.ljcdn.com/110000-inspection/pc1_vrYqcrW8S_1.jpg!m_fill,w_280,h_210,f_jpg?from=ke.com
20230904,海淀,定慧寺,101119139930,海淀 恩济庄 精装南北两居室 有固定车位 板楼三层！,560万,96403元/平,中楼层 (共6层) 2室1厅 | 58.09平米 | 南 北,https://ke-image.ljcdn.com/110000-inspection/pc1_GK2kt6BBR.jpg!m_fill,w_280,h_210,f_jpg?from=ke.com
20230904,海淀,定慧寺,101119118289,北洼路46号院 满五年南北向正规客厅,628万,103511元/平,顶层 (共6层) | 2000年建 | 2室1厅 | 60.67平米 | 南 北 西,https://ke-image.ljcdn.com/110000-inspection/pc1_bNB27Cvvf_2.jpg!m_fill,w_280,h_210,f_jpg?from=ke.com
20230904,海淀,定慧寺,101119115713,亮甲店小区南向一居诚意出售采光充足,495万,95193元/平,底层 (共7层) | 1998年建 | 1室1厅 | 52平米 | 南,https://ke-image.ljcdn.com/110000-inspection/pc1_HaRBRxfCy_1.jpg!m_fill,w_280,h_210,f_jpg?from=ke.com
20230904,海淀,定慧寺,101119106182,定慧寺八里庄北里 南北通透两居 双地铁双公园,540万,99816元/平,高楼层 (共6层) 2室1厅 | 54.1平米 | 南 北,https://ke-image.ljcdn.com/110000-inspection/pc1_4MC8J1H64.jpg!m_fill,w_280,h_210,f_jpg?from=ke.com
20230904,海淀,定慧寺,101119105412,亮甲店小区 三居室 南北通透 满五年唯一有钥匙,700万,93960元/平,中楼层 (共7层) 3室1厅 | 74.5平米 | 南 北,https://ke-image.ljcdn.com/110000-inspection/24336083-3452-4d8b-bf23-aa2c61814289_1000.jpg!m_fill,w_280,h_210,f_jpg?from=ke.com
20230904,海淀,定慧寺,101119101881,水文大院南北三居室户型好价格优选,620万,89856元/平,顶层 (共6层) | 1985年建 | 3室1厅 | 69平米 | 南 北,https://ke-image.ljcdn.com/110000-inspection/pc1_giuibEh6P.jpg!m_fill,w_280,h_210,f_jpg?from=ke.com
20230904,海淀,定慧寺,101119093319,海淀 永安东里 南北通透 独立餐厅 看房方便！,970万,86996元/平,顶层 (共6层) 3室2厅 | 111.5平米 | 南 北,https://ke-image.ljcdn.com/110000-inspection/pc1_sfAEDZ3s1_1.jpg!m_fill,w_280,h_210,f_jpg?from=ke.com
20230904,海淀,定慧寺,101119085392,瑞新里 正规三居室 中高楼层 满五唯一 无遮挡 不临街,1465万,121105元/平,中楼层 (共15层) 3室2厅 | 120.97平米 | 西南,https://ke-image.ljcdn.com/110000-inspection/pc1_9LgVwnQ2B.jpg!m_fill,w_280,h_210,f_jpg?from=ke.com
20230904,海淀,定慧寺,101119064233,独院管理 楼龄新 有电梯 格局合理,513万,80788元/平,低楼层 (共14层) | 1995年建 | 2室1厅 | 63.5平米 | 东 西,https://ke-image.ljcdn.com/110000-inspection/pc1_66J508vIq_1.jpg!m_fill,w_280,h_210,f_jpg?from=ke.com
20230904,海淀,定慧寺,101119046689,近地铁无遮挡不临街 双朝南低楼层看房方便。,580万,102113元/平,低楼层 (共6层) 2室1厅 | 56.8平米 | 南,https://ke-image.ljcdn.com/110000-inspection/pc1_bktLFzRIh.jpg!m_fill,w_280,h_210,f_jpg?from=ke.com
20230904,海淀,定慧寺,101119042769,定慧北里  中间楼层 南北通透  两居室,569万,94378元/平,中楼层 (共6层) 2室1厅 | 60.29平米 | 南 北,https://ke-image.ljcdn.com/110000-inspection/pc1_lx6Rf4vBR_1.jpg!m_fill,w_280,h_210,f_jpg?from=ke.com
20230904,海淀,定慧寺,101119032335,八宝庄高层采光东南向采光和视野很棒楼下公园唯一住房房主自荐,749万,90899元/平,高楼层 (共16层) | 1988年建 | 3室1厅 | 82.4平米 | 东南,https://ke-image.ljcdn.com/110000-inspection/pc1_I1PvlTfRR.jpg!m_fill,w_280,h_210,f_jpg?from=ke.com
20230904,海淀,定慧寺,101118973888,花园桥首师大院里楼龄新 电梯房两居 看房随时,1000万,135999元/平,高楼层 (共18层) 2室1厅 | 73.53平米 | 西南,https://ke-image.ljcdn.com/110000-inspection/pc1_T1W1XZs2B.jpg!m_fill,w_280,h_210,f_jpg?from=ke.com
20230904,海淀,定慧寺,101118964328,西八里庄北里 精装修 南北两居室 采光好 地铁口,558万,103334元/平,高楼层 (共6层) 2室1厅 | 54平米 | 南 北,https://ke-image.ljcdn.com/110000-inspection/pc1_tGZHHQg3x_1.jpg!m_fill,w_280,h_210,f_jpg?from=ke.com
20230904,海淀,定慧寺,101118949942,定慧福里北区三居室南北通透诚意卖,939万,93054元/平,高楼层 (共16层) | 2010年建 | 3室1厅 | 100.91平米 | 南 北,https://ke-image.ljcdn.com/110000-inspection/pc1_BYMi3qQm0_1.jpg!m_fill,w_280,h_210,f_jpg?from=ke.com
20230904,海淀,定慧寺,101118938774,亮丽园中间楼层 南北通透 户型方正 满五年唯一住宅房主自荐,1499万,108955元/平,中楼层 (共12层) 3室1厅 | 137.58平米 | 南 北,https://ke-image.ljcdn.com/110000-inspection/pc1_kFSvgpaZS_1.jpg!m_fill,w_280,h_210,f_jpg?from=ke.com
20230904,海淀,定慧寺,101118929874,南北两居室诚意出售 不临街 价格可谈房主自荐,628万,87894元/平,顶层 (共6层) 2室1厅 | 71.45平米 | 南 北,https://ke-image.ljcdn.com/110000-inspection/pc1_r4pdsUGnW_1.jpg!m_fill,w_280,h_210,f_jpg?from=ke.com
20230904,海淀,定慧寺,101118911852,八里庄北里   南北通透  客厅带阳台户型,605万,104365元/平,底层 (共6层) | 1989年建 | 2室1厅 | 57.97平米 | 南 北,https://ke-image.ljcdn.com/110000-inspection/73140f7b-ccdd-404b-a99a-1faa3c8f9b6c_1000.jpg!m_fill,w_280,h_210,f_jpg?from=ke.com
20230904,海淀,定慧寺,101118883096,中塔园 2室1厅 东 西,650万,97818元/平,顶层 (共6层) 2室1厅 | 66.45平米 | 东 西,https://ke-image.ljcdn.com/110000-inspection/pc1_UGrGs2p2I_1.jpg!m_fill,w_280,h_210,f_jpg?from=ke.com
20230904,海淀,定慧寺,101118882916,八宝庄航天桥南北两居客厅有窗把边中间楼层四环内,535万,96397元/平,中楼层 (共6层) 2室1厅 | 55.5平米 | 南 北,https://ke-image.ljcdn.com/110000-inspection/pc1_1uphPbcpC.jpg!m_fill,w_280,h_210,f_jpg?from=ke.com
20230904,海淀,定慧寺,101118876825,八里庄北里 带电梯三居 临公园近地铁,710万,92328元/平,中楼层 (共12层) 3室1厅 | 76.9平米 | 西 东,https://ke-image.ljcdn.com/110000-inspection/pc1_fMdpupkOh_1.jpg!m_fill,w_280,h_210,f_jpg?from=ke.com
20230904,海淀,定慧寺,101118844121,南北通透大两居双阳台满五年唯一低楼层诚心卖,710万,91696元/平,低楼层 (共10层) 2室1厅 | 77.43平米 | 南 北,https://ke-image.ljcdn.com/110000-inspection/pc1_hYumW0tCY.jpg!m_fill,w_280,h_210,f_jpg?from=ke.com
20230904,海淀,定慧寺,101118781975,小区环境好安静满五年南北通透明厨明卫,738万,123206元/平,顶层 (共6层) | 1982年建 | 2室1厅 | 59.9平米 | 南 北,https://ke-image.ljcdn.com/110000-inspection/pc1_XTkK8PSbn.jpg!m_fill,w_280,h_210,f_jpg?from=ke.com
20230904,海淀,定慧寺,101118779528,科委宿舍 南北通透三居室 小区安静,850万,125000元/平,低楼层 (共14层) | 1985年建 | 3室1厅 | 68平米 | 南 北,https://ke-image.ljcdn.com/110000-inspection/pc1_eaUT1ghV6.jpg!m_fill,w_280,h_210,f_jpg?from=ke.com
20230904,海淀,定慧寺,101118770737,水文大院中间楼层一居位置好居住舒适,455万,107566元/平,中楼层 (共6层) | 1990年建 | 1室1厅 | 42.3平米 | 南,https://ke-image.ljcdn.com/110000-inspection/pc1_5T9C4CFs8.jpg!m_fill,w_280,h_210,f_jpg?from=ke.com
20230904,海淀,定慧寺,101118727844,永安东里 3室2厅 南 北,999万,86121元/平,高楼层 (共6层) 3室2厅 | 116平米 | 南 北,https://ke-image.ljcdn.com/110000-inspection/pc1_WlOrfejQw_1.jpg!m_fill,w_280,h_210,f_jpg?from=ke.com
20230904,海淀,定慧寺,101118717159,岭南路36号院 满五唯一 南北通透大四居 1996楼龄房主自荐,1580万,101641元/平,中楼层 (共6层) 4室2厅 | 155.45平米 | 南 北,https://ke-image.ljcdn.com/110000-inspection/4cb338ad-3e0e-4a81-b43b-bdbad5ceea0a_1000.jpg!m_fill,w_280,h_210,f_jpg?from=ke.com
20230904,海淀,定慧寺,101118714242,定慧北里南北低楼层两居室户型方正房主自荐,595万,92593元/平,底层 (共6层) | 1996年建 | 2室1厅 | 64.26平米 | 南 北,https://ke-image.ljcdn.com/110000-inspection/302fe74b-5f36-48a5-9802-b54f293a0825_1000.jpg!m_fill,w_280,h_210,f_jpg?from=ke.com
20230904,海淀,定慧寺,101118700141,安装宿舍 南北两居  近地铁 西四环,539万,85285元/平,中楼层 (共6层) | 1992年建 | 2室1厅 | 63.2平米 | 南 北,https://ke-image.ljcdn.com/110000-inspection/pc1_3krtDy81R.jpg!m_fill,w_280,h_210,f_jpg?from=ke.com
20230904,海淀,定慧寺,101118692319,满五单位房 2梯5户 2000年房子 24小时热水 停车方便房主自荐,1100万,87685元/平,中楼层 (共18层) | 1999年建 | 3室1厅 | 125.45平米 | 南 北,https://ke-image.ljcdn.com/110000-inspection/pc1_lMgrrO2Ng_1.jpg!m_fill,w_280,h_210,f_jpg?from=ke.com
20230904,海淀,定慧寺,101118660039,科委宿舍近地铁人员素质高一居室诚心出售,485万,152997元/平,中楼层 (共6层) 1室0厅 | 31.7平米 | 南,https://ke-image.ljcdn.com/110000-inspection/pc1_aS7avFZkk.jpg!m_fill,w_280,h_210,f_jpg?from=ke.com
20230904,海淀,定慧寺,101118650539,花园桥航天桥首师大家属院不临街两居明厅诚意大,875万,134347元/平,低楼层 (共18层) 2室1厅 | 65.13平米 | 东南,https://ke-image.ljcdn.com/110000-inspection/pc1_rzqg31DDK.jpg!m_fill,w_280,h_210,f_jpg?from=ke.com
20230904,海淀,定慧寺,101118644086,八里庄北里  南北两居  精装修  公园 6.10号线慈寿寺,670万,95333元/平,顶层 (共6层) | 1993年建 | 2室1厅 | 70.28平米 | 南 北,https://ke-image.ljcdn.com/110000-inspection/pc1_b18hYGpXa_1.jpg!m_fill,w_280,h_210,f_jpg?from=ke.com
20230904,海淀,定慧寺,101118626613,西八里庄北里 南北两居室 采光好 满五年唯一 地铁口房主自荐,549万,102197元/平,底层 (共4层) 2室1厅 | 53.72平米 | 南 北,https://ke-image.ljcdn.com/110000-inspection/pc1_heKzsku9J.jpg!m_fill,w_280,h_210,f_jpg?from=ke.com
20230904,海淀,定慧寺,101118620399,名仕花园满五唯一花园洋房低密度改善自住,2070万,125046元/平,底层 (共3层) 3室1厅 | 165.54平米 | 南 北,https://ke-image.ljcdn.com/110000-inspection/pc1_5JiGiXj2R_1.jpg!m_fill,w_280,h_210,f_jpg?from=ke.com
20230904,海淀,定慧寺,101118604811,定慧北里中间楼层南北两居室视野采光好,678万,89826元/平,中楼层 (共10层) 2室1厅 | 75.48平米 | 南 北,https://ke-image.ljcdn.com/110000-inspection/pc1_dSnEt0Gjo.jpg!m_fill,w_280,h_210,f_jpg?from=ke.com
20230904,海淀,定慧寺,101118582156,西三环昆玉河人车分流小区法式园林高层观景房,930万,101840元/平,中楼层 (共17层) 2室1厅 | 91.32平米 | 东北,https://ke-image.ljcdn.com/110000-inspection/pc1_s9GZzRvQJ.jpg!m_fill,w_280,h_210,f_jpg?from=ke.com
20230904,海淀,定慧寺,101118578584,定慧福里北区 南北两居 近地铁 带电梯,675万,88121元/平,中楼层 (共16层) 2室1厅 | 76.6平米 | 南 北,https://ke-image.ljcdn.com/110000-inspection/pc1_G0Cf07Nn4_1.jpg!m_fill,w_280,h_210,f_jpg?from=ke.com
20230904,海淀,定慧寺,101118561850,定慧北里满五唯一无遮挡精装修可拎包入住电梯直达房主自荐,668万,89605元/平,顶层 (共10层) 2室1厅 | 74.55平米 | 南 北,https://ke-image.ljcdn.com/110000-inspection/pc1_OrgLHsh3g_1.jpg!m_fill,w_280,h_210,f_jpg?from=ke.com
20230904,海淀,定慧寺,101118535237,满五年南北通透两居室变现周期无要求,606万,113484元/平,低楼层 (共6层) 2室1厅 | 53.4平米 | 南 北,https://ke-image.ljcdn.com/110000-inspection/pc1_b74lVPE5a.jpg!m_fill,w_280,h_210,f_jpg?from=ke.com
20230904,海淀,定慧寺,101118518104,亮甲店小区南北通透三居室中间楼层,970万,98268元/平,中楼层 (共7层) | 1997年建 | 3室1厅 | 98.71平米 | 南 北,https://ke-image.ljcdn.com/110000-inspection/pc1_R1TPgqcgG_1.jpg!m_fill,w_280,h_210,f_jpg?from=ke.com
20230904,海淀,定慧寺,101118470351,又一村 2室1厅 南 北,575万,108491元/平,中楼层 (共6层) | 1987年建 | 2室1厅 | 53平米 | 南 北,https://ke-image.ljcdn.com/110000-inspection/pc1_VKXHqH9wh.jpg!m_fill,w_280,h_210,f_jpg?from=ke.com
20230904,海淀,定慧寺,101118456702,核二院小区 管理好 环境好 院内配套齐全 正规三居室,1066万,121413元/平,顶层 (共7层) 3室1厅 | 87.8平米 | 南 北,https://ke-image.ljcdn.com/110000-inspection/pc1_mgKFrvTpT.jpg!m_fill,w_280,h_210,f_jpg?from=ke.com
20230904,海淀,定慧寺,101118432512,亮甲店小区 近地铁 满五年唯一 中间层,618万,98880元/平,中楼层 (共7层) 2室1厅 | 62.5平米 | 南 北,https://ke-image.ljcdn.com/110000-inspection/pc1_fhjJVstiL.jpg!m_fill,w_280,h_210,f_jpg?from=ke.com
20230904,海淀,定慧寺,101118430388,北京印象南北三居室诚意出售看房方便,1550万,85669元/平,中楼层 (共11层) | 2003年建 | 3室2厅 | 180.93平米 | 南 北,https://ke-image.ljcdn.com/110000-inspection/pc1_uOnPaA0uz_1.jpg!m_fill,w_280,h_210,f_jpg?from=ke.com
20230904,海淀,定慧寺,101118424713,定慧寺 五路居地铁  南北两居室 可贷款 户型好,498万,87369元/平,高楼层 (共6层) | 1992年建 | 2室1厅 | 57平米 | 南 北,https://ke-image.ljcdn.com/110000-inspection/pc1_bXLkHtc7I_1.jpg!m_fill,w_280,h_210,f_jpg?from=ke.com
20230904,海淀,定慧寺,101118413844,定慧福里南区南北双阳台户型方正诚意出售,1210万,114606元/平,低楼层 (共9层) | 2009年建 | 2室2厅 | 105.58平米 | 南 北,https://ke-image.ljcdn.com/110000-inspection/pc1_ePdHExT0v_1.jpg!m_fill,w_280,h_210,f_jpg?from=ke.com
20230904,海淀,定慧寺,101118381379,定慧福里南区 新上双南向2居室不临街,1099万,124097元/平,中楼层 (共11层) 2室1厅 | 88.56平米 | 南,https://ke-image.ljcdn.com/110000-inspection/pc1_ApsIBi1Q5.jpg!m_fill,w_280,h_210,f_jpg?from=ke.com
20230904,海淀,定慧寺,101118378955,03年房精装修大飘窗光线好满五年唯一房主自荐,615万,96471元/平,低楼层 (共17层) 2室1厅 | 63.75平米 | 南,https://ke-image.ljcdn.com/110000-inspection/pc1_MXlMaDPD9.jpg!m_fill,w_280,h_210,f_jpg?from=ke.com
20230904,海淀,定慧寺,101118374604,高楼层视野好 采光充足 精装修 户型方正 无浪费面积,938万,111787元/平,高楼层 (共17层) 2室1厅 | 83.91平米 | 东 西,https://ke-image.ljcdn.com/110000-inspection/pc1_FwnQDBY74.jpg!m_fill,w_280,h_210,f_jpg?from=ke.com
20230904,海淀,定慧寺,101118368942,正规三居有客厅东南朝向无遮挡采光好,750万,91020元/平,高楼层 (共16层) | 1988年建 | 3室1厅 | 82.4平米 | 东南,https://ke-image.ljcdn.com/110000-inspection/e7a1e079-e656-4a3f-9cf1-5a3d6c5151be_1000.jpg!m_fill,w_280,h_210,f_jpg?from=ke.com
20230904,海淀,定慧寺,101118352874,正规两居室 近地铁 临公园 诚心出售房主自荐,505万,79906元/平,顶层 (共6层) | 1992年建 | 2室1厅 | 63.2平米 | 南 北,https://ke-image.ljcdn.com/110000-inspection/pc1_hnNCjdqHb_1.jpg!m_fill,w_280,h_210,f_jpg?from=ke.com
20230904,海淀,定慧寺,101118313029,北京印象南北向三居安静无遮挡,2090万,110553元/平,中楼层 (共10层) | 2003年建 | 3室2厅 | 189.05平米 | 南 北,https://ke-image.ljcdn.com/110000-inspection/pc1_r73MTpkQx.jpg!m_fill,w_280,h_210,f_jpg?from=ke.com
20230904,海淀,定慧寺,101118307679,小区不临街1居户型格局好采光好小区环境好,426万,100710元/平,顶层 (共6层) 1室1厅 | 42.3平米 | 南,https://ke-image.ljcdn.com/110000-inspection/pc1_wgrj1I1iV.jpg!m_fill,w_280,h_210,f_jpg?from=ke.com
20230904,海淀,定慧寺,101118307386,恩济里小区满五年商品房视野宽阔采光充足,594万,103125元/平,中楼层 (共5层) | 1992年建 | 2室1厅 | 57.6平米 | 南 北,https://ke-image.ljcdn.com/110000-inspection/c9f31fcf-7465-4161-a050-3245569d2dbb_1000.jpg!m_fill,w_280,h_210,f_jpg?from=ke.com
20230904,海淀,定慧寺,101118283976,小户型 近地铁 临公园 诚心出售,518万,90878元/平,顶层 (共6层) | 1992年建 | 2室1厅 | 57平米 | 南 北,https://ke-image.ljcdn.com/110000-inspection/pc1_65LE1sTky_1.jpg!m_fill,w_280,h_210,f_jpg?from=ke.com
20230904,海淀,定慧寺,101118278733,定慧北里 中间楼层 南北三居 诚意出售 不临街 无遮挡,750万,98607元/平,中楼层 (共5层) 3室1厅 | 76.06平米 | 南 北,https://ke-image.ljcdn.com/110000-inspection/pc1_K8eJ27RCV_1.jpg!m_fill,w_280,h_210,f_jpg?from=ke.com
20230904,海淀,定慧寺,101118162903,科委宿舍 2室1厅 南,670万,118166元/平,底层 (共14层) | 1985年建 | 2室1厅 | 56.7平米 | 南,https://ke-image.ljcdn.com/110000-inspection/pc1_fM6ssXYdd.jpg!m_fill,w_280,h_210,f_jpg?from=ke.com
20230904,海淀,定慧寺,101118147072,定慧北里精装修大两居 南北通透不临街诚心出售,838万,98196元/平,高楼层 (共6层) 3室1厅 | 85.34平米 | 南 北,https://ke-image.ljcdn.com/110000-inspection/e8d963be-d6b7-4f7e-b841-5b0bfef92c7b_1000.jpg!m_fill,w_280,h_210,f_jpg?from=ke.com
20230904,海淀,定慧寺,101118088258,南向一居室户型方正利用率高,620万,133048元/平,顶层 (共16层) | 1993年建 | 1室1厅 | 46.6平米 | 南,https://ke-image.ljcdn.com/110000-inspection/pc1_6dOPuppTa.jpg!m_fill,w_280,h_210,f_jpg?from=ke.com
20230904,海淀,定慧寺,101118081235,电梯大四居采光视野好。户型方正。,1380万,78948元/平,低楼层 (共14层) 4室2厅 | 174.8平米 | 南,https://ke-image.ljcdn.com/110000-inspection/pc1_HF9zgEgtP_1.jpg!m_fill,w_280,h_210,f_jpg?from=ke.com
20230904,海淀,定慧寺,101118057634,房子是东南朝向两居室户型方正,705万,126119元/平,低楼层 (共18层) | 1990年建 | 2室1厅 | 55.9平米 | 东南,https://ke-image.ljcdn.com/110000-inspection/pc1_Uacdu8OUu.jpg!m_fill,w_280,h_210,f_jpg?from=ke.com
20230904,海淀,定慧寺,101118056146,西三环中塔园 人车分流社区 电视台家属楼 两居带客厅,578万,98551元/平,顶层 (共6层) 2室1厅 | 58.65平米 | 南 北,https://ke-image.ljcdn.com/110000-inspection/pc1_jISEDBqEQ_1.jpg!m_fill,w_280,h_210,f_jpg?from=ke.com
20230904,海淀,定慧寺,101118040328,恩济里小区南北向一居室低楼层无遮挡,469万,102626元/平,低楼层 (共6层) | 1991年建 | 1室1厅 | 45.7平米 | 南 北,https://ke-image.ljcdn.com/110000-inspection/a33d4ecd-bafe-443b-968e-21932024408c_1000.jpg!m_fill,w_280,h_210,f_jpg?from=ke.com
20230904,海淀,定慧寺,101118038176,定慧福里北区诚意卖看房方便有电梯采光充足,530万,83021元/平,高楼层 (共16层) 1室1厅 | 63.84平米 | 东南,https://ke-image.ljcdn.com/110000-inspection/pc1_4LUn3uEfl_2.jpg!m_fill,w_280,h_210,f_jpg?from=ke.com
20230904,海淀,定慧寺,101118027697,定慧北里中高楼层南北西三面采光两居室,615万,102672元/平,高楼层 (共6层) | 1994年建 | 2室1厅 | 59.9平米 | 南 西 北,https://ke-image.ljcdn.com/110000-inspection/pc1_4LwML5Y8n_1.jpg!m_fill,w_280,h_210,f_jpg?from=ke.com
20230904,海淀,定慧寺,101118004405,两套两居室一个房本 高楼层 采光充足 人车分流小区,2050万,101100元/平,高楼层 (共9层) | 2009年建 | 4室2厅 | 202.77平米 | 南 北,https://ke-image.ljcdn.com/110000-inspection/pc1_jdPJ076QU_1.jpg!m_fill,w_280,h_210,f_jpg?from=ke.com
20230904,海淀,定慧寺,101117980078,西钓鱼台嘉园 昆玉河畔 门槛价两居室 欧式花园 落地窗,910万,99650元/平,中楼层 (共17层) 2室1厅 | 91.32平米 | 东北,https://ke-image.ljcdn.com/110000-inspection/pc1_J1VF3HMv2_1.jpg!m_fill,w_280,h_210,f_jpg?from=ke.com
20230904,海淀,定慧寺,101117976478,西钓鱼台嘉园 层高2.95米 视野宽阔 实用两居 承重墙少,930万,101840元/平,顶层 (共17层) 2室1厅 | 91.32平米 | 东北,https://ke-image.ljcdn.com/110000-inspection/e6fc3acd-88a2-4337-a11a-eb2845619410_1000.jpg!m_fill,w_280,h_210,f_jpg?from=ke.com
20230904,海淀,定慧寺,101117949800,核二院宿舍南北全明格局大两居层高户型好不临街,850万,124270元/平,顶层 (共5层) 2室1厅 | 68.4平米 | 南 北,https://ke-image.ljcdn.com/110000-inspection/pc1_IIPGBLqLE.jpg!m_fill,w_280,h_210,f_jpg?from=ke.com
20230904,海淀,定慧寺,101117941341,瑞新里小区精品三居室无遮挡带车位房主自荐,1510万,122119元/平,高楼层 (共15层) 3室1厅 | 123.65平米 | 东南,https://ke-image.ljcdn.com/110000-inspection/pc1_ZgB6NdLNw.jpg!m_fill,w_280,h_210,f_jpg?from=ke.com
20230904,海淀,定慧寺,101117827266,西钓鱼台嘉园 亲水大宅 高层直观西山 装修好直接住房主自荐,4450万,125116元/平,高楼层 (共22层) | 2006年建 | 5室2厅 | 355.67平米 | 南 北,https://ke-image.ljcdn.com/110000-inspection/1a6de2aa-ba41-461a-acf4-eb2c682a48a3_1000.jpg!m_fill,w_280,h_210,f_jpg?from=ke.com
20230904,海淀,定慧寺,101117744018,定慧福里南区 东向2居室2010年次新房,960万,97423元/平,低楼层 (共17层) 2室1厅 | 98.54平米 | 东,https://ke-image.ljcdn.com/110000-inspection/pc1_q6KQ1O69q.jpg!m_fill,w_280,h_210,f_jpg?from=ke.com
20230904,海淀,定慧寺,101117708952,亮甲店小区 满五年唯一 带电梯 客厅带窗户,865万,95055元/平,中楼层 (共7层) | 1997年建 | 3室1厅 | 91平米 | 西 东,https://ke-image.ljcdn.com/110000-inspection/pc1_0ZZ4rEvdH_1.jpg!m_fill,w_280,h_210,f_jpg?from=ke.com
20230904,海淀,定慧寺,101117696240,2010年小区正规电梯大一居室采光视野好。,475万,83967元/平,顶层 (共16层) | 2010年建 | 1室1厅 | 56.57平米 | 东,https://ke-image.ljcdn.com/110000-inspection/pc1_Kzsy8YyNa.jpg!m_fill,w_280,h_210,f_jpg?from=ke.com
20230904,海淀,定慧寺,101117681410,公主坟翠微中塔园南北通透两居央产业主诚心出售,595万,101450元/平,高楼层 (共6层) 2室1厅 | 58.65平米 | 南 北,https://ke-image.ljcdn.com/110000-inspection/pc1_4DvTSDC9W.jpg!m_fill,w_280,h_210,f_jpg?from=ke.com
20230904,海淀,定慧寺,101117516841,首师大家属院一手房三室两卫采光视野好房主自荐,1280万,119627元/平,高楼层 (共18层) 3室1厅 | 107平米 | 西北 南,https://ke-image.ljcdn.com/110000-inspection/pc1_NUuTQwiFX_1.jpg!m_fill,w_280,h_210,f_jpg?from=ke.com
20230904,海淀,定慧寺,101117371677,首师大家属院四居室双卫好户型单位房高楼层,1520万,123177元/平,高楼层 (共18层) 4室1厅 | 123.4平米 | 东 北 东南,https://ke-image.ljcdn.com/110000-inspection/pc1_VPGyqtBaP_2.jpg!m_fill,w_280,h_210,f_jpg?from=ke.com
20230904,海淀,定慧寺,101117309769,本房满五年 南北通透 小区里很棒的两居户型,425万,73914元/平,地下室 (共7层) 2室1厅 | 57.5平米 | 南 北,https://ke-image.ljcdn.com/110000-inspection/pc1_tWBYhkkPF_1.jpg!m_fill,w_280,h_210,f_jpg?from=ke.com
20230904,海淀,定慧寺,101117231737,满五年 管理好 视野开阔 格局方正,699万,78285元/平,顶层 (共6层) | 1990年建 | 2室2厅 | 89.29平米 | 南 北,https://ke-image.ljcdn.com/110000-inspection/pc1_W66IqH4SP_2.jpg!m_fill,w_280,h_210,f_jpg?from=ke.com
20230904,海淀,定慧寺,101117132816,海淀 瑞新里小区 人车分流 花园社区 全明格局 高层,1800万,115171元/平,高楼层 (共15层) 3室2厅 | 156.29平米 | 南 北,https://ke-image.ljcdn.com/110000-inspection/pc1_83F7ecbGR.jpg!m_fill,w_280,h_210,f_jpg?from=ke.com
20230904,海淀,定慧寺,101117115129,正规三居有客厅西南朝向采光好有车位看房方便。,750万,86776元/平,低楼层 (共16层) | 1989年建 | 3室1厅 | 86.43平米 | 西南,https://ke-image.ljcdn.com/110000-inspection/pc1_jJbuIU0qj_1.jpg!m_fill,w_280,h_210,f_jpg?from=ke.com
20230904,海淀,定慧寺,101117052107,此房满两年商品房业主诚心出售看房方便。,530万,134861元/平,顶层 (共6层) | 1986年建 | 1室1厅 | 39.3平米 | 西北,https://ke-image.ljcdn.com/110000-inspection/pc1_MnWdaevFQ_2.jpg!m_fill,w_280,h_210,f_jpg?from=ke.com
20230904,海淀,定慧寺,101117047811,海淀 定慧寺 中间层四居室 双明卫 近地铁 有租赁车位房主自荐,1190万,89866元/平,中楼层 (共6层) 4室2厅 | 132.42平米 | 东 南 北,https://ke-image.ljcdn.com/110000-inspection/pc1_l1edEMu5Q_2.jpg!m_fill,w_280,h_210,f_jpg?from=ke.com
20230904,海淀,定慧寺,101116938378,海淀区定慧寺八宝庄小区两居客厅带阳台管理好房主自荐,569万,90750元/平,低楼层 (共16层) | 1990年建 | 2室1厅 | 62.7平米 | 东南,https://ke-image.ljcdn.com/110000-inspection/pc1_c8XFIDOsj.jpg!m_fill,w_280,h_210,f_jpg?from=ke.com
20230904,海淀,定慧寺,101116519820,西三环中塔园 满五年住宅 精装自住 阳光充足 看房方便,553万,90686元/平,顶层 (共6层) 2室1厅 | 60.98平米 | 西南,https://ke-image.ljcdn.com/110000-inspection/fd32b883-f9ba-413b-8c6f-a3dd17abde84_1000.jpg!m_fill,w_280,h_210,f_jpg?from=ke.com
20230904,海淀,定慧寺,101116195087,南北通透 户型方正 满五年国家信息央产房,1180万,98523元/平,底层 (共6层) 3室2厅 | 119.77平米 | 南 北,https://ke-image.ljcdn.com/110000-inspection/pc1_xZ2yuKBTs_1.jpg!m_fill,w_280,h_210,f_jpg?from=ke.com
20230904,海淀,定慧寺,101115449904,北京印象南北四居室格局方正看房随时,1600万,74381元/平,低楼层 (共12层) | 2003年建 | 4室2厅 | 215.11平米 | 南 西 北,https://ke-image.ljcdn.com/110000-inspection/954c56d6-a548-4b34-ac77-a1df3983361e_1000.jpg!m_fill,w_280,h_210,f_jpg?from=ke.com
20230904,海淀,定慧寺,101114951554,北京印象 南北通透 三居室 满五年唯一 精装修 带车位,1666万,91368元/平,低楼层 (共11层) | 2003年建 | 3室2厅 | 182.34平米 | 南 北,https://ke-image.ljcdn.com/110000-inspection/pc1_k6hRtTu6k_2.jpg!m_fill,w_280,h_210,f_jpg?from=ke.com
20230904,海淀,定慧寺,101114070556,西钓鱼台嘉园 三面采光 户型合理 园区花园位置,2550万,121678元/平,中楼层 (共18层) | 2007年建 | 4室2厅 | 209.57平米 | 南,https://ke-image.ljcdn.com/110000-inspection/pc1_SbcK6KBpv.jpg!m_fill,w_280,h_210,f_jpg?from=ke.com
20230904,海淀,定慧寺,101120899842,八宝庄带电梯两居室 管理好 挨着公园 原房本满五年新上,560万,83210元/平,低楼层 (共16层) | 1990年建 | 2室1厅 | 67.3平米 | 东 北,https://ke-image.ljcdn.com/110000-inspection/e85befd3-8dd2-4732-8572-f1ece10b331c_1000.jpg!m_fill,w_280,h_210,f_jpg?from=ke.com
20230904,海淀,定慧寺,101120893598,西三环北路105号院 3室1厅 东 南 西新上,968万,111650元/平,顶层 (共5层) 3室1厅 | 86.7平米 | 东 南 西,https://ke-image.ljcdn.com/110000-inspection/pc1_WXmljDtbI_2.jpg!m_fill,w_280,h_210,f_jpg?from=ke.com
20230904,海淀,定慧寺,101120890693,恩济庄46号院明厨明卫大客厅三居室满五年唯一新上,890万,77547元/平,低楼层 (共14层) 3室2厅 | 114.77平米 | 南 北,https://ke-image.ljcdn.com/110000-inspection/pc1_WnI5fdcE6_1.jpg!m_fill,w_280,h_210,f_jpg?from=ke.com
20230904,海淀,定慧寺,101120885968,双卧朝南 明厨明卫 南北通透 板楼一梯两户 采光好新上,519万,95282元/平,顶层 (共6层) | 1991年建 | 2室1厅 | 54.47平米 | 南 北,https://ke-image.ljcdn.com/110000-inspection/d05a04a9-2daf-4297-8de0-b8d7c04ad018_1000.jpg!m_fill,w_280,h_210,f_jpg?from=ke.com
20230904,海淀,定慧寺,101120883692,八里庄北里 2室1厅 东南新上,795万,97547元/平,低楼层 (共16层) 2室1厅 | 81.5平米 | 东南,https://ke-image.ljcdn.com/110000-inspection/pc1_Av4AUsVei_1.jpg!m_fill,w_280,h_210,f_jpg?from=ke.com
20230904,海淀,定慧寺,101120879939,八里庄北里南北通透精装修 两居室 满五年唯一新上,558万,99786元/平,顶层 (共6层) 2室1厅 | 55.92平米 | 南 北,https://ke-image.ljcdn.com/110000-inspection/pc1_IOYjwWoQu.jpg!m_fill,w_280,h_210,f_jpg?from=ke.com
20230904,海淀,定慧寺,101120878538,八里庄北里 新上好楼层精装两居室 南北通透新上,610万,108949元/平,中楼层 (共6层) | 1995年建 | 2室1厅 | 55.99平米 | 南 北,https://ke-image.ljcdn.com/110000-inspection/pc1_zq3M7VHXN_1.jpg!m_fill,w_280,h_210,f_jpg?from=ke.com
20230904,海淀,定慧寺,101120876110,粮食局宿舍 2室1厅 东南新上,450万,99558元/平,底层 (共6层) | 1980年建 | 2室1厅 | 45.2平米 | 东南,https://ke-image.ljcdn.com/110000-inspection/pc1_CYkSJrfKz.jpg!m_fill,w_280,h_210,f_jpg?from=ke.com
20230904,海淀,定慧寺,101120868402,安装宿舍 新上南北通透2居室 不临街 临地铁五路居站新上,528万,94118元/平,高楼层 (共6层) | 1991年建 | 2室1厅 | 56.1平米 | 南 北,https://ke-image.ljcdn.com/110000-inspection/pc1_NU6gAPuwn.jpg!m_fill,w_280,h_210,f_jpg?from=ke.com
20230904,海淀,定慧寺,101120866872,西三环北路105号院 交通便利 低楼层新上,715万,127451元/平,底层 (共6层) | 1985年建 | 2室1厅 | 56.1平米 | 南,https://ke-image.ljcdn.com/110000-inspection/pc1_TtPBJ8rHd.jpg!m_fill,w_280,h_210,f_jpg?from=ke.com
20230904,海淀,定慧寺,101120861548,八宝庄航天桥南北向低楼层无遮挡近地铁挨着公园新上,520万,93694元/平,底层 (共6层) 2室1厅 | 55.5平米 | 北 南,https://ke-image.ljcdn.com/110000-inspection/pc1_h9uDbsvpo.jpg!m_fill,w_280,h_210,f_jpg?from=ke.com
20230904,海淀,定慧寺,101120859397,三环临河社区少有中式墅质跃层三世同堂随时品鉴新上,2200万,119145元/平,低楼层 (共17层) 4室2厅 | 184.65平米 | 南,https://ke-image.ljcdn.com/110000-inspection/pc1_fUNA7IsnG.jpg!m_fill,w_280,h_210,f_jpg?from=ke.com
20230904,海淀,定慧寺,101120848868,南向正规一居室中间楼层朝南向楼下就是地铁~新上,395万,91436元/平,中楼层 (共16层) | 1989年建 | 1室1厅 | 43.2平米 | 南,https://ke-image.ljcdn.com/110000-inspection/193816ff-ed17-4c2e-8153-ec15f30d73d1_1000.jpg!m_fill,w_280,h_210,f_jpg?from=ke.com
20230904,海淀,定慧寺,101120847831,八里庄 慈寿寺  一层客厅带阳台 产权清晰 随时签约新上,593万,99832元/平,底层 (共6层) 2室1厅 | 59.4平米 | 东 西,https://ke-image.ljcdn.com/110000-inspection/a39c9253-b3c3-412a-94f1-9516810ebb1f_1000.jpg!m_fill,w_280,h_210,f_jpg?from=ke.com
20230904,海淀,定慧寺,101120805271,永安东里 精装南北通透2居室中间楼层采光充足新上,780万,92747元/平,中楼层 (共6层) 2室1厅 | 84.1平米 | 南 北,https://ke-image.ljcdn.com/110000-inspection/pc1_aYQe92jou_1.jpg!m_fill,w_280,h_210,f_jpg?from=ke.com
20230904,海淀,定慧寺,101120800170,核二院 3室1厅 南 北新上,1050万,127273元/平,底层 (共5层) 3室1厅 | 82.5平米 | 南 北,https://ke-image.ljcdn.com/110000-inspection/pc1_mVzX7FXGu_2.jpg!m_fill,w_280,h_210,f_jpg?from=ke.com
20230904,海淀,定慧寺,101120789078,安装宿舍 3室1厅 西 北新上,640万,90268元/平,高楼层 (共16层) | 1989年建 | 3室1厅 | 70.9平米 | 西 北,https://ke-image.ljcdn.com/110000-inspection/pc1_vme72ChtZ.jpg!m_fill,w_280,h_210,f_jpg?from=ke.com
20230904,海淀,定慧寺,101120787465,西八里庄北里南北通透 满5年 户型好 随时签约新上,630万,106240元/平,底层 (共6层) | 1991年建 | 2室1厅 | 59.3平米 | 南 北,https://ke-image.ljcdn.com/110000-inspection/pc1_f5OiGS00z_1.jpg!m_fill,w_280,h_210,f_jpg?from=ke.com
20230904,海淀,定慧寺,101120783829,八里庄北里 2室2厅 东 南新上,785万,103672元/平,高楼层 (共16层) | 1999年建 | 2室2厅 | 75.72平米 | 东 南,https://ke-image.ljcdn.com/110000-inspection/pc1_QGCmEQlcE.jpg!m_fill,w_280,h_210,f_jpg?from=ke.com
20230904,海淀,定慧寺,101120774958,八宝庄 3室1厅 南 北,630万,85136元/平,顶层 (共6层) 3室1厅 | 74平米 | 南 北,https://ke-image.ljcdn.com/110000-inspection/pc1_vLwb5hfAy.jpg!m_fill,w_280,h_210,f_jpg?from=ke.com
20230904,海淀,定慧寺,101120769799,恩济里小区 使用面积空间大  采光好 视野开阔,690万,111291元/平,顶层 (共6层) | 1992年建 | 2室1厅 | 62平米 | 南,https://ke-image.ljcdn.com/110000-inspection/pc1_9D18PQAcL.jpg!m_fill,w_280,h_210,f_jpg?from=ke.com
20230904,海淀,定慧寺,101120744440,温馨一居室 人车分流 金地物业管理 满五年唯一商品房房主自荐,578万,104465元/平,中楼层 (共10层) | 2003年建 | 1室1厅 | 55.33平米 | 东 南 西,https://ke-image.ljcdn.com/110000-inspection/pc1_o1t50TYV6.jpg!m_fill,w_280,h_210,f_jpg?from=ke.com
20230904,海淀,定慧寺,101120700034,航天桥西钓鱼台观河昆玉河畔6.5米面宽高层,1880万,125117元/平,中楼层 (共26层) | 2006年建 | 3室1厅 | 150.26平米 | 西南 东北,https://ke-image.ljcdn.com/110000-inspection/pc1_19u3C9qsQ.jpg!m_fill,w_280,h_210,f_jpg?from=ke.com
20230904,海淀,定慧寺,101120680467,此房客厅朝南带阳台明厅明卫户型采光好,560万,119403元/平,顶层 (共6层) | 1991年建 | 2室1厅 | 46.9平米 | 南 北,https://ke-image.ljcdn.com/110000-inspection/pc1_KHjFkUZro.jpg!m_fill,w_280,h_210,f_jpg?from=ke.com
20230904,海淀,定慧寺,101120651247,西三环外地铁西钓鱼台 昆玉河畔公园旁 花园洋房 三室房主自荐,1180万,87473元/平,顶层 (共6层) | 1992年建 | 3室2厅 | 134.9平米 | 南 北,https://ke-image.ljcdn.com/110000-inspection/ab98eb67-0008-41f3-89e8-e04878daee02_1000.jpg!m_fill,w_280,h_210,f_jpg?from=ke.com
20230904,海淀,定慧寺,101120637525,恩济庄96号院 全明格局 有钥匙 采光好,680万,85794元/平,高楼层 (共6层) | 1999年建 | 2室1厅 | 79.26平米 | 东 西,https://ke-image.ljcdn.com/110000-inspection/pc1_sL5qhPx9Z_1.jpg!m_fill,w_280,h_210,f_jpg?from=ke.com
20230904,海淀,定慧寺,101120630439,八宝庄 3室1厅 南 北房主自荐,630万,88733元/平,顶层 (共6层) | 1990年建 | 3室1厅 | 71平米 | 南 北,https://ke-image.ljcdn.com/110000-inspection/pc1_EqdHaMkyZ.jpg!m_fill,w_280,h_210,f_jpg?from=ke.com
20230904,海淀,定慧寺,101120580835,八里庄北里  全明格局  地铁6.10号线  环境好,747万,96512元/平,高楼层 (共6层) | 1996年建 | 2室2厅 | 77.4平米 | 西南 东北,https://ke-image.ljcdn.com/110000-inspection/pc1_l5lvjSQkq_1.jpg!m_fill,w_280,h_210,f_jpg?from=ke.com
20230904,海淀,定慧寺,101120577156,恩济里小区 2室1厅 南,750万,120968元/平,顶层 (共6层) 2室1厅 | 62平米 | 南,https://ke-image.ljcdn.com/110000-inspection/1655f584-dd4c-4700-8875-1f6c4fe50362_1000.jpg!m_fill,w_280,h_210,f_jpg?from=ke.com
20230904,海淀,定慧寺,101120543732,西钓鱼台地铁步行92米 不临街无遮挡 满五年唯一,510万,92897元/平,中楼层 (共6层) | 1980年建 | 2室1厅 | 54.9平米 | 东北,https://ke-image.ljcdn.com/110000-inspection/pc1_KwVDOC0M9.jpg!m_fill,w_280,h_210,f_jpg?from=ke.com
20230904,海淀,定慧寺,101120479482,南北两居室 一居室的面积可以当做两居半来用,509万,106042元/平,顶层 (共6层) 2室1厅 | 48平米 | 南 北,https://ke-image.ljcdn.com/110000-inspection/pc1_jdrj5nIgk.jpg!m_fill,w_280,h_210,f_jpg?from=ke.com
20230904,海淀,定慧寺,101120473732,海淀 八里庄 2009年楼龄 全明格局 高楼层电梯直达。,535万,87007元/平,高楼层 (共16层) | 2010年建 | 1室1厅 | 61.49平米 | 东,https://ke-image.ljcdn.com/110000-inspection/02b993a3-c75e-4264-800e-bb6a2645bc84_1000.jpg!m_fill,w_280,h_210,f_jpg?from=ke.com
20230904,海淀,定慧寺,101120456328,西三环中路11号明厨明卫中间层满五年唯一！,548万,89866元/平,中楼层 (共6层) 2室1厅 | 60.98平米 | 南 西,https://ke-image.ljcdn.com/110000-inspection/pc1_NT2ureKID_1.jpg!m_fill,w_280,h_210,f_jpg?from=ke.com
20230904,海淀,定慧寺,101120418314,亮甲店小区  南向一居 近地铁  低成本,470万,90385元/平,高楼层 (共7层) | 1998年建 | 1室1厅 | 52平米 | 南,https://ke-image.ljcdn.com/110000-inspection/8af650ba-195a-41e9-a50e-0da954da3186_1000.jpg!m_fill,w_280,h_210,f_jpg?from=ke.com
20230904,海淀,定慧寺,101120389013,满五唯一自住装修使用面积大,639万,115343元/平,顶层 (共6层) | 1991年建 | 2室1厅 | 55.4平米 | 南 北,https://ke-image.ljcdn.com/110000-inspection/pc1_8Aw56KDyP.jpg!m_fill,w_280,h_210,f_jpg?from=ke.com
20230904,海淀,定慧寺,101120366480,定慧北里 3室1厅 南 北,738万,101180元/平,中楼层 (共6层) 3室1厅 | 72.94平米 | 南 北,https://ke-image.ljcdn.com/110000-inspection/pc1_Q9Yc2Xtrv_1.jpg!m_fill,w_280,h_210,f_jpg?from=ke.com
20230904,海淀,定慧寺,101120243978,亮甲店小区 2室1厅 东 西,670万,75281元/平,高楼层 (共7层) | 1997年建 | 2室1厅 | 89平米 | 东 西,https://ke-image.ljcdn.com/110000-inspection/aa2204b9-5dce-4a03-89ee-5974d8d747fd_1000.jpg!m_fill,w_280,h_210,f_jpg?from=ke.com
20230904,海淀,定慧寺,101120173147,亮甲店小区 3室1厅 南 北,888万,97497元/平,中楼层 (共7层) | 1997年建 | 3室1厅 | 91.08平米 | 南 北,https://ke-image.ljcdn.com/110000-inspection/pc1_ixAMo9cj0.jpg!m_fill,w_280,h_210,f_jpg?from=ke.com
20230904,海淀,定慧寺,101120171761,首师大家属院环境好南北大两居通透 正规客厅精装,980万,121891元/平,低楼层 (共18层) 2室1厅 | 80.4平米 | 南 北,https://ke-image.ljcdn.com/110000-inspection/pc1_xIOkHYGNY.jpg!m_fill,w_280,h_210,f_jpg?from=ke.com
20230904,海淀,定慧寺,101120153596,安装宿舍 带电梯朝南两居室 满五年唯一 看房方便,529万,84505元/平,中楼层 (共16层) | 1989年建 | 2室0厅 | 62.6平米 | 南,https://ke-image.ljcdn.com/110000-inspection/pc1_HI7wGorye_1.jpg!m_fill,w_280,h_210,f_jpg?from=ke.com
20230904,海淀,定慧寺,101120152229,亮甲店小区满五年南北通透精装修近地铁。,425万,72650元/平,地下室 (共7层) 2室1厅 | 58.5平米 | 南 北,https://ke-image.ljcdn.com/110000-inspection/pc1_DaQ3XLQ0V_1.jpg!m_fill,w_280,h_210,f_jpg?from=ke.com
20230904,海淀,定慧寺,101120148188,永安东里 2室2厅 南 北,820万,88363元/平,顶层 (共6层) 2室2厅 | 92.8平米 | 南 北,https://ke-image.ljcdn.com/110000-inspection/pc1_TiuZ214cz_1.jpg!m_fill,w_280,h_210,f_jpg?from=ke.com
20230904,海淀,定慧寺,101120148041,亮丽园精装四居 看房方便 满五唯一 南北通透房主自荐,1979万,114018元/平,低楼层 (共12层) | 2004年建 | 4室2厅 | 173.57平米 | 北 南,https://ke-image.ljcdn.com/110000-inspection/pc1_JfPeFPPzA.jpg!m_fill,w_280,h_210,f_jpg?from=ke.com
20230904,海淀,定慧寺,101120143159,北京印象 1室1厅 东 南 西,565万,100767元/平,高楼层 (共10层) | 2003年建 | 1室1厅 | 56.07平米 | 东 南 西,https://ke-image.ljcdn.com/110000-inspection/pc1_H7ZQdzij4_1.jpg!m_fill,w_280,h_210,f_jpg?from=ke.com
20230904,海淀,定慧寺,101120122216,恩济里小区 中间楼层  精装修 南北通透一居室,469万,102626元/平,中楼层 (共6层) | 1991年建 | 1室2厅 | 45.7平米 | 南 北,https://ke-image.ljcdn.com/110000-inspection/pc1_2PnEFtTsJ.jpg!m_fill,w_280,h_210,f_jpg?from=ke.com
20230904,海淀,定慧寺,101120042202,西钓鱼台地铁10号线旁 八宝庄小区 南北精装修三居室房主自荐,649万,101884元/平,底层 (共6层) | 1990年建 | 3室1厅 | 63.7平米 | 南 北,https://ke-image.ljcdn.com/110000-inspection/pc1_pN3ieTQ6w.jpg!m_fill,w_280,h_210,f_jpg?from=ke.com
20230904,海淀,定慧寺,101120034495,瑞新里小区 精装6居室南北通透户型方正好利用。,2320万,100165元/平,高楼层 (共15层) | 2007年建 | 6室2厅 | 231.62平米 | 北 南,https://ke-image.ljcdn.com/110000-inspection/pc1_nxDcklpFq_1.jpg!m_fill,w_280,h_210,f_jpg?from=ke.com
20230904,海淀,定慧寺,101120019966,航天桥 岭南路  定慧寺 紫竹桥 电梯房 小区干净 东南,790万,98382元/平,顶层 (共18层) | 1992年建 | 2室1厅 | 80.3平米 | 东南,https://ke-image.ljcdn.com/110000-inspection/pc1_iKyF5BECx.jpg!m_fill,w_280,h_210,f_jpg?from=ke.com
20230904,海淀,定慧寺,101119999156,阜成路甲52号院99年社区精装大一居室南北通透带电梯,596万,92332元/平,高楼层 (共18层) | 1999年建 | 1室1厅 | 64.55平米 | 南 北,https://ke-image.ljcdn.com/110000-inspection/pc1_f86rlHdIB_1.jpg!m_fill,w_280,h_210,f_jpg?from=ke.com
20230904,海淀,定慧寺,101119934864,八里庄北里  地铁6.10号线慈寿寺 朝南一居室 公园,468万,93414元/平,中楼层 (共10层) | 1999年建 | 1室1厅 | 50.1平米 | 南,https://ke-image.ljcdn.com/110000-inspection/pc1_rR8l85uY0_1.jpg!m_fill,w_280,h_210,f_jpg?from=ke.com
20230904,海淀,定慧寺,101119874765,西钓鱼台嘉园 3室2厅 南 北,1900万,126448元/平,低楼层 (共26层) 3室2厅 | 150.26平米 | 南 北,https://ke-image.ljcdn.com/110000-inspection/pc1_IWOZ8d10E.jpg!m_fill,w_280,h_210,f_jpg?from=ke.com
20230904,海淀,定慧寺,101119865356,此房满满五唯一格局南北通透中间楼层不临街,645万,103200元/平,中楼层 (共6层) 2室1厅 | 62.5平米 | 南 北,https://ke-image.ljcdn.com/110000-inspection/pc1_ppeNl3Fyw.jpg!m_fill,w_280,h_210,f_jpg?from=ke.com
20230904,海淀,定慧寺,101119861558,恩济里小区 2室1厅 南 北,610万,106793元/平,中楼层 (共6层) | 1995年建 | 2室1厅 | 57.12平米 | 南 北,https://ke-image.ljcdn.com/110000-inspection/pc1_bhPAUuf43_1.jpg!m_fill,w_280,h_210,f_jpg?from=ke.com
20230904,海淀,定慧寺,101119853174,北洼路50号院自来水公司宿舍地段优越业主诚售！,458万,126102元/平,顶层 (共6层) 1室1厅 | 36.32平米 | 东,https://ke-image.ljcdn.com/110000-inspection/pc1_o3qXE6H1M.jpg!m_fill,w_280,h_210,f_jpg?from=ke.com
20230904,海淀,定慧寺,101119851063,中间楼层电梯直达看房方便。,820万,93501元/平,中楼层 (共9层) | 1997年建 | 2室2厅 | 87.7平米 | 南 北,https://ke-image.ljcdn.com/110000-inspection/pc1_mHMivMvzb_1.jpg!m_fill,w_280,h_210,f_jpg?from=ke.com
20230904,海淀,定慧寺,101119843240,岭南路30号科委宿舍面积优势有电梯业主诚售！,490万,155064元/平,中楼层 (共14层) | 1985年建 | 1室1厅 | 31.6平米 | 北,https://ke-image.ljcdn.com/110000-inspection/pc1_BgM1Izumf_2.jpg!m_fill,w_280,h_210,f_jpg?from=ke.com
20230904,海淀,定慧寺,101119765805,南北通透三居室 近地铁 临公园,789万,96103元/平,中楼层 (共7层) | 1994年建 | 3室1厅 | 82.1平米 | 南 北,https://ke-image.ljcdn.com/110000-inspection/pc1_GVrj9gYYK_1.jpg!m_fill,w_280,h_210,f_jpg?from=ke.com
20230904,海淀,定慧寺,101119741865,客厅明厅带阳台东西通透东侧对公园,625万,83134元/平,中楼层 (共6层) 2室1厅 | 75.18平米 | 东 西,https://ke-image.ljcdn.com/110000-inspection/pc1_Q1DBcVGWt_1.jpg!m_fill,w_280,h_210,f_jpg?from=ke.com
20230904,海淀,定慧寺,101119709727,满五唯一 中间层 精装修 随时签约,599万,103994元/平,中楼层 (共5层) | 1992年建 | 2室1厅 | 57.6平米 | 南 北,https://ke-image.ljcdn.com/110000-inspection/pc1_aaiDNwI2d_1.jpg!m_fill,w_280,h_210,f_jpg?from=ke.com
20230904,海淀,定慧寺,101119625497,四环内商品房南向两居室 高楼层采光充足 户型方正房主自荐,1078万,121726元/平,中楼层 (共13层) 2室1厅 | 88.56平米 | 南,https://ke-image.ljcdn.com/110000-inspection/pc1_utbmSDNqm.jpg!m_fill,w_280,h_210,f_jpg?from=ke.com
20230904,海淀,定慧寺,101119617715,北洼路44号院 2室1厅 南 北,563万,99823元/平,顶层 (共6层) | 1980年建 | 2室1厅 | 56.4平米 | 南 北,https://ke-image.ljcdn.com/110000-inspection/pc1_cv8ePfAMM.jpg!m_fill,w_280,h_210,f_jpg?from=ke.com
20230904,海淀,定慧寺,101119609123,房本满五年唯一住房南北通透精装修可拎包入住,688万,112787元/平,高楼层 (共6层) | 1994年建 | 2室1厅 | 61平米 | 南 北,https://ke-image.ljcdn.com/110000-inspection/pc1_wKaLlOnAU_1.jpg!m_fill,w_280,h_210,f_jpg?from=ke.com
20230904,海淀,定慧寺,101119563856,花园桥 西三环北路105号院 东南向 精装三居室,1138万,128298元/平,中楼层 (共18层) 3室1厅 | 88.7平米 | 东南,https://ke-image.ljcdn.com/110000-inspection/pc1_rLNeK5tsb_2.jpg!m_fill,w_280,h_210,f_jpg?from=ke.com
20230904,海淀,定慧寺,101119440676,首师大家属院环境好 大两居通透 诚心可沟通随时看,767万,129781元/平,底层 (共6层) 2室1厅 | 59.1平米 | 西 北,https://ke-image.ljcdn.com/110000-inspection/pc1_vkQFWjnTs.jpg!m_fill,w_280,h_210,f_jpg?from=ke.com
20230904,海淀,定慧寺,101119389487,海淀八里庄路61号院 近地铁 购房成本少,425万,54875元/平,地下室 (共7层) | 1999年建 | 3室1厅 | 77.45平米 | 东 北,https://ke-image.ljcdn.com/110000-inspection/pc1_3XvkSIzeJ.jpg!m_fill,w_280,h_210,f_jpg?from=ke.com
20230904,海淀,定慧寺,101119369287,水文大院南向好户型1居看房方便价格能谈,450万,106383元/平,顶层 (共6层) | 1985年建 | 1室1厅 | 42.3平米 | 南,https://ke-image.ljcdn.com/110000-inspection/pc1_12gPgHUp8.jpg!m_fill,w_280,h_210,f_jpg?from=ke.com
20230904,海淀,定慧寺,101119354623,西钓鱼台嘉园大复式利用率高诚心出售,3000万,118592元/平,底层 (共26层) | 2006年建 | 3室3厅 | 252.97平米 | 西南 东北,https://ke-image.ljcdn.com/110000-inspection/pc1_3EP6K9ZRm_1.jpg!m_fill,w_280,h_210,f_jpg?from=ke.com
20230904,海淀,定慧寺,101119328064,定慧福里南区南北通透两居室业主诚意出售。房主自荐,1188万,124935元/平,中楼层 (共9层) | 2009年建 | 2室1厅 | 95.09平米 | 南 北,https://ke-image.ljcdn.com/110000-inspection/pc1_PL5qL92B8_1.jpg!m_fill,w_280,h_210,f_jpg?from=ke.com
20230904,海淀,定慧寺,101119327743,海淀区西三环八宝庄带电梯两居室满5年随时可签,530万,80425元/平,中楼层 (共16层) | 1988年建 | 2室1厅 | 65.9平米 | 西北,https://ke-image.ljcdn.com/110000-inspection/pc1_Fcgrgw73R_1.jpg!m_fill,w_280,h_210,f_jpg?from=ke.com
20230904,海淀,定慧寺,101119262660,恩济里小三居满五年唯一房子可看随时可签约诚心卖,655万,100878元/平,顶层 (共4层) | 1991年建 | 3室1厅 | 64.93平米 | 东,https://ke-image.ljcdn.com/110000-inspection/pc1_Lz0ab1V2O.jpg!m_fill,w_280,h_210,f_jpg?from=ke.com
20230904,海淀,定慧寺,101119250119,岭南路科委宿舍满五唯一精装修少出电梯直达！,650万,130261元/平,中楼层 (共14层) | 1985年建 | 2室1厅 | 49.9平米 | 南 北,https://ke-image.ljcdn.com/110000-inspection/pc1_GwjduBjh1.jpg!m_fill,w_280,h_210,f_jpg?from=ke.com
20230904,海淀,定慧寺,101119250049,定慧北里  独院管理  中间楼层  南北通透两居室！,619万,90471元/平,中楼层 (共6层) | 1996年建 | 2室1厅 | 68.42平米 | 南 北,https://ke-image.ljcdn.com/110000-inspection/pc1_1fMzp4idd_2.jpg!m_fill,w_280,h_210,f_jpg?from=ke.com
20230904,海淀,定慧寺,101119244656,北京印象正规大两居不临街无遮挡正对小区花园诚意出售,1065万,99126元/平,高楼层 (共11层) | 2003年建 | 2室2厅 | 107.44平米 | 东 西,https://ke-image.ljcdn.com/110000-inspection/pc1_U44M89gjc_2.jpg!m_fill,w_280,h_210,f_jpg?from=ke.com
20230904,海淀,定慧寺,101119244533,安装宿舍小区带电梯小户型近地铁满两年诚心出售,393万,90973元/平,低楼层 (共16层) | 1989年建 | 1室1厅 | 43.2平米 | 南,https://ke-image.ljcdn.com/110000-inspection/pc1_DmM73dvw9_1.jpg!m_fill,w_280,h_210,f_jpg?from=ke.com
20230904,海淀,定慧寺,101119181455,西八里庄 南北通透 带电梯大两居室 看房随时,675万,90544元/平,中楼层 (共10层) 2室1厅 | 74.55平米 | 南 北,https://ke-image.ljcdn.com/110000-inspection/pc1_4JliVgPnR.jpg!m_fill,w_280,h_210,f_jpg?from=ke.com
20230904,海淀,定慧寺,101119141889,中塔园满五年央产房双客厅24小时监控中塔公园,670万,100707元/平,中楼层 (共6层) 2室1厅 | 66.53平米 | 东 西,https://ke-image.ljcdn.com/110000-inspection/pc1_1aSNJosn9_1.jpg!m_fill,w_280,h_210,f_jpg?from=ke.com
20230904,海淀,定慧寺,101119110536,西钓鱼台地铁步行92米 不临街无遮挡 满五年,560万,103322元/平,中楼层 (共5层) | 1993年建 | 2室1厅 | 54.2平米 | 南 北,https://ke-image.ljcdn.com/110000-inspection/pc1_wUlzahLD8.jpg!m_fill,w_280,h_210,f_jpg?from=ke.com
20230904,海淀,定慧寺,101119110032,瑞新里小区 正规一居 不临街无遮挡 诚意出售 金地物业房主自荐,782万,111301元/平,顶层 (共7层) | 2007年建 | 1室1厅 | 70.26平米 | 西,https://ke-image.ljcdn.com/110000-inspection/pc1_T67T6zkNu_1.jpg!m_fill,w_280,h_210,f_jpg?from=ke.com
20230904,海淀,定慧寺,101119105926,八宝庄 1室1厅 南,446万,99777元/平,中楼层 (共5层) 1室1厅 | 44.7平米 | 南,https://ke-image.ljcdn.com/110000-inspection/pc1_dRrIr3ejx_2.jpg!m_fill,w_280,h_210,f_jpg?from=ke.com
20230904,海淀,定慧寺,101119100318,科委宿舍中间楼层三居室带厅近地铁,936万,128396元/平,中楼层 (共6层) | 1986年建 | 3室1厅 | 72.9平米 | 南 北,https://ke-image.ljcdn.com/110000-inspection/pc1_3Sys22sHh.jpg!m_fill,w_280,h_210,f_jpg?from=ke.com
20230904,海淀,定慧寺,101119080383,西八里庄北里南北通透中间层三居室,868万,103580元/平,中楼层 (共6层) 3室1厅 | 83.8平米 | 南 北,https://ke-image.ljcdn.com/110000-inspection/pc1_ELaWxYbb8_1.jpg!m_fill,w_280,h_210,f_jpg?from=ke.com
20230904,海淀,定慧寺,101119050902,西八里庄北里 东南四居室 采光好 电梯直达 满五年唯一房主自荐,1198万,95383元/平,低楼层 (共16层) | 1997年建 | 4室2厅 | 125.6平米 | 东 南,https://ke-image.ljcdn.com/110000-inspection/pc1_Ej7uyaIah_1.jpg!m_fill,w_280,h_210,f_jpg?from=ke.com
20230904,海淀,定慧寺,101119010182,中间楼层电梯直达看房方便社区环境好,553万,88693元/平,低楼层 (共16层) 1室1厅 | 62.35平米 | 东南,https://ke-image.ljcdn.com/110000-inspection/pc1_TgspHczQF_1.jpg!m_fill,w_280,h_210,f_jpg?from=ke.com
20230904,海淀,定慧寺,101118959094,水文大院 2室1厅 东 西 北,569万,94050元/平,顶层 (共6层) | 1998年建 | 2室1厅 | 60.5平米 | 东 西 北,https://ke-image.ljcdn.com/110000-inspection/pc1_zo5RHm6vG.jpg!m_fill,w_280,h_210,f_jpg?from=ke.com
20230904,海淀,定慧寺,101118958463,瑞新里小区 中间楼层 格局方正三居室 南北通透,1740万,111890元/平,低楼层 (共15层) 3室2厅 | 155.51平米 | 南 北,https://ke-image.ljcdn.com/110000-inspection/pc1_RxGIw8tpw.jpg!m_fill,w_280,h_210,f_jpg?from=ke.com
20230904,海淀,定慧寺,101118943850,此房满五年福利分房采光充足电梯直达老人小孩的选择,909万,71077元/平,低楼层 (共14层) 3室1厅 | 127.89平米 | 东 西 北,https://ke-image.ljcdn.com/110000-inspection/pc1_HrzUKDoVW.jpg!m_fill,w_280,h_210,f_jpg?from=ke.com
20230904,海淀,定慧寺,101118916804,定慧北里测绘院独院管理 南北双阳台 精装修 带车位,679万,92381元/平,高楼层 (共6层) 2室1厅 | 73.5平米 | 南 北,https://ke-image.ljcdn.com/110000-inspection/pc1_kiSTXPrie.jpg!m_fill,w_280,h_210,f_jpg?from=ke.com
20230904,海淀,定慧寺,101118890534,海实岭南路26号院 中间层 朝南不临街一居,548万,141603元/平,中楼层 (共6层) | 1985年建 | 1室1厅 | 38.7平米 | 南,https://ke-image.ljcdn.com/110000-inspection/pc1_WKweaUVWH.jpg!m_fill,w_280,h_210,f_jpg?from=ke.com
20230904,海淀,定慧寺,101118884620,阜成路47号院  核二院随时签约 精装修,710万,134572元/平,中楼层 (共5层) | 2000年建 | 2室1厅 | 52.76平米 | 北 南,https://ke-image.ljcdn.com/110000-inspection/pc1_B7cX89WwS.jpg!m_fill,w_280,h_210,f_jpg?from=ke.com
20230904,海淀,定慧寺,101118775003,亮甲店小区 有电梯 有电梯 有电梯,799万,87803元/平,高楼层 (共7层) | 1997年建 | 2室1厅 | 91平米 | 东 西,https://ke-image.ljcdn.com/110000-inspection/pc1_vCSuUfhlW_2.jpg!m_fill,w_280,h_210,f_jpg?from=ke.com
20230904,海淀,定慧寺,101118757059,定慧北里 南北通透四居室 有车位,1229万,74821元/平,顶层 (共6层) 4室1厅 | 164.26平米 | 南 北,https://ke-image.ljcdn.com/110000-inspection/245bcc35-e780-432e-8079-3c6f3ff2824e_1000.jpg!m_fill,w_280,h_210,f_jpg?from=ke.com
20230904,海淀,定慧寺,101118748243,恩济里复式  南北通透  三室两厅  满五唯一  看房方便,826万,88437元/平,顶层 (共7层) | 1994年建 | 3室2厅 | 93.4平米 | 南 北,https://ke-image.ljcdn.com/110000-inspection/pc1_BAUrdn8Ce_1.jpg!m_fill,w_280,h_210,f_jpg?from=ke.com
20230904,海淀,定慧寺,101118745420,八宝庄四环内板楼配套全通透南北挨着公园成本低房主自荐,710万,88529元/平,顶层 (共6层) 3室1厅 | 80.2平米 | 南 北,https://ke-image.ljcdn.com/110000-inspection/pc1_TAWy5ug6h_2.jpg!m_fill,w_280,h_210,f_jpg?from=ke.com
20230904,海淀,定慧寺,101118655475,八宝庄小区南北三居室 高楼层 视野好 不临街,665万,98083元/平,中楼层 (共6层) 3室1厅 | 67.8平米 | 南 北,https://ke-image.ljcdn.com/110000-inspection/pc1_OWqpEhzFe.jpg!m_fill,w_280,h_210,f_jpg?from=ke.com
20230904,海淀,定慧寺,101118562710,正楼下73.6平这套64.3平使用面积大购房成本低,598万,93002元/平,顶层 (共6层) | 1996年建 | 2室1厅 | 64.3平米 | 南 北,https://ke-image.ljcdn.com/110000-inspection/pc1_KSRUNKeBC.jpg!m_fill,w_280,h_210,f_jpg?from=ke.com
20230904,海淀,定慧寺,101118515860,阜成路47号院南北通透诚心出售房主自荐,688万,120851元/平,底层 (共5层) | 2000年建 | 2室1厅 | 56.93平米 | 南 北,https://ke-image.ljcdn.com/110000-inspection/pc1_IHklgdeT8.jpg!m_fill,w_280,h_210,f_jpg?from=ke.com
20230904,海淀,定慧寺,101118319342,八里庄路63号院三居室看房方便诚意出售,980万,91470元/平,高楼层 (共18层) | 2010年建 | 3室1厅 | 107.14平米 | 东 西 北,https://ke-image.ljcdn.com/110000-inspection/pc1_r5QyXt08G_1.jpg!m_fill,w_280,h_210,f_jpg?from=ke.com
20230904,海淀,定慧寺,101118317286,2003年商品房大客厅两居 楼层高视野好精装,840万,86376元/平,中楼层 (共17层) 2室1厅 | 97.25平米 | 东南,https://ke-image.ljcdn.com/110000-inspection/pc1_Io8i6TKL5.jpg!m_fill,w_280,h_210,f_jpg?from=ke.com
20230904,海淀,定慧寺,101118277649,恩济庄缘 3室2厅 南 北,1600万,65731元/平,中楼层 (共12层) 3室2厅 | 243.42平米 | 南 北,https://ke-image.ljcdn.com/110000-inspection/pc1_Ib3TCi1Pm_1.jpg!m_fill,w_280,h_210,f_jpg?from=ke.com
20230904,海淀,定慧寺,101118219695,财政部宿舍全明格局一梯两户完成老房改造产权清晰,690万,104073元/平,顶层 (共6层) | 1995年建 | 2室1厅 | 66.3平米 | 南 北,https://ke-image.ljcdn.com/110000-inspection/pc1_hhd4h9cJl_1.jpg!m_fill,w_280,h_210,f_jpg?from=ke.com
20230904,海淀,定慧寺,101118162879,八里庄北里 低楼层两居室 满五年唯一的商品房,574万,99827元/平,底层 (共6层) 2室1厅 | 57.5平米 | 东 西,https://ke-image.ljcdn.com/110000-inspection/pc1_BWJGyOMmq.jpg!m_fill,w_280,h_210,f_jpg?from=ke.com
20230904,海淀,定慧寺,101117884775,安装宿舍小户型两居室诚意出售,498万,89408元/平,中楼层 (共16层) | 1989年建 | 2室1厅 | 55.7平米 | 东北,https://ke-image.ljcdn.com/110000-inspection/pc1_E47einXWP_1.jpg!m_fill,w_280,h_210,f_jpg?from=ke.com
20230904,海淀,定慧寺,101117871832,永安东里三居 南北通透 动静分离 看房方便房主自荐,839万,81854元/平,顶层 (共6层) | 1998年建 | 3室1厅 | 102.5平米 | 南 北,https://ke-image.ljcdn.com/110000-inspection/36169f53-77f8-41c4-8f9d-fe3dc308a7ed_1000.jpg!m_fill,w_280,h_210,f_jpg?from=ke.com
20230904,海淀,定慧寺,101117850039,亮甲店甲1号 东向两居室 不临街 低楼层 看房方便,680万,73119元/平,中楼层 (共5层) | 1995年建 | 2室1厅 | 93平米 | 东,https://ke-image.ljcdn.com/110000-inspection/pc1_F7mcoTXQw_1.jpg!m_fill,w_280,h_210,f_jpg?from=ke.com
20230904,海淀,定慧寺,101117846648,海淀 八里庄 近6号线五路居站 采光好 诚意卖！房主自荐,460万,54496元/平,地下室 (共7层) | 1999年建 | 3室1厅 | 84.41平米 | 东 南 西,https://ke-image.ljcdn.com/110000-inspection/pc1_C3E4wqKe5_1.jpg!m_fill,w_280,h_210,f_jpg?from=ke.com
20230904,海淀,定慧寺,101117840026,西三环中路11号中塔园小区东西通透两居室,595万,104643元/平,顶层 (共6层) 2室1厅 | 56.86平米 | 东 西,https://ke-image.ljcdn.com/110000-inspection/pc1_d3HsBeBZ4_2.jpg!m_fill,w_280,h_210,f_jpg?from=ke.com
20230904,海淀,定慧寺,101117830487,水文大院 定慧寺 1995年 单位分房 全明格局,609万,91032元/平,顶层 (共6层) 2室1厅 | 66.9平米 | 西南,https://ke-image.ljcdn.com/110000-inspection/pc1_TZTU8hF2g_1.jpg!m_fill,w_280,h_210,f_jpg?from=ke.com
20230904,海淀,定慧寺,101117717915,八宝庄双卫两居室 高楼层视野好 采光无遮挡,568万,80000元/平,顶层 (共6层) | 1990年建 | 2室2厅 | 71平米 | 东 西,https://ke-image.ljcdn.com/110000-inspection/pc1_CxYAxLNke_1.jpg!m_fill,w_280,h_210,f_jpg?from=ke.com
20230904,海淀,定慧寺,101117708800,北里 南北一居室 满五年唯一 没抵押 没户口 诚意出售,428万,88760元/平,顶层 (共6层) 1室1厅 | 48.22平米 | 南,https://ke-image.ljcdn.com/110000-inspection/pc1_vd3PrVZXq_1.jpg!m_fill,w_280,h_210,f_jpg?from=ke.com
20230904,海淀,定慧寺,101117623799,首师大家属院 双南两居带客厅带电梯 满5年,1150万,143035元/平,中楼层 (共18层) 2室2厅 | 80.4平米 | 南 北,https://ke-image.ljcdn.com/110000-inspection/pc1_O7LdfeopQ.jpg!m_fill,w_280,h_210,f_jpg?from=ke.com
20230904,海淀,定慧寺,101117600539,西钓鱼台南北通透板楼三居室2021年精装修,2210万,137012元/平,低楼层 (共17层) | 2008年建 | 3室2厅 | 161.3平米 | 南 北,https://ke-image.ljcdn.com/110000-inspection/pc1_ztlu21TAx_2.jpg!m_fill,w_280,h_210,f_jpg?from=ke.com
20230904,海淀,定慧寺,101117563932,优质小两居 全明格局 精装修 近地铁 临公园 诚心出售房主自荐,438万,105036元/平,中楼层 (共6层) | 1991年建 | 2室1厅 | 41.7平米 | 东 北,https://ke-image.ljcdn.com/110000-inspection/pc1_ITnPv8AlS_2.jpg!m_fill,w_280,h_210,f_jpg?from=ke.com
20230904,海淀,定慧寺,101116318631,西钓鱼台嘉园一二层下跃复式大面宽观景房,2960万,113051元/平,底层 (共26层) 4室2厅 | 261.83平米 | 西 东 北,https://ke-image.ljcdn.com/110000-inspection/pc1_Zkl3P0agl.jpg!m_fill,w_280,h_210,f_jpg?from=ke.com
20230904,海淀,定慧寺,101120909822,定慧福里北区 近地铁 楼龄新 精装修,646万,86957元/平,中楼层 (共13层) | 2010年建 | 2室1厅 | 74.29平米 | 东 西,https://s1.ljcdn.com/pegasus/redskull/images/common/default_house_list.png?_v=20230816111335
20230904,海淀,定慧寺,101120871847,八宝庄精装修两居 挨着公园 院内免费停车 诚意出售新上,540万,78001元/平,底层 (共16层) | 1990年建 | 2室1厅 | 69.23平米 | 西北,https://s1.ljcdn.com/pegasus/redskull/images/common/default_house_list.png?_v=20230816111335
20230904,海淀,定慧寺,101120868489,定慧福里北区 2室1厅 东 西新上,660万,89943元/平,顶层 (共16层) 2室1厅 | 73.38平米 | 东 西,https://s1.ljcdn.com/pegasus/redskull/images/common/default_house_list.png?_v=20230816111335
20230904,海淀,定慧寺,101120861481,科委宿舍 1室1厅 北新上,460万,145570元/平,高楼层 (共14层) | 1985年建 | 1室1厅 | 31.6平米 | 北,https://s1.ljcdn.com/pegasus/redskull/images/common/default_house_list.png?_v=20230816111335
20230904,海淀,定慧寺,101120810206,近邻地铁10号线西钓鱼台 南北向中间层方正一居室诚售新上,415万,92842元/平,中楼层 (共6层) 1室1厅 | 44.7平米 | 南 北,https://s1.ljcdn.com/pegasus/redskull/images/common/default_house_list.png?_v=20230816111335
20230904,海淀,定慧寺,101120760989,岭南路26号院 1室1厅 南,539万,139277元/平,中楼层 (共6层) | 1985年建 | 1室1厅 | 38.7平米 | 南,https://s1.ljcdn.com/pegasus/redskull/images/common/default_house_list.png?_v=20230816111335
20230904,海淀,定慧寺,101120577699,八里庄北里 2室1厅 东 西 北,666万,100453元/平,低楼层 (共12层) 2室1厅 | 66.3平米 | 东 西 北,https://s1.ljcdn.com/pegasus/redskull/images/common/default_house_list.png?_v=20230816111335
20230904,海淀,定慧寺,101120479910,南北两室两厅 2000年楼龄 满五年 精装,653万,87114元/平,顶层 (共6层) | 1996年建 | 2室2厅 | 74.96平米 | 南 北,https://s1.ljcdn.com/pegasus/redskull/images/common/default_house_list.png?_v=20230816111335
20230904,海淀,定慧寺,101120142762,恩济庄96号院 4室2厅 东 南 北,1370万,93721元/平,高楼层 (共6层) 4室2厅 | 146.18平米 | 东 南 北,https://s1.ljcdn.com/pegasus/redskull/images/common/default_house_list.png?_v=20230816111335
20230904,海淀,定慧寺,101120027490,八里庄北里 南向 无遮挡 满五唯一,435万,101163元/平,高楼层 (共6层) 1室1厅 | 43平米 | 南,https://s1.ljcdn.com/pegasus/redskull/images/common/default_house_list.png?_v=20230816111335
20230904,海淀,定慧寺,101120027044,西三环中塔园 南北通透 中间3层 近公园社区环境好,595万,104643元/平,中楼层 (共6层) 2室1厅 | 56.86平米 | 南 北,https://s1.ljcdn.com/pegasus/redskull/images/common/default_house_list.png?_v=20230816111335
20230904,海淀,定慧寺,101119996917,西三环北路105号院 3室1厅 东 南,1100万,128655元/平,中楼层 (共18层) 3室1厅 | 85.5平米 | 东 南,https://s1.ljcdn.com/pegasus/redskull/images/common/default_house_list.png?_v=20230816111335
20230904,海淀,定慧寺,101119916816,玲珑天地 1室1厅 南,398万,45758元/平,中楼层 (共12层) 1室1厅 | 86.98平米 | 南,https://s1.ljcdn.com/pegasus/redskull/images/common/default_house_list.png?_v=20230816111335
20230904,海淀,定慧寺,101119821213,南北双阳台独院管理满五唯一带车位的优质两居,719万,87015元/平,中楼层 (共12层) 2室1厅 | 82.63平米 | 南 北,https://ke-image.ljcdn.com/110000-inspection/pc1_LOskGb3HX_1.jpg!m_fill,w_280,h_210,f_jpg?from=ke.com
20230904,海淀,定慧寺,101119791205,西钓鱼台嘉园 昆玉河畔 二期 南北通透3居 采光不挡,1670万,131249元/平,低楼层 (共17层) | 2018年建 | 3室2厅 | 127.24平米 | 南 北,https://s1.ljcdn.com/pegasus/redskull/images/common/default_house_list.png?_v=20230816111335
20230904,海淀,定慧寺,101119615553,恩济里小区 带车位两居 朝南 精装修,660万,127808元/平,底层 (共6层) | 1991年建 | 2室2厅 | 51.64平米 | 南 北,https://s1.ljcdn.com/pegasus/redskull/images/common/default_house_list.png?_v=20230816111335
20230904,海淀,定慧寺,101119586857,房子采光好楼层比较好配套设备齐全交通方便。,170万,33872元/平,中楼层 (共19层) | 2009年建 | 1室0厅 | 50.19平米 | 北,https://s1.ljcdn.com/pegasus/redskull/images/common/default_house_list.png?_v=20230816111335
20230904,海淀,定慧寺,101119586713,房子采光好楼层比较好配套设备齐全交通方便。,170万,33872元/平,中楼层 (共19层) | 2009年建 | 1室0厅 | 50.19平米 | 北,https://s1.ljcdn.com/pegasus/redskull/images/common/default_house_list.png?_v=20230816111335
20230904,海淀,定慧寺,101119393056,玲珑天地 1室1厅 南,365万,41863元/平,顶层 (共12层) 1室1厅 | 87.19平米 | 南,https://s1.ljcdn.com/pegasus/redskull/images/common/default_house_list.png?_v=20230816111335
20230904,海淀,定慧寺,101119348791,科委宿舍新上不临街优质三居室户型佳产权清晰,960万,129381元/平,中楼层 (共5层) | 1982年建 | 3室1厅 | 74.2平米 | 南 北,https://s1.ljcdn.com/pegasus/redskull/images/common/default_house_list.png?_v=20230816111335
20230904,海淀,定慧寺,101119191129,八里庄路62号院业主诚心出售,159万,31680元/平,低楼层 (共19层) | 2009年建 | 1室1厅 | 50.19平米 | 北,https://s1.ljcdn.com/pegasus/redskull/images/common/default_house_list.png?_v=20230816111335
20230904,海淀,定慧寺,101119065786,八里庄路62号院 1室1厅 南,320万,40522元/平,低楼层 (共19层) | 2009年建 | 1室1厅 | 78.97平米 | 南,https://s1.ljcdn.com/pegasus/redskull/images/common/default_house_list.png?_v=20230816111335
20230904,海淀,定慧寺,101119039330,房子是一居明厨明卫商品房小区安静,520万,117781元/平,低楼层 (共6层) 1室1厅 | 44.15平米 | 南,https://s1.ljcdn.com/pegasus/redskull/images/common/default_house_list.png?_v=20230816111335
20230904,海淀,定慧寺,101119032174,八里庄北里 南向方正一居 双地铁双公园 满五年唯一房主自荐,435万,101636元/平,底层 (共6层) | 1994年建 | 1室1厅 | 42.8平米 | 南,https://s1.ljcdn.com/pegasus/redskull/images/common/default_house_list.png?_v=20230816111335
20230904,海淀,定慧寺,101118889001,金隅大成玲珑天地 业主诚意出售 看房方便,210万,38162元/平,高楼层 (共12层) | 2012年建 | 1室0厅 | 55.03平米 | 北,https://s1.ljcdn.com/pegasus/redskull/images/common/default_house_list.png?_v=20230816111335
20230904,海淀,定慧寺,101118692308,满五单位房 2梯5户 2000年房子 24小时热水 停车方便房主自荐,1100万,87685元/平,中楼层 (共18层) | 1999年建 | 3室1厅 | 125.45平米 | 南 北,https://s1.ljcdn.com/pegasus/redskull/images/common/default_house_list.png?_v=20230816111335
20230904,海淀,定慧寺,101118367130,玲珑天地 可以注册公司 有电梯 管理好 近地铁,355万,40814元/平,中楼层 (共12层) | 2012年建 | 1室1厅 | 86.98平米 | 南,https://s1.ljcdn.com/pegasus/redskull/images/common/default_house_list.png?_v=20230816111335
20230904,海淀,定慧寺,101117964085,此房是50年产权商办类房业主诚意出售！,170万,40670元/平,高楼层 (共19层) | 2009年建 | 1室0厅 | 41.8平米 | 南,https://s1.ljcdn.com/pegasus/redskull/images/common/default_house_list.png?_v=20230816111335
20230904,海淀,定慧寺,101117124810,玲珑天地 南向 光线好 高楼层 无遮挡 视野开阔,370万,42437元/平,顶层 (共12层) | 2012年建 | 1室1厅 | 87.19平米 | 南,https://s1.ljcdn.com/pegasus/redskull/images/common/default_house_list.png?_v=20230816111335
20230904,海淀,定慧寺,101117046002,金隅大成玲珑天地 临地铁 户型方正楼龄新高品质,400万,45030元/平,高楼层 (共12层) | 2012年建 | 2室1厅 | 88.83平米 | 西南,https://s1.ljcdn.com/pegasus/redskull/images/common/default_house_list.png?_v=20230816111335
20230904,海淀,定慧寺,101117045968,金隅大成玲珑天地 临地铁 户型方正楼龄新高品质,420万,46735元/平,高楼层 (共12层) | 2012年建 | 2室1厅 | 89.87平米 | 西南,https://s1.ljcdn.com/pegasus/redskull/images/common/default_house_list.png?_v=20230816111335
20230904,海淀,定慧寺,101115818552,地下2层车位位置好好停车随时可以看,52万,11325元/平,地下室 (共15层) 1室0厅 | 45.92平米 | 南,https://s1.ljcdn.com/pegasus/redskull/images/common/default_house_list.png?_v=20230816111335
20230904,海淀,定慧寺,101114871286,玲珑天地  楼下是地铁站对面是亮甲店菜市场,365万,41964元/平,中楼层 (共12层) | 2012年建 | 1室1厅 | 86.98平米 | 南,https://s1.ljcdn.com/pegasus/redskull/images/common/default_house_list.png?_v=20230816111335
20230904,海淀,定慧寺,101113741128,八里庄路62号院房子优质地理位置优越,188万,37896元/平,低楼层 (共19层) | 2009年建 | 1室1厅 | 49.61平米 | 西,https://s1.ljcdn.com/pegasus/redskull/images/common/default_house_list.png?_v=20230816111335
