20230702,丰台,丽泽,101119775866,商品房满五唯一 南北通透板楼带电梯不临街必看好房,539万,70596元/平,顶层 (共12层) | 2001年建 | 2室1厅 | 76.35平米 | 北 南,https://ke-image.ljcdn.com/110000-inspection/pc1_aw4DLNsBi_1.jpg!m_fill,w_280,h_210,f_jpg?from=ke.com
20230702,丰台,丽泽,101119700549,丰益花园西区 2室1厅 西南必看好房,550万,73217元/平,低楼层 (共12层) | 2001年建 | 2室1厅 | 75.12平米 | 西南,https://ke-image.ljcdn.com/110000-inspection/bce6fc00-fbac-4536-9d2a-4b1a4a701db0_1000.jpg!m_fill,w_280,h_210,f_jpg?from=ke.com
20230702,丰台,丽泽,101119693651,丽泽景园南北两居前后无遮挡地铁14号线10号线西局站必看好房,690万,76872元/平,中楼层 (共27层) 2室1厅 | 89.76平米 | 南 北,https://ke-image.ljcdn.com/110000-inspection/76507513-064b-4d88-a231-d1da32a36782_1000.jpg!m_fill,w_280,h_210,f_jpg?from=ke.com
20230702,丰台,丽泽,101119591806,海军干休所 南北通透四居 有食堂 得房率91.68%商品房房主自荐,860万,69925元/平,底层 (共6层) | 2013年建 | 4室2厅 | 122.99平米 | 南 北,https://ke-image.ljcdn.com/110000-inspection/e1c677e5-69d8-4cd8-a5c5-34a2496f5776_1000.jpg!m_fill,w_280,h_210,f_jpg?from=ke.com
20230702,丰台,丽泽,101119587055,丰益花园西区 全南向两居出售 满五年商品房,543万,71074元/平,高楼层 (共25层) 2室1厅 | 76.4平米 | 南,https://ke-image.ljcdn.com/110000-inspection/abe5dec5-8304-45a1-a0b5-8fdb559d43b3_1000.jpg!m_fill,w_280,h_210,f_jpg?from=ke.com
20230702,丰台,丽泽,101119576993,盛鑫嘉园 南向一居出售 高楼层 满五唯一 配套齐全,415万,77339元/平,高楼层 (共22层) 1室1厅 | 53.66平米 | 南,https://ke-image.ljcdn.com/110000-inspection/e4011ec6-a2a3-4b1d-8cc3-987c227578e9_1000.jpg!m_fill,w_280,h_210,f_jpg?from=ke.com
20230702,丰台,丽泽,101118640356,丰益西区贷款轻松 板楼带电梯 采光好 不临街 婚房装修房主自荐,565万,73818元/平,高楼层 (共12层) | 2001年建 | 2室1厅 | 76.54平米 | 南 北,https://ke-image.ljcdn.com/110000-inspection/84be5a5d-0fa7-4e17-b995-e30cdd127ea6_1000.jpg!m_fill,w_280,h_210,f_jpg?from=ke.com
20230702,丰台,丽泽,101118435875,《区域推荐》商品房 置换尚品宅配精装修满五年唯一必看好房,299万,56362元/平,低楼层 (共29层) 1室1厅 | 53.05平米 | 东 西,https://ke-image.ljcdn.com/110000-inspection/pc1_AJFc9wfrj.jpg!m_fill,w_280,h_210,f_jpg?from=ke.com
20230702,丰台,丽泽,101118401828,西局北街26号院益丰苑小区南北通透两居室,915万,97998元/平,低楼层 (共13层) | 2010年建 | 2室1厅 | 93.37平米 | 南 北,https://ke-image.ljcdn.com/110000-inspection/pc1_yPXX3NyaU.jpg!m_fill,w_280,h_210,f_jpg?from=ke.com
20230702,丰台,丽泽,101117906883,《顶流户型》 急售一室一厅明厨明卫精装好楼层必看好房,320万,58310元/平,中楼层 (共29层) 1室1厅 | 54.88平米 | 东 西 北,https://ke-image.ljcdn.com/110000-inspection/a51e5a34-2f08-402d-8401-ad17de8e4a54_1000.jpg!m_fill,w_280,h_210,f_jpg?from=ke.com
20230702,丰台,丽泽,101117089967,六里桥地铁9号线/10号线满五唯一2016年次新房 精装修房主自荐,310万,57536元/平,低楼层 (共29层) 1室0厅 | 53.88平米 | 南,https://ke-image.ljcdn.com/110000-inspection/pc1_EvIbKdEaD.jpg!m_fill,w_280,h_210,f_jpg?from=ke.com
20230702,丰台,丽泽,101114610989,六里桥龙湖开发玉璞家园 南向一居室,410万,75092元/平,高楼层 (共22层) | 2016年建 | 1室1厅 | 54.6平米 | 南,https://ke-image.ljcdn.com/110000-inspection/pc1_nZhejW9aS.jpg!m_fill,w_280,h_210,f_jpg?from=ke.com
20230702,丰台,丽泽,101114588915,保利百合  南向  诚心卖的小两居  看房方便,790万,101192元/平,中楼层 (共21层) | 2010年建 | 2室1厅 | 78.07平米 | 东 南,https://ke-image.ljcdn.com/110000-inspection/pc1_FkRg6vRGn.jpg!m_fill,w_280,h_210,f_jpg?from=ke.com
20230702,丰台,丽泽,101114493473,丽泽 保利百合 新上南向两居室 满五唯一 店长推荐,730万,92335元/平,低楼层 (共20层) 2室2厅 | 79.06平米 | 西南,https://ke-image.ljcdn.com/110000-inspection/pc1_r1O0KFQLe.jpg!m_fill,w_280,h_210,f_jpg?from=ke.com
20230702,丰台,丽泽,101113697244,满五年唯一商品房 无遮挡 采光好,933万,59839元/平,中楼层 (共22层) | 2002年建 | 3室1厅 | 155.92平米 | 东南,https://ke-image.ljcdn.com/110000-inspection/pc1_Mpw2A2eL6.jpg!m_fill,w_280,h_210,f_jpg?from=ke.com
20230702,丰台,丽泽,101113635835,房子是商品房满五唯一中间楼无遮挡,950万,56768元/平,低楼层 (共22层) | 2001年建 | 3室2厅 | 167.35平米 | 东南,https://ke-image.ljcdn.com/110000-inspection/8107e1db-9e77-4829-896c-0a751865e50a_1000.jpg!m_fill,w_280,h_210,f_jpg?from=ke.com
20230702,丰台,丽泽,101119278730,丽泽景园 满五年唯一 仅有契税 随时签约 全南采光不错必看好房,636万,80752元/平,低楼层 (共27层) 2室1厅 | 78.76平米 | 南,https://ke-image.ljcdn.com/110000-inspection/bf93663d-a6d7-4db1-b10f-365a7773d00b_1000.jpg!m_fill,w_280,h_210,f_jpg?from=ke.com
20230702,丰台,丽泽,101119274356,交房后未入住 南北三居 中间位置 无遮挡,990万,79512元/平,低楼层 (共26层) | 2012年建 | 3室2厅 | 124.51平米 | 南 北,https://ke-image.ljcdn.com/110000-inspection/0943c16e-b294-4ec6-ade3-965c359c0963_1000.jpg!m_fill,w_280,h_210,f_jpg?from=ke.com
20230702,丰台,丽泽,101119173921,丽泽景园   精装修  一天未住,680万,86691元/平,中楼层 (共27层) | 2012年建 | 2室1厅 | 78.44平米 | 南,https://ke-image.ljcdn.com/110000-inspection/0174f89e-1cae-4575-b17e-052c6a4a391f_1000.jpg!m_fill,w_280,h_210,f_jpg?from=ke.com
20230702,丰台,丽泽,101119920373,益丰苑 3室2厅 南 北新上,1380万,102185元/平,中楼层 (共11层) | 2010年建 | 3室2厅 | 135.05平米 | 南 北,https://ke-image.ljcdn.com/110000-inspection/pc1_PuAsSyFGu_1.jpg!m_fill,w_280,h_210,f_jpg?from=ke.com
20230702,丰台,丽泽,101119879566,全南户型明厨有电梯2室1厅1卫新上,480万,75782元/平,中楼层 (共29层) | 2017年建 | 2室1厅 | 63.34平米 | 南,https://ke-image.ljcdn.com/110000-inspection/pc1_HkgMs0C8y_1.jpg!m_fill,w_280,h_210,f_jpg?from=ke.com
20230702,丰台,丽泽,101119730045,丽泽桥附近 丰益花园东区温馨两居业主诚心出售,610万,63115元/平,低楼层 (共28层) | 2003年建 | 2室2厅 | 96.65平米 | 西南,https://ke-image.ljcdn.com/110000-inspection/2c5cc114-78d7-48a1-a1fa-1e6d4f1140da_1000.jpg!m_fill,w_280,h_210,f_jpg?from=ke.com
20230702,丰台,丽泽,101119697636,大区优选满五唯一商品房丽泽商务区优质两居。,710万,72376元/平,低楼层 (共22层) | 2001年建 | 2室2厅 | 98.1平米 | 南,https://ke-image.ljcdn.com/110000-inspection/739d06d0-9e51-405b-a007-b1151f9ad15f_1000.jpg!m_fill,w_280,h_210,f_jpg?from=ke.com
20230702,丰台,丽泽,101119661238,保利百合花园 边户型南北通透3居精装修,1030万,115329元/平,中楼层 (共20层) | 2009年建 | 3室1厅 | 89.31平米 | 东 南 北,https://ke-image.ljcdn.com/110000-inspection/pc1_JDns1TSyg_1.jpg!m_fill,w_280,h_210,f_jpg?from=ke.com
20230702,丰台,丽泽,101119641693,高楼层《满五唯一》商品房格局方正南向采光很不错,935万,101136元/平,中楼层 (共21层) | 2009年建 | 2室1厅 | 92.45平米 | 南,https://ke-image.ljcdn.com/110000-inspection/pc1_KcU443ee9_1.jpg!m_fill,w_280,h_210,f_jpg?from=ke.com
20230702,丰台,丽泽,101119624749,满五年户型方正南北通透采光好。,410万,64925元/平,低楼层 (共6层) | 1994年建 | 2室1厅 | 63.15平米 | 南 北,https://ke-image.ljcdn.com/110000-inspection/bcda28eb-06af-4d59-bca7-6eac425b9a92_1000.jpg!m_fill,w_280,h_210,f_jpg?from=ke.com
20230702,丰台,丽泽,101119562650,丰益花园东区 满五唯一 无遮挡 板楼带电梯 地铁十号线,626万,70671元/平,高楼层 (共9层) | 2003年建 | 2室1厅 | 88.58平米 | 西南,https://ke-image.ljcdn.com/110000-inspection/871a10e3-7f21-46bf-a68e-99a9ee642ab2_1000.jpg!m_fill,w_280,h_210,f_jpg?from=ke.com
20230702,丰台,丽泽,101119525101,丽泽商务区  玉璞家园 南向一居室  观景效果好,410万,75230元/平,中楼层 (共22层) | 2016年建 | 1室0厅 | 54.5平米 | 南 北,https://ke-image.ljcdn.com/110000-inspection/pc1_ebD7p0ULh_1.jpg!m_fill,w_280,h_210,f_jpg?from=ke.com
20230702,丰台,丽泽,101119515908,龙湖西宸原著玉府 平层大三居 南北通透 满五唯一,3100万,138908元/平,中楼层 (共21层) | 2016年建 | 4室2厅 | 223.17平米 | 西南 北,https://ke-image.ljcdn.com/110000-inspection/pc1_r2bRnhVI9_1.jpg!m_fill,w_280,h_210,f_jpg?from=ke.com
20230702,丰台,丽泽,101119514581,丽泽景园 南北三居 中间位置 不临街 无遮挡,1050万,83653元/平,高楼层 (共27层) | 2013年建 | 3室2厅 | 125.52平米 | 南 北,https://ke-image.ljcdn.com/110000-inspection/70d830bd-10a2-4231-a247-ec60d85a90bf_1000.jpg!m_fill,w_280,h_210,f_jpg?from=ke.com
20230702,丰台,丽泽,101119504113,玉璞家园  2016年次新房  南向两居室 诚心卖价格可谈,479万,76311元/平,中楼层 (共22层) | 2016年建 | 2室1厅 | 62.77平米 | 南 北,https://ke-image.ljcdn.com/110000-inspection/pc1_KqzGTDvtD_1.jpg!m_fill,w_280,h_210,f_jpg?from=ke.com
20230702,丰台,丽泽,101119495560,丰益花园东区 板楼不临街 南北通透 全明格局,680万,70445元/平,顶层 (共12层) | 2003年建 | 2室1厅 | 96.53平米 | 南 北,https://ke-image.ljcdn.com/110000-inspection/a933a9b4-090f-4d18-83c8-a0b98ef2a7ce_1000.jpg!m_fill,w_280,h_210,f_jpg?from=ke.com
20230702,丰台,丽泽,101119478548,丽泽景园 满五年唯一住房 双地铁换乘西局站 交通便利,512万,81064元/平,中楼层 (共26层) | 2012年建 | 1室1厅 | 63.16平米 | 南,https://ke-image.ljcdn.com/110000-inspection/pc1_Fdu6IsVhh.jpg!m_fill,w_280,h_210,f_jpg?from=ke.com
20230702,丰台,丽泽,101119455490,玉璞家园    六里桥   2016年  装修好直接入住,390万,73516元/平,低楼层 (共29层) 1室0厅 | 53.05平米 | 西,https://ke-image.ljcdn.com/110000-inspection/pc1_DvDa2wFrM_1.jpg!m_fill,w_280,h_210,f_jpg?from=ke.com
20230702,丰台,丽泽,101119453375,丽泽商务区丰益花园西区  采光好 近地铁 随时签约,568万,73272元/平,中楼层 (共25层) 2室1厅 | 77.52平米 | 东南,https://ke-image.ljcdn.com/110000-inspection/510fc38c-e4ad-4cab-9757-6e36855b9174_1000.jpg!m_fill,w_280,h_210,f_jpg?from=ke.com
20230702,丰台,丽泽,101119445555,丽泽商务区前泥洼低楼层正规一居满五唯一近地铁,285万,64204元/平,底层 (共12层) | 1994年建 | 1室1厅 | 44.39平米 | 西,https://ke-image.ljcdn.com/110000-inspection/37b63641-a61a-436a-9ca4-6f0a3e2f3cb0_1000.jpg!m_fill,w_280,h_210,f_jpg?from=ke.com
20230702,丰台,丽泽,101119425445,丽泽景园南向一居室中间楼层诚心出售,505万,79956元/平,中楼层 (共26层) 1室1厅 | 63.16平米 | 南,https://ke-image.ljcdn.com/110000-inspection/af16e68f-6f87-4877-88aa-859fd1db30de_1000.jpg!m_fill,w_280,h_210,f_jpg?from=ke.com
20230702,丰台,丽泽,101119419685,泰禾西府大院顶豪大四居。观景房视野好！,2450万,146234元/平,高楼层 (共18层) 3室2厅 | 167.54平米 | 南 北,https://ke-image.ljcdn.com/110000-inspection/076eda27-5ac4-467a-bebc-04f79c027824_1000.jpg!m_fill,w_280,h_210,f_jpg?from=ke.com
20230702,丰台,丽泽,101119416867,泰禾西府大院次顶层大四居。观景房视野好！,3500万,175598元/平,高楼层 (共18层) | 2019年建 | 4室2厅 | 199.32平米 | 南 北,https://ke-image.ljcdn.com/110000-inspection/pc1_3QKFLzEJ8.jpg!m_fill,w_280,h_210,f_jpg?from=ke.com
20230702,丰台,丽泽,101119395395,丰益花园东区商品房满5年唯一地铁十号线泥洼站,625万,68187元/平,中楼层 (共28层) | 2003年建 | 2室1厅 | 91.66平米 | 南 北,https://ke-image.ljcdn.com/110000-inspection/f77105ea-f7a4-414e-91e0-a0789649d3f9_1000.jpg!m_fill,w_280,h_210,f_jpg?from=ke.com
20230702,丰台,丽泽,101119377952,玉璞家园 商品房 满五年  挨着地铁 随时签约房主自荐,345万,62853元/平,低楼层 (共29层) | 2016年建 | 1室1厅 | 54.89平米 | 南,https://ke-image.ljcdn.com/110000-inspection/b64d8341-88cc-422c-adc9-6f91138f2c97_1000.jpg!m_fill,w_280,h_210,f_jpg?from=ke.com
20230702,丰台,丽泽,101119364824,保利百合花园诚意出售小两居室,760万,95394元/平,中楼层 (共21层) 2室1厅 | 79.67平米 | 南,https://ke-image.ljcdn.com/110000-inspection/pc1_onbkpoAIj.jpg!m_fill,w_280,h_210,f_jpg?from=ke.com
20230702,丰台,丽泽,101119341250,西宸原著   南北通透3+1居室   业主诚心卖  看房随时,2300万,130260元/平,中楼层 (共21层) 3室2厅 | 176.57平米 | 南 北,https://ke-image.ljcdn.com/110000-inspection/f667f9a1-c46d-4c1f-b397-062a97056be4_1000.jpg!m_fill,w_280,h_210,f_jpg?from=ke.com
20230702,丰台,丽泽,101119323546,地铁十号线丰益花园板楼三居室满5年家庭唯一,725万,64773元/平,底层 (共12层) | 2003年建 | 3室1厅 | 111.93平米 | 南 北,https://ke-image.ljcdn.com/110000-inspection/34771947-86a0-4841-9baa-a8b970fe8ba3_1000.jpg!m_fill,w_280,h_210,f_jpg?from=ke.com
20230702,丰台,丽泽,101119308918,明厨明卫有电梯3室2厅2卫,810万,63936元/平,中楼层 (共28层) 3室2厅 | 126.69平米 | 西南,https://ke-image.ljcdn.com/110000-inspection/4ea77137-1c20-4615-9e9a-9ead9b6c915b_1000.jpg!m_fill,w_280,h_210,f_jpg?from=ke.com
20230702,丰台,丽泽,101119308905,前泥洼一居室满5年家庭唯一地铁十号线泥洼站,280万,62016元/平,高楼层 (共6层) | 1993年建 | 1室1厅 | 45.15平米 | 东,https://ke-image.ljcdn.com/110000-inspection/pc1_yfuLp3bw2_1.jpg!m_fill,w_280,h_210,f_jpg?from=ke.com
20230702,丰台,丽泽,101119289197,益丰苑 2室2厅 东南 北房主自荐,910万,101688元/平,高楼层 (共13层) | 2010年建 | 2室2厅 | 89.49平米 | 东南 北,https://ke-image.ljcdn.com/110000-inspection/pc1_3mxHZ7xyv.jpg!m_fill,w_280,h_210,f_jpg?from=ke.com
20230702,丰台,丽泽,101119266823,玉璞家园 2016年次新房  业主诚心卖价格能商量,399万,75071元/平,中楼层 (共29层) 1室0厅 | 53.15平米 | 南,https://ke-image.ljcdn.com/110000-inspection/pc1_QG2WabbTn_1.jpg!m_fill,w_280,h_210,f_jpg?from=ke.com
20230702,丰台,丽泽,101119253776,丽泽商务区  西三环边 益丰苑 北京市建委发改委家属院,1380万,101853元/平,中楼层 (共14层) | 2010年建 | 3室2厅 | 135.49平米 | 南 北,https://ke-image.ljcdn.com/110000-inspection/pc1_edTOqgxeM.jpg!m_fill,w_280,h_210,f_jpg?from=ke.com
20230702,丰台,丽泽,101119211463,前泥洼新出三居室地铁十号线泥洼站满5年唯一,465万,62191元/平,高楼层 (共6层) | 1993年建 | 3室1厅 | 74.77平米 | 东南 北,https://ke-image.ljcdn.com/110000-inspection/4121eef4-2724-4c93-9913-d3b91704db3d_1000.jpg!m_fill,w_280,h_210,f_jpg?from=ke.com
20230702,丰台,丽泽,101119208515,益丰苑 2室1厅 南 北,950万,100064元/平,中楼层 (共17层) | 2010年建 | 2室1厅 | 94.94平米 | 南 北,https://ke-image.ljcdn.com/110000-inspection/pc1_vEDTzjdum.jpg!m_fill,w_280,h_210,f_jpg?from=ke.com
20230702,丰台,丽泽,101119200953,丽泽商务区西三环边2016年的楼龄店长主推,380万,70646元/平,低楼层 (共29层) 1室0厅 | 53.79平米 | 南,https://ke-image.ljcdn.com/110000-inspection/d8ee3182-153e-4a56-8984-1b7e5817e821_1000.jpg!m_fill,w_280,h_210,f_jpg?from=ke.com
20230702,丰台,丽泽,101119199264,玉璞家园 满5年唯一的商品房 可直接入住,400万,72874元/平,低楼层 (共29层) 1室0厅 | 54.89平米 | 南,https://ke-image.ljcdn.com/110000-inspection/pc1_YIlY1fIiE.jpg!m_fill,w_280,h_210,f_jpg?from=ke.com
20230702,丰台,丽泽,101119165768,丰益花园东区三居室 双卫生间 中间楼层 不临街精装修,830万,65515元/平,中楼层 (共28层) | 2003年建 | 3室1厅 | 126.69平米 | 西南,https://ke-image.ljcdn.com/110000-inspection/22b38d26-0686-4a29-8d68-0805eb15ed34_1000.jpg!m_fill,w_280,h_210,f_jpg?from=ke.com
20230702,丰台,丽泽,101119128667,保利百合   满五唯一     高楼层,780万,96261元/平,高楼层 (共20层) 2室2厅 | 81.03平米 | 南,https://ke-image.ljcdn.com/110000-inspection/pc1_GbZfmrMFs.jpg!m_fill,w_280,h_210,f_jpg?from=ke.com
20230702,丰台,丽泽,101119126004,玉璞家园 2室0厅 南 北,470万,75020元/平,低楼层 (共22层) 2室0厅 | 62.65平米 | 南 北,https://ke-image.ljcdn.com/110000-inspection/pc1_2EPjrgGgb.jpg!m_fill,w_280,h_210,f_jpg?from=ke.com
20230702,丰台,丽泽,101119097877,前泥洼电梯房满五唯一一居室,328万,67994元/平,中楼层 (共12层) | 1994年建 | 1室1厅 | 48.24平米 | 南 西,https://ke-image.ljcdn.com/110000-inspection/501cc32c-b8b9-4aa3-8d6d-a3838aa6857e_1000.jpg!m_fill,w_280,h_210,f_jpg?from=ke.com
20230702,丰台,丽泽,101119089417,丰益花园东区三居地铁十号线泥洼站满5年。,970万,67129元/平,中楼层 (共28层) | 2003年建 | 3室1厅 | 144.5平米 | 东南,https://ke-image.ljcdn.com/110000-inspection/d4b6e788-55dc-4db2-b35d-28c1d809e27d_1000.jpg!m_fill,w_280,h_210,f_jpg?from=ke.com
20230702,丰台,丽泽,101119085307,满五唯一全南向户型好采光充足。,550万,71990元/平,低楼层 (共25层) | 2001年建 | 2室1厅 | 76.4平米 | 南,https://ke-image.ljcdn.com/110000-inspection/07af26ac-dcd0-4eaf-8f3a-bb1a453b4cab_1000.jpg!m_fill,w_280,h_210,f_jpg?from=ke.com
20230702,丰台,丽泽,101119084947,西宸原著西三环边闹中取静满五年唯一,1899万,132317元/平,中楼层 (共21层) 4室1厅 | 143.52平米 | 南 北,https://ke-image.ljcdn.com/110000-inspection/pc1_vcIY3nZVI.jpg!m_fill,w_280,h_210,f_jpg?from=ke.com
20230702,丰台,丽泽,101119081142,西三环 丽泽商务区 南北两居带电梯 满五唯一商品房,640万,65932元/平,中楼层 (共9层) 2室1厅 | 97.07平米 | 南 北,https://ke-image.ljcdn.com/110000-inspection/6d6fc575-52ff-4b3e-a358-6b14f3450f22_1000.jpg!m_fill,w_280,h_210,f_jpg?from=ke.com
20230702,丰台,丽泽,101118997227,玉璞家园 1室0厅 南,330万,60440元/平,高楼层 (共22层) 1室0厅 | 54.6平米 | 南,https://ke-image.ljcdn.com/110000-inspection/pc1_b4E54Uw3l.jpg!m_fill,w_280,h_210,f_jpg?from=ke.com
20230702,丰台,丽泽,101118990069,玉璞家园 2016年社区 次新房 靠谱出售,450万,71691元/平,低楼层 (共22层) 2室1厅 | 62.77平米 | 南 北,https://ke-image.ljcdn.com/110000-inspection/pc1_FRVGr3xvd.jpg!m_fill,w_280,h_210,f_jpg?from=ke.com
20230702,丰台,丽泽,101118954775,玉璞家园 南北两居室 诚心出售,470万,74877元/平,低楼层 (共22层) 2室1厅 | 62.77平米 | 南 北,https://ke-image.ljcdn.com/110000-inspection/pc1_mAGC1uhA2.jpg!m_fill,w_280,h_210,f_jpg?from=ke.com
20230702,丰台,丽泽,101118951938,盛鑫嘉园地铁十号线泥洼站满5年唯一,668万,62724元/平,低楼层 (共22层) | 2001年建 | 2室2厅 | 106.5平米 | 东南,https://ke-image.ljcdn.com/110000-inspection/3a221b94-66dc-42b2-bd08-944bb97306d5_1000.jpg!m_fill,w_280,h_210,f_jpg?from=ke.com
20230702,丰台,丽泽,101118919251,店长推荐满五唯一刚做过改造 小区环境好,385万,60966元/平,高楼层 (共6层) | 1994年建 | 2室1厅 | 63.15平米 | 南 北,https://ke-image.ljcdn.com/110000-inspection/0769c23b-0913-41a6-883e-454c026c4b2e_1000.jpg!m_fill,w_280,h_210,f_jpg?from=ke.com
20230702,丰台,丽泽,101118908217,玉璞家园 1室0厅 南,405万,74422元/平,底层 (共22层) 1室0厅 | 54.42平米 | 南,https://ke-image.ljcdn.com/110000-inspection/pc1_Z58DJfu15_1.jpg!m_fill,w_280,h_210,f_jpg?from=ke.com
20230702,丰台,丽泽,101118901700,丰益花园东区 2室1厅 南 北,620万,67627元/平,中楼层 (共28层) 2室1厅 | 91.68平米 | 南 北,https://ke-image.ljcdn.com/110000-inspection/d4dc7ee9-8263-417a-b934-44c912a1de82_1000.jpg!m_fill,w_280,h_210,f_jpg?from=ke.com
20230702,丰台,丽泽,101118894717,满五年唯一商品房南北通透明厨明卫。,1060万,114188元/平,高楼层 (共21层) 2室2厅 | 92.83平米 | 南 北,https://ke-image.ljcdn.com/110000-inspection/pc1_I0HrQxNYq_1.jpg!m_fill,w_280,h_210,f_jpg?from=ke.com
20230702,丰台,丽泽,101118888942,盛鑫嘉园 东南两居室地铁十号线泥洼站满五年唯一,650万,75864元/平,中楼层 (共22层) | 2002年建 | 2室1厅 | 85.68平米 | 东南,https://ke-image.ljcdn.com/110000-inspection/7bbab8f7-a46f-49d5-b6d2-0b5dcdb1570b_1000.jpg!m_fill,w_280,h_210,f_jpg?from=ke.com
20230702,丰台,丽泽,101118844487,玉璞家园 南向两居室 视野好 采光好,500万,79656元/平,中楼层 (共22层) | 2016年建 | 2室1厅 | 62.77平米 | 南 北,https://ke-image.ljcdn.com/110000-inspection/1f605bb4-5658-4ca9-9b3d-29756b8e8fd6_1000.jpg!m_fill,w_280,h_210,f_jpg?from=ke.com
20230702,丰台,丽泽,101118841268,全明格局无遮挡明厨明卫居住舒适双地铁有公园,590万,64348元/平,中楼层 (共28层) | 2003年建 | 2室1厅 | 91.69平米 | 南 北,https://ke-image.ljcdn.com/110000-inspection/794ab84d-a473-4907-a51b-e13156dce0ad_1000.jpg!m_fill,w_280,h_210,f_jpg?from=ke.com
20230702,丰台,丽泽,101118815783,玉璞家园 1室1厅 南 北,420万,76924元/平,顶层 (共22层) 1室1厅 | 54.6平米 | 南 北,https://ke-image.ljcdn.com/110000-inspection/21a05b0d-6872-49f8-910a-e9d99b9abae8_1000.jpg!m_fill,w_280,h_210,f_jpg?from=ke.com
20230702,丰台,丽泽,101118799226,西南三环旁 板楼带电梯 精装修婚房 双地铁 阳光充足,449万,74996元/平,低楼层 (共9层) 1室1厅 | 59.87平米 | 南,https://ke-image.ljcdn.com/110000-inspection/21f98c36-5912-4867-8a3b-49985e44fcf3_1000.jpg!m_fill,w_280,h_210,f_jpg?from=ke.com
20230702,丰台,丽泽,101118780992,南北通透两居精装修满五年唯一 中间楼层,630万,70266元/平,中楼层 (共9层) | 2001年建 | 2室1厅 | 89.66平米 | 南 北,https://ke-image.ljcdn.com/110000-inspection/6505578f-1a17-43da-b79b-358d2e238065_1000.jpg!m_fill,w_280,h_210,f_jpg?from=ke.com
20230702,丰台,丽泽,101118774584,前泥洼小区 全南一居室 有钥匙 看房随时,295万,61923元/平,中楼层 (共6层) 1室1厅 | 47.64平米 | 南,https://ke-image.ljcdn.com/110000-inspection/1e8699e9-4629-41ff-af04-076f11e9761f_1000.jpg!m_fill,w_280,h_210,f_jpg?from=ke.com
20230702,丰台,丽泽,101118773753,前泥洼小区 电梯房两居室 满五唯一,510万,79700元/平,高楼层 (共12层) 2室1厅 | 63.99平米 | 西南,https://ke-image.ljcdn.com/110000-inspection/29aea752-3d49-4c1a-a1aa-0dbca4a42e7e_1000.jpg!m_fill,w_280,h_210,f_jpg?from=ke.com
20230702,丰台,丽泽,101118752528,丽泽商务区  保利百合精装婚房 人车分流社区 店长主推房主自荐,798万,103556元/平,低楼层 (共20层) | 2009年建 | 2室1厅 | 77.06平米 | 南,https://ke-image.ljcdn.com/110000-inspection/pc1_QfLXOBAIM.jpg!m_fill,w_280,h_210,f_jpg?from=ke.com
20230702,丰台,丽泽,101118738505,满五年唯一 板楼 南北通透两居室 全明格局无遮挡,685万,70963元/平,中楼层 (共12层) | 2003年建 | 2室2厅 | 96.53平米 | 南 北,https://ke-image.ljcdn.com/110000-inspection/pc1_XUuFz90wX_1.jpg!m_fill,w_280,h_210,f_jpg?from=ke.com
20230702,丰台,丽泽,101118734776,玉璞家园正规两居室诚意出售精装修房主自荐,520万,82422元/平,低楼层 (共29层) 2室1厅 | 63.09平米 | 南 北,https://ke-image.ljcdn.com/110000-inspection/pc1_XryG2J2R0.jpg!m_fill,w_280,h_210,f_jpg?from=ke.com
20230702,丰台,丽泽,101118726407,前泥洼精装两居满5年唯一地铁十号线泥洼站房主自荐,358万,58756元/平,顶层 (共6层) | 1994年建 | 2室1厅 | 60.93平米 | 南 北,https://ke-image.ljcdn.com/110000-inspection/b37b99c2-3c72-4b7a-86ae-f02a2e9cfd23_1000.jpg!m_fill,w_280,h_210,f_jpg?from=ke.com
20230702,丰台,丽泽,101118724499,丰益花园东区 东南两居 正对公园 采光充足,655万,67771元/平,低楼层 (共28层) | 2003年建 | 2室2厅 | 96.65平米 | 东南,https://ke-image.ljcdn.com/110000-inspection/840d9ecb-d429-4ea1-aafa-dc70b619d39b_1000.jpg!m_fill,w_280,h_210,f_jpg?from=ke.com
20230702,丰台,丽泽,101118717869,前泥洼小区  南北通透两居室 前后无遮挡,385万,68130元/平,底层 (共6层) 2室1厅 | 56.51平米 | 南 北,https://ke-image.ljcdn.com/110000-inspection/c6780688-3b7f-410e-be21-9cb4a3db8d74_1000.jpg!m_fill,w_280,h_210,f_jpg?from=ke.com
20230702,丰台,丽泽,101118714311,2016年次新房  玉璞家园  满5年唯一商品房,520万,82685元/平,高楼层 (共22层) 2室1厅 | 62.89平米 | 南,https://ke-image.ljcdn.com/110000-inspection/pc1_cCdZk86PO_1.jpg!m_fill,w_280,h_210,f_jpg?from=ke.com
20230702,丰台,丽泽,101118704234,西三环丽泽六里桥保利百合花园小区朝南向大两居诚心卖,890万,96572元/平,低楼层 (共21层) | 2009年建 | 2室1厅 | 92.16平米 | 南,https://ke-image.ljcdn.com/110000-inspection/pc1_kwu8hNtxJ_1.jpg!m_fill,w_280,h_210,f_jpg?from=ke.com
20230702,丰台,丽泽,101118704192,西三环丽泽六里桥保利百合全明格局南北通透诚心出售,1040万,112823元/平,低楼层 (共21层) | 2009年建 | 2室2厅 | 92.18平米 | 南 北,https://ke-image.ljcdn.com/110000-inspection/pc1_CapntXZWB_1.jpg!m_fill,w_280,h_210,f_jpg?from=ke.com
20230702,丰台,丽泽,101118678371,全明格局无遮挡居住舒适 有公园明厨明卫,610万,66551元/平,中楼层 (共28层) | 2003年建 | 2室1厅 | 91.66平米 | 南 北,https://ke-image.ljcdn.com/110000-inspection/6548cad7-e1a9-4774-8eaf-49a12a745627_1000.jpg!m_fill,w_280,h_210,f_jpg?from=ke.com
20230702,丰台,丽泽,101118643490,西南三环边 丽泽商务区 大客厅 电梯房 10号线泥洼站,420万,70352元/平,中楼层 (共12层) | 1994年建 | 2室1厅 | 59.7平米 | 东南 北,https://ke-image.ljcdn.com/110000-inspection/9568e7f5-e6d1-453d-859a-68094ee8d4cc_1000.jpg!m_fill,w_280,h_210,f_jpg?from=ke.com
20230702,丰台,丽泽,101118635792,前泥洼两居室地铁十号线泥洼站,323万,53204元/平,顶层 (共6层) | 1993年建 | 2室1厅 | 60.71平米 | 东 西,https://ke-image.ljcdn.com/110000-inspection/be2374c9-0c6e-442b-ab69-619027733074_1000.jpg!m_fill,w_280,h_210,f_jpg?from=ke.com
20230702,丰台,丽泽,101118614869,益丰苑小区大户型好住。舒适,910万,98656元/平,中楼层 (共13层) | 2010年建 | 2室1厅 | 92.24平米 | 东 南 北,https://ke-image.ljcdn.com/110000-inspection/pc1_eoDpy4MeT.jpg!m_fill,w_280,h_210,f_jpg?from=ke.com
20230702,丰台,丽泽,101118577609,六里桥  玉璞家园  2016年次新房  满5年唯一商品房,390万,71052元/平,低楼层 (共29层) 1室0厅 | 54.89平米 | 南,https://ke-image.ljcdn.com/110000-inspection/pc1_MRT3RzOKE.jpg!m_fill,w_280,h_210,f_jpg?from=ke.com
20230702,丰台,丽泽,101118535441,西南三环 丽泽商务区 前泥洼小区 10号线地铁泥洼站,372万,61255元/平,高楼层 (共6层) 2室1厅 | 60.73平米 | 南 北,https://ke-image.ljcdn.com/110000-inspection/78e53037-c6cb-4537-9c37-de94ffb1a9db_1000.jpg!m_fill,w_280,h_210,f_jpg?from=ke.com
20230702,丰台,丽泽,101118518821,2016年次新房 满5年唯一住房 小区物业管理好,380万,69104元/平,高楼层 (共29层) 1室0厅 | 54.99平米 | 南,https://ke-image.ljcdn.com/110000-inspection/pc1_eVtjUzqb0.jpg!m_fill,w_280,h_210,f_jpg?from=ke.com
20230702,丰台,丽泽,101118466855,玉璞家园南向一居室！次新小区！交通便利！,398万,72615元/平,低楼层 (共29层) 1室1厅 | 54.81平米 | 南,https://ke-image.ljcdn.com/110000-inspection/pc1_VTq5QgEe3_1.jpg!m_fill,w_280,h_210,f_jpg?from=ke.com
20230702,丰台,丽泽,101118429559,玉璞家园 1室1厅 南房主自荐,410万,74695元/平,低楼层 (共29层) 1室1厅 | 54.89平米 | 南,https://ke-image.ljcdn.com/110000-inspection/d823e507-31ae-4535-b69b-d3bebcc48508_1000.jpg!m_fill,w_280,h_210,f_jpg?from=ke.com
20230702,丰台,丽泽,101118428089,西南三环 丽泽商务区 近地铁10号线泥洼站 刚需两居室,359万,58766元/平,高楼层 (共6层) 2室1厅 | 61.09平米 | 东 西,https://ke-image.ljcdn.com/110000-inspection/1dc901d3-a1be-4c89-b419-f4eb536abbb6_1000.jpg!m_fill,w_280,h_210,f_jpg?from=ke.com
20230702,丰台,丽泽,101118406201,西南三环 丽泽商务区 丰益花园东区 精装修 南北两居,659万,70452元/平,低楼层 (共9层) | 2003年建 | 2室2厅 | 93.54平米 | 南 北,https://ke-image.ljcdn.com/110000-inspection/3496f17f-e2e4-41dc-ae96-d30240e994d6_1000.jpg!m_fill,w_280,h_210,f_jpg?from=ke.com
20230702,丰台,丽泽,101118392394,益丰苑 南北通透 户型方正 居住舒适度高  出行便利,1410万,104615元/平,中楼层 (共17层) | 2010年建 | 3室1厅 | 134.78平米 | 南 北,https://ke-image.ljcdn.com/110000-inspection/pc1_rHYc4wVSP.jpg!m_fill,w_280,h_210,f_jpg?from=ke.com
20230702,丰台,丽泽,101118387923,六里桥  2016年次新房  玉璞家园   随时可以看房,330万,61984元/平,中楼层 (共29层) 1室0厅 | 53.24平米 | 南,https://ke-image.ljcdn.com/110000-inspection/pc1_89x8dkPTr.jpg!m_fill,w_280,h_210,f_jpg?from=ke.com
20230702,丰台,丽泽,101118387353,六里桥保利百合 小区中间南北通透三居,1650万,111986元/平,底层 (共11层) | 2009年建 | 3室2厅 | 147.34平米 | 南 北,https://ke-image.ljcdn.com/110000-inspection/pc1_bN0VyU9mN.jpg!m_fill,w_280,h_210,f_jpg?from=ke.com
20230702,丰台,丽泽,101118381182,六里桥  玉璞家园  满5年唯一的商品房 诚心出售,350万,64103元/平,高楼层 (共22层) 1室0厅 | 54.6平米 | 南,https://ke-image.ljcdn.com/110000-inspection/pc1_uALYv1b1l.jpg!m_fill,w_280,h_210,f_jpg?from=ke.com
20230702,丰台,丽泽,101118365037,玉璞家园  诚意出售  方便看房  有钥匙,400万,73261元/平,高楼层 (共22层) 2室1厅 | 54.6平米 | 南,https://ke-image.ljcdn.com/110000-inspection/pc1_91Inwy8sx.jpg!m_fill,w_280,h_210,f_jpg?from=ke.com
20230702,丰台,丽泽,101118356571,六里桥  玉璞家园  满5年唯一住房,462万,73229元/平,底层 (共29层) 2室1厅 | 63.09平米 | 南 北,https://ke-image.ljcdn.com/110000-inspection/pc1_77k9XKKOo.jpg!m_fill,w_280,h_210,f_jpg?from=ke.com
20230702,丰台,丽泽,101118353134,西南三环 丽泽商务区 精装修 南向一居 双地铁,289万,65682元/平,顶层 (共6层) | 1993年建 | 1室1厅 | 44平米 | 南,https://ke-image.ljcdn.com/110000-inspection/pc1_ddQQyp5TW_1.jpg!m_fill,w_280,h_210,f_jpg?from=ke.com
20230702,丰台,丽泽,101118352985,丰管路1号院 西南三居 满五年唯一 户型方正,936万,64776元/平,中楼层 (共28层) | 2003年建 | 3室2厅 | 144.5平米 | 西南,https://ke-image.ljcdn.com/110000-inspection/f277d1dc-b38d-434e-8ca8-b27a39af185c_1000.jpg!m_fill,w_280,h_210,f_jpg?from=ke.com
20230702,丰台,丽泽,101118341921,丽泽商务区满五年唯一全明格局,589万,62447元/平,高楼层 (共9层) 2室1厅 | 94.32平米 | 东,https://ke-image.ljcdn.com/110000-inspection/6620a885-e823-4f55-a9a3-109b2f1b3595_1000.jpg!m_fill,w_280,h_210,f_jpg?from=ke.com
20230702,丰台,丽泽,101118332037,前泥洼小区 中间楼层 南北通透两居室,410万,69106元/平,中楼层 (共6层) 2室1厅 | 59.33平米 | 南 北,https://ke-image.ljcdn.com/110000-inspection/d36d0452-8696-494f-9779-9258f3222b39_1000.jpg!m_fill,w_280,h_210,f_jpg?from=ke.com
20230702,丰台,丽泽,101118320198,此房满五唯一居住舒适小区安静户型方正,645万,71939元/平,高楼层 (共9层) 2室1厅 | 89.66平米 | 南 北,https://ke-image.ljcdn.com/110000-inspection/47809f93-db31-48dc-a8a9-4c9a0a29b94d_1000.jpg!m_fill,w_280,h_210,f_jpg?from=ke.com
20230702,丰台,丽泽,101118303437,2016年次新房   玉璞家园   满5年唯一 商品房,390万,73516元/平,低楼层 (共29层) 1室0厅 | 53.05平米 | 西,https://ke-image.ljcdn.com/110000-inspection/pc1_Cch4WqLS7.jpg!m_fill,w_280,h_210,f_jpg?from=ke.com
20230702,丰台,丽泽,101118269363,满五年三居室中间楼层 不临街,710万,63723元/平,中楼层 (共25层) | 2001年建 | 3室1厅 | 111.42平米 | 东南 北,https://ke-image.ljcdn.com/110000-inspection/pc1_L8WPFwKm5.jpg!m_fill,w_280,h_210,f_jpg?from=ke.com
20230702,丰台,丽泽,101118231868,前泥洼三区 南栋户型 视野开阔 近地铁 南北通透格局好,708万,71307元/平,低楼层 (共6层) | 2006年建 | 2室1厅 | 99.29平米 | 南 北,https://ke-image.ljcdn.com/110000-inspection/6598f46a-e33f-4603-adb3-cc1123964e36_1000.jpg!m_fill,w_280,h_210,f_jpg?from=ke.com
20230702,丰台,丽泽,101118218138,南北通透楼龄新 看房方便  诚心出售,416万,66274元/平,低楼层 (共22层) 2室1厅 | 62.77平米 | 南 北,https://ke-image.ljcdn.com/110000-inspection/07231fa0-4f7e-4d42-a490-3fba6aac5c94_1000.jpg!m_fill,w_280,h_210,f_jpg?from=ke.com
20230702,丰台,丽泽,101118193052,满五年高楼层南北通透采光好。,375万,61365元/平,顶层 (共6层) | 1998年建 | 2室1厅 | 61.11平米 | 南 北,https://ke-image.ljcdn.com/110000-inspection/d6cf03d8-9340-4b15-942d-5059248b2359_1000.jpg!m_fill,w_280,h_210,f_jpg?from=ke.com
20230702,丰台,丽泽,101118159538,丽泽景园南向一居室户型方正格局合理,505万,79154元/平,低楼层 (共16层) | 2013年建 | 1室1厅 | 63.8平米 | 南,https://ke-image.ljcdn.com/110000-inspection/812a89b1-990e-49fe-898d-1de210e7b7e8_1000.jpg!m_fill,w_280,h_210,f_jpg?from=ke.com
20230702,丰台,丽泽,101118136976,店长推荐丽泽商务区满五唯一商品房,648万,75543元/平,中楼层 (共22层) 2室1厅 | 85.78平米 | 西 南,https://ke-image.ljcdn.com/110000-inspection/8135187f-ef4a-4d3d-a3bb-8775c31338e5_1000.jpg!m_fill,w_280,h_210,f_jpg?from=ke.com
20230702,丰台,丽泽,101118093626,丰益花园东区 高层观景房 全明格局,610万,66536元/平,高楼层 (共28层) 2室1厅 | 91.68平米 | 北 南,https://ke-image.ljcdn.com/110000-inspection/7c160b05-f8b4-4211-9bd5-63563215e1f6_1000.jpg!m_fill,w_280,h_210,f_jpg?from=ke.com
20230702,丰台,丽泽,101118091717,保利百合 全南精装二居  高楼层视野开阔,776万,96123元/平,高楼层 (共20层) 2室2厅 | 80.73平米 | 南,https://ke-image.ljcdn.com/110000-inspection/pc1_zrmuxC5UZ.jpg!m_fill,w_280,h_210,f_jpg?from=ke.com
20230702,丰台,丽泽,101118072900,玉璞家园 南向一居室 高层视野好,410万,75092元/平,高楼层 (共22层) 1室0厅 | 54.6平米 | 南,https://ke-image.ljcdn.com/110000-inspection/pc1_xuYtDuZ9v.jpg!m_fill,w_280,h_210,f_jpg?from=ke.com
20230702,丰台,丽泽,101118056667,盛鑫嘉园小两居格局合理户型方正,620万,72363元/平,高楼层 (共22层) | 2002年建 | 2室2厅 | 85.68平米 | 西南,https://ke-image.ljcdn.com/110000-inspection/5afea058-e00c-40f7-be33-70f3ce0b2a9e_1000.jpg!m_fill,w_280,h_210,f_jpg?from=ke.com
20230702,丰台,丽泽,101118023882,盛鑫嘉园  2002年商品房小区 满五年唯一商品房,635万,74113元/平,中楼层 (共22层) | 2002年建 | 2室1厅 | 85.68平米 | 西南,https://ke-image.ljcdn.com/110000-inspection/4e09b7b9-3e67-4dc5-88b6-539c60f74502_1000.jpg!m_fill,w_280,h_210,f_jpg?from=ke.com
20230702,丰台,丽泽,101118018536,丰益花园板楼带电梯地铁十号线泥洼站,1085万,65354元/平,中楼层 (共14层) | 2003年建 | 3室2厅 | 166.02平米 | 南 北,https://ke-image.ljcdn.com/110000-inspection/1911a37e-1757-41d0-a03e-19f76600aad9_1000.jpg!m_fill,w_280,h_210,f_jpg?from=ke.com
20230702,丰台,丽泽,101117928393,丰益花园西区 高楼层三居室 满五唯一 看房方便,780万,70006元/平,高楼层 (共25层) | 2001年建 | 3室1厅 | 111.42平米 | 西北,https://ke-image.ljcdn.com/110000-inspection/3aa8bebe-26ce-4294-89af-ef33aa481dd5_1000.jpg!m_fill,w_280,h_210,f_jpg?from=ke.com
20230702,丰台,丽泽,101117884196,景园南北通透三居室边户明卫全明格局,1040万,82856元/平,中楼层 (共27层) 3室2厅 | 125.52平米 | 北 南,https://ke-image.ljcdn.com/110000-inspection/94455a84-2821-44c3-9936-36edc58c04b9_1000.jpg!m_fill,w_280,h_210,f_jpg?from=ke.com
20230702,丰台,丽泽,101117879955,前泥洼小区 南北通透两居室 前后无遮挡 采光好,469万,63975元/平,高楼层 (共6层) 2室1厅 | 73.31平米 | 南 北,https://ke-image.ljcdn.com/110000-inspection/86dcec5a-f3bb-4500-ad78-f316b3687c74_1000.jpg!m_fill,w_280,h_210,f_jpg?from=ke.com
20230702,丰台,丽泽,101117816609,前泥洼小区 2室1厅 满五唯一 双地铁,325万,54622元/平,顶层 (共6层) 2室1厅 | 59.5平米 | 东 西,https://ke-image.ljcdn.com/110000-inspection/pc1_xZ0vacBu6.jpg!m_fill,w_280,h_210,f_jpg?from=ke.com
20230702,丰台,丽泽,101117774014,玉璞家园 南向两居室 高楼层视野好采光好房主自荐,440万,69964元/平,高楼层 (共22层) 2室1厅 | 62.89平米 | 南 北,https://ke-image.ljcdn.com/110000-inspection/pc1_NVw3r9TSb.jpg!m_fill,w_280,h_210,f_jpg?from=ke.com
20230702,丰台,丽泽,101117767772,丰益花园东区 南北通透两居室 低楼层 不临街,660万,68338元/平,低楼层 (共12层) | 2003年建 | 2室1厅 | 96.58平米 | 南 北,https://ke-image.ljcdn.com/110000-inspection/896d9c69-73dd-47fb-b3d5-5c176df50535_1000.jpg!m_fill,w_280,h_210,f_jpg?from=ke.com
20230702,丰台,丽泽,101117739358,前泥洼中间层 南北通透大两居 精装修 拎包入住,588万,66728元/平,中楼层 (共6层) 2室1厅 | 88.12平米 | 南 北,https://ke-image.ljcdn.com/110000-inspection/cd1848fd-a099-497f-8ae2-d10d7b2a2762_1000.jpg!m_fill,w_280,h_210,f_jpg?from=ke.com
20230702,丰台,丽泽,101117726066,丽泽商圈 保利百合 南北通透格局好 户型方正 店长主推,1080万,117201元/平,中楼层 (共20层) 2室2厅 | 92.15平米 | 南 北,https://ke-image.ljcdn.com/110000-inspection/e9cc8980-ff01-45ee-a17a-e4b8a20e3b00_1000.jpg!m_fill,w_280,h_210,f_jpg?from=ke.com
20230702,丰台,丽泽,101117700606,丰益花园东区 高楼层 大两居 无遮挡,599万,61977元/平,高楼层 (共28层) | 2003年建 | 2室2厅 | 96.65平米 | 西南,https://ke-image.ljcdn.com/110000-inspection/15a08694-c6a0-4bf4-bd5a-8921cb56cb0f_1000.jpg!m_fill,w_280,h_210,f_jpg?from=ke.com
20230702,丰台,丽泽,101117699344,玉璞家园经典大一居 满五唯一 看房随时,335万,61032元/平,低楼层 (共29层) 1室1厅 | 54.89平米 | 南,https://ke-image.ljcdn.com/110000-inspection/pc1_mv829zlUU.jpg!m_fill,w_280,h_210,f_jpg?from=ke.com
20230702,丰台,丽泽,101117698597,前泥洼小区 东西通透两居室 中间楼层,375万,61265元/平,中楼层 (共6层) | 1993年建 | 2室1厅 | 61.21平米 | 东 西,https://ke-image.ljcdn.com/110000-inspection/f0c8f5b0-2c14-4c41-8403-111ef769ae9f_1000.jpg!m_fill,w_280,h_210,f_jpg?from=ke.com
20230702,丰台,丽泽,101117680564,丰益花园东区 南北通透 有电梯,746万,69075元/平,中楼层 (共9层) | 2003年建 | 3室1厅 | 108平米 | 南 北,https://ke-image.ljcdn.com/110000-inspection/ff6b3a17-058b-46d7-87bf-4ea2d3945909_1000.jpg!m_fill,w_280,h_210,f_jpg?from=ke.com
20230702,丰台,丽泽,101117654818,明厨卧室朝南有电梯2室1厅1卫,560万,72240元/平,顶层 (共25层) | 2001年建 | 2室1厅 | 77.52平米 | 西南,https://ke-image.ljcdn.com/110000-inspection/4c9d8467-4472-40e9-a47f-7951a19c9400_1000.jpg!m_fill,w_280,h_210,f_jpg?from=ke.com
20230702,丰台,丽泽,101117654493,三环边2016年新楼房总价300万,318万,56484元/平,高楼层 (共22层) 1室1厅 | 56.3平米 | 南,https://ke-image.ljcdn.com/110000-inspection/pc1_Q2KwfuEeO.jpg!m_fill,w_280,h_210,f_jpg?from=ke.com
20230702,丰台,丽泽,101117648015,玉璞家园  一居室  满5年唯一住房,310万,56777元/平,高楼层 (共22层) 1室0厅 | 54.6平米 | 南,https://ke-image.ljcdn.com/110000-inspection/pc1_jJFc9sF3s.jpg!m_fill,w_280,h_210,f_jpg?from=ke.com
20230702,丰台,丽泽,101117644518,玉璞家园高楼层大一居 视野好 无遮挡,335万,60899元/平,高楼层 (共29层) | 2016年建 | 1室0厅 | 55.01平米 | 南,https://ke-image.ljcdn.com/110000-inspection/pc1_OBhUNlN14.jpg!m_fill,w_280,h_210,f_jpg?from=ke.com
20230702,丰台,丽泽,101117636705,丰益花园南北通透两居 板楼 满五 在京一套,645万,66447元/平,低楼层 (共9层) 2室2厅 | 97.07平米 | 南 北,https://ke-image.ljcdn.com/110000-inspection/1ffaf28d-2769-4993-9bed-4f16b1cb8763_1000.jpg!m_fill,w_280,h_210,f_jpg?from=ke.com
20230702,丰台,丽泽,101117614810,前泥洼一居室不临街楼层好,283万,59630元/平,低楼层 (共6层) | 1994年建 | 1室1厅 | 47.46平米 | 东,https://ke-image.ljcdn.com/110000-inspection/pc1_k7j28QvCu.jpg!m_fill,w_280,h_210,f_jpg?from=ke.com
20230702,丰台,丽泽,101117565318,玉璞家园 南向一居 高层 视野好采光好,420万,76924元/平,高楼层 (共22层) | 2016年建 | 1室1厅 | 54.6平米 | 南,https://ke-image.ljcdn.com/110000-inspection/pc1_4lcnvw5Di.jpg!m_fill,w_280,h_210,f_jpg?from=ke.com
20230702,丰台,丽泽,101117551983,丰益花园西区 满五年唯一 全明格局户型 经典小三居房主自荐,726万,64862元/平,低楼层 (共12层) 3室1厅 | 111.93平米 | 南 北,https://ke-image.ljcdn.com/110000-inspection/868bed45-0fad-41ec-a0c2-f797a8c18e9f_1000.jpg!m_fill,w_280,h_210,f_jpg?from=ke.com
20230702,丰台,丽泽,101117513120,丰益花园东区 双卫三居室 临近地铁 双公园,810万,63830元/平,低楼层 (共28层) | 2003年建 | 3室1厅 | 126.9平米 | 西南,https://ke-image.ljcdn.com/110000-inspection/597b863b-85f1-48e0-95a4-f42389b01aeb_1000.jpg!m_fill,w_280,h_210,f_jpg?from=ke.com
20230702,丰台,丽泽,101117512175,西三环丽泽商务区 板楼南向正规一居室 交通便利房主自荐,279万,63991元/平,底层 (共6层) 1室1厅 | 43.6平米 | 南,https://ke-image.ljcdn.com/110000-inspection/dbd1af56-f304-4d50-920c-06a63a4c76a0_1000.jpg!m_fill,w_280,h_210,f_jpg?from=ke.com
20230702,丰台,丽泽,101117482809,保利百合花园  全明格局 小两居,850万,103684元/平,低楼层 (共21层) 2室1厅 | 81.98平米 | 东南 北,https://ke-image.ljcdn.com/110000-inspection/pc1_vDIGTODqu.jpg!m_fill,w_280,h_210,f_jpg?from=ke.com
20230702,丰台,丽泽,101117482231,玉璞家园  满5年唯一商品房    换房急售   价格可谈,355万,65888元/平,低楼层 (共29层) 1室1厅 | 53.88平米 | 南,https://ke-image.ljcdn.com/110000-inspection/pc1_C4Q3OEoco.jpg!m_fill,w_280,h_210,f_jpg?from=ke.com
20230702,丰台,丽泽,101117475825,前泥洼小区 正规一居室 中间楼层,283万,65343元/平,中楼层 (共6层) | 1993年建 | 1室1厅 | 43.31平米 | 东,https://ke-image.ljcdn.com/110000-inspection/45d9d11b-57dc-4374-83ab-29c4e56dd175_1000.jpg!m_fill,w_280,h_210,f_jpg?from=ke.com
20230702,丰台,丽泽,101117426238,丰益花园东区  丽泽商务区  满五年唯一住房  看房方便,630万,65177元/平,中楼层 (共28层) | 2003年建 | 2室1厅 | 96.66平米 | 西南,https://ke-image.ljcdn.com/110000-inspection/63abb5f3-4473-408e-bea0-5e455f6c3478_1000.jpg!m_fill,w_280,h_210,f_jpg?from=ke.com
20230702,丰台,丽泽,101117420987,盛鑫嘉园 3室1厅 西南,760万,74089元/平,低楼层 (共22层) 3室1厅 | 102.58平米 | 西南,https://ke-image.ljcdn.com/110000-inspection/c486d8d1-0e25-4370-a660-30568243aa78_1000.jpg!m_fill,w_280,h_210,f_jpg?from=ke.com
20230702,丰台,丽泽,101117416153,玉璞家园   南向   诚心卖   看房方便,380万,69828元/平,低楼层 (共22层) 1室0厅 | 54.42平米 | 南,https://ke-image.ljcdn.com/110000-inspection/pc1_24gsAtCv5.jpg!m_fill,w_280,h_210,f_jpg?from=ke.com
20230702,丰台,丽泽,101117415419,丽泽商务区满五年唯一商品房南北通透。,348万,57702元/平,顶层 (共6层) | 1999年建 | 2室1厅 | 60.31平米 | 南 北,https://ke-image.ljcdn.com/110000-inspection/8ee5ece2-83d3-410a-918a-aaf587adfaeb_1000.jpg!m_fill,w_280,h_210,f_jpg?from=ke.com
20230702,丰台,丽泽,101117388772,丰管路1号院 西南三居 满五年唯一 户型方正,950万,65631元/平,中楼层 (共28层) 3室2厅 | 144.75平米 | 西南,https://ke-image.ljcdn.com/110000-inspection/b9302a8b-b3e9-43ea-a481-9d457ffbb7f2_1000.jpg!m_fill,w_280,h_210,f_jpg?from=ke.com
20230702,丰台,丽泽,101117385229,丽泽景园 南北两居 地铁西局站,720万,79121元/平,高楼层 (共27层) 2室1厅 | 91平米 | 南 北,https://ke-image.ljcdn.com/110000-inspection/pc1_P6pQYynZn_1.jpg!m_fill,w_280,h_210,f_jpg?from=ke.com
20230702,丰台,丽泽,101117293492,玉璞家园  南北通透2居室  看房方便,420万,66572元/平,底层 (共29层) 2室1厅 | 63.09平米 | 南 北,https://ke-image.ljcdn.com/110000-inspection/pc1_fGfGcbaCS.jpg!m_fill,w_280,h_210,f_jpg?from=ke.com
20230702,丰台,丽泽,101117289969,玉璞家园   两居室    南北通透   诚心卖   看房随时,470万,74734元/平,高楼层 (共22层) 2室1厅 | 62.89平米 | 南 北,https://ke-image.ljcdn.com/110000-inspection/pc1_duPj8eMUb.jpg!m_fill,w_280,h_210,f_jpg?from=ke.com
20230702,丰台,丽泽,101117246779,六里桥保利百合 东南北三居临地铁看花园,1020万,114620元/平,高楼层 (共20层) 3室1厅 | 88.99平米 | 东 南 北,https://ke-image.ljcdn.com/110000-inspection/pc1_kUbuoo9Tl.jpg!m_fill,w_280,h_210,f_jpg?from=ke.com
20230702,丰台,丽泽,101117201441,商品房满五年唯一中间楼层采光好。,553万,72383元/平,高楼层 (共25层) 2室1厅 | 76.4平米 | 南,https://ke-image.ljcdn.com/110000-inspection/e2668a68-cf9f-44ce-96da-3aeb1b514dd3_1000.jpg!m_fill,w_280,h_210,f_jpg?from=ke.com
20230702,丰台,丽泽,101117188280,玉璞家园   南北通透  两居室  看房方便  诚心出售,490万,77667元/平,低楼层 (共29层) 2室1厅 | 63.09平米 | 南 北,https://ke-image.ljcdn.com/110000-inspection/pc1_lu0mOZFeZ.jpg!m_fill,w_280,h_210,f_jpg?from=ke.com
20230702,丰台,丽泽,101117183387,此房满五唯一商品房只有契税楼下公园无遮挡。房主自荐,598万,61873元/平,低楼层 (共28层) | 2000年建 | 2室1厅 | 96.65平米 | 东南,https://ke-image.ljcdn.com/110000-inspection/77c9fe67-799f-4425-8e02-c9bc02390ba0_1000.jpg!m_fill,w_280,h_210,f_jpg?from=ke.com
20230702,丰台,丽泽,101117180719,丰益花园东区 2室1厅 南 北,610万,66406元/平,中楼层 (共28层) 2室1厅 | 91.86平米 | 南 北,https://ke-image.ljcdn.com/110000-inspection/21ee06ea-9a57-4e6f-af06-e02588cf7423_1000.jpg!m_fill,w_280,h_210,f_jpg?from=ke.com
20230702,丰台,丽泽,101117180722,丽泽桥  丰益花园西区温馨三居  业主诚心出售房主自荐,659万,59146元/平,低楼层 (共25层) | 2001年建 | 3室1厅 | 111.42平米 | 东南 北,https://ke-image.ljcdn.com/110000-inspection/pc1_gVwCLi20e.jpg!m_fill,w_280,h_210,f_jpg?from=ke.com
20230702,丰台,丽泽,101117179006,玉璞家园    两居室   业主诚心卖  看房方便,450万,71554元/平,中楼层 (共22层) 2室1厅 | 62.89平米 | 南 北,https://ke-image.ljcdn.com/110000-inspection/pc1_SzZxnnlJs.jpg!m_fill,w_280,h_210,f_jpg?from=ke.com
20230702,丰台,丽泽,101117167316,玉璞家园  业主诚心卖  看房方便  价格可谈,420万,76378元/平,中楼层 (共29层) | 2016年建 | 1室0厅 | 54.99平米 | 南,https://ke-image.ljcdn.com/110000-inspection/pc1_W3zOpYVr4_1.jpg!m_fill,w_280,h_210,f_jpg?from=ke.com
20230702,丰台,丽泽,101117111754,丰管路甲52号院 南北通透四居室  9、10号线地铁,895万,64659元/平,顶层 (共5层) | 2013年建 | 4室2厅 | 138.42平米 | 南 北,https://ke-image.ljcdn.com/110000-inspection/62afaf4d-12dc-41d3-88fe-d7c7622ef97c_1000.jpg!m_fill,w_280,h_210,f_jpg?from=ke.com
20230702,丰台,丽泽,101117078459,玉璞家园 2室1厅 南 北,450万,70105元/平,底层 (共22层) 2室1厅 | 64.19平米 | 南 北,https://ke-image.ljcdn.com/110000-inspection/pc1_FIz6KpNYs.jpg!m_fill,w_280,h_210,f_jpg?from=ke.com
20230702,丰台,丽泽,101117049926,丽泽景园  *益泽路1号院”  高楼层 无遮挡 交通方便,650万,82572元/平,高楼层 (共27层) | 2013年建 | 2室1厅 | 78.72平米 | 南,https://ke-image.ljcdn.com/110000-inspection/0c0b2597-5573-4c1e-a5c1-432952958f16_1000.jpg!m_fill,w_280,h_210,f_jpg?from=ke.com
20230702,丰台,丽泽,101117048209,丰益花园东区 丽泽商务区 满五年唯一 有钥匙随时看房,820万,64725元/平,高楼层 (共28层) 3室2厅 | 126.69平米 | 西南,https://ke-image.ljcdn.com/110000-inspection/786f45f1-4c8f-45a5-b8f1-0f779a4752c5_1000.jpg!m_fill,w_280,h_210,f_jpg?from=ke.com
20230702,丰台,丽泽,101117021158,西三环近地铁满五年唯一商品房,980万,62536元/平,中楼层 (共22层) | 2001年建 | 3室2厅 | 156.71平米 | 西南,https://ke-image.ljcdn.com/110000-inspection/pc1_W6gNRA8X9.jpg!m_fill,w_280,h_210,f_jpg?from=ke.com
20230702,丰台,丽泽,101117006962,丽泽商务区商品房正对公园诚心出售看房方便,650万,65863元/平,底层 (共25层) 3室1厅 | 98.69平米 | 东北,https://ke-image.ljcdn.com/110000-inspection/75937435-3a81-485a-af85-bcebf844c3b5_1000.jpg!m_fill,w_280,h_210,f_jpg?from=ke.com
20230702,丰台,丽泽,101116953006,丰益花园东区 3室2厅 东南,820万,64618元/平,中楼层 (共28层) | 2003年建 | 3室2厅 | 126.9平米 | 东南,https://ke-image.ljcdn.com/110000-inspection/pc1_mfWEnt7BH_1.jpg!m_fill,w_280,h_210,f_jpg?from=ke.com
20230702,丰台,丽泽,101116908167,前面是别墅急售 精装修好房 满五年唯一 产权清晰房主自荐,319万,58011元/平,中楼层 (共29层) 1室0厅 | 54.99平米 | 南,https://ke-image.ljcdn.com/110000-inspection/pc1_yb5cuKESH.jpg!m_fill,w_280,h_210,f_jpg?from=ke.com
20230702,丰台,丽泽,101116862741,南北通透户型好 满五年唯一 6层板楼带电梯房主自荐,720万,67460元/平,中楼层 (共6层) | 2006年建 | 2室2厅 | 106.73平米 | 南 北,https://ke-image.ljcdn.com/110000-inspection/pc1_SRx1g4sYV_1.jpg!m_fill,w_280,h_210,f_jpg?from=ke.com
20230702,丰台,丽泽,101116857243,丽泽景园 三居两卫 出门就是地铁站 小区车位充足,1088万,87229元/平,中楼层 (共27层) | 2012年建 | 3室2厅 | 124.73平米 | 南 北,https://ke-image.ljcdn.com/110000-inspection/pc1_F8RY2aYnb.jpg!m_fill,w_280,h_210,f_jpg?from=ke.com
20230702,丰台,丽泽,101116823005,西宸原著  南北通透4居3卫 龙湖物业 赏丽泽商务区景观,2800万,125499元/平,中楼层 (共21层) 4室2厅 | 223.11平米 | 南 北,https://ke-image.ljcdn.com/110000-inspection/pc1_Pd7lIVGdI.jpg!m_fill,w_280,h_210,f_jpg?from=ke.com
20230702,丰台,丽泽,101116785397,店长推荐 有车位 盛鑫嘉园全南向两居 户型方正 不临街,715万,72900元/平,中楼层 (共22层) | 2001年建 | 2室2厅 | 98.08平米 | 南,https://ke-image.ljcdn.com/110000-inspection/pc1_QlPcFS2lF.jpg!m_fill,w_280,h_210,f_jpg?from=ke.com
20230702,丰台,丽泽,101116729882,玉璞家园  业主诚心卖  看房方便,425万,77287元/平,高楼层 (共29层) 1室0厅 | 54.99平米 | 南,https://ke-image.ljcdn.com/110000-inspection/53cb8eb6-dd2e-48bf-a755-13ee1cb4acb9_1000.jpg!m_fill,w_280,h_210,f_jpg?from=ke.com
20230702,丰台,丽泽,101116725736,满五年 带电梯地铁十号线泥洼站,299万,59491元/平,中楼层 (共12层) | 1994年建 | 1室1厅 | 50.26平米 | 西南,https://ke-image.ljcdn.com/110000-inspection/eed5e826-5069-41ad-82b3-bdabcd235ee9_1000.jpg!m_fill,w_280,h_210,f_jpg?from=ke.com
20230702,丰台,丽泽,101116686817,丽泽商务区 前泥洼小区 楼龄新采光通风好 交通便利,589万,66841元/平,低楼层 (共6层) 2室1厅 | 88.12平米 | 南 北,https://ke-image.ljcdn.com/110000-inspection/ef32a235-00c8-4e68-b8e5-3a7d14dc2fa8_1000.jpg!m_fill,w_280,h_210,f_jpg?from=ke.com
20230702,丰台,丽泽,101116557465,保利百合花园  优质两居出售  看房方便,993万,115211元/平,低楼层 (共21层) 2室1厅 | 86.19平米 | 西 南 北,https://ke-image.ljcdn.com/110000-inspection/pc1_EWdidJeIk.jpg!m_fill,w_280,h_210,f_jpg?from=ke.com
20230702,丰台,丽泽,101116554420,商品房满五年户型方正。楼层好采光好。,373万,77146元/平,中楼层 (共22层) 1室1厅 | 48.35平米 | 南,https://ke-image.ljcdn.com/110000-inspection/pc1_NubfGNXki_1.jpg!m_fill,w_280,h_210,f_jpg?from=ke.com
20230702,丰台,丽泽,101116492227,六里桥地铁站保利百合花园小区中间位置南向两居室房主自荐,725万,95685元/平,低楼层 (共21层) | 2009年建 | 2室1厅 | 75.77平米 | 东南,https://ke-image.ljcdn.com/110000-inspection/pc1_VRhYi6erS.jpg!m_fill,w_280,h_210,f_jpg?from=ke.com
20230702,丰台,丽泽,101116462900,丰益花园东区 满五唯一 10号线泥洼站,915万,63213元/平,低楼层 (共28层) | 2003年建 | 3室2厅 | 144.75平米 | 西南,https://ke-image.ljcdn.com/110000-inspection/aa4fb7f6-2153-4f96-ac19-c726bc79a7b2_1000.jpg!m_fill,w_280,h_210,f_jpg?from=ke.com
20230702,丰台,丽泽,101116435874,保利百合花园南向两居室采光好视野好。房主自荐,958万,103714元/平,中楼层 (共21层) 2室1厅 | 92.37平米 | 南,https://ke-image.ljcdn.com/110000-inspection/b94e2ef2-5cf6-4e67-8957-3a4cd84419a6_1000.jpg!m_fill,w_280,h_210,f_jpg?from=ke.com
20230702,丰台,丽泽,101116341926,玉璞家园 南向一居室 楼龄新 诚意出售,398万,73028元/平,中楼层 (共22层) | 2016年建 | 1室1厅 | 54.5平米 | 南,https://ke-image.ljcdn.com/110000-inspection/pc1_95wK6Zu5n.jpg!m_fill,w_280,h_210,f_jpg?from=ke.com
20230702,丰台,丽泽,101116286795,丽泽 店长推荐 益丰苑小区 明厨明卫户型 随时签约,891万,96596元/平,中楼层 (共13层) | 2010年建 | 2室1厅 | 92.24平米 | 西南 北,https://ke-image.ljcdn.com/110000-inspection/pc1_TdOHRRa8c.jpg!m_fill,w_280,h_210,f_jpg?from=ke.com
20230702,丰台,丽泽,101116267322,诚意出售南北向楼龄比较新高楼层视野开阔,380万,69598元/平,高楼层 (共22层) | 2016年建 | 1室1厅 | 54.6平米 | 南 北,https://ke-image.ljcdn.com/110000-inspection/pc1_vqXqQ0gxP.jpg!m_fill,w_280,h_210,f_jpg?from=ke.com
20230702,丰台,丽泽,101116266044,丽泽景园 2室1厅 南,625万,79175元/平,低楼层 (共27层) 2室1厅 | 78.94平米 | 南,https://ke-image.ljcdn.com/110000-inspection/5e2b408f-f7bd-438a-a5d8-09bf58a918ea_1000.jpg!m_fill,w_280,h_210,f_jpg?from=ke.com
20230702,丰台,丽泽,101116226535,盛鑫嘉园 满五年唯一商品房 高楼层 视野好房主自荐,710万,69289元/平,高楼层 (共22层) | 2002年建 | 2室2厅 | 102.47平米 | 南,https://ke-image.ljcdn.com/110000-inspection/c4f97315-d788-4ac5-8328-55c9cff2a9bd_1000.jpg!m_fill,w_280,h_210,f_jpg?from=ke.com
20230702,丰台,丽泽,101116209585,保利百合 欧式园林 全南向二居 高楼层视野开阔,785万,98879元/平,高楼层 (共20层) | 2009年建 | 2室1厅 | 79.39平米 | 南,https://ke-image.ljcdn.com/110000-inspection/pc1_nd84sS8X8.jpg!m_fill,w_280,h_210,f_jpg?from=ke.com
20230702,丰台,丽泽,101116094222,三环边上南北两居室有电梯配套齐全,605万,67478元/平,低楼层 (共9层) | 2001年建 | 2室1厅 | 89.66平米 | 南 北,https://ke-image.ljcdn.com/110000-inspection/f4c1818a-9704-4a38-92a1-03a1917e4aae_1000.jpg!m_fill,w_280,h_210,f_jpg?from=ke.com
20230702,丰台,丽泽,101116065641,丽泽桥 盛鑫嘉园  温馨三居业主诚心出售,900万,65843元/平,中楼层 (共22层) | 2001年建 | 3室1厅 | 136.69平米 | 东南,https://ke-image.ljcdn.com/110000-inspection/288bfa58-0ebb-407a-a73e-987dee74fa9e_1000.jpg!m_fill,w_280,h_210,f_jpg?from=ke.com
20230702,丰台,丽泽,101115969503,保利百合花园《满五唯一》高楼层 采光视野很不错,790万,102306元/平,高楼层 (共20层) | 2010年建 | 2室1厅 | 77.22平米 | 南,https://ke-image.ljcdn.com/110000-inspection/pc1_rUhzD9t6I_1.jpg!m_fill,w_280,h_210,f_jpg?from=ke.com
20230702,丰台,丽泽,101115863918,东瑞丽景两居室高楼层采光好,609万,65246元/平,中楼层 (共16层) | 2007年建 | 2室1厅 | 93.34平米 | 东 西 北 南,https://ke-image.ljcdn.com/110000-inspection/8f4d3183-85e4-429d-87d8-d90ddd65b830_1000.jpg!m_fill,w_280,h_210,f_jpg?from=ke.com
20230702,丰台,丽泽,101115756402,前泥洼三区 经典两居室板楼出售,325万,54448元/平,顶层 (共6层) 2室1厅 | 59.69平米 | 南 北,https://ke-image.ljcdn.com/110000-inspection/pc1_KmrF5RDDz.jpg!m_fill,w_280,h_210,f_jpg?from=ke.com
20230702,丰台,丽泽,101115259975,西三环 丽泽商务区 南北板楼两居带电梯  满五唯一房主自荐,640万,65932元/平,顶层 (共9层) 2室2厅 | 97.07平米 | 南 北,https://ke-image.ljcdn.com/110000-inspection/28f2f0c3-b492-4cc8-9673-3cf0dcab094b_1000.jpg!m_fill,w_280,h_210,f_jpg?from=ke.com
20230702,丰台,丽泽,101115106890,保利百合 高楼层 南北通透2居 环境优美  六里桥地铁站,1000万,108097元/平,高楼层 (共21层) | 2010年建 | 2室1厅 | 92.51平米 | 南 北,https://ke-image.ljcdn.com/110000-inspection/pc1_aQeowFn1H_1.jpg!m_fill,w_280,h_210,f_jpg?from=ke.com
20230702,丰台,丽泽,101114948348,西宸原著 南北通透四居室精装修 诚心出售！,2800万,125996元/平,低楼层 (共21层) 4室2厅 | 222.23平米 | 南 北,https://ke-image.ljcdn.com/110000-inspection/pc1_rgsG7KfMB_1.jpg!m_fill,w_280,h_210,f_jpg?from=ke.com
20230702,丰台,丽泽,101114843992,丰益花园西区正规两居室带客厅,640万,64850元/平,底层 (共25层) | 2001年建 | 2室1厅 | 98.69平米 | 东北,https://ke-image.ljcdn.com/110000-inspection/7af44c44-c950-477c-913d-56dd425562b7_1000.jpg!m_fill,w_280,h_210,f_jpg?from=ke.com
20230702,丰台,丽泽,101114815032,丽泽商务区商品房南北东四居室满五年唯一,920万,54975元/平,高楼层 (共22层) | 2001年建 | 4室2厅 | 167.35平米 | 东南 北,https://ke-image.ljcdn.com/110000-inspection/e6388de8-63e8-42f0-b687-b038c50c49d6_1000.jpg!m_fill,w_280,h_210,f_jpg?from=ke.com
20230702,丰台,丽泽,101114695655,板楼南北通透四居室 满五唯一 精装修,850万,78233元/平,顶层 (共6层) 4室1厅 | 108.65平米 | 北 南,https://ke-image.ljcdn.com/110000-inspection/4a5bb95b-1cf9-4791-8b93-0cece46bd6fd_1000.jpg!m_fill,w_280,h_210,f_jpg?from=ke.com
20230702,丰台,丽泽,101114595307,保利百合 六百多万 南北通透 格局好一居业主诚售,600万,96619元/平,底层 (共20层) | 2009年建 | 1室1厅 | 62.1平米 | 南 北,https://ke-image.ljcdn.com/110000-inspection/pc1_kTxPvRO14.jpg!m_fill,w_280,h_210,f_jpg?from=ke.com
20230702,丰台,丽泽,101114593037,满五唯一的商品房户型方正无遮挡采光好,713万,69143元/平,中楼层 (共22层) | 2001年建 | 2室1厅 | 103.12平米 | 西南,https://ke-image.ljcdn.com/110000-inspection/4faf3ea9-0a7f-4348-998f-d62bfe17257c_1000.jpg!m_fill,w_280,h_210,f_jpg?from=ke.com
20230702,丰台,丽泽,101114532618,西三环丽泽六里桥地铁九号线十号线益丰苑满五唯一,915万,96013元/平,低楼层 (共17层) | 2010年建 | 2室2厅 | 95.3平米 | 南 北,https://ke-image.ljcdn.com/110000-inspection/pc1_OUuodTfPn.jpg!m_fill,w_280,h_210,f_jpg?from=ke.com
20230702,丰台,丽泽,101114521606,丽泽商务区 前泥洼小区 刚需改善两居 地铁泥洼站,359万,58546元/平,高楼层 (共6层) | 1995年建 | 2室1厅 | 61.32平米 | 东 西,https://ke-image.ljcdn.com/110000-inspection/5d17ca97-2718-4be3-a3d3-b02541b4fdd4_1000.jpg!m_fill,w_280,h_210,f_jpg?from=ke.com
20230702,丰台,丽泽,101114456521,前泥洼小区  南北通透两居室 客厅带窗户房主自荐,350万,58034元/平,顶层 (共6层) | 1999年建 | 2室1厅 | 60.31平米 | 南 北,https://ke-image.ljcdn.com/110000-inspection/50684215-b48a-4785-8850-d92cb8d919b7_1000.jpg!m_fill,w_280,h_210,f_jpg?from=ke.com
20230702,丰台,丽泽,101114235850,精装修5居大户型 商品房满五年唯一,728万,57468元/平,顶层 (共6层) | 1997年建 | 4室2厅 | 126.68平米 | 南 北,https://ke-image.ljcdn.com/110000-inspection/pc1_eOUTdxez4.jpg!m_fill,w_280,h_210,f_jpg?from=ke.com
20230702,丰台,丽泽,101113989154,盛鑫嘉园正规一居室明厨明卫。房主自荐,498万,73463元/平,低楼层 (共22层) | 2002年建 | 1室1厅 | 67.79平米 | 北,https://ke-image.ljcdn.com/110000-inspection/ae5455c6-e127-4926-a8c4-db8930d8fb3e_1000.jpg!m_fill,w_280,h_210,f_jpg?from=ke.com
20230702,丰台,丽泽,101113791204,前泥洼朝南一居 视野好 泥洼站 配套成熟 诚心出售房主自荐,290万,60874元/平,顶层 (共6层) | 1994年建 | 1室1厅 | 47.64平米 | 南,https://ke-image.ljcdn.com/110000-inspection/d04bd980-dc36-4f3e-9504-6e3b19a898a5_1000.jpg!m_fill,w_280,h_210,f_jpg?from=ke.com
20230702,丰台,丽泽,101113777206,保利百合花园    南向大两居   满5年唯一住房,940万,105122元/平,高楼层 (共21层) | 2010年建 | 2室1厅 | 89.42平米 | 南,https://ke-image.ljcdn.com/110000-inspection/pc1_Bu2HZLATX.jpg!m_fill,w_280,h_210,f_jpg?from=ke.com
20230702,丰台,丽泽,101113580678,西三环 板楼三居室 户型方正  10号线泥洼站,470万,62784元/平,底层 (共6层) | 1993年建 | 3室1厅 | 74.86平米 | 东 西,https://ke-image.ljcdn.com/110000-inspection/61f135c7-66e8-4707-b8b3-40832d0b68d2_1000.jpg!m_fill,w_280,h_210,f_jpg?from=ke.com
20230702,丰台,丽泽,101113493639,东局 南向两居室 丽泽商务区 业主诚心出售 随时签约,355万,71343元/平,中楼层 (共6层) | 1978年建 | 2室1厅 | 49.76平米 | 南,https://ke-image.ljcdn.com/110000-inspection/pc1_wtsVPRsGA.jpg!m_fill,w_280,h_210,f_jpg?from=ke.com
20230702,丰台,丽泽,101113374271,满五年唯一商品房格局好交通购物便利,750万,79073元/平,高楼层 (共22层) | 2001年建 | 3室1厅 | 94.85平米 | 东南,https://ke-image.ljcdn.com/110000-inspection/pc1_jAkO0SI5d_1.jpg!m_fill,w_280,h_210,f_jpg?from=ke.com
20230702,丰台,丽泽,101113282248,三环内98年房 南北通透复式  满五唯一 不临街,800万,60025元/平,顶层 (共6层) | 1997年建 | 5室2厅 | 133.28平米 | 南 北,https://ke-image.ljcdn.com/110000-inspection/pc1_lmoaI9muq.jpg!m_fill,w_280,h_210,f_jpg?from=ke.com
20230702,丰台,丽泽,101113050774,前泥洼小区——前泥洼二区25号院,375万,59515元/平,顶层 (共6层) 2室1厅 | 63.01平米 | 南 北,https://ke-image.ljcdn.com/110000-inspection/f4284e76-4c04-400b-96df-655094c12883_1000.jpg!m_fill,w_280,h_210,f_jpg?from=ke.com
20230702,丰台,丽泽,101112702348,保利百合 南北通透三居室 一梯两户 带电梯 花园社区,1620万,107335元/平,中楼层 (共11层) | 2009年建 | 3室2厅 | 150.93平米 | 南 北,https://ke-image.ljcdn.com/110000-inspection/pc1_E6CBN1Mxc_1.jpg!m_fill,w_280,h_210,f_jpg?from=ke.com
20230702,丰台,丽泽,101112185160,保利百合南侧对公园满五唯一南向两居室,799万,98813元/平,低楼层 (共20层) 2室1厅 | 80.86平米 | 南,https://ke-image.ljcdn.com/110000-inspection/pc1_aip3NYamN.jpg!m_fill,w_280,h_210,f_jpg?from=ke.com
20230702,丰台,丽泽,101111795513,前泥洼小区 商品房、满五年唯一南北格局好,580万,64697元/平,底层 (共6层) | 2001年建 | 2室1厅 | 89.65平米 | 南 北,https://ke-image.ljcdn.com/110000-inspection/145563fc-fcbe-46e8-8acc-352cbabd2003_1000.jpg!m_fill,w_280,h_210,f_jpg?from=ke.com
20230702,丰台,丽泽,101110952270,益丰苑 正规二居室 市政单位家属院 六里桥地铁站,850万,102484元/平,顶层 (共11层) | 2010年建 | 2室1厅 | 82.94平米 | 西南,https://ke-image.ljcdn.com/110000-inspection/pc1_HQC8sMmcB_1.jpg!m_fill,w_280,h_210,f_jpg?from=ke.com
20230702,丰台,丽泽,101110751975,保利百合小区人车分流高楼层视野好。,981万,106840元/平,高楼层 (共21层) | 2009年建 | 2室1厅 | 91.82平米 | 南,https://ke-image.ljcdn.com/110000-inspection/pc1_tv40o8eYh_1.jpg!m_fill,w_280,h_210,f_jpg?from=ke.com
20230702,丰台,丽泽,101109598299,益丰苑小区 西南北三面采光 位置安静,799万,87591元/平,低楼层 (共15层) | 2010年建 | 2室1厅 | 91.22平米 | 南 西 北,https://ke-image.ljcdn.com/110000-inspection/pc1_vzwPMdUvZ_1.jpg!m_fill,w_280,h_210,f_jpg?from=ke.com
20230702,丰台,丽泽,101105807861,西局站地铁口 南北两居 高层无遮挡,725万,92240元/平,高楼层 (共27层) | 2012年建 | 2室1厅 | 78.6平米 | 南 北,https://ke-image.ljcdn.com/110000-inspection/pc1_6qmEslunw_1.jpg!m_fill,w_280,h_210,f_jpg?from=ke.com
20230702,丰台,丽泽,101103584505,西三环六里桥益丰苑 全明格局 南北通透大三居,1400万,103666元/平,中楼层 (共11层) | 2010年建 | 3室2厅 | 135.05平米 | 南 北,https://ke-image.ljcdn.com/110000-inspection/pc1_0qjymUewO_1.jpg!m_fill,w_280,h_210,f_jpg?from=ke.com
20230702,丰台,丽泽,101101586016,盛鑫嘉园三室两厅商品房业主诚意出售房主自荐,899万,57721元/平,低楼层 (共22层) | 2002年建 | 3室2厅 | 155.75平米 | 西南,https://ke-image.ljcdn.com/110000-inspection/test-dda84d3d-3523-4926-9d26-67c709d82269.png!m_fill,w_280,h_210,f_jpg?from=ke.com
20230702,丰台,丽泽,101119970288,盛鑫嘉园  满五年唯一商品房 全南向两居室,680万,66361元/平,中楼层 (共22层) | 2002年建 | 2室1厅 | 102.47平米 | 南,https://ke-image.ljcdn.com/110000-inspection/6dd55abf-4216-4039-9fd7-2aa9482bfd8c_1000.jpg!m_fill,w_280,h_210,f_jpg?from=ke.com
20230702,丰台,丽泽,101119863404,丰益花园新上一居室 中间楼层 全南朝向 满五唯一新上,450万,79774元/平,低楼层 (共12层) | 2001年建 | 1室1厅 | 56.41平米 | 南,https://ke-image.ljcdn.com/110000-inspection/pc1_n9FqYmBsw.jpg!m_fill,w_280,h_210,f_jpg?from=ke.com
20230702,丰台,丽泽,101119846298,玉璞家园 2室1厅 南 北,450万,71828元/平,底层 (共22层) | 2016年建 | 2室1厅 | 62.65平米 | 南 北,https://ke-image.ljcdn.com/110000-inspection/pc1_kEE4GWnXe_1.jpg!m_fill,w_280,h_210,f_jpg?from=ke.com
20230702,丰台,丽泽,101119748951,西三环内满五年唯一南北通透复式 采光好 挨着小公园,645万,50537元/平,顶层 (共6层) 5室2厅 | 127.63平米 | 北 南,https://ke-image.ljcdn.com/110000-inspection/pc1_RUXW5aqKl.jpg!m_fill,w_280,h_210,f_jpg?from=ke.com
20230702,丰台,丽泽,101119617224,丰益花园西区 2室1厅 南 北,680万,75843元/平,低楼层 (共9层) 2室1厅 | 89.66平米 | 南 北,https://ke-image.ljcdn.com/110000-inspection/pc1_GU5OZFXWT_1.jpg!m_fill,w_280,h_210,f_jpg?from=ke.com
20230702,丰台,丽泽,101119583435,大区优选丽泽商务区优质户型南北三居。,750万,64340元/平,中楼层 (共6层) 3室2厅 | 116.57平米 | 东 南 北,https://ke-image.ljcdn.com/110000-inspection/43d7a14c-eb6d-4f81-b78c-c1826cffb278_1000.jpg!m_fill,w_280,h_210,f_jpg?from=ke.com
20230702,丰台,丽泽,101119579038,西三环丽泽商务区 满五唯一精装修 双地铁 独立小区房主自荐,389万,66225元/平,中楼层 (共6层) | 1993年建 | 2室1厅 | 58.74平米 | 南 北,https://ke-image.ljcdn.com/110000-inspection/3570c2f2-12e5-44ef-9bd4-27ca0626b052_1000.jpg!m_fill,w_280,h_210,f_jpg?from=ke.com
20230702,丰台,丽泽,101119504637,商品房满五唯一户型方正格局好。,680万,63838元/平,低楼层 (共22层) | 2001年建 | 2室1厅 | 106.52平米 | 西南,https://ke-image.ljcdn.com/110000-inspection/pc1_SnfPPkv4u_1.jpg!m_fill,w_280,h_210,f_jpg?from=ke.com
20230702,丰台,丽泽,101119490422,前泥洼三区2006年电梯精装五居室双地铁,1328万,70024元/平,高楼层 (共7层) 3室1厅 | 189.65平米 | 南 北,https://ke-image.ljcdn.com/110000-inspection/4ea3fa4f-b1fa-4d19-a84c-65bbce48fb14_1000.jpg!m_fill,w_280,h_210,f_jpg?from=ke.com
20230702,丰台,丽泽,101119437340,南北通透明厨2室1厅1卫南 北,348万,54469元/平,底层 (共6层) | 1994年建 | 2室1厅 | 63.89平米 | 南 北,https://ke-image.ljcdn.com/110000-inspection/4f5f0be3-f045-4a01-970f-7207458cbd8e_1000.jpg!m_fill,w_280,h_210,f_jpg?from=ke.com
20230702,丰台,丽泽,101119406700,西宸原著 4室1厅 南 北,2500万,141555元/平,中楼层 (共21层) 4室1厅 | 176.61平米 | 南 北,https://ke-image.ljcdn.com/110000-inspection/pc1_p20m15zpd.jpg!m_fill,w_280,h_210,f_jpg?from=ke.com
20230702,丰台,丽泽,101119212420,丽泽   盛鑫嘉园三居  三代人适合居住,765万,68802元/平,中楼层 (共22层) | 2002年建 | 3室1厅 | 111.19平米 | 东北,https://ke-image.ljcdn.com/110000-inspection/pc1_ZwcsqR7aa.jpg!m_fill,w_280,h_210,f_jpg?from=ke.com
20230702,丰台,丽泽,101119210861,丽泽商务区满五年丽泽景园全南两居,625万,79396元/平,低楼层 (共27层) | 2012年建 | 2室1厅 | 78.72平米 | 南,https://ke-image.ljcdn.com/110000-inspection/560ceef9-1818-40d6-88e8-613890cdf183_1000.jpg!m_fill,w_280,h_210,f_jpg?from=ke.com
20230702,丰台,丽泽,101119178095,保利百合花园 南北通透三居室 满五唯一不临街 少出,1450万,99904元/平,底层 (共21层) | 2010年建 | 3室1厅 | 145.14平米 | 南 北,https://ke-image.ljcdn.com/110000-inspection/pc1_72G212JT4_1.jpg!m_fill,w_280,h_210,f_jpg?from=ke.com
20230702,丰台,丽泽,101119123761,前泥洼小区 2室1厅 南 北,592万,67182元/平,中楼层 (共6层) 2室1厅 | 88.12平米 | 南 北,https://ke-image.ljcdn.com/110000-inspection/e35be2d6-bedd-4517-9c44-e5d47fc9a47a_1000.jpg!m_fill,w_280,h_210,f_jpg?from=ke.com
20230702,丰台,丽泽,101119072790,商品房近地铁满五唯一中楼层无遮挡房主自荐,626万,70172元/平,低楼层 (共25层) 2室1厅 | 89.21平米 | 西南,https://ke-image.ljcdn.com/110000-inspection/ebfff69a-c884-4f01-9454-2105d26ca7c9_1000.jpg!m_fill,w_280,h_210,f_jpg?from=ke.com
20230702,丰台,丽泽,101119043605,益泽路1号院  南北两居 接受换房周期,688万,76402元/平,低楼层 (共27层) | 2012年建 | 2室1厅 | 90.05平米 | 南 北,https://ke-image.ljcdn.com/110000-inspection/02c2aeda-5a90-440c-9d75-227506bd479e_1000.jpg!m_fill,w_280,h_210,f_jpg?from=ke.com
20230702,丰台,丽泽,101119042336,前泥洼小区 南北两居 中间位置,338万,55256元/平,顶层 (共6层) 2室1厅 | 61.17平米 | 南 北,https://ke-image.ljcdn.com/110000-inspection/1dcd2af7-ef76-42c9-b252-6d11e1f54cce_1000.jpg!m_fill,w_280,h_210,f_jpg?from=ke.com
20230702,丰台,丽泽,101118947926,中高楼层两居室全明格局满五年诚意出售,579万,66400元/平,高楼层 (共9层) | 2001年建 | 2室1厅 | 87.2平米 | 东 西北,https://ke-image.ljcdn.com/110000-inspection/0c0ed693-cf00-47f7-81c4-9bde7f0a5bd1_1000.jpg!m_fill,w_280,h_210,f_jpg?from=ke.com
20230702,丰台,丽泽,101118925707,西三环丽泽六里桥保利百合顶层复式三居两卫满五唯一,1180万,132600元/平,顶层 (共20层) | 2009年建 | 3室2厅 | 88.99平米 | 西 南 北,https://ke-image.ljcdn.com/110000-inspection/pc1_DzdBJ1SL5_1.jpg!m_fill,w_280,h_210,f_jpg?from=ke.com
20230702,丰台,丽泽,101118852112,保利百合南向小两居采光无遮挡房主自荐,730万,92675元/平,低楼层 (共20层) | 2010年建 | 2室1厅 | 78.77平米 | 南,https://ke-image.ljcdn.com/110000-inspection/pc1_wSkUDXcMR.jpg!m_fill,w_280,h_210,f_jpg?from=ke.com
20230702,丰台,丽泽,101118794560,丽泽 丰益花园东区 南北通透两居 满五年 不临街 安静,655万,70024元/平,底层 (共9层) | 2003年建 | 2室2厅 | 93.54平米 | 南 北,https://ke-image.ljcdn.com/110000-inspection/a2bb9038-a532-41fa-8181-9d9ce6ee20fe_1000.jpg!m_fill,w_280,h_210,f_jpg?from=ke.com
20230702,丰台,丽泽,101118788681,丰益花园东区  诚心出售两居室 满五年唯一商品房房主自荐,619万,64039元/平,中楼层 (共28层) | 2003年建 | 2室2厅 | 96.66平米 | 西南,https://ke-image.ljcdn.com/110000-inspection/815c0b32-a94e-4d5c-bdba-a692da1cd70a_1000.jpg!m_fill,w_280,h_210,f_jpg?from=ke.com
20230702,丰台,丽泽,101118764097,盛鑫嘉园全南两居客厅大采光好地铁10号线泥洼站,698万,68118元/平,低楼层 (共22层) | 2002年建 | 2室2厅 | 102.47平米 | 南,https://ke-image.ljcdn.com/110000-inspection/pc1_iPLG61U6I.jpg!m_fill,w_280,h_210,f_jpg?from=ke.com
20230702,丰台,丽泽,101118743697,楼层好不遮挡满五年诚意出售随时签约,625万,64667元/平,低楼层 (共28层) | 2003年建 | 2室2厅 | 96.65平米 | 西南,https://ke-image.ljcdn.com/110000-inspection/pc1_LxXV3v6PR.jpg!m_fill,w_280,h_210,f_jpg?from=ke.com
20230702,丰台,丽泽,101118668466,店长推荐商品房户型方正三居室双卫地铁近,760万,68352元/平,中楼层 (共22层) 3室1厅 | 111.19平米 | 南 西 北,https://ke-image.ljcdn.com/110000-inspection/pc1_SNxypLJPx.jpg!m_fill,w_280,h_210,f_jpg?from=ke.com
20230702,丰台,丽泽,101118611012,前泥洼小区 3室2厅 北 南,1130万,69038元/平,高楼层 (共6层) | 2006年建 | 3室2厅 | 163.68平米 | 北 南,https://ke-image.ljcdn.com/110000-inspection/0040d0aa-a20d-4aa5-8bb4-eef5ee05d474_1000.jpg!m_fill,w_280,h_210,f_jpg?from=ke.com
20230702,丰台,丽泽,101118526311,商品房 小区中间位置不临街无遮挡房主自荐,529万,68241元/平,底层 (共25层) | 2001年建 | 2室1厅 | 77.52平米 | 西南,https://ke-image.ljcdn.com/110000-inspection/pc1_wsmkMx1d6_1.jpg!m_fill,w_280,h_210,f_jpg?from=ke.com
20230702,丰台,丽泽,101118520762,商品房户型方正采光好无遮挡 随时签约,725万,65204元/平,中楼层 (共22层) | 2002年建 | 3室1厅 | 111.19平米 | 东南 北,https://ke-image.ljcdn.com/110000-inspection/e4d29d1b-50ec-444b-8238-55cc85e29d0c_1000.jpg!m_fill,w_280,h_210,f_jpg?from=ke.com
20230702,丰台,丽泽,101118355353,保利百合花园人车分流。房子满五年唯一。,1470万,105498元/平,高楼层 (共21层) | 2010年建 | 3室2厅 | 139.34平米 | 南 北,https://ke-image.ljcdn.com/110000-inspection/pc1_IXcxu75so.jpg!m_fill,w_280,h_210,f_jpg?from=ke.com
20230702,丰台,丽泽,101118284470,前泥洼小区 3室2厅 南 北 西,820万,70666元/平,中楼层 (共7层) | 2006年建 | 3室2厅 | 116.04平米 | 南 北 西,https://ke-image.ljcdn.com/110000-inspection/d96c4199-245b-4cd6-b7e5-bbf150b2c195_1000.jpg!m_fill,w_280,h_210,f_jpg?from=ke.com
20230702,丰台,丽泽,101118201065,西三环丽泽六里桥全明格局精装修拎包入住楼龄新诚心卖房主自荐,348万,63702元/平,中楼层 (共29层) 1室1厅 | 54.63平米 | 东 西,https://ke-image.ljcdn.com/110000-inspection/pc1_yJ8QjwTm9.jpg!m_fill,w_280,h_210,f_jpg?from=ke.com
20230702,丰台,丽泽,101118179483,精图小区56号院 4室2厅 南 北,785万,52969元/平,顶层 (共6层) 4室2厅 | 148.2平米 | 南 北,https://ke-image.ljcdn.com/110000-inspection/pc1_GqUrCrjNr.jpg!m_fill,w_280,h_210,f_jpg?from=ke.com
20230702,丰台,丽泽,101118146838,西南三环边 丽泽商务区 10号线泥洼站 通透精装修两居房主自荐,489万,55493元/平,顶层 (共6层) | 2000年建 | 2室1厅 | 88.12平米 | 南 北,https://ke-image.ljcdn.com/110000-inspection/e31949d7-64ee-4b86-b551-cab110c961ff_1000.jpg!m_fill,w_280,h_210,f_jpg?from=ke.com
20230702,丰台,丽泽,101117932611,丰益花园东区 满五唯一 高楼层 采光好 视野开阔,775万,61072元/平,高楼层 (共28层) | 2003年建 | 3室1厅 | 126.9平米 | 东南,https://ke-image.ljcdn.com/110000-inspection/311e32de-8a94-4999-b66a-24a99a7b903e_1000.jpg!m_fill,w_280,h_210,f_jpg?from=ke.com
20230702,丰台,丽泽,101117897290,丽泽商圈 三环边 商品房满五唯一  户型好 配套成熟,285万,63645元/平,高楼层 (共6层) 1室1厅 | 44.78平米 | 南,https://ke-image.ljcdn.com/110000-inspection/pc1_iiaTgEXoi.jpg!m_fill,w_280,h_210,f_jpg?from=ke.com
20230702,丰台,丽泽,101117875503,丽泽商务区双地铁板楼 人车分流,658万,83355元/平,低楼层 (共27层) 2室1厅 | 78.94平米 | 南,https://ke-image.ljcdn.com/110000-inspection/85793cb4-edb7-4ca4-b8d7-e17991422550_1000.jpg!m_fill,w_280,h_210,f_jpg?from=ke.com
20230702,丰台,丽泽,101117809169,前泥洼小区 2000年楼龄 南北通透 中间楼层,517万,70523元/平,中楼层 (共6层) | 2001年建 | 2室1厅 | 73.31平米 | 南 北,https://ke-image.ljcdn.com/110000-inspection/pc1_zV0ErB7mF_1.jpg!m_fill,w_280,h_210,f_jpg?from=ke.com
20230702,丰台,丽泽,101117685308,精图小区56号院 精装两居 户型好 诚心出售,470万,59683元/平,中楼层 (共6层) | 1997年建 | 2室1厅 | 78.75平米 | 南 北,https://ke-image.ljcdn.com/110000-inspection/pc1_JFFey31E1.jpg!m_fill,w_280,h_210,f_jpg?from=ke.com
20230702,丰台,丽泽,101117667165,自己住精装修南向大两居室小区内部高楼层采光好,945万,107375元/平,高楼层 (共21层) | 2009年建 | 2室1厅 | 88.01平米 | 南,https://ke-image.ljcdn.com/110000-inspection/pc1_3TnwQPCnj.jpg!m_fill,w_280,h_210,f_jpg?from=ke.com
20230702,丰台,丽泽,101117235742,丰益花园西区 3室2厅 东 西,700万,61061元/平,顶层 (共9层) | 2001年建 | 3室2厅 | 114.64平米 | 东 西,https://ke-image.ljcdn.com/110000-inspection/d46ed21f-08e1-4455-8a24-eabe94b86a98_1000.jpg!m_fill,w_280,h_210,f_jpg?from=ke.com
20230702,丰台,丽泽,101117202712,盛鑫嘉园东南向三居室 满五年唯一 地铁10号线,1090万,69984元/平,中楼层 (共22层) | 2002年建 | 3室2厅 | 155.75平米 | 东 东南 南,https://ke-image.ljcdn.com/110000-inspection/d1edd2b4-75d8-46d6-ad82-d725e4b2a01c_1000.jpg!m_fill,w_280,h_210,f_jpg?from=ke.com
20230702,丰台,丽泽,101116800995,六里桥保利百合小区中间位置大两居相当满五唯一,919万,101245元/平,低楼层 (共21层) | 2009年建 | 2室1厅 | 90.77平米 | 南,https://ke-image.ljcdn.com/110000-inspection/pc1_NjrCRV2UQ.jpg!m_fill,w_280,h_210,f_jpg?from=ke.com
20230702,丰台,丽泽,101116621389,益丰苑 中间楼层 精装修 直接入住,885万,96828元/平,低楼层 (共17层) | 2010年建 | 2室1厅 | 91.4平米 | 西南 北,https://ke-image.ljcdn.com/110000-inspection/pc1_BTTNMF3OK.jpg!m_fill,w_280,h_210,f_jpg?from=ke.com
20230702,丰台,丽泽,101116073812,保利百合花园 3面通透 明厨明卫二居 欧式园林景观,950万,110466元/平,低楼层 (共21层) | 2010年建 | 2室1厅 | 86平米 | 南 西 北,https://ke-image.ljcdn.com/110000-inspection/pc1_niCou4IlL.jpg!m_fill,w_280,h_210,f_jpg?from=ke.com
20230702,丰台,丽泽,101114970275,北京市建委发改委家属院 南北通透 明厨明卫户型,680万,87776元/平,顶层 (共17层) | 2010年建 | 2室1厅 | 77.47平米 | 南 北,https://ke-image.ljcdn.com/110000-inspection/pc1_5lPAF4RGV.jpg!m_fill,w_280,h_210,f_jpg?from=ke.com
20230702,丰台,丽泽,101114823812,精图小区56号院 南北向的复式 1997年的房子 双卫设计,650万,50357元/平,顶层 (共6层) | 1997年建 | 5室2厅 | 129.08平米 | 南 北,https://ke-image.ljcdn.com/110000-inspection/pc1_gIHRqV0jd.jpg!m_fill,w_280,h_210,f_jpg?from=ke.com
20230702,丰台,丽泽,101110931730,龙湖西宸原著别墅地上3层地下2层。,7200万,146010元/平,底层 (共3层) | 2016年建 | 5室3厅 | 493.12平米 | 南 北,https://ke-image.ljcdn.com/110000-inspection/pc1_2wJMIItKb_1.jpg!m_fill,w_280,h_210,f_jpg?from=ke.com
20230702,丰台,丽泽,101109519066,丽泽商务区 西宸原著 双拼下叠别墅 千万装修,7488万,151739元/平,底层 (共3层) | 2016年建 | 4室9厅 | 493.48平米 | 南 北,https://ke-image.ljcdn.com/110000-inspection/pc1_v5yHipsB9_1.jpg!m_fill,w_280,h_210,f_jpg?from=ke.com
20230702,丰台,丽泽,101109057331,南北通透大三居室精装修拎包入住。,2950万,132222元/平,中楼层 (共21层) | 2016年建 | 3室1厅 | 223.11平米 | 南 北,https://ke-image.ljcdn.com/110000-inspection/pc1_D2zL4cguN_1.jpg!m_fill,w_280,h_210,f_jpg?from=ke.com
20230702,丰台,丽泽,101119955265,前泥洼小区 2室1厅 南 北新上,560万,62466元/平,高楼层 (共6层) 2室1厅 | 89.65平米 | 南 北,https://s1.ljcdn.com/pegasus/redskull/images/common/default_house_list.png?_v=20230627184713780
20230702,丰台,丽泽,101119942759,保利百合高楼层南向两居室满五唯一视野开阔新上,750万,95009元/平,高楼层 (共20层) | 2009年建 | 2室1厅 | 78.94平米 | 东南,https://s1.ljcdn.com/pegasus/redskull/images/common/default_house_list.png?_v=20230627184713780
20230702,丰台,丽泽,101119849445,益丰苑 南北通透 一梯两户 商品房满五年一套新上,960万,102817元/平,中楼层 (共13层) | 2010年建 | 2室1厅 | 93.37平米 | 南 北,https://s1.ljcdn.com/pegasus/redskull/images/common/default_house_list.png?_v=20230627184713780
20230702,丰台,丽泽,101119839325,2016年 玉璞家园 商品房 只有契税,480万,75615元/平,中楼层 (共29层) 2室1厅 | 63.48平米 | 南 北,https://s1.ljcdn.com/pegasus/redskull/images/common/default_house_list.png?_v=20230627184713780
20230702,丰台,丽泽,101119801276,有电梯1室0厅1卫南玉璞家园,420万,76378元/平,中楼层 (共29层) 1室0厅 | 54.99平米 | 南,https://s1.ljcdn.com/pegasus/redskull/images/common/default_house_list.png?_v=20230627184713780
20230702,丰台,丽泽,101119786637,保利百合花园 全南精装二居  高楼层视野开阔,760万,97349元/平,中楼层 (共21层) 2室1厅 | 78.07平米 | 南,https://s1.ljcdn.com/pegasus/redskull/images/common/default_house_list.png?_v=20230627184713780
20230702,丰台,丽泽,101119745315,保利百合花园经典南北通透大两居,1200万,129730元/平,低楼层 (共21层) | 2009年建 | 2室1厅 | 92.5平米 | 南 北,https://s1.ljcdn.com/pegasus/redskull/images/common/default_house_list.png?_v=20230627184713780
20230702,丰台,丽泽,101119592378,丽泽六里桥西三环保利百合花园全朝南精装修随时看房,949万,102651元/平,中楼层 (共21层) | 2009年建 | 2室1厅 | 92.45平米 | 南,https://s1.ljcdn.com/pegasus/redskull/images/common/default_house_list.png?_v=20230627184713780
20230702,丰台,丽泽,101119556624,西局北街26号院益丰苑小区南北通透三居室,1370万,101444元/平,低楼层 (共11层) | 2010年建 | 3室2厅 | 135.05平米 | 南 北,https://s1.ljcdn.com/pegasus/redskull/images/common/default_house_list.png?_v=20230627184713780
20230702,丰台,丽泽,101119323004,玉璞家园  2016年次新房  商品房  满5年唯一,500万,79504元/平,中楼层 (共22层) | 2016年建 | 2室1厅 | 62.89平米 | 南,https://s1.ljcdn.com/pegasus/redskull/images/common/default_house_list.png?_v=20230627184713780
20230702,丰台,丽泽,101119281071,前泥洼 有电梯  精装修一居室 钢混  组合贷可以贷25年,346万,62990元/平,高楼层 (共12层) 1室1厅 | 54.93平米 | 南 北,https://s1.ljcdn.com/pegasus/redskull/images/common/default_house_list.png?_v=20230627184713780
20230702,丰台,丽泽,101119276751,保利百合花园南北通透明厨明卫人车分流绿化高,980万,106661元/平,底层 (共20层) | 2009年建 | 2室2厅 | 91.88平米 | 南 北,https://s1.ljcdn.com/pegasus/redskull/images/common/default_house_list.png?_v=20230627184713780
20230702,丰台,丽泽,101119260717,东南朝向大三居无遮挡视野好采光好 俯瞰丰益公园,1100万,75967元/平,低楼层 (共28层) | 2003年建 | 3室2厅 | 144.8平米 | 南 北,https://s1.ljcdn.com/pegasus/redskull/images/common/default_house_list.png?_v=20230627184713780
20230702,丰台,丽泽,101119255396,西宸原著北京三环边的高档社区大家庭的优选！,4300万,128164元/平,底层 (共6层) 4室2厅 | 335.51平米 | 南 北,https://s1.ljcdn.com/pegasus/redskull/images/common/default_house_list.png?_v=20230627184713780
20230702,丰台,丽泽,101119241094,西三环丽泽六里桥地铁九号线十号线益丰苑小区中间安静,818万,98936元/平,中楼层 (共11层) | 2010年建 | 2室1厅 | 82.68平米 | 南,https://s1.ljcdn.com/pegasus/redskull/images/common/default_house_list.png?_v=20230627184713780
20230702,丰台,丽泽,101119161562,益丰苑 满五年唯一商品房 诚意出售,680万,87776元/平,顶层 (共17层) | 2010年建 | 2室1厅 | 77.47平米 | 南 北,https://s1.ljcdn.com/pegasus/redskull/images/common/default_house_list.png?_v=20230627184713780
20230702,丰台,丽泽,101118457140,有电梯1室0厅1卫东 西玉璞家园,390万,73378元/平,中楼层 (共29层) 1室0厅 | 53.15平米 | 东 西,https://ke-image.ljcdn.com/110000-inspection/a4447d19-ec37-4203-9603-417f03ea58c8.png!m_fill,w_280,h_210,f_jpg?from=ke.com
20230702,丰台,丽泽,101118355665,保利百合花园地下车位。位置离电梯近。,51万,15968元/平,地下室 1室0厅 | 31.94平米 | 北,https://s1.ljcdn.com/pegasus/redskull/images/common/default_house_list.png?_v=20230627184713780
20230702,丰台,丽泽,101117022909,泰禾西府大院 3室2厅 南 北,2380万,141912元/平,低楼层 (共19层) | 2019年建 | 3室2厅 | 167.71平米 | 南 北,https://s1.ljcdn.com/pegasus/redskull/images/common/default_house_list.png?_v=20230627184713780
20230702,丰台,丽泽,101116946278,保利百合 车位,52万,19382元/平,地下室 1室0厅 | 26.83平米 | 南 北,https://s1.ljcdn.com/pegasus/redskull/images/common/default_house_list.png?_v=20230627184713780
20230702,丰台,丽泽,101116717528,保利百合 保利地产自持物业 50年产权车位,52万,16955元/平,地下室 | 2009年建 | 1室0厅 | 30.67平米 | 东,https://s1.ljcdn.com/pegasus/redskull/images/common/default_house_list.png?_v=20230627184713780
20230702,丰台,丽泽,101116559273,保利 百合 花园 产权 双车位 出售,80万,23379元/平,地下室 | 2009年建 | 1室0厅 | 34.22平米 | 南,https://s1.ljcdn.com/pegasus/redskull/images/common/default_house_list.png?_v=20230627184713780
20230702,丰台,丽泽,101116162844,保利百合  50年产权车位 保利地产自持物业,45万,14259元/平,地下室 | 2009年建 | 1室0厅 | 31.56平米 | 南,https://ke-image.ljcdn.com/110000-inspection/b33313cae6341a182fc0ef0b2683005f-004.jpg!m_fill,w_280,h_210,f_jpg?from=ke.com
20230702,丰台,丽泽,101115723944,保利百合花园诚意出售地下车位。,50万,15528元/平,地下室 | 2010年建 | 1室0厅 | 32.2平米 | 南,https://s1.ljcdn.com/pegasus/redskull/images/common/default_house_list.png?_v=20230627184713780
20230702,丰台,丽泽,101115562742,保利百合 车位,52万,16150元/平,地下室 | 2009年建 | 1室0厅 | 32.2平米 | 南 北,https://ke-image.ljcdn.com/110000-inspection/6aa27530ad65ead09d3b3adeb40fe3b7-013.jpg!m_fill,w_280,h_210,f_jpg?from=ke.com
20230702,丰台,丽泽,101114008927,保利百合花园诚意出售车位一号楼二号楼方便。,45万,13976元/平,地下室 | 2010年建 | 1室0厅 | 32.2平米 | 东,https://ke-image.ljcdn.com/110000-inspection/2e17c725e98f917c3603bec10ec871a0-066.jpg!m_fill,w_280,h_210,f_jpg?from=ke.com
20230702,丰台,丽泽,101113941172,西局后街8号院车位位置不错！看房随时,32万,9665元/平,地下室 (共29层) | 2016年建 | 1室0厅 | 33.11平米 | 南,https://s1.ljcdn.com/pegasus/redskull/images/common/default_house_list.png?_v=20230627184713780
20230702,丰台,丽泽,101113784195,子母车位可以停两辆车业主诚心出售看房随时,80万,25024元/平,地下室 | 2010年建 | 1室0厅 | 31.97平米 | 东 西,https://ke-image.ljcdn.com/110000-inspection/4fbc5765-6e44-4245-8ed4-e0a66ce725b0.jpg!m_fill,w_280,h_210,f_jpg?from=ke.com
20230702,丰台,丽泽,101112876472,保利百合 车位,52万,16150元/平,地下室 | 2009年建 | 1室0厅 | 32.2平米 | 北,https://ke-image.ljcdn.com/110000-inspection/8db9b22754b4c3d8a77adca6955ecddf-095.jpg!m_fill,w_280,h_210,f_jpg?from=ke.com
