20240620,丰台,木樨园,101124816020,南三环 南木樨园 中间层 客厅带窗全明格局必看好房,278万,49974元/平,中楼层 (共5层) 2室1厅 | 55.63平米 | 南 北,https://ke-image.ljcdn.com/110000-inspection/cee95045-3490-4a4c-b0f1-74ea06f30304_1000.jpg!m_fill,w_280,h_210,f_jpg?from=ke.com
20240620,丰台,木樨园,101124718140,优选好房 慧时欣园一期 东向 无遮挡 壁挂炉地暖必看好房,310万,42595元/平,低楼层 (共25层) 2室1厅 | 72.78平米 | 东南,https://ke-image.ljcdn.com/110000-inspection/5cdaee6f-26dd-4ce2-876c-bb43a03a9bc0_1000.jpg!m_fill,w_280,h_210,f_jpg?from=ke.com
20240620,丰台,木樨园,101124092803,此房满五唯一交通便利购物方便必看好房,259万,41046元/平,低楼层 (共6层) 2室1厅 | 63.1平米 | 南 北,https://ke-image.ljcdn.com/110000-inspection/ea2c70d3-4981-4f7e-a931-751ae69b722b_1000.jpg!m_fill,w_280,h_210,f_jpg?from=ke.com
20240620,丰台,木樨园,101123933291,三环内2005年商品房精装修两居。必看好房,399万,49695元/平,中楼层 (共26层) 2室1厅 | 80.29平米 | 西,https://ke-image.ljcdn.com/110000-inspection/9fe4b709-449c-4f9b-8ea3-c58156152ac5_1000.jpg!m_fill,w_280,h_210,f_jpg?from=ke.com
20240620,丰台,木樨园,101123798043,远中悦麒  南向一居 满五年唯一 无抵押必看好房,198万,39840元/平,高楼层 (共24层) 1室0厅 | 49.7平米 | 南,https://ke-image.ljcdn.com/110000-inspection/9b5100c4-c39f-4205-a947-dea0a602e791_1000.jpg!m_fill,w_280,h_210,f_jpg?from=ke.com
20240620,丰台,木樨园,101124577246,慧时欣园一期  正规三居室 地铁10号线必看好房,515万,46895元/平,中楼层 (共25层) 3室1厅 | 109.82平米 | 东 北,https://ke-image.ljcdn.com/110000-inspection/3e590949-c44e-4976-a5a4-c11b06c71d27_1000.jpg!m_fill,w_280,h_210,f_jpg?from=ke.com
20240620,丰台,木樨园,101123794805,慧时欣园二期 朝东向 正对小区花园两居室,560万,56051元/平,高楼层 (共27层) 2室1厅 | 99.91平米 | 东南,https://ke-image.ljcdn.com/110000-inspection/93f86398-80c9-441a-984d-71b9f0b64c48_1000.jpg!m_fill,w_280,h_210,f_jpg?from=ke.com
20240620,丰台,木樨园,101123731052,南三环内木樨园地铁东木樨园小区必看好房,268万,41168元/平,中楼层 (共9层) 2室1厅 | 65.1平米 | 东 西,https://ke-image.ljcdn.com/110000-inspection/528064b7-2da2-494a-89db-903927cd5657_1000.jpg!m_fill,w_280,h_210,f_jpg?from=ke.com
20240620,丰台,木樨园,101123253660,东木樨园 三环里 95年 钢混 满五唯一 电梯楼 产权清晰必看好房,225万,39683元/平,中楼层 (共15层) 1室1厅 | 56.7平米 | 东 西,https://ke-image.ljcdn.com/110000-inspection/776f8155-76aa-400b-878d-321a0529af0e_1000.jpg!m_fill,w_280,h_210,f_jpg?from=ke.com
20240620,丰台,木樨园,101122905782,光彩北路8号院 3室1厅西南中间楼层,550万,55612元/平,低楼层 (共24层) | 1999年 | 3室1厅 | 98.9平米 | 西南 北,https://ke-image.ljcdn.com/110000-inspection/856633e2-91c0-474b-8369-8a82a47790b1_1000.jpg!m_fill,w_280,h_210,f_jpg?from=ke.com
20240620,丰台,木樨园,101122581896,交通便利购物方便视野开阔。房主自荐,159万,43682元/平,中楼层 (共5层) 1室1厅 | 36.4平米 | 南 北,https://ke-image.ljcdn.com/110000-inspection/pc1_e2FbiwNoP_1.jpg!m_fill,w_280,h_210,f_jpg?from=ke.com
20240620,丰台,木樨园,101124885771,电梯直达楼龄新小区环境好采光视野好必看好房,390万,49311元/平,中楼层 (共16层) 3室1厅 | 79.09平米 | 东南,https://ke-image.ljcdn.com/110000-inspection/pc1_sMZPdrPU3_1.jpg!m_fill,w_280,h_210,f_jpg?from=ke.com
20240620,丰台,木樨园,101124825055,南木樨园 业主诚心出售 看房提前预约,190万,44393元/平,中楼层 (共6层) 1室1厅 | 42.8平米 | 南,https://ke-image.ljcdn.com/110000-inspection/fd120bb1-2e13-4fda-b52f-c55fd8610137_1000.jpg!m_fill,w_280,h_210,f_jpg?from=ke.com
20240620,丰台,木樨园,101124815707,三环内 东木樨园  电梯一居室必看好房,218万,37782元/平,低楼层 (共15层) 1室1厅 | 57.7平米 | 东 西,https://ke-image.ljcdn.com/110000-inspection/b31422b0-018d-4352-bda5-e3b1661a6acb_1000.jpg!m_fill,w_280,h_210,f_jpg?from=ke.com
20240620,丰台,木樨园,101124715246,下楼就是地铁停车位比较充足看房方便必看好房,645万,62157元/平,高楼层 (共20层) 2室1厅 | 103.77平米 | 南,https://ke-image.ljcdn.com/110000-inspection/e01f0b01-f9bb-4ba2-a61f-bed00cf60494_1000.jpg!m_fill,w_280,h_210,f_jpg?from=ke.com
20240620,丰台,木樨园,101124385643,远中悦麒 2006年商品房 物业管理好,169万,44923元/平,高楼层 (共24层) 1室1厅 | 37.62平米 | 北,https://ke-image.ljcdn.com/110000-inspection/54bee352-4c6b-4ea9-bb8f-4724cd56d429_1000.jpg!m_fill,w_280,h_210,f_jpg?from=ke.com
20240620,丰台,木樨园,101124272742,慧时欣园二期 全南向 两居室 高楼层 采光好,655万,60103元/平,高楼层 (共20层) 2室1厅 | 108.98平米 | 南,https://ke-image.ljcdn.com/110000-inspection/76456ac9-3798-4f22-b914-709bd26b75b2_1000.jpg!m_fill,w_280,h_210,f_jpg?from=ke.com
20240620,丰台,木樨园,101124068005,优选好房 慧时欣园二期板楼三居室满五年唯一只有契税必看好房,710万,54582元/平,低楼层 (共20层) 3室1厅 | 130.08平米 | 东南,https://ke-image.ljcdn.com/110000-inspection/9549c356-698f-41c3-b142-6baf3ad15fa9_1000.jpg!m_fill,w_280,h_210,f_jpg?from=ke.com
20240620,丰台,木樨园,101123629708,三环里 东木樨园 本栋楼单独管理 干净 看房有钥匙！必看好房,425万,46221元/平,中楼层 (共14层) 3室1厅 | 91.95平米 | 南,https://ke-image.ljcdn.com/110000-inspection/1ddbc36c-310d-4e5c-a851-f6e4528f641f_1000.jpg!m_fill,w_280,h_210,f_jpg?from=ke.com
20240620,丰台,木樨园,101123304188,优选好房慧时欣园一期全明2居室 不临街 满五年唯一必看好房,435万,48264元/平,中楼层 (共25层) 2室1厅 | 90.13平米 | 西北,https://ke-image.ljcdn.com/110000-inspection/c78ff711-7320-447d-aa44-190ef024e0e9_1000.jpg!m_fill,w_280,h_210,f_jpg?from=ke.com
20240620,丰台,木樨园,101123286049,三环边2006年商品房精装修无遮挡 交通便利,275万,45872元/平,低楼层 (共24层) 1室1厅 | 59.95平米 | 西,https://ke-image.ljcdn.com/110000-inspection/1b89246e-4616-4824-bcea-0e3ef05639a1_1000.jpg!m_fill,w_280,h_210,f_jpg?from=ke.com
20240620,丰台,木樨园,101123200145,三环内 西南两居室 满五年唯一 采光好 近地铁必看好房,465万,47899元/平,低楼层 (共27层) 2室1厅 | 97.08平米 | 西南,https://ke-image.ljcdn.com/110000-inspection/pc1_d5sHwLjj3_1.jpg!m_fill,w_280,h_210,f_jpg?from=ke.com
20240620,丰台,木樨园,101123116293,赵公口小区 供电局宿舍 南向中间层两居室 满五年必看好房,320万,45243元/平,中楼层 (共6层) 2室1厅 | 70.73平米 | 南,https://ke-image.ljcdn.com/110000-inspection/83c78a41-1f9b-4a44-9a59-0fe481cb89b5_1000.jpg!m_fill,w_280,h_210,f_jpg?from=ke.com
20240620,丰台,木樨园,101123060854,三环边2006年商品房精装修无遮挡 交通便利房主自荐,327万,51725元/平,高楼层 (共24层) 1室1厅 | 63.22平米 | 东,https://ke-image.ljcdn.com/110000-inspection/411d09b0-84e9-4563-972f-970d2931ccee_1000.jpg!m_fill,w_280,h_210,f_jpg?from=ke.com
20240620,丰台,木樨园,101122793799,赵公口小区 三环边 刘家窑 南边通透中间楼层两居室,277万,39880元/平,中楼层 (共6层) | 1998年 | 2室1厅 | 69.46平米 | 南 北,https://ke-image.ljcdn.com/110000-inspection/d59cbb20-6304-43b9-82e8-b46cf0c15285_1000.jpg!m_fill,w_280,h_210,f_jpg?from=ke.com
20240620,丰台,木樨园,101122718437,远中悦麒带电梯一居室诚意出售。房主自荐,168万,44658元/平,低楼层 (共24层) | 2006年 | 1室0厅 | 37.62平米 | 北,https://ke-image.ljcdn.com/110000-inspection/305fa217-0563-4751-b58b-259244931fe9_1000.jpg!m_fill,w_280,h_210,f_jpg?from=ke.com
20240620,丰台,木樨园,101122537176,三环内 刘家窑 近地铁 西南三居 满五唯一,256万,40635元/平,顶层 (共6层) 3室1厅 | 63平米 | 南 西,https://ke-image.ljcdn.com/110000-inspection/pc1_HSQHLBwaE_1.jpg!m_fill,w_280,h_210,f_jpg?from=ke.com
20240620,丰台,木樨园,101122191384,三环内 2居双卫 中信集团单位分房 地铁8号线必看好房,509万,39828元/平,中楼层 (共27层) 2室1厅 | 127.8平米 | 西北,https://ke-image.ljcdn.com/110000-inspection/c4d1bd67-f91d-4722-90b9-80712f487682_1000.jpg!m_fill,w_280,h_210,f_jpg?from=ke.com
20240620,丰台,木樨园,101121697868,南三环  南木樨园   交通便利 生活方便,229万,36758元/平,高楼层 (共6层) 2室1厅 | 62.3平米 | 东 西,https://ke-image.ljcdn.com/110000-inspection/d11051fc-e14e-4880-b91a-acd74359c16d_1000.jpg!m_fill,w_280,h_210,f_jpg?from=ke.com
20240620,丰台,木樨园,101119908454,慧时欣园一期满五唯一商品房考虑顶层的客户看过来房主自荐,475万,52790元/平,顶层 (共25层) 2室1厅 | 89.98平米 | 西北,https://ke-image.ljcdn.com/110000-inspection/7f5e926f-d079-47b9-bfbe-7e19bd7441e8_1000.jpg!m_fill,w_280,h_210,f_jpg?from=ke.com
20240620,丰台,木樨园,101124939563,hui时欣园优质两居室诚意出售。新上,560万,54886元/平,中楼层 (共24层) 2室2厅 | 102.03平米 | 东南,https://ke-image.ljcdn.com/110000-inspection/1c3667b2-25c0-4193-a7c1-26b378f100b6_1000.jpg!m_fill,w_280,h_210,f_jpg?from=ke.com
20240620,丰台,木樨园,101124826139,三环边正规朝南两居室采光好。,610万,52641元/平,中楼层 (共22层) 2室2厅 | 115.88平米 | 南,https://ke-image.ljcdn.com/110000-inspection/85c0dacf-2c0c-4790-8808-ca38e03c65a7_1000.jpg!m_fill,w_280,h_210,f_jpg?from=ke.com
20240620,丰台,木樨园,101124821312,三环边 东南向2居室 采光好 无遮挡,460万,55442元/平,高楼层 (共24层) 2室1厅 | 82.97平米 | 东南,https://ke-image.ljcdn.com/110000-inspection/d9ffd8b6-0167-4950-98ab-9f114194fb59_1000.jpg!m_fill,w_280,h_210,f_jpg?from=ke.com
20240620,丰台,木樨园,101124693952,南向两居室视野采光好交通便利购物方便,220万,42969元/平,高楼层 (共6层) 2室1厅 | 51.2平米 | 南,https://ke-image.ljcdn.com/110000-inspection/ab595d38-eb0f-497b-9dc0-694f1d95a147_1000.jpg!m_fill,w_280,h_210,f_jpg?from=ke.com
20240620,丰台,木樨园,101124659723,赵公口小区  南北通透  中间楼层  全明格局,315万,49537元/平,中楼层 (共6层) 2室1厅 | 63.59平米 | 南 北,https://ke-image.ljcdn.com/110000-inspection/3e145d5d-d192-454b-a976-7736faf5c69d_1000.jpg!m_fill,w_280,h_210,f_jpg?from=ke.com
20240620,丰台,木樨园,101124566972,赵公口小区  南北通透  满五年唯一  中间楼层,320万,46324元/平,中楼层 (共6层) 2室1厅 | 69.08平米 | 南 北,https://ke-image.ljcdn.com/110000-inspection/7362ba1d-537b-46de-bfb2-3b137f9fec6e_1000.jpg!m_fill,w_280,h_210,f_jpg?from=ke.com
20240620,丰台,木樨园,101124537001,马公庄 满五年在北京唯一住宅 精装修,285万,50000元/平,顶层 (共5层) 2室1厅 | 57平米 | 南 北,https://ke-image.ljcdn.com/110000-inspection/eaac3199-b0ec-48a0-bfe9-427f70bc54a6_1000.jpg!m_fill,w_280,h_210,f_jpg?from=ke.com
20240620,丰台,木樨园,101124525770,三环里 2007年建成 正对小区花园 楼层好视野好,449万,52004元/平,高楼层 (共19层) 2室1厅 | 86.34平米 | 东北,https://ke-image.ljcdn.com/110000-inspection/441c46f6-65a4-455c-b716-67c2101017d3_1000.jpg!m_fill,w_280,h_210,f_jpg?from=ke.com
20240620,丰台,木樨园,101124491074,总监推荐2006年朝西向正规一居室商品房 交通方便,289万,47161元/平,高楼层 (共24层) 1室1厅 | 61.28平米 | 西,https://ke-image.ljcdn.com/110000-inspection/f597697f-e17d-4244-9684-ef7666521a7b_1000.jpg!m_fill,w_280,h_210,f_jpg?from=ke.com
20240620,丰台,木樨园,101124416905,赵公口电力局宿舍楼 满五年  明厨明卫,288万,48089元/平,低楼层 (共6层) 2室1厅 | 59.89平米 | 南 北,https://ke-image.ljcdn.com/110000-inspection/97c5c8ac-5e68-4cba-80ee-73ddcf8fae3e_1000.jpg!m_fill,w_280,h_210,f_jpg?from=ke.com
20240620,丰台,木樨园,101124088330,马公庄 业主诚心出售看房提前预约,340万,49636元/平,底层 (共6层) 3室1厅 | 68.5平米 | 南 北,https://ke-image.ljcdn.com/110000-inspection/2c3cea72-b8cc-47b7-b1ce-7b63381484f9_1000.jpg!m_fill,w_280,h_210,f_jpg?from=ke.com
20240620,丰台,木樨园,101124070659,三环内南北通透 满五唯一 精装 视野采光好 随时看,349万,51400元/平,高楼层 (共6层) 3室1厅 | 67.9平米 | 南 北,https://ke-image.ljcdn.com/110000-inspection/pc1_QQcdkIhkX_1.jpg!m_fill,w_280,h_210,f_jpg?from=ke.com
20240620,丰台,木樨园,101124064951,南三环赵公口小区 5号线刘家窑 东南向电梯房两居室,298万,48949元/平,高楼层 (共21层) | 1998年 | 2室1厅 | 60.88平米 | 东南,https://ke-image.ljcdn.com/110000-inspection/0c84b29d-e01a-49b9-8aa6-4ee8aeaa745d_1000.jpg!m_fill,w_280,h_210,f_jpg?from=ke.com
20240620,丰台,木樨园,101124058850,远中悦麒  业主诚心出售  看房提前预约,220万,46581元/平,中楼层 (共24层) 1室1厅 | 47.23平米 | 西,https://ke-image.ljcdn.com/110000-inspection/6377cac0-4113-4585-89de-d7f3c92d6ec2_1000.jpg!m_fill,w_280,h_210,f_jpg?from=ke.com
20240620,丰台,木樨园,101124024043,南三环  东北三居室  总监推荐 8号线电梯房房主自荐,325万,43760元/平,中楼层 (共17层) 3室1厅 | 74.27平米 | 东 北,https://ke-image.ljcdn.com/110000-inspection/dcfd80aa-f9a8-4b60-989f-45fe4fc5e6c3_1000.jpg!m_fill,w_280,h_210,f_jpg?from=ke.com
20240620,丰台,木樨园,101124003669,双卫双厅大两居室采光好高得房率,530万,51926元/平,顶层 (共27层) 2室2厅 | 102.07平米 | 西南,https://ke-image.ljcdn.com/110000-inspection/1c02ea45-fbb9-462f-9005-410b01531463_1000.jpg!m_fill,w_280,h_210,f_jpg?from=ke.com
20240620,丰台,木樨园,101123980438,下楼就是地铁自带2万平米花园停车位充足,466万,64029元/平,高楼层 (共25层) 1室1厅 | 72.78平米 | 东南,https://ke-image.ljcdn.com/110000-inspection/79110b5a-ee25-4de4-929e-c5f44a7a3926_1000.jpg!m_fill,w_280,h_210,f_jpg?from=ke.com
20240620,丰台,木樨园,101123947121,东木樨园 3室1厅 东 西,439万,45635元/平,高楼层 (共15层) 3室1厅 | 96.2平米 | 东 西,https://ke-image.ljcdn.com/110000-inspection/pc1_CuxHvLB1b_1.jpg!m_fill,w_280,h_210,f_jpg?from=ke.com
20240620,丰台,木樨园,101123941885,三环边   2006年商品房    远中悦麒 物业管理好,190万,43026元/平,高楼层 (共24层) 1室0厅 | 44.16平米 | 北,https://ke-image.ljcdn.com/110000-inspection/1dc1c699-3009-48c9-be70-8d2f5fabeff2_1000.jpg!m_fill,w_280,h_210,f_jpg?from=ke.com
20240620,丰台,木樨园,101123928173,刘家窑石榴庄赵公口有电梯满五年无遮挡采光好房主自荐,298万,50758元/平,中楼层 (共21层) 2室1厅 | 58.71平米 | 东南,https://ke-image.ljcdn.com/110000-inspection/334f6c4b-0a11-45f9-bcb6-9902544060c5_1000.jpg!m_fill,w_280,h_210,f_jpg?from=ke.com
20240620,丰台,木樨园,101123911875,南三环刘家窑地铁体育局家属楼 封闭管理,348万,50530元/平,中楼层 (共24层) 1室1厅 | 68.87平米 | 东,https://ke-image.ljcdn.com/110000-inspection/66dfd026-e448-4afd-8316-e85367325fe0_1000.jpg!m_fill,w_280,h_210,f_jpg?from=ke.com
20240620,丰台,木樨园,101123893281,东木樨园南向一居室配套成熟交通生活都很方便,205万,41498元/平,低楼层 (共10层) 1室1厅 | 49.4平米 | 南,https://ke-image.ljcdn.com/110000-inspection/bbf531cf-e994-4abf-b998-3772908c9cd6_1000.jpg!m_fill,w_280,h_210,f_jpg?from=ke.com
20240620,丰台,木樨园,101123873009,定安西里 2室1厅 南 北,280万,49210元/平,高楼层 (共6层) 2室1厅 | 56.9平米 | 南 北,https://ke-image.ljcdn.com/110000-inspection/0c5da669-df28-4385-a5f6-b6ae8ee376fb_1000.jpg!m_fill,w_280,h_210,f_jpg?from=ke.com
20240620,丰台,木樨园,101123842512,东木樨园 1室1厅 东,149万,33038元/平,地下室 (共9层) 1室1厅 | 45.1平米 | 东,https://ke-image.ljcdn.com/110000-inspection/7b60741a-0fbe-435c-9413-124f918e2f44_1000.jpg!m_fill,w_280,h_210,f_jpg?from=ke.com
20240620,丰台,木樨园,101123838476,远中悦麒南向一室一厅诚意出售。,419万,59383元/平,中楼层 (共24层) 1室1厅 | 70.56平米 | 南,https://ke-image.ljcdn.com/110000-inspection/85a1ce36-f961-4f1c-aae1-3a4143b5fd0a_1000.jpg!m_fill,w_280,h_210,f_jpg?from=ke.com
20240620,丰台,木樨园,101123818384,赵公口小区 2室1厅 南 北,318万,49844元/平,高楼层 (共6层) 2室1厅 | 63.8平米 | 南 北,https://ke-image.ljcdn.com/110000-inspection/a852c7dc-3c65-4c55-ad0e-a910e0224f79_1000.jpg!m_fill,w_280,h_210,f_jpg?from=ke.com
20240620,丰台,木樨园,101123793141,南三环中路三居 东北朝向 电梯 诚售,365万,54707元/平,低楼层 (共16层) 3室1厅 | 66.72平米 | 东北,https://ke-image.ljcdn.com/110000-inspection/pc1_RrYHZk0YI_1.jpg!m_fill,w_280,h_210,f_jpg?from=ke.com
20240620,丰台,木樨园,101123790167,三环里 低楼层 南北通透两居室 满五年唯一 精装修,283万,51549元/平,低楼层 (共6层) 2室1厅 | 54.9平米 | 南 北,https://ke-image.ljcdn.com/110000-inspection/9969284f-0430-4654-924f-716d09ae7032_1000.jpg!m_fill,w_280,h_210,f_jpg?from=ke.com
20240620,丰台,木樨园,101123727989,宣祥家园高层一居室业主诚心出售,310万,48537元/平,高楼层 (共24层) | 2005年 | 1室1厅 | 63.87平米 | 西,https://ke-image.ljcdn.com/110000-inspection/pc1_R0Mz9587c_1.jpg!m_fill,w_280,h_210,f_jpg?from=ke.com
20240620,丰台,木樨园,101123712287,慧时欣园一期 满五唯一 商品房,518万,56483元/平,低楼层 (共25层) 2室1厅 | 91.71平米 | 东北,https://ke-image.ljcdn.com/110000-inspection/12184c8f-778e-430c-9ed6-20ea066b283c_1000.jpg!m_fill,w_280,h_210,f_jpg?from=ke.com
20240620,丰台,木樨园,101123665049,南三环田字格南北三居室 中间楼层 交通方便 全明格局,359万,52333元/平,中楼层 (共5层) 3室1厅 | 68.6平米 | 南 北,https://ke-image.ljcdn.com/110000-inspection/961a092c-22c8-4ff9-87b5-d1d81f62b4ca_1000.jpg!m_fill,w_280,h_210,f_jpg?from=ke.com
20240620,丰台,木樨园,101123567990,慧时欣园一期 南向两居室 精装修 满五唯一,510万,61766元/平,中楼层 (共25层) 2室1厅 | 82.57平米 | 南,https://ke-image.ljcdn.com/110000-inspection/634d2fea-5908-452d-8423-83b4f04219b4_1000.jpg!m_fill,w_280,h_210,f_jpg?from=ke.com
20240620,丰台,木樨园,101123538602,远中悦麒  2006年社区 北向正规一居室,298万,55618元/平,低楼层 (共24层) 1室1厅 | 53.58平米 | 北,https://ke-image.ljcdn.com/110000-inspection/4c6e419a-1dac-4c39-81e3-016baca13044_1000.jpg!m_fill,w_280,h_210,f_jpg?from=ke.com
20240620,丰台,木樨园,101123522557,刘家窑木樨园南三环 婚房两居 无挡采光好看房方便,295万,48890元/平,低楼层 (共16层) 2室1厅 | 60.34平米 | 西南,https://ke-image.ljcdn.com/110000-inspection/faf89158-dfda-44db-9122-a9d5c343cfc9_1000.jpg!m_fill,w_280,h_210,f_jpg?from=ke.com
20240620,丰台,木樨园,101123483599,赵公口小区 南北通透两居室 婚房装修 满五年唯一房主自荐,345万,49943元/平,高楼层 (共6层) 2室1厅 | 69.08平米 | 南 北,https://ke-image.ljcdn.com/110000-inspection/2978eb9d-00a1-46d4-a6a9-45556930e09a_1000.jpg!m_fill,w_280,h_210,f_jpg?from=ke.com
20240620,丰台,木樨园,101123441038,三环里 东木樨园 电梯钢混 满五年唯一,229万,39689元/平,中楼层 (共15层) 1室1厅 | 57.7平米 | 东,https://ke-image.ljcdn.com/110000-inspection/pc1_KxituXjsM_1.jpg!m_fill,w_280,h_210,f_jpg?from=ke.com
20240620,丰台,木樨园,101123409749,丰台区光彩体育馆光彩路慧时欣园一期,510万,55897元/平,低楼层 (共25层) 2室1厅 | 91.24平米 | 南,https://ke-image.ljcdn.com/110000-inspection/3e9d674e-c29e-4d75-8e5b-03bd6affebe3_1000.jpg!m_fill,w_280,h_210,f_jpg?from=ke.com
20240620,丰台,木樨园,101123366960,南三环中路 赵公口桥西 马公庄 南北两居房主自荐,259万,39542元/平,高楼层 (共6层) | 1980年 | 2室1厅 | 65.5平米 | 南 北,https://ke-image.ljcdn.com/110000-inspection/6a5fe479-fd3d-4f28-97aa-8641728c6a94_1000.jpg!m_fill,w_280,h_210,f_jpg?from=ke.com
20240620,丰台,木樨园,101123314417,远中悦麒 朝西带阳台 诚心出售 看房方便,236万,49969元/平,中楼层 (共24层) 1室0厅 | 47.23平米 | 西,https://ke-image.ljcdn.com/110000-inspection/68f4def7-df95-4db1-beb7-cb60d8ec0aa9_1000.jpg!m_fill,w_280,h_210,f_jpg?from=ke.com
20240620,丰台,木樨园,101123272134,三环内 南三环中路两居满五唯一 中间楼层采光好,224万,39901元/平,中楼层 (共6层) 2室1厅 | 56.14平米 | 南 东北,https://ke-image.ljcdn.com/110000-inspection/2360f5b7-433b-4fcc-8d8f-577abdeb03f1_1000.jpg!m_fill,w_280,h_210,f_jpg?from=ke.com
20240620,丰台,木樨园,101123267113,南三环附近 西南向2居室 楼层高 视野好,430万,49245元/平,中楼层 (共21层) 2室1厅 | 87.32平米 | 西南,https://ke-image.ljcdn.com/110000-inspection/a0101bcf-7db6-4f01-b72d-4801dc59d914_1000.jpg!m_fill,w_280,h_210,f_jpg?from=ke.com
20240620,丰台,木樨园,101123260545,南三环 赵公口小区 满五年唯一,238万,52102元/平,低楼层 (共6层) 1室1厅 | 45.68平米 | 南,https://ke-image.ljcdn.com/110000-inspection/a32d20dd-7a32-48ea-ae20-a040ab43ca47_1000.jpg!m_fill,w_280,h_210,f_jpg?from=ke.com
20240620,丰台,木樨园,101123170817,赵公口 三环内 电梯楼 精装修 满五唯一 西南两居室,359万,59241元/平,低楼层 (共16层) 2室1厅 | 60.6平米 | 西南,https://ke-image.ljcdn.com/110000-inspection/pc1_uDHuNA4FQ_1.jpg!m_fill,w_280,h_210,f_jpg?from=ke.com
20240620,丰台,木樨园,101123155315,宣祥家园 三环里 钢混电梯直达 8号线 满五唯一,425万,55038元/平,高楼层 (共24层) 2室1厅 | 77.22平米 | 西,https://ke-image.ljcdn.com/110000-inspection/b519e1d7-d5db-422f-b496-22acbb41edb0_1000.jpg!m_fill,w_280,h_210,f_jpg?from=ke.com
20240620,丰台,木樨园,101123151550,东木樨园 三环里 8号线 95年钢混结构 诚意出售,256万,49421元/平,低楼层 (共9层) 1室1厅 | 51.8平米 | 东南,https://ke-image.ljcdn.com/110000-inspection/dde1f0eb-8b50-4edf-8416-b1207284bc98_1000.jpg!m_fill,w_280,h_210,f_jpg?from=ke.com
20240620,丰台,木樨园,101123053013,三环边2006年商品房精装修无遮挡 交通便利,249万,50111元/平,低楼层 (共24层) 1室1厅 | 49.69平米 | 南,https://ke-image.ljcdn.com/110000-inspection/46eb5f0b-a778-4ee5-96ad-ae29efd9d01e_1000.jpg!m_fill,w_280,h_210,f_jpg?from=ke.com
20240620,丰台,木樨园,101123029085,赵公口 三环里电梯两居 采光好 诚意出售,278万,47360元/平,顶层 (共16层) 2室1厅 | 58.7平米 | 西北,https://ke-image.ljcdn.com/110000-inspection/pc1_y2AL5AuAF_1.jpg!m_fill,w_280,h_210,f_jpg?from=ke.com
20240620,丰台,木樨园,101122983687,赵公口小区东南朝向一居室带电梯看房方便,230万,51157元/平,高楼层 (共21层) | 1998年 | 1室1厅 | 44.96平米 | 东南,https://ke-image.ljcdn.com/110000-inspection/36b78781-40e9-4a06-865c-74cde7aa4993_1000.jpg!m_fill,w_280,h_210,f_jpg?from=ke.com
20240620,丰台,木樨园,101122834683,停车位充足下楼就是地铁自带2万平米花园,393万,65326元/平,中楼层 (共27层) | 2003年 | 1室1厅 | 60.16平米 | 东南,https://ke-image.ljcdn.com/110000-inspection/c8ed60bd-4193-4584-bf39-5dab12674b9f_1000.jpg!m_fill,w_280,h_210,f_jpg?from=ke.com
20240620,丰台,木樨园,101122824200,南曦大厦  南三环  带电梯 2004年,548万,46449元/平,中楼层 (共22层) 2室1厅 | 117.98平米 | 西,https://ke-image.ljcdn.com/110000-inspection/pc1_wtWB6MLpi.jpg!m_fill,w_280,h_210,f_jpg?from=ke.com
20240620,丰台,木樨园,101122790738,东木樨园 精装 有电梯 8号线 唯一 商品房,330万,45330元/平,高楼层 (共9层) 2室1厅 | 72.8平米 | 东南,https://ke-image.ljcdn.com/110000-inspection/ab5c7cf4-c389-4e19-81d6-783863ad697d_1000.jpg!m_fill,w_280,h_210,f_jpg?from=ke.com
20240620,丰台,木樨园,101122780844,东木樨园 精装 有电梯 8号线 满五唯一 商品房,330万,46026元/平,高楼层 (共9层) 2室1厅 | 71.7平米 | 东南,https://ke-image.ljcdn.com/110000-inspection/1a5450e3-6c43-417e-bf77-31ab35ad9601_1000.jpg!m_fill,w_280,h_210,f_jpg?from=ke.com
20240620,丰台,木樨园,101122641778,南三环 赵公口桥西 马公庄 南向两居室,225万,43860元/平,中楼层 (共5层) 2室1厅 | 51.3平米 | 南,https://ke-image.ljcdn.com/110000-inspection/5a2e0a5d-0848-4e6c-b0ab-6bf791848558_1000.jpg!m_fill,w_280,h_210,f_jpg?from=ke.com
20240620,丰台,木樨园,101122579501,慧时欣园一期 精装修 两居室经理推荐,415万,45242元/平,顶层 (共25层) 2室1厅 | 91.73平米 | 东,https://ke-image.ljcdn.com/110000-inspection/abe764f0-f2c9-4a35-a747-1ab442705381_1000.jpg!m_fill,w_280,h_210,f_jpg?from=ke.com
20240620,丰台,木樨园,101122562714,三环内 精装修 中间层 满五唯一 交通便利、配套好,258万,45957元/平,中楼层 (共6层) 2室1厅 | 56.14平米 | 东 南 北,https://ke-image.ljcdn.com/110000-inspection/pc1_iWJfYvuNh_1.jpg!m_fill,w_280,h_210,f_jpg?from=ke.com
20240620,丰台,木樨园,101122486324,东木樨园 1室1厅 南,215万,51559元/平,中楼层 (共6层) | 1988年 | 1室1厅 | 41.7平米 | 南,https://ke-image.ljcdn.com/110000-inspection/pc1_tEX1nuwR1_1.jpg!m_fill,w_280,h_210,f_jpg?from=ke.com
20240620,丰台,木樨园,101122416823,满五唯一双卧朝南精装修两居室高楼层电梯直达,320万,54645元/平,高楼层 (共16层) 2室1厅 | 58.56平米 | 南,https://ke-image.ljcdn.com/110000-inspection/pc1_q4LpurOJ2_1.jpg!m_fill,w_280,h_210,f_jpg?from=ke.com
20240620,丰台,木樨园,101122367389,满五年唯一家庭住房30万精装修房主自荐,560万,51091元/平,中楼层 (共25层) | 2001年 | 3室1厅 | 109.61平米 | 东北,https://ke-image.ljcdn.com/110000-inspection/2add4e07-f3b2-41d0-a7c1-7c5fe80069d2_1000.jpg!m_fill,w_280,h_210,f_jpg?from=ke.com
20240620,丰台,木樨园,101122182094,光彩北路8号院 户型方正 小区管理到位,419万,50501元/平,低楼层 (共24层) 2室1厅 | 82.97平米 | 西南,https://ke-image.ljcdn.com/110000-inspection/pc1_99cLCIPpV_1.jpg!m_fill,w_280,h_210,f_jpg?from=ke.com
20240620,丰台,木樨园,101122142978,西南向两居室视野开阔采光充足满五年唯一商品房,469万,57462元/平,顶层 (共16层) 2室1厅 | 81.62平米 | 西南,https://ke-image.ljcdn.com/110000-inspection/5ae04af6-128d-4672-93c9-67600f8e28e3_1000.jpg!m_fill,w_280,h_210,f_jpg?from=ke.com
20240620,丰台,木樨园,101122099993,石榴庄 宋家庄 大红门 慧时欣园二期 高层 满五唯一,550万,54760元/平,高楼层 (共24层) 2室1厅 | 100.44平米 | 东南,https://ke-image.ljcdn.com/110000-inspection/b67293c0-b5c0-4201-a869-2db66bf303b1_1000.jpg!m_fill,w_280,h_210,f_jpg?from=ke.com
20240620,丰台,木樨园,101122093671,北京市丰台区赵公口光彩路慧时欣园一期,518万,53574元/平,低楼层 (共25层) | 2001年 | 2室1厅 | 96.69平米 | 西南,https://ke-image.ljcdn.com/110000-inspection/a5754c5d-b1a4-4317-b6a8-405e139dc96c_1000.jpg!m_fill,w_280,h_210,f_jpg?from=ke.com
20240620,丰台,木樨园,101122033504,三环边马公庄南向精装修一居室出售,190万,43578元/平,中楼层 (共15层) 1室1厅 | 43.6平米 | 南,https://ke-image.ljcdn.com/110000-inspection/3697bb19-8529-4783-a252-82e0784b4360_1000.jpg!m_fill,w_280,h_210,f_jpg?from=ke.com
20240620,丰台,木樨园,101121912027,慧时欣园二期 2室1厅 东南,548万,53710元/平,中楼层 (共24层) 2室1厅 | 102.03平米 | 东南,https://ke-image.ljcdn.com/110000-inspection/cf90927a-1265-4dc9-a6c7-b27bc705ec00_1000.jpg!m_fill,w_280,h_210,f_jpg?from=ke.com
20240620,丰台,木樨园,101121772485,东木樨园  三环里 钢混结构两居室 诚意出售,369万,48823元/平,中楼层 (共14层) 2室1厅 | 75.58平米 | 东北,https://ke-image.ljcdn.com/110000-inspection/pc1_te0GJLBKw_1.jpg!m_fill,w_280,h_210,f_jpg?from=ke.com
20240620,丰台,木樨园,101121757717,交通便利购物方便视野开阔。房主自荐,430万,47572元/平,中楼层 (共7层) 2室2厅 | 90.39平米 | 南 北,https://ke-image.ljcdn.com/110000-inspection/aa574e77-0f3e-44f2-b99b-e8baa8b90bd4_1000.jpg!m_fill,w_280,h_210,f_jpg?from=ke.com
20240620,丰台,木樨园,101121745957,三环边  半地下精装修两居室  马公庄房主自荐,188万,33572元/平,地下室 (共6层) 2室1厅 | 56平米 | 南 北,https://ke-image.ljcdn.com/110000-inspection/2ccc0637-7188-4e34-8a1c-4d334278eb66_1000.jpg!m_fill,w_280,h_210,f_jpg?from=ke.com
20240620,丰台,木樨园,101121639832,东罗园  南北通透 低楼层 诚心出售,252万,49480元/平,低楼层 (共6层) 2室1厅 | 50.93平米 | 南 北,https://ke-image.ljcdn.com/110000-inspection/d5ef6054-66c2-48dd-b511-e5232a943ad5_1000.jpg!m_fill,w_280,h_210,f_jpg?from=ke.com
20240620,丰台,木樨园,101121636789,慧时欣园二期 都市绿洲  精装修两居室,650万,63670元/平,高楼层 (共24层) 2室2厅 | 102.09平米 | 东南,https://ke-image.ljcdn.com/110000-inspection/fadecf32-1848-4e0b-b9a5-d3a2606739dd_1000.jpg!m_fill,w_280,h_210,f_jpg?from=ke.com
20240620,丰台,木樨园,101121592291,赵公口小区南北通透两居  户型方正有客厅,290万,48423元/平,低楼层 (共6层) 2室1厅 | 59.89平米 | 南 北,https://ke-image.ljcdn.com/110000-inspection/02d99efe-e06f-452d-9337-404abb9966e8_1000.jpg!m_fill,w_280,h_210,f_jpg?from=ke.com
20240620,丰台,木樨园,101121526643,宣祥家园 1室1厅 东房主自荐,315万,49654元/平,中楼层 (共26层) 1室1厅 | 63.44平米 | 东,https://ke-image.ljcdn.com/110000-inspection/6501c042-7842-4023-8e1a-88397b51e308_1000.jpg!m_fill,w_280,h_210,f_jpg?from=ke.com
20240620,丰台,木樨园,101121336300,远中悦麒  2006年商品房  东向正规一居室 满五年唯一房主自荐,315万,51404元/平,高楼层 (共24层) 1室1厅 | 61.28平米 | 东,https://ke-image.ljcdn.com/110000-inspection/pc1_LL8PX7hQS.jpg!m_fill,w_280,h_210,f_jpg?from=ke.com
20240620,丰台,木樨园,101121270615,冠军楼 3室1厅 西南,550万,53238元/平,低楼层 (共21层) 3室1厅 | 103.31平米 | 西南,https://ke-image.ljcdn.com/110000-inspection/903f6dfc-3537-426c-9170-18fbc804ff94_1000.jpg!m_fill,w_280,h_210,f_jpg?from=ke.com
20240620,丰台,木樨园,101121139410,慧时欣园二期 正规一居 地铁10号线 2万平花园房主自荐,380万,63165元/平,高楼层 (共24层) 1室1厅 | 60.16平米 | 西南,https://ke-image.ljcdn.com/110000-inspection/dd8873a9-bf63-4465-8193-86350612c178_1000.jpg!m_fill,w_280,h_210,f_jpg?from=ke.com
20240620,丰台,木樨园,101121098593,正规三居室 看房方便 电梯房 满五唯一,510万,49573元/平,中楼层 (共21层) 3室1厅 | 102.88平米 | 西北,https://ke-image.ljcdn.com/110000-inspection/d99f7311-5177-4561-ac68-22c8480bbcce_1000.jpg!m_fill,w_280,h_210,f_jpg?from=ke.com
20240620,丰台,木樨园,101121081688,下楼就是地铁停车位比较充足自带2万平米花园,530万,59585元/平,中楼层 (共25层) 2室1厅 | 88.95平米 | 西南,https://ke-image.ljcdn.com/110000-inspection/c94fd200-2b45-4542-913f-7148971db381_1000.jpg!m_fill,w_280,h_210,f_jpg?from=ke.com
20240620,丰台,木樨园,101121049316,东木樨园 南北通透2居精装修地铁8号线木樨园站房主自荐,269万,44215元/平,高楼层 (共6层) 2室1厅 | 60.84平米 | 南 北,https://ke-image.ljcdn.com/110000-inspection/50e35bb8-e160-4561-b768-c195dec44fa6_1000.jpg!m_fill,w_280,h_210,f_jpg?from=ke.com
20240620,丰台,木樨园,101120835954,楼层好视野开阔采光充足交通便利,259万,40280元/平,顶层 (共9层) 2室1厅 | 64.3平米 | 西南,https://ke-image.ljcdn.com/110000-inspection/pc1_I9q6EV6Nh_1.jpg!m_fill,w_280,h_210,f_jpg?from=ke.com
20240620,丰台,木樨园,101120598846,东木樨园 全南向1居 地铁8号线木樨园站 满五年,200万,46308元/平,顶层 (共6层) 1室1厅 | 43.19平米 | 南,https://ke-image.ljcdn.com/110000-inspection/52b4848f-8333-45b9-b874-ce8562d38858_1000.jpg!m_fill,w_280,h_210,f_jpg?from=ke.com
20240620,丰台,木樨园,101120487774,慧时欣园一期 西南两居 满五年 高楼层 门口地铁10号线,550万,56901元/平,中楼层 (共25层) 2室1厅 | 96.66平米 | 西南,https://ke-image.ljcdn.com/110000-inspection/24c2ee66-9063-43cc-ada8-55c022df21f2_1000.jpg!m_fill,w_280,h_210,f_jpg?from=ke.com
20240620,丰台,木樨园,101120248225,光彩北路8号院全南三居室诚意出售,650万,64192元/平,低楼层 (共21层) 3室1厅 | 101.26平米 | 东南 南,https://ke-image.ljcdn.com/110000-inspection/43275484-bf62-49c1-9574-188d06e2fd4d_1000.jpg!m_fill,w_280,h_210,f_jpg?from=ke.com
20240620,丰台,木樨园,101120229312,赵公口小区 新上高楼层两居室 东南从朝向 采光好,349万,52632元/平,高楼层 (共21层) 2室1厅 | 66.31平米 | 东南,https://ke-image.ljcdn.com/110000-inspection/412dc16c-203b-4785-b8a3-82334020a923_1000.jpg!m_fill,w_280,h_210,f_jpg?from=ke.com
20240620,丰台,木樨园,101120131714,三环内 满五唯一 不临街 南向 中间层一居室,199万,51555元/平,中楼层 (共6层) 1室1厅 | 38.6平米 | 南,https://ke-image.ljcdn.com/110000-inspection/c881416f-ee97-4c1d-bc94-9c6719bd4ab5_1000.jpg!m_fill,w_280,h_210,f_jpg?from=ke.com
20240620,丰台,木樨园,101119922678,马公庄全南向两居室出售采光好,288万,56250元/平,中楼层 (共6层) 2室1厅 | 51.2平米 | 南,https://ke-image.ljcdn.com/110000-inspection/669ffee9-dcda-4568-bc9b-d90452a4572f_1000.jpg!m_fill,w_280,h_210,f_jpg?from=ke.com
20240620,丰台,木樨园,101119389097,慧时欣园二期不临街南北双卫两居,730万,65867元/平,中楼层 (共26层) 2室1厅 | 110.83平米 | 南 北,https://ke-image.ljcdn.com/110000-inspection/68cc3656-999f-4ef1-b465-6dc7b58ba638_1000.jpg!m_fill,w_280,h_210,f_jpg?from=ke.com
20240620,丰台,木樨园,101119243097,小区停车位充足带2万平米花园下楼就是地铁,368万,60988元/平,中楼层 (共27层) 1室1厅 | 60.34平米 | 东南,https://ke-image.ljcdn.com/110000-inspection/d130e26b-f3e6-4b0e-a5c7-da376d3f52f4_1000.jpg!m_fill,w_280,h_210,f_jpg?from=ke.com
20240620,丰台,木樨园,101118989108,木樨园桥东南角 自然美两居室诚意出售,481万,45110元/平,中楼层 (共25层) 2室1厅 | 106.63平米 | 西,https://ke-image.ljcdn.com/110000-inspection/dc681019-f062-48e6-a56e-c74952d77491_1000.jpg!m_fill,w_280,h_210,f_jpg?from=ke.com
20240620,丰台,木樨园,101118269787,慧时欣园二期 精装修 花园社区房主自荐,620万,62019元/平,低楼层 (共24层) 2室1厅 | 99.97平米 | 东南,https://ke-image.ljcdn.com/110000-inspection/03bd8aed-3c61-4e29-a2a9-99755d72a30f_1000.jpg!m_fill,w_280,h_210,f_jpg?from=ke.com
20240620,丰台,木樨园,101118243618,南木樨园 西向两居室 满五年商品房,315万,58291元/平,低楼层 (共16层) 2室1厅 | 54.04平米 | 西,https://ke-image.ljcdn.com/110000-inspection/1bcc43f4-a98f-4a52-93c3-89060105ccb5_1000.jpg!m_fill,w_280,h_210,f_jpg?from=ke.com
20240620,丰台,木樨园,101117951475,次顶层下楼就是地铁自带2万平米花园,525万,54315元/平,高楼层 (共25层) 2室1厅 | 96.66平米 | 西南,https://ke-image.ljcdn.com/110000-inspection/d6e2f53d-82c4-451f-b2d6-4c1f75bcc483_1000.jpg!m_fill,w_280,h_210,f_jpg?from=ke.com
20240620,丰台,木樨园,101117613699,慧时欣园二期  精装 都市绿洲,828万,57709元/平,低楼层 (共24层) 3室1厅 | 143.48平米 | 南 北,https://ke-image.ljcdn.com/110000-inspection/c8394314-6f27-4ac6-8d26-005d2af5dc79_1000.jpg!m_fill,w_280,h_210,f_jpg?from=ke.com
20240620,丰台,木樨园,101117541028,自然美 南三环 高楼层 看房提前预约 产权清晰,490万,45233元/平,高楼层 (共25层) 2室1厅 | 108.33平米 | 东北,https://ke-image.ljcdn.com/110000-inspection/5a2866d3-1ff6-4e39-9d06-5ee354a1be08_1000.jpg!m_fill,w_280,h_210,f_jpg?from=ke.com
20240620,丰台,木樨园,101124967651,三环内 中间楼层 电梯直达三居室 双阳台 满五年唯新上,435万,49545元/平,中楼层 (共16层) 3室1厅 | 87.8平米 | 西南,https://ke-image.ljcdn.com/110000-inspection/39b84600-ac41-4935-993b-27058410d333_1000.jpg!m_fill,w_280,h_210,f_jpg?from=ke.com
20240620,丰台,木樨园,101124942913,马公庄  朝南  正规一居室 带电梯新上,180万,40541元/平,中楼层 (共15层) | 1989年 | 1室1厅 | 44.4平米 | 南,https://ke-image.ljcdn.com/110000-inspection/19db0a3a-f666-4152-90d0-76b6edc4bc3f_1000.jpg!m_fill,w_280,h_210,f_jpg?from=ke.com
20240620,丰台,木樨园,101124896753,南三环中路70号视野无遮挡一居室出售新上,205万,41991元/平,中楼层 (共22层) 1室1厅 | 48.82平米 | 北,https://ke-image.ljcdn.com/110000-inspection/502947a7-f820-4ad6-8f8e-b8acf6042af8_1000.jpg!m_fill,w_280,h_210,f_jpg?from=ke.com
20240620,丰台,木樨园,101124825566,石榴庄刘家窑宋家庄赵公口大红门木樨园慧时欣园二期,780万,53890元/平,低楼层 (共26层) 3室1厅 | 144.74平米 | 南 北,https://ke-image.ljcdn.com/110000-inspection/fd134e43-cde8-40ba-b308-5b9de4984037_1000.jpg!m_fill,w_280,h_210,f_jpg?from=ke.com
20240620,丰台,木樨园,101124709244,优选好房 慧时欣园二期 板楼 南向 2居室 精装修房主自荐,660万,60690元/平,低楼层 (共20层) | 2004年 | 2室1厅 | 108.75平米 | 南,https://ke-image.ljcdn.com/110000-inspection/ed85c0e8-a51c-4d9f-bd1a-a6efda4bc8fc_1000.jpg!m_fill,w_280,h_210,f_jpg?from=ke.com
20240620,丰台,木樨园,101124563324,慧时欣园一期 东南向 大一居室高楼层 无遮挡,360万,49370元/平,高楼层 (共25层) 1室1厅 | 72.92平米 | 东南,https://ke-image.ljcdn.com/110000-inspection/bfd82c3a-84d1-49d3-871d-693aafae2964_1000.jpg!m_fill,w_280,h_210,f_jpg?from=ke.com
20240620,丰台,木樨园,101124343356,三环内 精装南向2居 全屋智能家居 8号线木樨园站房主自荐,580万,51079元/平,中楼层 (共27层) | 1999年 | 2室1厅 | 113.55平米 | 南,https://ke-image.ljcdn.com/110000-inspection/fbb79401-8649-4bfa-8ae6-3c2e26dd870f_1000.jpg!m_fill,w_280,h_210,f_jpg?from=ke.com
20240620,丰台,木樨园,101124314667,赵公口小区 朝南向两居 精装修 满五年唯一,330万,54438元/平,高楼层 (共6层) 2室1厅 | 60.62平米 | 南,https://ke-image.ljcdn.com/110000-inspection/2e0742a7-2544-4ad9-b9d3-9beec1673202_1000.jpg!m_fill,w_280,h_210,f_jpg?from=ke.com
20240620,丰台,木樨园,101124272523,南三环总监推荐20062006年商品房西南大二居室交通方便,588万,57789元/平,低楼层 (共24层) 2室1厅 | 101.75平米 | 西南,https://ke-image.ljcdn.com/110000-inspection/d0cfe941-18e3-4471-ba4f-6922fe0195f7_1000.jpg!m_fill,w_280,h_210,f_jpg?from=ke.com
20240620,丰台,木樨园,101124271501,南三环 马公庄带电梯正规一居室  交通方便,190万,43479元/平,高楼层 (共15层) 1室1厅 | 43.7平米 | 南,https://ke-image.ljcdn.com/110000-inspection/099c0e13-3683-422a-9b76-257e386db804_1000.jpg!m_fill,w_280,h_210,f_jpg?from=ke.com
20240620,丰台,木樨园,101124200420,慧时欣园一期 东南大两居 近地铁,510万,52763元/平,高楼层 (共25层) | 2001年 | 2室1厅 | 96.66平米 | 东南,https://ke-image.ljcdn.com/110000-inspection/df6d9441-bdf5-4553-94f1-6185148cd9e2_1000.jpg!m_fill,w_280,h_210,f_jpg?from=ke.com
20240620,丰台,木樨园,101123995740,店长推荐 三环内 大院不临街 南北通透 满五年唯一,309万,45576元/平,中楼层 (共9层) 2室1厅 | 67.8平米 | 南 北,https://ke-image.ljcdn.com/110000-inspection/pc1_II5Le0dSN_2.jpg!m_fill,w_280,h_210,f_jpg?from=ke.com
20240620,丰台,木樨园,101123902962,冠军楼 2室1厅 东南,430万,48321元/平,高楼层 (共21层) 2室1厅 | 88.99平米 | 东南,https://ke-image.ljcdn.com/110000-inspection/c29ee936-1df7-49a9-afa5-e3db5107847a_1000.jpg!m_fill,w_280,h_210,f_jpg?from=ke.com
20240620,丰台,木樨园,101123889784,三环内 双城公寓 西南向3居 地铁8号线木樨园站 满五年,738万,45655元/平,中楼层 (共27层) 3室1厅 | 161.65平米 | 西南,https://ke-image.ljcdn.com/110000-inspection/pc1_gaSgW0hza_1.jpg!m_fill,w_280,h_210,f_jpg?from=ke.com
20240620,丰台,木樨园,101123880476,三环边   精装修   南向一居室南木樨园房主自荐,229万,58688元/平,中楼层 (共5层) 1室1厅 | 39.02平米 | 南,https://ke-image.ljcdn.com/110000-inspection/24dd4963-f9d6-4a3a-8542-83362aa33d17_1000.jpg!m_fill,w_280,h_210,f_jpg?from=ke.com
20240620,丰台,木樨园,101123853153,三环内正规一室一厅满五唯一商品房。,185万,42598元/平,高楼层 (共6层) 1室1厅 | 43.43平米 | 南,https://ke-image.ljcdn.com/110000-inspection/6ed23e55-c82b-406c-82f5-0f5bceef764e_1000.jpg!m_fill,w_280,h_210,f_jpg?from=ke.com
20240620,丰台,木樨园,101123759635,南三环 南北通透大三居 精装修  交通方便,638万,44782元/平,高楼层 (共22层) | 2004年 | 3室1厅 | 142.47平米 | 南 北,https://ke-image.ljcdn.com/110000-inspection/1fde4239-5358-413e-83f7-ea3eb8021369_1000.jpg!m_fill,w_280,h_210,f_jpg?from=ke.com
20240620,丰台,木樨园,101123730703,南三环2004年商品房  正规一居室 带电梯业主诚心出售,216万,44172元/平,低楼层 (共22层) | 2004年 | 1室1厅 | 48.9平米 | 北,https://ke-image.ljcdn.com/110000-inspection/a37a0d9e-0c4c-46b5-a8fb-894ba571ee22_1000.jpg!m_fill,w_280,h_210,f_jpg?from=ke.com
20240620,丰台,木樨园,101123727658,圣淘沙小区业主诚心出售价格可聊,310万,54800元/平,中楼层 (共12层) 1室0厅 | 56.57平米 | 南,https://ke-image.ljcdn.com/110000-inspection/pc1_LvMXfQhk5_2.jpg!m_fill,w_280,h_210,f_jpg?from=ke.com
20240620,丰台,木樨园,101123724132,高楼层视野好满五年唯一业主诚心出售,735万,45469元/平,高楼层 (共27层) | 2000年 | 3室1厅 | 161.65平米 | 西南,https://ke-image.ljcdn.com/110000-inspection/pc1_4SP24pfOB_2.jpg!m_fill,w_280,h_210,f_jpg?from=ke.com
20240620,丰台,木樨园,101123724128,双城公寓业主诚心出售价格可以谈,572万,40012元/平,中楼层 (共27层) 2室1厅 | 142.96平米 | 东北,https://ke-image.ljcdn.com/110000-inspection/pc1_PapsHsoTU_1.jpg!m_fill,w_280,h_210,f_jpg?from=ke.com
20240620,丰台,木樨园,101123723916,三环里 电梯直达两居室 东西通透 看房有钥匙！,350万,42683元/平,高楼层 (共15层) 2室1厅 | 82平米 | 东 西,https://ke-image.ljcdn.com/110000-inspection/pc1_NgB439eGl_1.jpg!m_fill,w_280,h_210,f_jpg?from=ke.com
20240620,丰台,木樨园,101123723404,南曦大厦精装修两居室诚意出售。,580万,52670元/平,顶层 (共22层) | 2004年 | 2室1厅 | 110.12平米 | 东南,https://ke-image.ljcdn.com/110000-inspection/e2ded074-95a5-4db3-a8ee-6d2215f7c3ba_1000.jpg!m_fill,w_280,h_210,f_jpg?from=ke.com
20240620,丰台,木樨园,101123661995,马公庄 1室1厅 南,198万,44595元/平,中楼层 (共15层) 1室1厅 | 44.4平米 | 南,https://ke-image.ljcdn.com/110000-inspection/5943ec11-6af3-4e33-986e-15270374c69c_1000.jpg!m_fill,w_280,h_210,f_jpg?from=ke.com
20240620,丰台,木樨园,101123634891,南木樨园 东西北向三居室 满五年唯一,269万,37518元/平,顶层 (共6层) 3室1厅 | 71.7平米 | 东 西 北,https://ke-image.ljcdn.com/110000-inspection/7e614742-bb1e-45a6-a888-6be5dd3805a4_1000.jpg!m_fill,w_280,h_210,f_jpg?from=ke.com
20240620,丰台,木樨园,101123619467,三环内 全南向2居双卫 地铁8号线木樨园站 70年住宅,505万,44474元/平,顶层 (共27层) | 2000年 | 2室1厅 | 113.55平米 | 南,https://ke-image.ljcdn.com/110000-inspection/pc1_reN5RHQxM_1.jpg!m_fill,w_280,h_210,f_jpg?from=ke.com
20240620,丰台,木樨园,101123609010,慧时欣园二期 3室2厅 南 北,1070万,66070元/平,中楼层 (共26层) 3室2厅 | 161.95平米 | 南 北,https://ke-image.ljcdn.com/110000-inspection/c643e539-c217-4dbb-8a47-d1a80593e084_1000.jpg!m_fill,w_280,h_210,f_jpg?from=ke.com
20240620,丰台,木樨园,101123601743,慧时欣园一期  10号线  精装修 2万平花园社区,535万,52503元/平,低楼层 (共25层) 3室1厅 | 101.9平米 | 西北,https://ke-image.ljcdn.com/110000-inspection/fbde2ec5-126d-4736-93d1-3a0e98d2ab60_1000.jpg!m_fill,w_280,h_210,f_jpg?from=ke.com
20240620,丰台,木樨园,101123597148,南三环 赵公口小区 板楼  满五年商品房,418万,39909元/平,顶层 (共6层) 2室2厅 | 104.74平米 | 南 北,https://ke-image.ljcdn.com/110000-inspection/c69ac78b-97cd-41e1-98df-9b57dda21e6a_1000.jpg!m_fill,w_280,h_210,f_jpg?from=ke.com
20240620,丰台,木樨园,101123545587,南三环   2006年商品房 中悦麒,298万,48630元/平,低楼层 (共24层) 1室1厅 | 61.28平米 | 西,https://ke-image.ljcdn.com/110000-inspection/79180dff-e7ab-429c-8afb-3af2652ba370_1000.jpg!m_fill,w_280,h_210,f_jpg?from=ke.com
20240620,丰台,木樨园,101123542413,慧时欣园二期 10号线地铁 精装修 看房方便 2万平花园,609万,71304元/平,底层 (共24层) | 2004年 | 2室2厅 | 85.41平米 | 东南,https://ke-image.ljcdn.com/110000-inspection/9b20ceb1-f7f5-44e9-ba68-42b88db72b5b_1000.jpg!m_fill,w_280,h_210,f_jpg?from=ke.com
20240620,丰台,木樨园,101123540178,南木樨园精装修两居室诚意出售。,278万,44962元/平,中楼层 (共16层) 2室1厅 | 61.83平米 | 东北,https://ke-image.ljcdn.com/110000-inspection/1f348276-d13d-46bd-bd86-687199650c85_1000.jpg!m_fill,w_280,h_210,f_jpg?from=ke.com
20240620,丰台,木樨园,101123512397,赵公口桥西 马公庄 带电梯南北向两居室,260万,45455元/平,高楼层 (共15层) 2室1厅 | 57.2平米 | 南 北,https://ke-image.ljcdn.com/110000-inspection/fb295e3d-5815-4078-8ed9-f20ab07133ac_1000.jpg!m_fill,w_280,h_210,f_jpg?from=ke.com
20240620,丰台,木樨园,101123486757,双城公寓 3室1厅 西南,710万,49010元/平,低楼层 (共27层) 3室1厅 | 144.87平米 | 西南,https://ke-image.ljcdn.com/110000-inspection/ea326873-374b-4a81-a2d1-cdcc119b1efb_1000.jpg!m_fill,w_280,h_210,f_jpg?from=ke.com
20240620,丰台,木樨园,101123474990,三环边光彩北路8号院电梯两居室,485万,54722元/平,中楼层 (共21层) 2室1厅 | 88.63平米 | 西南,https://ke-image.ljcdn.com/110000-inspection/0f52d47b-765f-4b2b-accd-d09226385607_1000.jpg!m_fill,w_280,h_210,f_jpg?from=ke.com
20240620,丰台,木樨园,101123469794,近地铁花园社区全南双卫改善两居室,678万,63573元/平,高楼层 (共24层) 2室1厅 | 106.65平米 | 南,https://ke-image.ljcdn.com/110000-inspection/787fbaea-675f-4335-8a1e-480d076154ec_1000.jpg!m_fill,w_280,h_210,f_jpg?from=ke.com
20240620,丰台,木樨园,101123458086,8号线 海户屯 南木樨园 东西南三居室 满五年唯一,286万,39668元/平,顶层 (共6层) 3室1厅 | 72.1平米 | 东 南 西,https://ke-image.ljcdn.com/110000-inspection/4b5b0f77-153f-4dc6-8f82-6c424662abb9_1000.jpg!m_fill,w_280,h_210,f_jpg?from=ke.com
20240620,丰台,木樨园,101123411173,慧时欣园一期 户型方正 花园社区,527万,54612元/平,中楼层 (共25层) 2室1厅 | 96.5平米 | 东南,https://ke-image.ljcdn.com/110000-inspection/pc1_u5OGOzHH5_1.jpg!m_fill,w_280,h_210,f_jpg?from=ke.com
20240620,丰台,木樨园,101123397543,赵公口桥西 远中悦麒 2006年商品房社区 北向开间,210万,47555元/平,低楼层 (共24层) | 2006年 | 1室0厅 | 44.16平米 | 北,https://ke-image.ljcdn.com/110000-inspection/210eab9b-a21d-46e1-93a7-5bfff7f04a29_1000.jpg!m_fill,w_280,h_210,f_jpg?from=ke.com
20240620,丰台,木樨园,101123396280,南曦大厦  朝南正规两居室  带电梯 2004年,539万,53335元/平,中楼层 (共19层) 2室1厅 | 101.06平米 | 南,https://ke-image.ljcdn.com/110000-inspection/fc1b75f9-7b5c-41f9-b0c6-facd7616eb49_1000.jpg!m_fill,w_280,h_210,f_jpg?from=ke.com
20240620,丰台,木樨园,101123390630,慧时欣园二期 精装两居室 10号线地铁 2万平花园,628万,61515元/平,顶层 (共24层) 2室2厅 | 102.09平米 | 东南,https://ke-image.ljcdn.com/110000-inspection/b3292526-584a-461c-9a61-7d92d2b85f76_1000.jpg!m_fill,w_280,h_210,f_jpg?from=ke.com
20240620,丰台,木樨园,101123378664,三环里 宣祥家园 大客厅 满五年唯一 业主诚心出售,365万,50907元/平,高楼层 (共26层) 2室1厅 | 71.7平米 | 东北,https://ke-image.ljcdn.com/110000-inspection/pc1_NFAvelqzb_1.jpg!m_fill,w_280,h_210,f_jpg?from=ke.com
20240620,丰台,木樨园,101123378248,慧时欣园二期 正规一居 地铁10号线 2万平花园,379万,63230元/平,低楼层 (共27层) | 2003年 | 1室1厅 | 59.94平米 | 西南,https://ke-image.ljcdn.com/110000-inspection/0d277df5-3fc2-4e7e-8802-a8dd2b88e1e5_1000.jpg!m_fill,w_280,h_210,f_jpg?from=ke.com
20240620,丰台,木樨园,101123277895,东木樨园 三环里 满五唯一商品房 95年电梯直达,228万,45419元/平,高楼层 (共15层) 2室1厅 | 50.2平米 | 东,https://ke-image.ljcdn.com/110000-inspection/pc1_iz7MrTeem_2.jpg!m_fill,w_280,h_210,f_jpg?from=ke.com
20240620,丰台,木樨园,101123174894,南三环 东南二居室 采光好 交通便利,288万,47945元/平,低楼层 (共16层) 2室1厅 | 60.07平米 | 东南,https://ke-image.ljcdn.com/110000-inspection/7e29bd57-dbf2-4bb0-a2b5-0d8384ccdbeb_1000.jpg!m_fill,w_280,h_210,f_jpg?from=ke.com
20240620,丰台,木樨园,101123173244,远中悦麒 2006年商品房社区 西向正规一居室房主自荐,298万,48630元/平,中楼层 (共24层) 1室1厅 | 61.28平米 | 西,https://ke-image.ljcdn.com/110000-inspection/0666aabe-f721-4191-896d-f595c6fcbde1_1000.jpg!m_fill,w_280,h_210,f_jpg?from=ke.com
20240620,丰台,木樨园,101123151482,圣淘沙 三环里 人车分流 电梯直达 满五唯一 诚意出售,299万,50168元/平,低楼层 (共16层) | 2008年 | 1室1厅 | 59.6平米 | 东,https://ke-image.ljcdn.com/110000-inspection/f6421792-632b-4ef9-8996-de09f321fa7b_1000.jpg!m_fill,w_280,h_210,f_jpg?from=ke.com
20240620,丰台,木樨园,101123080664,三环里 满五唯一 中间楼层 无遮挡 视野开阔 交通便利,318万,47182元/平,中楼层 (共16层) 2室1厅 | 67.4平米 | 东 北,https://ke-image.ljcdn.com/110000-inspection/pc1_11pUnfhoh_1.jpg!m_fill,w_280,h_210,f_jpg?from=ke.com
20240620,丰台,木樨园,101123042914,双城公寓 2室1厅 东北,515万,40298元/平,低楼层 (共27层) 2室1厅 | 127.8平米 | 东北,https://ke-image.ljcdn.com/110000-inspection/e2790fc3-b5df-4e2f-992e-223811fe876b_1000.jpg!m_fill,w_280,h_210,f_jpg?from=ke.com
20240620,丰台,木樨园,101123032720,三环边2006年商品房精装修无遮挡 交通便利,205万,46423元/平,顶层 (共24层) 1室0厅 | 44.16平米 | 北,https://ke-image.ljcdn.com/110000-inspection/2fc9d10f-b4d9-4ddb-a118-bc5ee330f075_1000.jpg!m_fill,w_280,h_210,f_jpg?from=ke.com
20240620,丰台,木樨园,101123030196,慧时欣园二期 花园社区 户型方正,768万,52817元/平,高楼层 (共26层) 3室2厅 | 145.41平米 | 东南,https://ke-image.ljcdn.com/110000-inspection/9a22771f-662a-4ab4-9588-3ee22e6a971f_1000.jpg!m_fill,w_280,h_210,f_jpg?from=ke.com
20240620,丰台,木樨园,101123017378,马公庄南北通透两居室无遮挡采光好,230万,40281元/平,顶层 (共5层) | 1980年 | 2室1厅 | 57.1平米 | 南 北,https://ke-image.ljcdn.com/110000-inspection/48f05d55-dd83-4958-897e-1828869798ae_1000.jpg!m_fill,w_280,h_210,f_jpg?from=ke.com
20240620,丰台,木樨园,101123012764,南三环  精装修朝南一居室 交通方便 中间楼层,192万,43538元/平,中楼层 (共6层) 1室1厅 | 44.1平米 | 南,https://ke-image.ljcdn.com/110000-inspection/cab05b48-aff9-459a-aa47-463d0c13f686_1000.jpg!m_fill,w_280,h_210,f_jpg?from=ke.com
20240620,丰台,木樨园,101122983669,石榴庄 宋家庄 大红门 刘家窑 精装 车位充足,417万,47093元/平,底层 (共25层) | 2001年 | 2室1厅 | 88.55平米 | 西南,https://ke-image.ljcdn.com/110000-inspection/552e89e5-784f-4301-a388-cb6e5b443a49_1000.jpg!m_fill,w_280,h_210,f_jpg?from=ke.com
20240620,丰台,木樨园,101122784823,双城公寓  三环内 中信集团单位分房 地铁8号线木樨园,678万,46801元/平,中楼层 (共27层) 3室1厅 | 144.87平米 | 西南,https://ke-image.ljcdn.com/110000-inspection/pc1_h7COMHTXc_1.jpg!m_fill,w_280,h_210,f_jpg?from=ke.com
20240620,丰台,木樨园,101122771226,南三环  南北精装修带客厅二居室交通方便采光好,258万,40695元/平,高楼层 (共6层) 2室1厅 | 63.4平米 | 南 北,https://ke-image.ljcdn.com/110000-inspection/02962fd8-44c4-4f37-bfb5-fa5a38e894e9_1000.jpg!m_fill,w_280,h_210,f_jpg?from=ke.com
20240620,丰台,木樨园,101122754636,刘家窑 赵公口 93年电梯房 南三环中路69号,320万,53450元/平,低楼层 (共16层) 2室1厅 | 59.87平米 | 西北,https://ke-image.ljcdn.com/110000-inspection/8ec98cde-f04a-402c-9ae1-d43ed9b17f10_1000.jpg!m_fill,w_280,h_210,f_jpg?from=ke.com
20240620,丰台,木樨园,101122750932,南三环刘家窑宋家庄大红门石榴庄精装修带电梯车位充足,509万,52659元/平,底层 (共25层) | 2001年 | 2室1厅 | 96.66平米 | 东南,https://ke-image.ljcdn.com/110000-inspection/pc1_89ZaA2Zmn_1.jpg!m_fill,w_280,h_210,f_jpg?from=ke.com
20240620,丰台,木樨园,101122739921,慧时欣园一期 地铁10号线 赵公口 刘家窑房主自荐,449万,48959元/平,低楼层 (共25层) 2室1厅 | 91.71平米 | 东北,https://ke-image.ljcdn.com/110000-inspection/2c3bc91c-7d8f-4052-a403-aab67f125629_1000.jpg!m_fill,w_280,h_210,f_jpg?from=ke.com
20240620,丰台,木樨园,101122738300,交通便利购物方便采光好视野好,618万,60875元/平,高楼层 (共24层) 2室1厅 | 101.52平米 | 西南,https://ke-image.ljcdn.com/110000-inspection/f5104ba0-96a3-4ad3-b792-a36b493ebc5d_1000.jpg!m_fill,w_280,h_210,f_jpg?from=ke.com
20240620,丰台,木樨园,101122723110,三环边  南北通透两居室 马公庄小区,339万,53219元/平,高楼层 (共15层) 2室1厅 | 63.7平米 | 南 北,https://ke-image.ljcdn.com/110000-inspection/54fe6a6c-901a-4d12-a1c0-6cd40988f920_1000.jpg!m_fill,w_280,h_210,f_jpg?from=ke.com
20240620,丰台,木樨园,101122717872,停车位充足下楼就是地铁自带2万平米花园,799万,67438元/平,高楼层 (共26层) | 2003年 | 2室1厅 | 118.48平米 | 南,https://ke-image.ljcdn.com/110000-inspection/29c3d55c-44c5-40b1-83e3-c60c3290c0ab_1000.jpg!m_fill,w_280,h_210,f_jpg?from=ke.com
20240620,丰台,木樨园,101122711909,满五唯一 精装拎包入住 南北通透不临街 8号线交通方便,329万,45069元/平,顶层 (共9层) 2室1厅 | 73平米 | 南 北,https://ke-image.ljcdn.com/110000-inspection/2bf1cd8b-04f7-469d-bbeb-962e3c1ddb15_1000.jpg!m_fill,w_280,h_210,f_jpg?from=ke.com
20240620,丰台,木樨园,101122710526,三环内 满五唯一 使用率高 好楼层 诚意出售 近地铁,229万,44718元/平,中楼层 (共6层) 2室1厅 | 51.21平米 | 东 南,https://ke-image.ljcdn.com/110000-inspection/78e9835e-62b8-4218-ad6b-31f195c0d225_1000.jpg!m_fill,w_280,h_210,f_jpg?from=ke.com
20240620,丰台,木樨园,101122627052,三环内满五唯一南北通透精装修2居 配套丰富,285万,51970元/平,顶层 (共6层) 2室1厅 | 54.84平米 | 南 北,https://ke-image.ljcdn.com/110000-inspection/65dd785d-0000-4ba4-9d6e-2ae94c5b12ba_1000.jpg!m_fill,w_280,h_210,f_jpg?from=ke.com
20240620,丰台,木樨园,101122603511,定安西里一居 方正户型 满五一套 诚售,225万,67165元/平,底层 (共6层) 1室1厅 | 33.5平米 | 东,https://ke-image.ljcdn.com/110000-inspection/pc1_cKWKdPqIf_2.jpg!m_fill,w_280,h_210,f_jpg?from=ke.com
20240620,丰台,木樨园,101122563615,南三环中路69号 2室1厅 南 西,338万,56016元/平,高楼层 (共16层) 2室1厅 | 60.34平米 | 南 西,https://ke-image.ljcdn.com/110000-inspection/pc1_LdBOmtUb5_2.jpg!m_fill,w_280,h_210,f_jpg?from=ke.com
20240620,丰台,木樨园,101122537729,慧时欣园二期 地铁10号线  刘家窑 赵公口区域,600万,59172元/平,低楼层 (共27层) 2室2厅 | 101.4平米 | 西南,https://ke-image.ljcdn.com/110000-inspection/e841b2db-cc02-4606-bec3-6ef778ada3eb_1000.jpg!m_fill,w_280,h_210,f_jpg?from=ke.com
20240620,丰台,木樨园,101122309223,三环里 东木樨园 带电梯钢混结构,329万,48669元/平,低楼层 (共9层) 2室1厅 | 67.6平米 | 东 东南,https://ke-image.ljcdn.com/110000-inspection/pc1_80C4pTCHJ_1.jpg!m_fill,w_280,h_210,f_jpg?from=ke.com
20240620,丰台,木樨园,101122091826,慧时欣园二期五室两厅双卫可注册办公,1151万,61182元/平,底层 (共27层) | 2003年 | 5室2厅 | 188.13平米 | 东南 北,https://ke-image.ljcdn.com/110000-inspection/a4f48fb1-df73-4471-ad82-506cc94912d9_1000.jpg!m_fill,w_280,h_210,f_jpg?from=ke.com
20240620,丰台,木樨园,101122058173,赵公口小区 供电局宿舍管理好 满五年唯一 明厨明卫房主自荐,318万,46512元/平,高楼层 (共6层) 2室1厅 | 68.37平米 | 南 北 东,https://ke-image.ljcdn.com/110000-inspection/pc1_aT6lWr5IX_1.jpg!m_fill,w_280,h_210,f_jpg?from=ke.com
20240620,丰台,木樨园,101122006885,慧时欣园一期 大三居 满五年唯一 小区门口地铁10号线,560万,51007元/平,中楼层 (共25层) | 2001年 | 3室1厅 | 109.79平米 | 东北,https://ke-image.ljcdn.com/110000-inspection/1115aa47-c50d-4f56-9a3e-11d0eabd79fc_1000.jpg!m_fill,w_280,h_210,f_jpg?from=ke.com
20240620,丰台,木樨园,101121860463,三环里 东木樨园 满五唯一 诚意出售 看房方便,338万,49853元/平,高楼层 (共9层) 2室1厅 | 67.8平米 | 西南,https://ke-image.ljcdn.com/110000-inspection/35b8c015-a87d-4aa8-9caa-e6d3a0eb72ed_1000.jpg!m_fill,w_280,h_210,f_jpg?from=ke.com
20240620,丰台,木樨园,101121691836,三环边南北两居室精装修房子诚意出售,330万,50536元/平,中楼层 (共15层) 2室1厅 | 65.3平米 | 南 北,https://ke-image.ljcdn.com/110000-inspection/4a217a38-adf6-42fc-a9e4-621a432122ce_1000.jpg!m_fill,w_280,h_210,f_jpg?from=ke.com
20240620,丰台,木樨园,101121689507,此房是精装三居室大客厅采光好得房率81%,850万,65205元/平,高楼层 (共20层) 3室1厅 | 130.36平米 | 西南,https://ke-image.ljcdn.com/110000-inspection/8337e610-2448-4ffe-b0e4-e229bb59d21e_1000.jpg!m_fill,w_280,h_210,f_jpg?from=ke.com
20240620,丰台,木樨园,101121629408,南三环 刘家窑地铁 赵公口小区 中楼层 不临街,343万,53129元/平,中楼层 (共6层) 2室1厅 | 64.56平米 | 南 北,https://ke-image.ljcdn.com/110000-inspection/34fb267f-a3dd-41e3-bc51-7bd3a23fc302_1000.jpg!m_fill,w_280,h_210,f_jpg?from=ke.com
20240620,丰台,木樨园,101121588749,慧时欣园二期 石榴庄 宋家庄 大红门 赵公口 精装 三居房主自荐,969万,63301元/平,中楼层 (共27层) | 2003年 | 3室1厅 | 153.08平米 | 南 北,https://ke-image.ljcdn.com/110000-inspection/2fc8e841-9fef-4050-b069-8c2fec145d7e_1000.jpg!m_fill,w_280,h_210,f_jpg?from=ke.com
20240620,丰台,木樨园,101121267988,远中悦麒  2006年商品房 东北向两居室 满五年唯一,520万,56498元/平,中楼层 (共24层) 2室1厅 | 92.04平米 | 东 北,https://ke-image.ljcdn.com/110000-inspection/dfc15481-117e-4bd7-a0d7-5178f46ec020_1000.jpg!m_fill,w_280,h_210,f_jpg?from=ke.com
20240620,丰台,木樨园,101121243360,三环内 满五唯一  诚意出售 交通便利看房有钥匙,208万,39688元/平,顶层 (共6层) 2室1厅 | 52.41平米 | 南,https://ke-image.ljcdn.com/110000-inspection/7d9300ff-2050-48f2-9e81-f7e58513977d_1000.jpg!m_fill,w_280,h_210,f_jpg?from=ke.com
20240620,丰台,木樨园,101121193038,南三环 南曦大厦  西向两居室 采光无遮挡,499万,42296元/平,高楼层 (共22层) 2室1厅 | 117.98平米 | 西,https://ke-image.ljcdn.com/110000-inspection/a35a8358-2b15-40de-a6f8-d5d316a2184e_1000.jpg!m_fill,w_280,h_210,f_jpg?from=ke.com
20240620,丰台,木樨园,101121130540,慧时欣园二期 全南两居 满五年唯一 南门地铁10号线,670万,61480元/平,高楼层 (共20层) | 2004年 | 2室1厅 | 108.98平米 | 南,https://ke-image.ljcdn.com/110000-inspection/9996bd81-c360-4530-844e-7645579a99b3_1000.jpg!m_fill,w_280,h_210,f_jpg?from=ke.com
20240620,丰台,木樨园,101120799548,南木樨园中间层两居室诚心出售,288万,48731元/平,中楼层 (共6层) 2室1厅 | 59.1平米 | 东 西,https://ke-image.ljcdn.com/110000-inspection/99d3cdbc-fc1e-42e3-a93b-e8bd189460f5_1000.jpg!m_fill,w_280,h_210,f_jpg?from=ke.com
20240620,丰台,木樨园,101120797190,南曦大厦一梯三户带电梯高楼层大两居视野好,578万,57194元/平,高楼层 (共17层) | 2004年 | 2室1厅 | 101.06平米 | 南,https://ke-image.ljcdn.com/110000-inspection/pc1_lQLHqMvCm_1.jpg!m_fill,w_280,h_210,f_jpg?from=ke.com
20240620,丰台,木樨园,101120780398,马公庄 2室1厅 南 北,318万,51060元/平,中楼层 (共6层) 2室1厅 | 62.28平米 | 南 北,https://ke-image.ljcdn.com/110000-inspection/b4e9d71d-6695-4ed3-beb1-6f518e413505_1000.jpg!m_fill,w_280,h_210,f_jpg?from=ke.com
20240620,丰台,木樨园,101120602825,南三环 赵公口小区 西南三居室 无遮挡采光好 带电梯,380万,51213元/平,低楼层 (共21层) 3室1厅 | 74.2平米 | 西南,https://ke-image.ljcdn.com/110000-inspection/26d031d7-8bb8-4e12-9210-87e29d15be6d_1000.jpg!m_fill,w_280,h_210,f_jpg?from=ke.com
20240620,丰台,木樨园,101120435434,三环边马公庄小区南向一居室诚意出售,198万,45000元/平,底层 (共6层) 1室1厅 | 44平米 | 南,https://ke-image.ljcdn.com/110000-inspection/e9e6add4-782c-4cf5-9d89-d4e532a7e9c5_1000.jpg!m_fill,w_280,h_210,f_jpg?from=ke.com
20240620,丰台,木樨园,101120132209,南三环赵公口小区 业主诚意出售正规南北通透三居室,400万,50898元/平,顶层 (共6层) 3室1厅 | 78.59平米 | 南 北,https://ke-image.ljcdn.com/110000-inspection/706c05f6-af31-4683-943e-7fe9cacc8af6_1000.jpg!m_fill,w_280,h_210,f_jpg?from=ke.com
20240620,丰台,木樨园,101120129017,三环赵公口电力局家属院 全南无遮采光好单独管理房主自荐,260万,45281元/平,中楼层 (共6层) 2室1厅 | 57.42平米 | 南,https://ke-image.ljcdn.com/110000-inspection/ec3efacc-6a17-4009-a23a-d92c11f03944_1000.jpg!m_fill,w_280,h_210,f_jpg?from=ke.com
20240620,丰台,木樨园,101119926672,丰台区赵公口光彩体育馆慧时欣园二期,800万,61501元/平,中楼层 (共20层) 3室1厅 | 130.08平米 | 西南,https://ke-image.ljcdn.com/110000-inspection/f6879656-829e-4802-a486-1ee6752dd003_1000.jpg!m_fill,w_280,h_210,f_jpg?from=ke.com
20240620,丰台,木樨园,101118096612,南三环中路70号  三环边楼龄新 交通方便诚心出售,580万,57392元/平,低楼层 (共17层) | 2004年 | 2室1厅 | 101.06平米 | 南,https://ke-image.ljcdn.com/110000-inspection/694bf13b-66ac-4058-af5a-709b5d7d9b4c_1000.jpg!m_fill,w_280,h_210,f_jpg?from=ke.com
20240620,丰台,木樨园,101124968733,赵公口桥三环内 中间楼层 南北三居室 看房子有钥匙新上,353万,52142元/平,中楼层 (共6层) 3室1厅 | 67.7平米 | 南 北,https://s1.ljcdn.com/pegasus/redskull/images/common/default_house_list.png?_v=20240619172644202
20240620,丰台,木樨园,101124592439,圣淘沙 2室1厅 南 北,650万,59291元/平,低楼层 (共12层) 2室1厅 | 109.63平米 | 南 北,https://s1.ljcdn.com/pegasus/redskull/images/common/default_house_list.png?_v=20240619172644202
20240620,丰台,木樨园,101118620401,南三环内人车分流的小区满五唯一业主诚意出售。,319万,53524元/平,低楼层 (共16层) 1室0厅 | 59.6平米 | 东,https://ke-image.ljcdn.com/110000-inspection/06c260cc-f931-4a3c-abb9-7ab75f0042ff.png!m_fill,w_280,h_210,f_jpg?from=ke.com
