20240325,朝阳,燕莎,101123015016,燕莎 远洋新干线  精装开间 满五唯一必看好房,480万,66529元/平,低楼层 (共21层) 1室0厅 | 72.15平米 | 西,https://ke-image.ljcdn.com/110000-inspection/8c69e360-7ef2-43c1-8ffa-a67224df79c8_1000.jpg!m_fill,w_280,h_210,f_jpg?from=ke.com
20240325,朝阳,燕莎,101122729311,京润水上花园别墅 3室2厅 南 北必看好房,2400万,103498元/平,地下室 (共2层) 3室2厅 | 231.89平米 | 南 北,https://ke-image.ljcdn.com/110000-inspection/pc1_TUth3k9bm_1.jpg!m_fill,w_280,h_210,f_jpg?from=ke.com
20240325,朝阳,燕莎,101122061638,简约式精装修可拎包入住中楼层必看好房,320万,66501元/平,中楼层 (共6层) | 1987年 | 1室1厅 | 48.12平米 | 南,https://ke-image.ljcdn.com/110000-inspection/pc1_m5q7kF5B4_2.jpg!m_fill,w_280,h_210,f_jpg?from=ke.com
20240325,朝阳,燕莎,101120191523,远洋新干线 一居室 采光好 70年住宅必看好房,420万,47679元/平,高楼层 (共26层) 1室1厅 | 88.09平米 | 东,https://ke-image.ljcdn.com/110000-inspection/pc1_EBCWrFHAU.jpg!m_fill,w_280,h_210,f_jpg?from=ke.com
20240325,朝阳,燕莎,101123360615,燕莎嘉和丽园 南北通透 动静分离 百万精装 港式服务房主自荐,1480万,57472元/平,低楼层 (共31层) | 2001年 | 4室1厅 | 257.52平米 | 南 北,https://ke-image.ljcdn.com/110000-inspection/pc1_M1ofEBQaN_2.jpg!m_fill,w_280,h_210,f_jpg?from=ke.com
20240325,朝阳,燕莎,101122694112,远洋新干线经典一居室高楼层价格可谈,448万,62102元/平,中楼层 (共27层) 1室1厅 | 72.14平米 | 北,https://ke-image.ljcdn.com/110000-inspection/6ecef205-d86e-46dd-8243-112a6e69fcf0_1000.jpg!m_fill,w_280,h_210,f_jpg?from=ke.com
20240325,朝阳,燕莎,101122610940,霞光里30号院满五唯一通透户型有装修安静不临街必看好房,298万,54212元/平,顶层 (共6层) 2室1厅 | 54.97平米 | 南 北,https://ke-image.ljcdn.com/110000-inspection/7d73c146-8452-4597-a2aa-3e1d30e11389_1000.jpg!m_fill,w_280,h_210,f_jpg?from=ke.com
20240325,朝阳,燕莎,101122161275,三元桥燕莎亮马河京润水上花园别墅区洋房,866万,87697元/平,低楼层 (共3层) 2室1厅 | 98.75平米 | 南 北,https://ke-image.ljcdn.com/110000-inspection/pc1_MUQFy6WkR_2.jpg!m_fill,w_280,h_210,f_jpg?from=ke.com
20240325,朝阳,燕莎,101123274291,华远九都汇 2室2厅 东南必看好房,800万,60164元/平,中楼层 (共11层) | 2011年 | 2室2厅 | 132.97平米 | 东南,https://s1.ljcdn.com/pegasus/redskull/images/common/default_house_list.png?_v=20240306121103
20240325,朝阳,燕莎,101123428300,远洋新干线 两居室 对小区花园 全新精装修 地暖落地窗,500万,58783元/平,高楼层 (共26层) | 2005年 | 2室1厅 | 85.06平米 | 北,https://ke-image.ljcdn.com/110000-inspection/b82c4b5a-5879-4c6c-9ae2-9d7055fbb5d4_1000.jpg!m_fill,w_280,h_210,f_jpg?from=ke.com
20240325,朝阳,燕莎,101123399877,远洋新干线 B座正规三居室 西向观景 不临街 明卫生间,1080万,71217元/平,中楼层 (共27层) 3室2厅 | 151.65平米 | 西北,https://ke-image.ljcdn.com/110000-inspection/5333363c-e82d-4d44-8277-c1c0d6a570eb_1000.jpg!m_fill,w_280,h_210,f_jpg?from=ke.com
20240325,朝阳,燕莎,101123375456,国际港 2室1厅 东北,600万,65574元/平,底层 (共23层) 2室1厅 | 91.5平米 | 东北,https://ke-image.ljcdn.com/110000-inspection/pc1_289pIePrb_1.jpg!m_fill,w_280,h_210,f_jpg?from=ke.com
20240325,朝阳,燕莎,101123336800,远洋新干线 2室2厅 西,970万,74450元/平,中楼层 (共23层) | 2005年 | 2室2厅 | 130.29平米 | 西,https://ke-image.ljcdn.com/110000-inspection/pc1_tK8MqIDNH_1.jpg!m_fill,w_280,h_210,f_jpg?from=ke.com
20240325,朝阳,燕莎,101123305099,远洋新干线 民水民电 三元桥 交通便利,788万,45137元/平,高楼层 (共26层) 3室2厅 | 174.58平米 | 西南,https://ke-image.ljcdn.com/110000-inspection/52a374bb-6a7e-430f-a550-4043a0f3014f_1000.jpg!m_fill,w_280,h_210,f_jpg?from=ke.com
20240325,朝阳,燕莎,101123275836,霞光里30号院 精装修 低楼层 不临街 采光好 无遮挡,275万,64676元/平,底层 (共6层) | 1992年 | 1室1厅 | 42.52平米 | 东南,https://ke-image.ljcdn.com/110000-inspection/pc1_9w86bux5A_1.jpg!m_fill,w_280,h_210,f_jpg?from=ke.com
20240325,朝阳,燕莎,101123180907,霞光里30号院  非一非顶层  满五年  有钥匙,286万,59435元/平,高楼层 (共6层) | 1987年 | 1室1厅 | 48.12平米 | 东南,https://ke-image.ljcdn.com/110000-inspection/pc1_MbuVLxHrN_2.jpg!m_fill,w_280,h_210,f_jpg?from=ke.com
20240325,朝阳,燕莎,101123125302,远洋新干线 落地窗 正对小区花园 南向 精装修,1680万,82568元/平,中楼层 (共27层) | 2005年 | 4室1厅 | 203.47平米 | 南,https://ke-image.ljcdn.com/110000-inspection/6ee0ae87-3c04-4a76-bdae-cadd2feb4a36_1000.jpg!m_fill,w_280,h_210,f_jpg?from=ke.com
20240325,朝阳,燕莎,101123075200,东北三环 燕莎 远洋新干线 落地窗 满2年 采光好房主自荐,690万,77677元/平,低楼层 (共21层) | 2005年 | 2室1厅 | 88.83平米 | 东北,https://ke-image.ljcdn.com/110000-inspection/18602667-2786-438e-bbff-c20d65c1d628_1000.jpg!m_fill,w_280,h_210,f_jpg?from=ke.com
20240325,朝阳,燕莎,101123074359,霞光里30号院精装修南北通透户型看房提前约,480万,69365元/平,中楼层 (共6层) 3室1厅 | 69.2平米 | 南 北,https://ke-image.ljcdn.com/110000-inspection/c8fe80e4-368d-4255-b387-4ca749848d30_1000.jpg!m_fill,w_280,h_210,f_jpg?from=ke.com
20240325,朝阳,燕莎,101122972223,朝阳公园蓝色港湾亮马名居高层精装两居室满五唯一,1350万,94208元/平,高楼层 (共26层) | 2002年 | 2室1厅 | 143.3平米 | 西,https://ke-image.ljcdn.com/110000-inspection/347a7455-027b-4eac-a8cd-6819fc1c03ec_1000.jpg!m_fill,w_280,h_210,f_jpg?from=ke.com
20240325,朝阳,燕莎,101122889194,电梯入户一梯一户方方正正的户型格局合理,1530万,74905元/平,高楼层 (共23层) | 2008年 | 3室2厅 | 204.26平米 | 东 北,https://ke-image.ljcdn.com/110000-inspection/1fd7ee43-dead-407e-909c-a67e80316e80_1000.jpg!m_fill,w_280,h_210,f_jpg?from=ke.com
20240325,朝阳,燕莎,101122790025,远洋新干线  满五唯一  精装修 高楼层 人车分流,960万,73289元/平,中楼层 (共23层) | 2005年 | 2室1厅 | 130.99平米 | 东,https://ke-image.ljcdn.com/110000-inspection/92fe4a0c-3a31-4451-87ce-6eca082e1025_1000.jpg!m_fill,w_280,h_210,f_jpg?from=ke.com
20240325,朝阳,燕莎,101122760031,全南3居室空房看房随时落地窗人车分流,1180万,73516元/平,低楼层 (共23层) | 2005年 | 3室1厅 | 160.51平米 | 南,https://ke-image.ljcdn.com/110000-inspection/f1ebe235-5c1e-4b82-9d99-8bcf57b555eb_1000.jpg!m_fill,w_280,h_210,f_jpg?from=ke.com
20240325,朝阳,燕莎,101122643910,远洋新干线西南向大三居不临街采光好,830万,47565元/平,低楼层 (共26层) 3室2厅 | 174.5平米 | 西南,https://ke-image.ljcdn.com/110000-inspection/e3814ae7-0c5d-4372-b604-4e4b4013d18e_1000.jpg!m_fill,w_280,h_210,f_jpg?from=ke.com
20240325,朝阳,燕莎,101122613000,远洋新干线 两室两卫 高得房率 高层观景 一手房源,995万,77312元/平,高楼层 (共27层) 2室2厅 | 128.7平米 | 东,https://ke-image.ljcdn.com/110000-inspection/74f5f72b-bc1f-470d-8815-ef810a77582d_1000.jpg!m_fill,w_280,h_210,f_jpg?from=ke.com
20240325,朝阳,燕莎,101122522185,嘉和丽园 高层观景  满5唯1 二次精装 带会所 看房方便,810万,76851元/平,中楼层 (共28层) | 2001年 | 2室1厅 | 105.4平米 | 东南 西北,https://ke-image.ljcdn.com/110000-inspection/13c07782-1d0d-430a-b30f-6c6207cd330c_1000.jpg!m_fill,w_280,h_210,f_jpg?from=ke.com
20240325,朝阳,燕莎,101122492209,西向大两居高楼层视野开阔采光好,930万,67918元/平,高楼层 (共21层) | 2005年 | 2室2厅 | 136.93平米 | 西,https://ke-image.ljcdn.com/110000-inspection/c79dcc33-d8af-49b9-adfe-90e5f7010bce_1000.jpg!m_fill,w_280,h_210,f_jpg?from=ke.com
20240325,朝阳,燕莎,101122468114,远洋新干线 温馨一居 小区人车分流 诚心出售,548万,75943元/平,高楼层 (共22层) | 2005年 | 1室1厅 | 72.16平米 | 西,https://ke-image.ljcdn.com/110000-inspection/b9bd718a-df5a-439c-847d-bf26f714d24d_1000.jpg!m_fill,w_280,h_210,f_jpg?from=ke.com
20240325,朝阳,燕莎,101122448720,朝阳燕莎 嘉和丽园优质两居 满五年 诚意售,780万,72083元/平,低楼层 (共28层) | 2001年 | 2室1厅 | 108.21平米 | 西南 东北,https://ke-image.ljcdn.com/110000-inspection/6f1292ba-350b-472e-95eb-455068470a9a_1000.jpg!m_fill,w_280,h_210,f_jpg?from=ke.com
20240325,朝阳,燕莎,101122408255,霞光里30号院 满五唯一 田字格局 南北通透 精装修三居房主自荐,506万,66127元/平,高楼层 (共6层) | 1991年 | 3室1厅 | 76.52平米 | 南 北,https://ke-image.ljcdn.com/110000-inspection/4090eeb9-f487-4ae2-8407-eab042ed2b40_1000.jpg!m_fill,w_280,h_210,f_jpg?from=ke.com
20240325,朝阳,燕莎,101122393249,霞光里35号院 满五 采光视野好 精装修 全明户型,345万,63130元/平,中楼层 (共5层) 2室1厅 | 54.65平米 | 南,https://ke-image.ljcdn.com/110000-inspection/pc1_LX65ERhnj_2.jpg!m_fill,w_280,h_210,f_jpg?from=ke.com
20240325,朝阳,燕莎,101122363312,交易仅契税 配套设施齐全 交通便利 精装,295万,68414元/平,顶层 (共6层) 1室1厅 | 43.12平米 | 南,https://ke-image.ljcdn.com/110000-inspection/3caccbd9-e893-4b74-b12b-bae04aaa1f2d_1000.jpg!m_fill,w_280,h_210,f_jpg?from=ke.com
20240325,朝阳,燕莎,101122354639,远洋新干线 南向温馨一居室 诚心出售,696万,76847元/平,低楼层 (共21层) 1室1厅 | 90.57平米 | 南,https://ke-image.ljcdn.com/110000-inspection/7ccb094c-afb2-4699-a0ca-3298e3f3ead3_1000.jpg!m_fill,w_280,h_210,f_jpg?from=ke.com
20240325,朝阳,燕莎,101122204838,燕莎三元桥霞光里35号院南北向两居,325万,61565元/平,底层 (共6层) | 1987年 | 2室1厅 | 52.79平米 | 南,https://ke-image.ljcdn.com/110000-inspection/387f705e-6f57-4f12-ae9b-e9f496d7e6b6_1000.jpg!m_fill,w_280,h_210,f_jpg?from=ke.com
20240325,朝阳,燕莎,101122190785,亮马桥地铁站 婚房精装修 南北3居室 看房随时房主自荐,399万,64763元/平,顶层 (共5层) | 1983年 | 3室1厅 | 61.61平米 | 东南 西北,https://ke-image.ljcdn.com/110000-inspection/9d21bd3c-cb4d-4adf-bc32-394567936bb1_1000.jpg!m_fill,w_280,h_210,f_jpg?from=ke.com
20240325,朝阳,燕莎,101122126811,霄云路8号 观景四居室 看房方便  封闭管理,5500万,123358元/平,低楼层 (共29层) 4室2厅 | 445.86平米 | 南 北,https://ke-image.ljcdn.com/110000-inspection/pc1_gAkB3WrFF_2.jpg!m_fill,w_280,h_210,f_jpg?from=ke.com
20240325,朝阳,燕莎,101122084407,2F精装无遮挡采光佳拎包入住房主自荐,298万,70267元/平,低楼层 (共6层) | 1992年 | 1室1厅 | 42.41平米 | 南,https://ke-image.ljcdn.com/110000-inspection/17f7ada9-170f-45d2-910e-c802876e053a_1000.jpg!m_fill,w_280,h_210,f_jpg?from=ke.com
20240325,朝阳,燕莎,101122081723,霞光里30号院精装修中间楼层一居室。卫生间大,268万,71773元/平,中楼层 (共6层) 1室1厅 | 37.34平米 | 东南,https://ke-image.ljcdn.com/110000-inspection/25e32fa6-c961-4f98-9772-77300ab8ee48_1000.jpg!m_fill,w_280,h_210,f_jpg?from=ke.com
20240325,朝阳,燕莎,101122050418,朝南向楼层好 采光足配套设施齐全观朝阳公园,680万,50348元/平,低楼层 (共22层) | 1996年 | 3室1厅 | 135.06平米 | 南 西南,https://ke-image.ljcdn.com/110000-inspection/pc1_3BznOuYU8_1.jpg!m_fill,w_280,h_210,f_jpg?from=ke.com
20240325,朝阳,燕莎,101121686472,朝阳燕莎亮马桥霞光里精装两居  南北通透 采光好,348万,62377元/平,高楼层 (共6层) 2室1厅 | 55.79平米 | 南 北,https://ke-image.ljcdn.com/110000-inspection/0011cf36-869b-4077-9159-26b056ce283d_1000.jpg!m_fill,w_280,h_210,f_jpg?from=ke.com
20240325,朝阳,燕莎,101121646899,朝阳东北四环内霄云路八号唯一三号楼西边户出售,8600万,166696元/平,高楼层 (共27层) 5室3厅 | 515.91平米 | 南 西 北,https://ke-image.ljcdn.com/110000-inspection/976c74c0-6c2f-4164-b7d0-f49f3437c9f2_1000.jpg!m_fill,w_280,h_210,f_jpg?from=ke.com
20240325,朝阳,燕莎,101121604716,小区中间位置楼层好全明采光充足配套齐全；,275万,65383元/平,中楼层 (共6层) 1室1厅 | 42.06平米 | 西南,https://ke-image.ljcdn.com/110000-inspection/6dcac0b3-2ff7-4611-a442-de7a62c5ed03_1000.jpg!m_fill,w_280,h_210,f_jpg?from=ke.com
20240325,朝阳,燕莎,101121525156,燕莎 三元桥 中间楼层 南北通透 两居室 诚意出售,315万,58345元/平,中楼层 (共6层) 2室1厅 | 53.99平米 | 南 北,https://ke-image.ljcdn.com/110000-inspection/3d3d3154-66c6-4a4e-b4b4-a05091c60ed7_1000.jpg!m_fill,w_280,h_210,f_jpg?from=ke.com
20240325,朝阳,燕莎,101121440786,朝阳燕莎 嘉和丽园 高层精装四居,1350万,65262元/平,中楼层 (共32层) | 2001年 | 4室1厅 | 206.86平米 | 西南 东北,https://ke-image.ljcdn.com/110000-inspection/d360654e-a56e-4f77-af6c-eecedc08153d_1000.jpg!m_fill,w_280,h_210,f_jpg?from=ke.com
20240325,朝阳,燕莎,101121254503,远洋新干线 温馨三居室 精装修 诚心出售,1290万,84624元/平,高楼层 (共27层) | 2005年 | 3室2厅 | 152.44平米 | 西北,https://ke-image.ljcdn.com/110000-inspection/0e50e1e5-02e4-4666-b42f-ebcdeec6d92d_1000.jpg!m_fill,w_280,h_210,f_jpg?from=ke.com
20240325,朝阳,燕莎,101121213234,远洋新干线 三元桥 燕莎 满五唯一地暖 70年住宅,849万,48654元/平,中楼层 (共26层) | 2005年 | 3室1厅 | 174.5平米 | 西南,https://ke-image.ljcdn.com/110000-inspection/pc1_Ic8XnXW0K_1.jpg!m_fill,w_280,h_210,f_jpg?from=ke.com
20240325,朝阳,燕莎,101121151525,燕莎三元桥 国际港 双卫三居 满五唯一带阳台,880万,65879元/平,中楼层 (共23层) | 2001年 | 3室2厅 | 133.58平米 | 东北,https://ke-image.ljcdn.com/110000-inspection/pc1_dSJTZqJLT.jpg!m_fill,w_280,h_210,f_jpg?from=ke.com
20240325,朝阳,燕莎,101121070502,远洋新干线 东南两居室  诚心出售 看房方便,680万,58591元/平,高楼层 (共26层) 2室1厅 | 116.06平米 | 东南,https://ke-image.ljcdn.com/110000-inspection/cf9d41d4-9369-45b4-a7e2-5a0eda6722d5_1000.jpg!m_fill,w_280,h_210,f_jpg?from=ke.com
20240325,朝阳,燕莎,101120986612,国际港 地铁10号线 三元桥 正规三居室 不临街,839万,64061元/平,低楼层 (共23层) | 2002年 | 3室2厅 | 130.97平米 | 南 北,https://ke-image.ljcdn.com/110000-inspection/pc1_aZvjlQrNL_1.jpg!m_fill,w_280,h_210,f_jpg?from=ke.com
20240325,朝阳,燕莎,101120973853,霞光里30号院中间楼层精装修楼龄新；,395万,72438元/平,中楼层 (共6层) | 1992年 | 2室1厅 | 54.53平米 | 东南 西北,https://ke-image.ljcdn.com/110000-inspection/02601c34-95ca-4e69-ad37-93ec9cff3b20_1000.jpg!m_fill,w_280,h_210,f_jpg?from=ke.com
20240325,朝阳,燕莎,101120959578,霞光里30号院3层全明2居室。安静舒适；,440万,64140元/平,中楼层 (共6层) | 1991年 | 2室1厅 | 68.6平米 | 西南 东北,https://ke-image.ljcdn.com/110000-inspection/435692a1-2052-4fd4-9a2e-eee40857854c_1000.jpg!m_fill,w_280,h_210,f_jpg?from=ke.com
20240325,朝阳,燕莎,101120950555,远洋新干线  中层两居室  满2年   采光好,700万,78803元/平,低楼层 (共21层) | 2005年 | 2室2厅 | 88.83平米 | 东北,https://ke-image.ljcdn.com/110000-inspection/92bf47dd-0145-4df1-8948-7928442795b9_1000.jpg!m_fill,w_280,h_210,f_jpg?from=ke.com
20240325,朝阳,燕莎,101120934835,朝阳燕莎霞光里精装一居室 不临街 楼层好,259万,69363元/平,低楼层 (共6层) 1室1厅 | 37.34平米 | 南,https://ke-image.ljcdn.com/110000-inspection/314f71b4-b291-4d19-8cf6-a2c0593e65cb_1000.jpg!m_fill,w_280,h_210,f_jpg?from=ke.com
20240325,朝阳,燕莎,101120766427,燕莎 三元桥 霞光里30号院 中间楼层 无遮挡,470万,68028元/平,中楼层 (共6层) 3室1厅 | 69.09平米 | 南 北,https://ke-image.ljcdn.com/110000-inspection/efe66a4b-1e89-4bb5-aad1-f22945202d42_1000.jpg!m_fill,w_280,h_210,f_jpg?from=ke.com
20240325,朝阳,燕莎,101120727160,霞光里30号院 1室1厅 南,320万,67568元/平,顶层 (共6层) 1室1厅 | 47.36平米 | 南,https://ke-image.ljcdn.com/110000-inspection/de183d0c-2781-434b-9a78-816caa520f1d_1000.jpg!m_fill,w_280,h_210,f_jpg?from=ke.com
20240325,朝阳,燕莎,101120654479,国际港 高层 西南四居室 采光好 视野好 楼层好,980万,53085元/平,中楼层 (共23层) | 2002年 | 4室2厅 | 184.61平米 | 西南,https://ke-image.ljcdn.com/110000-inspection/45c5f585-e98c-446f-b9c6-f2fdd56b8360_1000.jpg!m_fill,w_280,h_210,f_jpg?from=ke.com
20240325,朝阳,燕莎,101120471702,远洋新干线 2010年精装地暖房 人车分流 带健身房,435万,68677元/平,低楼层 (共21层) | 2005年 | 1室0厅 | 63.34平米 | 北,https://ke-image.ljcdn.com/110000-inspection/pc1_W5ArDGZa0.jpg!m_fill,w_280,h_210,f_jpg?from=ke.com
20240325,朝阳,燕莎,101120331311,国际港高层精装三居 南北通透 业主诚意出售  满五唯一,848万,65266元/平,高楼层 (共23层) 3室2厅 | 129.93平米 | 南 北,https://ke-image.ljcdn.com/110000-inspection/f21f248e-5ce3-48e0-bceb-bd6b706c837c_1000.jpg!m_fill,w_280,h_210,f_jpg?from=ke.com
20240325,朝阳,燕莎,101120273025,国际港 温馨一居室  户型方正  诚心出售,495万,66965元/平,低楼层 (共23层) | 2002年 | 1室1厅 | 73.92平米 | 西,https://ke-image.ljcdn.com/110000-inspection/526f0030-19d7-4d1e-beb1-a2d5f77aa3eb_1000.jpg!m_fill,w_280,h_210,f_jpg?from=ke.com
20240325,朝阳,燕莎,101120078206,朝阳燕莎 嘉和丽园 精装两居 看房提前约 诚意出售,850万,80646元/平,低楼层 (共28层) | 2001年 | 2室1厅 | 105.4平米 | 东南,https://ke-image.ljcdn.com/110000-inspection/b6b4f9d4-f09c-4241-b65e-3d9b6c1fc50f_1000.jpg!m_fill,w_280,h_210,f_jpg?from=ke.com
20240325,朝阳,燕莎,101119971760,远洋新干线 精装修一居 落地窗 满五年,505万,70091元/平,低楼层 (共22层) | 2005年 | 1室1厅 | 72.05平米 | 西,https://ke-image.ljcdn.com/110000-inspection/9dc6e832-9327-48f8-b031-2b0eca5bafbd_1000.jpg!m_fill,w_280,h_210,f_jpg?from=ke.com
20240325,朝阳,燕莎,101119968820,国际港 温馨一居 正南向 无遮挡 阳光充足,485万,72313元/平,低楼层 (共23层) | 2002年 | 1室1厅 | 67.07平米 | 东南,https://ke-image.ljcdn.com/110000-inspection/3ad97168-4377-4692-b402-9c8d7b4df552_1000.jpg!m_fill,w_280,h_210,f_jpg?from=ke.com
20240325,朝阳,燕莎,101119922457,霞光里30号院已做改造楼层好视野开阔采光充足。,280万,70672元/平,低楼层 (共6层) | 1988年 | 1室1厅 | 39.62平米 | 东南,https://ke-image.ljcdn.com/110000-inspection/pc1_C0IHiAQtg_1.jpg!m_fill,w_280,h_210,f_jpg?from=ke.com
20240325,朝阳,燕莎,101119869001,霞光里35号院中间层 精装修 南向钢混两居;,389万,70999元/平,中楼层 (共5层) 2室1厅 | 54.79平米 | 南,https://ke-image.ljcdn.com/110000-inspection/pc1_gDm1EwA7H.jpg!m_fill,w_280,h_210,f_jpg?from=ke.com
20240325,朝阳,燕莎,101119706412,远洋新干线 朝西一居 有燃气 落地窗 满五年唯一,490万,68009元/平,中楼层 (共22层) | 2005年 | 1室1厅 | 72.05平米 | 西,https://ke-image.ljcdn.com/110000-inspection/b9553350-e694-41a5-a804-6cedb55151f8_1000.jpg!m_fill,w_280,h_210,f_jpg?from=ke.com
20240325,朝阳,燕莎,101119381582,远洋新干线 满五唯一精装修 地暖 有健身房,435万,68677元/平,中楼层 (共21层) 1室0厅 | 63.34平米 | 北,https://ke-image.ljcdn.com/110000-inspection/7ab48e29-1ae2-4174-8435-01e6942eea63_1000.jpg!m_fill,w_280,h_210,f_jpg?from=ke.com
20240325,朝阳,燕莎,101119163029,南北通透格局好不爬楼配套设施齐全交通便利,370万,66908元/平,底层 (共6层) | 1992年 | 2室1厅 | 55.3平米 | 南 北,https://ke-image.ljcdn.com/110000-inspection/2289266e-4e9e-4c0e-9673-23b2fa0d8be7_1000.jpg!m_fill,w_280,h_210,f_jpg?from=ke.com
20240325,朝阳,燕莎,101119085530,此房满五唯一南北通透视野宽阔无遮挡采光充足,368万,64596元/平,高楼层 (共6层) | 1987年 | 2室1厅 | 56.97平米 | 南 北,https://ke-image.ljcdn.com/110000-inspection/pc1_pyoNmeOcZ.jpg!m_fill,w_280,h_210,f_jpg?from=ke.com
20240325,朝阳,燕莎,101119078152,南北通透中粮单位环境好小区已整改,318万,56959元/平,顶层 (共6层) | 1992年 | 2室1厅 | 55.83平米 | 北 南,https://ke-image.ljcdn.com/110000-inspection/pc1_GJbS7E28G.jpg!m_fill,w_280,h_210,f_jpg?from=ke.com
20240325,朝阳,燕莎,101118965816,燕莎 远洋新干线 橡树公馆 南向一居 满五年 落地窗,520万,71636元/平,低楼层 (共21层) 1室1厅 | 72.59平米 | 南,https://ke-image.ljcdn.com/110000-inspection/633588c0-1f7e-4609-a3c6-9937f2a8e3d2_1000.jpg!m_fill,w_280,h_210,f_jpg?from=ke.com
20240325,朝阳,燕莎,101118340586,国际港  南北向的3居 视野开阔,920万,71836元/平,低楼层 (共23层) | 2002年 | 3室1厅 | 128.07平米 | 南 北,https://ke-image.ljcdn.com/110000-inspection/0d9d850b-7da3-469c-8041-a31efe85ae26_1000.jpg!m_fill,w_280,h_210,f_jpg?from=ke.com
20240325,朝阳,燕莎,101117958932,满五唯一  高层 视野好 采光好,420万,73996元/平,中楼层 (共22层) | 2005年 | 1室0厅 | 56.76平米 | 北,https://ke-image.ljcdn.com/110000-inspection/4735ec02-f6ae-4838-98d4-97d28e16b1af_1000.jpg!m_fill,w_280,h_210,f_jpg?from=ke.com
20240325,朝阳,燕莎,101117450586,精装修的两居室小区中间位置安静不临街业主自住,399万,64574元/平,顶层 (共6层) | 1987年 | 2室1厅 | 61.79平米 | 东南 西北,https://ke-image.ljcdn.com/110000-inspection/pc1_FUDW1ZOKH.jpg!m_fill,w_280,h_210,f_jpg?from=ke.com
20240325,朝阳,燕莎,101116617764,小区中间位置安静不临街全明格局,275万,65821元/平,顶层 (共6层) | 1992年 | 1室1厅 | 41.78平米 | 东南,https://ke-image.ljcdn.com/110000-inspection/d6512929-9f54-4add-befe-6a510b27ad6a_1000.jpg!m_fill,w_280,h_210,f_jpg?from=ke.com
20240325,朝阳,燕莎,101116279175,精装修的两居室小区中间位置安静不临街业主自住房主自荐,420万,77022元/平,底层 (共6层) | 1992年 | 2室1厅 | 54.53平米 | 东南 东北,https://ke-image.ljcdn.com/110000-inspection/pc1_8ljvPYYPs_2.jpg!m_fill,w_280,h_210,f_jpg?from=ke.com
20240325,朝阳,燕莎,101113211668,亮马名居 满五年唯一 商品房 西南向三居室,2150万,111997元/平,低楼层 (共26层) | 2002年 | 3室2厅 | 191.97平米 | 西南,https://ke-image.ljcdn.com/110000-inspection/pc1_19m5EpqsZ.jpg!m_fill,w_280,h_210,f_jpg?from=ke.com
20240325,朝阳,燕莎,101123541528,北京花园 4室2厅 南 北新上,2000万,100422元/平,底层 (共6层) | 2006年 | 4室2厅 | 199.16平米 | 南 北,https://ke-image.ljcdn.com/110000-inspection/prod-3e5736ea-23cb-40eb-a653-305d2a1116c8.jpg!m_fill,w_280,h_210,f_jpg?from=ke.com
20240325,朝阳,燕莎,101123539488,远洋公馆 一梯一户 南北通透 管家服务 车位充足新上,2290万,90279元/平,中楼层 (共23层) 4室2厅 | 253.66平米 | 南 西南 北,https://ke-image.ljcdn.com/110000-inspection/pc1_HsdmOhqzu_1.jpg!m_fill,w_280,h_210,f_jpg?from=ke.com
20240325,朝阳,燕莎,101123510825,燕莎 亮马桥 2011年社区 安静不临街 采光棒新上,1980万,82053元/平,中楼层 (共11层) | 2011年 | 4室1厅 | 241.31平米 | 南 北,https://ke-image.ljcdn.com/110000-inspection/pc1_EMhFhbLNs.jpg!m_fill,w_280,h_210,f_jpg?from=ke.com
20240325,朝阳,燕莎,101123498262,东方东路 2室1厅 南新上,380万,65080元/平,中楼层 (共7层) 2室1厅 | 58.39平米 | 南,https://ke-image.ljcdn.com/110000-inspection/be039350-c281-45f0-bb97-10b92f99efbf_1000.jpg!m_fill,w_280,h_210,f_jpg?from=ke.com
20240325,朝阳,燕莎,101123481351,国际港 4室2厅 东南新上,1998万,80332元/平,顶层 (共23层) | 2002年 | 4室2厅 | 248.72平米 | 东南,https://ke-image.ljcdn.com/110000-inspection/pc1_vviz1scNS_2.jpg!m_fill,w_280,h_210,f_jpg?from=ke.com
20240325,朝阳,燕莎,101123443444,嘉和丽园 满五唯一  视野开阔 采光充足 有产权车位新上,1550万,52611元/平,中楼层 (共28层) | 2001年 | 4室3厅 | 294.62平米 | 南 西南,https://ke-image.ljcdn.com/110000-inspection/0c4a92f6-75d2-4544-8539-ce2d941db919_1000.jpg!m_fill,w_280,h_210,f_jpg?from=ke.com
20240325,朝阳,燕莎,101123436115,燕莎 远洋新干线 地暖全景落地窗 东北朝向格局楼层好新上,799万,78642元/平,中楼层 (共21层) 2室1厅 | 101.6平米 | 东北,https://ke-image.ljcdn.com/110000-inspection/eb5bf489-bf55-4934-ac30-345c04d8e318_1000.jpg!m_fill,w_280,h_210,f_jpg?from=ke.com
20240325,朝阳,燕莎,101123428740,远洋新干线温馨一居2005年商品房社区,420万,73892元/平,中楼层 (共21层) | 2005年 | 1室1厅 | 56.84平米 | 北,https://ke-image.ljcdn.com/110000-inspection/995b02cb-56ac-413b-8978-25388c21de59_1000.jpg!m_fill,w_280,h_210,f_jpg?from=ke.com
20240325,朝阳,燕莎,101123423162,霞光里30号院低楼层的2居室看房提前约。,435万,63412元/平,底层 (共6层) 2室1厅 | 68.6平米 | 南 北,https://ke-image.ljcdn.com/110000-inspection/d917858d-e198-4aee-9c73-be5382eb6dfd_1000.jpg!m_fill,w_280,h_210,f_jpg?from=ke.com
20240325,朝阳,燕莎,101123391409,霞光里30号院  边户边户！满五唯一 明厨明卫,329万,55239元/平,顶层 (共6层) | 1992年 | 2室1厅 | 59.56平米 | 东南 东北,https://ke-image.ljcdn.com/110000-inspection/pc1_L6bDMovMd.jpg!m_fill,w_280,h_210,f_jpg?from=ke.com
20240325,朝阳,燕莎,101123390586,远洋新干线  西向一居室 采光好  格局好落地窗,485万,67315元/平,低楼层 (共22层) | 2005年 | 1室1厅 | 72.05平米 | 西,https://ke-image.ljcdn.com/110000-inspection/pc1_HLPM1FiTS_2.jpg!m_fill,w_280,h_210,f_jpg?from=ke.com
20240325,朝阳,燕莎,101123369066,东三环 远洋新干线 3卧朝南 满5唯1 预约可看,1750万,86626元/平,低楼层 (共27层) | 2005年 | 4室1厅 | 202.02平米 | 南,https://ke-image.ljcdn.com/110000-inspection/pc1_6FBhuI6y0.jpg!m_fill,w_280,h_210,f_jpg?from=ke.com
20240325,朝阳,燕莎,101123334571,燕莎 US联邦公寓 精装大面宽四居室 随时可看,1600万,70318元/平,中楼层 (共26层) 4室1厅 | 227.54平米 | 西 东,https://ke-image.ljcdn.com/110000-inspection/fa91563b-6ceb-41d7-b620-c62fa6e5a162_1000.jpg!m_fill,w_280,h_210,f_jpg?from=ke.com
20240325,朝阳,燕莎,101123334378,燕莎 太阳宫  三元桥 远洋新干线 精装一居室,479万,66280元/平,高楼层 (共23层) | 2005年 | 1室1厅 | 72.27平米 | 北,https://ke-image.ljcdn.com/110000-inspection/pc1_Snw48b4hx.jpg!m_fill,w_280,h_210,f_jpg?from=ke.com
20240325,朝阳,燕莎,101123334403,燕莎 国际港 西南四居室 格局方正,1088万,58936元/平,低楼层 (共23层) | 2002年 | 4室2厅 | 184.61平米 | 西南,https://ke-image.ljcdn.com/110000-inspection/pc1_XiZTTy2B5_1.jpg!m_fill,w_280,h_210,f_jpg?from=ke.com
20240325,朝阳,燕莎,101123282470,燕莎 三元桥 精装两居室 地暖 满五唯一 有免费健身房,808万,80159元/平,高楼层 (共21层) | 2005年 | 2室1厅 | 100.8平米 | 西南,https://ke-image.ljcdn.com/110000-inspection/f6879c7f-32a8-45ba-8873-b87809b9faa6_1000.jpg!m_fill,w_280,h_210,f_jpg?from=ke.com
20240325,朝阳,燕莎,101123240192,此房南北通透带客厅二层南北无遮挡,359万,57542元/平,低楼层 (共6层) 2室1厅 | 62.39平米 | 南 北,https://ke-image.ljcdn.com/110000-inspection/4604b344-60b6-484c-8642-035065044777_1000.jpg!m_fill,w_280,h_210,f_jpg?from=ke.com
20240325,朝阳,燕莎,101123234784,简约式精装修可拎包入住中楼层费用少,340万,70657元/平,中楼层 (共6层) | 1987年 | 1室1厅 | 48.12平米 | 南,https://ke-image.ljcdn.com/110000-inspection/pc1_4oyCyb4wZ_2.jpg!m_fill,w_280,h_210,f_jpg?from=ke.com
20240325,朝阳,燕莎,101123231178,燕莎 亮马桥 国际港 一层四居室,980万,58473元/平,底层 (共23层) | 2002年 | 4室2厅 | 167.6平米 | 东南,https://ke-image.ljcdn.com/110000-inspection/pc1_pLB8F7FG9.jpg!m_fill,w_280,h_210,f_jpg?from=ke.com
20240325,朝阳,燕莎,101123156865,US联邦公寓 独立保姆间 50平大客厅落地窗 健身房泳池,1180万,70520元/平,中楼层 (共31层) | 2007年 | 2室1厅 | 167.33平米 | 西 北,https://ke-image.ljcdn.com/110000-inspection/3756121b-bacc-4722-8928-268a7927991c_1000.jpg!m_fill,w_280,h_210,f_jpg?from=ke.com
20240325,朝阳,燕莎,101123156724,霞光里30号院 满五唯一 大客厅 空间大,358万,81401元/平,底层 (共6层) | 1988年 | 2室1厅 | 43.98平米 | 南,https://ke-image.ljcdn.com/110000-inspection/b65768f8-9822-4c0c-87a7-e8154bac6e38_1000.jpg!m_fill,w_280,h_210,f_jpg?from=ke.com
20240325,朝阳,燕莎,101123145807,燕莎 亮马桥 高层视野开阔 采光棒,1600万,54308元/平,高楼层 (共28层) | 2001年 | 4室1厅 | 294.62平米 | 西南,https://ke-image.ljcdn.com/110000-inspection/a7ef529c-24a4-41db-a722-6efabd1ceb04_1000.jpg!m_fill,w_280,h_210,f_jpg?from=ke.com
20240325,朝阳,燕莎,101123144323,华远九都汇 户型方正 采光视野好 2011年建成 价格合理,1799万,73062元/平,低楼层 (共23层) | 2011年 | 4室3厅 | 246.23平米 | 南 北,https://ke-image.ljcdn.com/110000-inspection/pc1_SEEXwYJ19_1.jpg!m_fill,w_280,h_210,f_jpg?from=ke.com
20240325,朝阳,燕莎,101123124647,高楼层视野很好的一套小三居东西通透方方正正,1390万,80965元/平,高楼层 (共31层) | 2007年 | 3室2厅 | 171.68平米 | 东 西,https://ke-image.ljcdn.com/110000-inspection/pc1_5wNSx1krK_1.jpg!m_fill,w_280,h_210,f_jpg?from=ke.com
20240325,朝阳,燕莎,101123123938,远洋新干线 温馨一居室 随时签约,498万,69283元/平,低楼层 (共27层) | 2005年 | 1室0厅 | 71.88平米 | 北,https://ke-image.ljcdn.com/110000-inspection/pc1_VIrt6cAOh.jpg!m_fill,w_280,h_210,f_jpg?from=ke.com
20240325,朝阳,燕莎,101123116919,燕莎 远洋新干线 东向三居室 高层无遮挡,1019万,69920元/平,高楼层 (共21层) 3室1厅 | 145.74平米 | 东,https://ke-image.ljcdn.com/110000-inspection/pc1_ibZ9qjbUL_2.jpg!m_fill,w_280,h_210,f_jpg?from=ke.com
20240325,朝阳,燕莎,101123107176,华远九都汇 户型方正 采光视野好 2011年建成 价格合理,285万,39672元/平,中楼层 (共11层) | 2011年 | 1室1厅 | 71.84平米 | 西,https://ke-image.ljcdn.com/110000-inspection/pc1_E1WWiPtkF.jpg!m_fill,w_280,h_210,f_jpg?from=ke.com
20240325,朝阳,燕莎,101123025435,燕莎 远洋新干线 大三居室 70年产权,760万,41927元/平,高楼层 (共26层) | 2005年 | 3室1厅 | 181.27平米 | 南,https://ke-image.ljcdn.com/110000-inspection/pc1_c7L1pBBNL.jpg!m_fill,w_280,h_210,f_jpg?from=ke.com
20240325,朝阳,燕莎,101123024142,燕莎 远洋公馆 西南四居室 满五唯一,2250万,84628元/平,低楼层 (共23层) 4室1厅 | 265.87平米 | 西南,https://ke-image.ljcdn.com/110000-inspection/e6343e4c-40ba-457d-b493-4e486560779d_1000.jpg!m_fill,w_280,h_210,f_jpg?from=ke.com
20240325,朝阳,燕莎,101123001002,满五唯一 精装东向两居室 正对小区花园,916万,70663元/平,低楼层 (共21层) 2室2厅 | 129.63平米 | 东,https://ke-image.ljcdn.com/110000-inspection/798684eb-7b13-41b2-9d01-474d51753028_1000.jpg!m_fill,w_280,h_210,f_jpg?from=ke.com
20240325,朝阳,燕莎,101122991673,霞光里35号院  钢混三居室 有钥匙 随时看房,345万,56034元/平,顶层 (共5层) 3室1厅 | 61.57平米 | 东南 西北,https://ke-image.ljcdn.com/110000-inspection/dcff6e53-c92c-41d1-9b89-82c15968efea_1000.jpg!m_fill,w_280,h_210,f_jpg?from=ke.com
20240325,朝阳,燕莎,101122991443,嘉和丽园 采光好 视野好 物业管理好 有会所 户型方正,680万,80322元/平,中楼层 (共28层) | 2001年 | 1室1厅 | 84.66平米 | 西,https://ke-image.ljcdn.com/110000-inspection/4e2f77bb-d709-4b2d-85f4-d306a3430901_1000.jpg!m_fill,w_280,h_210,f_jpg?from=ke.com
20240325,朝阳,燕莎,101122957514,燕莎三元桥国际港小区中间楼层两居室,790万,79206元/平,中楼层 (共23层) | 2002年 | 2室1厅 | 99.74平米 | 南 西,https://ke-image.ljcdn.com/110000-inspection/40d80229-7e6d-4825-af07-0c2641ddd626_1000.jpg!m_fill,w_280,h_210,f_jpg?from=ke.com
20240325,朝阳,燕莎,101122942178,朝阳燕莎 霞光里30号院精装双阳台两居 满五年,370万,64833元/平,顶层 (共6层) 2室1厅 | 57.07平米 | 东南,https://ke-image.ljcdn.com/110000-inspection/145b1b35-77e7-4c3f-902c-f0e3a2371cff_1000.jpg!m_fill,w_280,h_210,f_jpg?from=ke.com
20240325,朝阳,燕莎,101122882341,远洋新干线 1室1厅 北,518万,71676元/平,高楼层 (共23层) | 2005年 | 1室1厅 | 72.27平米 | 北,https://ke-image.ljcdn.com/110000-inspection/pc1_m4AqnO1Kd.jpg!m_fill,w_280,h_210,f_jpg?from=ke.com
20240325,朝阳,燕莎,101122866707,三环边三元桥燕莎 远洋新干线小两居 落地窗 满五唯一,668万,75302元/平,低楼层 (共22层) 2室1厅 | 88.71平米 | 东北,https://ke-image.ljcdn.com/110000-inspection/a27bd26f-8319-41e6-ae74-36a37edffdba_1000.jpg!m_fill,w_280,h_210,f_jpg?from=ke.com
20240325,朝阳,燕莎,101122859957,远洋新干线 南向三居室 不临街 正对小区花园 三元桥,1268万,80036元/平,中楼层 (共21层) 3室1厅 | 158.43平米 | 南,https://ke-image.ljcdn.com/110000-inspection/pc1_Ul3NepMyZ.jpg!m_fill,w_280,h_210,f_jpg?from=ke.com
20240325,朝阳,燕莎,101122854243,四季世家景观三居南北通透观亮马河满五年随时看房,2850万,105513元/平,中楼层 (共22层) 3室2厅 | 270.11平米 | 南 北,https://ke-image.ljcdn.com/110000-inspection/24984287-d6bf-4afd-bd1d-8a2c9a7c1166_1000.jpg!m_fill,w_280,h_210,f_jpg?from=ke.com
20240325,朝阳,燕莎,101122830411,东北三环 燕莎 远洋新干线改善精装三居 GAOYUAN值,1120万,74114元/平,低楼层 (共27层) | 2005年 | 3室2厅 | 151.12平米 | 西北,https://ke-image.ljcdn.com/110000-inspection/pc1_zf6AVGjdD.jpg!m_fill,w_280,h_210,f_jpg?from=ke.com
20240325,朝阳,燕莎,101122729065,东三环燕莎 京润双拼别墅 满5唯1 有钥匙,2650万,114279元/平,底层 (共2层) 3室1厅 | 231.89平米 | 东 南 北,https://ke-image.ljcdn.com/110000-inspection/2faf498f-9a71-46f6-abd9-86ae4dadca75_1000.jpg!m_fill,w_280,h_210,f_jpg?from=ke.com
20240325,朝阳,燕莎,101122723389,满五唯一 精装 复式+平台 东南向直观国贸,2680万,80353元/平,顶层 (共23层) | 2005年 | 5室2厅 | 333.53平米 | 东 南 北,https://ke-image.ljcdn.com/110000-inspection/546e48d0-dd4b-41c0-a81e-d27356f0872b_1000.jpg!m_fill,w_280,h_210,f_jpg?from=ke.com
20240325,朝阳,燕莎,101122722499,燕莎 亮马桥 市政地暖 2011年社区 诚意出售,1900万,92131元/平,中楼层 (共23层) | 2011年 | 3室2厅 | 206.23平米 | 南 北,https://ke-image.ljcdn.com/110000-inspection/pc1_6caJG81lW_1.jpg!m_fill,w_280,h_210,f_jpg?from=ke.com
20240325,朝阳,燕莎,101122719273,燕莎 正南向 2011年社区华远九都汇  精装修 市财地暖,1040万,97251元/平,低楼层 (共23层) 1室1厅 | 106.94平米 | 南,https://ke-image.ljcdn.com/110000-inspection/d9beed20-602e-4c5a-90eb-a66ebc458a95_1000.jpg!m_fill,w_280,h_210,f_jpg?from=ke.com
20240325,朝阳,燕莎,101122707169,东边三环 三元桥 远洋新干线落地窗 采光好满五唯一,699万,52668元/平,低楼层 (共26层) | 2005年 | 2室1厅 | 132.72平米 | 东北,https://ke-image.ljcdn.com/110000-inspection/pc1_UxKowuhQc_1.jpg!m_fill,w_280,h_210,f_jpg?from=ke.com
20240325,朝阳,燕莎,101122689674,三元桥3层复式带平台空间独立私密性好,1868万,87519元/平,高楼层 (共23层) | 2005年 | 4室2厅 | 213.44平米 | 南 北,https://ke-image.ljcdn.com/110000-inspection/1c6c23d9-523f-483b-838d-1f717026ab40_1000.jpg!m_fill,w_280,h_210,f_jpg?from=ke.com
20240325,朝阳,燕莎,101122663171,远洋新干线  燕莎   复式 满五唯一,1598万,57441元/平,高楼层 (共23层) 3室2厅 | 278.2平米 | 西,https://ke-image.ljcdn.com/110000-inspection/1348131a-cd20-45da-8bc8-92374f0850ef_1000.jpg!m_fill,w_280,h_210,f_jpg?from=ke.com
20240325,朝阳,燕莎,101122650591,霞光里35号院 3室1厅 南 北,375万,60867元/平,中楼层 (共5层) 3室1厅 | 61.61平米 | 南 北,https://ke-image.ljcdn.com/110000-inspection/pc1_2avRwqe2j.jpg!m_fill,w_280,h_210,f_jpg?from=ke.com
20240325,朝阳,燕莎,101122555712,全新装修拎包入住全明格局视野开阔无遮挡,1799万,76326元/平,高楼层 (共26层) | 2007年 | 4室1厅 | 235.7平米 | 东 西 北,https://ke-image.ljcdn.com/110000-inspection/pc1_brWoT7Sr0_1.jpg!m_fill,w_280,h_210,f_jpg?from=ke.com
20240325,朝阳,燕莎,101122519788,此房满五唯一南北通透小区配套设施齐全治安好,300万,53774元/平,顶层 (共6层) | 1992年 | 2室1厅 | 55.79平米 | 南 北,https://ke-image.ljcdn.com/110000-inspection/3c5607e1-4592-4dde-83db-1e8a49addbf3_1000.jpg!m_fill,w_280,h_210,f_jpg?from=ke.com
20240325,朝阳,燕莎,101122496892,餐客厅分离带14平米阳台双卫双阳台,978万,52766元/平,低楼层 (共23层) | 2002年 | 4室2厅 | 185.35平米 | 西南,https://ke-image.ljcdn.com/110000-inspection/prod-5359e18b-190f-4281-ba33-1eb35d9dfc8c.jpg!m_fill,w_280,h_210,f_jpg?from=ke.com
20240325,朝阳,燕莎,101122491700,东北三环 嘉和丽园  精装四居室 诚心出售,1800万,61096元/平,高楼层 (共28层) | 2001年 | 4室2厅 | 294.62平米 | 西南,https://ke-image.ljcdn.com/110000-inspection/pc1_3Up4KQVAB_2.jpg!m_fill,w_280,h_210,f_jpg?from=ke.com
20240325,朝阳,燕莎,101122447417,满五唯一中间层的精装修南向两居,359万,65523元/平,中楼层 (共5层) | 1983年 | 2室1厅 | 54.79平米 | 南,https://ke-image.ljcdn.com/110000-inspection/pc1_HePXc3onE_1.jpg!m_fill,w_280,h_210,f_jpg?from=ke.com
20240325,朝阳,燕莎,101122402432,亮马名居南北通透三居室观朝阳公园,1780万,110752元/平,高楼层 (共13层) 3室2厅 | 160.72平米 | 南 北,https://ke-image.ljcdn.com/110000-inspection/pc1_07HdXPpxq.jpg!m_fill,w_280,h_210,f_jpg?from=ke.com
20240325,朝阳,燕莎,101122400575,满五唯一精修边户比同户型多4扇窗双卫带窗,1529万,65855元/平,低楼层 (共26层) | 2007年 | 4室1厅 | 232.18平米 | 东 西,https://ke-image.ljcdn.com/110000-inspection/pc1_PblmtcJDU.jpg!m_fill,w_280,h_210,f_jpg?from=ke.com
20240325,朝阳,燕莎,101122341416,四季世家 全南向2+1户型 高楼层 观亮马河全景,3800万,149377元/平,高楼层 (共25层) | 2010年 | 3室2厅 | 254.39平米 | 南,https://ke-image.ljcdn.com/110000-inspection/712649f7-0e98-4770-9c70-e14efa66a037_1000.jpg!m_fill,w_280,h_210,f_jpg?from=ke.com
20240325,朝阳,燕莎,101122324344,国际港 南北通透 采光好 无遮挡 楼层好,930万,72617元/平,高楼层 (共23层) | 2002年 | 3室1厅 | 128.07平米 | 南 北,https://ke-image.ljcdn.com/110000-inspection/pc1_Z30BA34lj_1.jpg!m_fill,w_280,h_210,f_jpg?from=ke.com
20240325,朝阳,燕莎,101122323907,嘉和丽园 采光好 视野好 物业管理好 有会所 户型方正,1100万,61983元/平,低楼层 (共28层) | 2001年 | 3室1厅 | 177.47平米 | 东,https://ke-image.ljcdn.com/110000-inspection/pc1_0CxCHbOeO.jpg!m_fill,w_280,h_210,f_jpg?from=ke.com
20240325,朝阳,燕莎,101122318594,霞光里30号院 精装修 采光好 视野无遮挡 价格合理,299万,80075元/平,高楼层 (共6层) | 1987年 | 1室1厅 | 37.34平米 | 东南,https://ke-image.ljcdn.com/110000-inspection/3f97eef3-a646-4121-9d94-800676e41451_1000.jpg!m_fill,w_280,h_210,f_jpg?from=ke.com
20240325,朝阳,燕莎,101122280599,福景苑西南向三居满五年唯一精装修拎包入住,2060万,76617元/平,低楼层 (共25层) | 2002年 | 3室2厅 | 268.87平米 | 西南,https://ke-image.ljcdn.com/110000-inspection/a10dd780-a4ee-4cd0-93e5-4272ae73e3c7_1000.jpg!m_fill,w_280,h_210,f_jpg?from=ke.com
20240325,朝阳,燕莎,101122209879,东北三环燕莎 远洋新干线A座高层复式 全南景观国贸,1990万,52739元/平,高楼层 (共26层) | 2005年 | 5室3厅 | 377.33平米 | 东南,https://ke-image.ljcdn.com/110000-inspection/pc1_vIeY34QF5.jpg!m_fill,w_280,h_210,f_jpg?from=ke.com
20240325,朝阳,燕莎,101122181534,东南朝向全明格局自住装修拎包入住采光好,1480万,78900元/平,低楼层 (共31层) | 2007年 | 3室2厅 | 187.58平米 | 东南,https://ke-image.ljcdn.com/110000-inspection/2ca79acb-622c-476b-a426-da8b366c28c8_1000.jpg!m_fill,w_280,h_210,f_jpg?from=ke.com
20240325,朝阳,燕莎,101122144127,朝阳公园燕莎商圈蓝色港湾花园电梯洋房落地窗,2900万,107964元/平,高楼层 (共6层) | 2006年 | 4室1厅 | 268.61平米 | 南 北,https://ke-image.ljcdn.com/110000-inspection/pc1_K6dMpldcc_1.jpg!m_fill,w_280,h_210,f_jpg?from=ke.com
20240325,朝阳,燕莎,101122077070,朝阳燕莎 华远九都汇 11年社区  东南三居 明厨明卫,1850万,88666元/平,高楼层 (共11层) 3室2厅 | 208.65平米 | 东 南 北,https://ke-image.ljcdn.com/110000-inspection/c9c58c57-2f6f-4917-8f1f-36cb404d406f_1000.jpg!m_fill,w_280,h_210,f_jpg?from=ke.com
20240325,朝阳,燕莎,101122032250,此房满五唯一仅契税配套设施齐全交通便利,435万,57260元/平,底层 (共6层) | 1992年 | 3室1厅 | 75.97平米 | 南 北,https://ke-image.ljcdn.com/110000-inspection/pc1_c64UrhpzJ.jpg!m_fill,w_280,h_210,f_jpg?from=ke.com
20240325,朝阳,燕莎,101122029860,霞光里35号院 中底楼层 南北通透户型 有装修 随时签约,399万,69404元/平,低楼层 (共6层) | 1987年 | 2室1厅 | 57.49平米 | 南 北,https://ke-image.ljcdn.com/110000-inspection/pc1_zgaThTEf4.jpg!m_fill,w_280,h_210,f_jpg?from=ke.com
20240325,朝阳,燕莎,101122029134,朝阳 东北三环 远洋新干线高层观景 可注册 落地窗,590万,47941元/平,中楼层 (共26层) | 2005年 | 1室2厅 | 123.07平米 | 西,https://ke-image.ljcdn.com/110000-inspection/pc1_MKVewkFCr.jpg!m_fill,w_280,h_210,f_jpg?from=ke.com
20240325,朝阳,燕莎,101122028894,东北三环 燕莎 远洋新干线高层三居 落地窗景观国贸,760万,41911元/平,低楼层 (共26层) | 2005年 | 3室2厅 | 181.34平米 | 南,https://ke-image.ljcdn.com/110000-inspection/pc1_vkDhRvEH7.jpg!m_fill,w_280,h_210,f_jpg?from=ke.com
20240325,朝阳,燕莎,101121964151,四季世家南向两居观亮马河全景户型好采光充足,2680万,110153元/平,中楼层 (共16层) 2室2厅 | 243.3平米 | 南,https://ke-image.ljcdn.com/110000-inspection/1f762b99-40b6-47b9-a91b-e9039624e9c2_1000.jpg!m_fill,w_280,h_210,f_jpg?from=ke.com
20240325,朝阳,燕莎,101121949325,US联邦公寓精装修可拎包入住格局方正金茂物业。,1480万,65346元/平,低楼层 (共26层) | 2007年 | 4室2厅 | 226.49平米 | 东 西,https://ke-image.ljcdn.com/110000-inspection/pc1_Mp7NrnZEq_1.jpg!m_fill,w_280,h_210,f_jpg?from=ke.com
20240325,朝阳,燕莎,101121925769,霞光里30号院 1室1厅 西南,308万,74110元/平,顶层 (共6层) | 1992年 | 1室1厅 | 41.56平米 | 西南,https://ke-image.ljcdn.com/110000-inspection/pc1_ewLxJ3MfP.jpg!m_fill,w_280,h_210,f_jpg?from=ke.com
20240325,朝阳,燕莎,101121864266,国际港 满五唯一 楼层好 采光好 户型方正,460万,70792元/平,中楼层 (共23层) | 2002年 | 1室1厅 | 64.98平米 | 东南 南,https://ke-image.ljcdn.com/110000-inspection/65aaa531-a1d9-4cbd-9a06-161b8e351a7f_1000.jpg!m_fill,w_280,h_210,f_jpg?from=ke.com
20240325,朝阳,燕莎,101121742828,朝阳公园 亮马河 蓝色港湾 满五唯一,765万,96775元/平,中楼层 (共26层) 1室1厅 | 79.05平米 | 北,https://ke-image.ljcdn.com/110000-inspection/pc1_vYCFSBZDk_2.jpg!m_fill,w_280,h_210,f_jpg?from=ke.com
20240325,朝阳,燕莎,101121709232,户型方正明厨明卫三环边低密别墅区交通便利,1390万,105784元/平,顶层 (共2层) | 1997年 | 3室1厅 | 131.4平米 | 西南 东北,https://ke-image.ljcdn.com/110000-inspection/fded0bf6-744d-410d-aed2-ad37b69a8c19_1000.jpg!m_fill,w_280,h_210,f_jpg?from=ke.com
20240325,朝阳,燕莎,101121667763,国际港 双阳台 地铁10号线 三元桥 正规两居室 朝向好房主自荐,733万,72958元/平,低楼层 (共23层) 2室1厅 | 100.47平米 | 西南,https://ke-image.ljcdn.com/110000-inspection/pc1_irnBMqhu0_2.jpg!m_fill,w_280,h_210,f_jpg?from=ke.com
20240325,朝阳,燕莎,101121557087,霞光里30号院 2室1厅 南 北,385万,70039元/平,顶层 (共6层) | 1992年 | 2室1厅 | 54.97平米 | 南 北,https://ke-image.ljcdn.com/110000-inspection/b59cad78-f1bd-43a2-be0a-615793238b1d_1000.jpg!m_fill,w_280,h_210,f_jpg?from=ke.com
20240325,朝阳,燕莎,101121469111,中粮物业  南北通透  精装修 双卧朝南3居 满五央产,469万,61292元/平,顶层 (共6层) | 1991年 | 3室1厅 | 76.52平米 | 北 南,https://ke-image.ljcdn.com/110000-inspection/ba3bbeef-140d-42ed-92e7-4cf4d3054dc9_1000.jpg!m_fill,w_280,h_210,f_jpg?from=ke.com
20240325,朝阳,燕莎,101121400269,国际港 3室1厅 南 北,848万,66214元/平,中楼层 (共23层) | 2001年 | 3室1厅 | 128.07平米 | 南 北,https://ke-image.ljcdn.com/110000-inspection/f308a84e-edac-4bc7-95b9-181bdbf710ce_1000.jpg!m_fill,w_280,h_210,f_jpg?from=ke.com
20240325,朝阳,燕莎,101121397583,远洋新干线  精装修两居室 高楼层电梯房 诚售,1000万,73196元/平,中楼层 (共21层) 2室1厅 | 136.62平米 | 西,https://ke-image.ljcdn.com/110000-inspection/55e5dcb7-9d2b-4248-a60f-eb3e3503cebd_1000.jpg!m_fill,w_280,h_210,f_jpg?from=ke.com
20240325,朝阳,燕莎,101121340437,朝阳燕莎霞光里精装3居满五年精装修诚意出售。,467万,67467元/平,顶层 (共6层) | 1987年 | 3室1厅 | 69.22平米 | 东南 西北,https://ke-image.ljcdn.com/110000-inspection/pc1_qlSelZOYz.jpg!m_fill,w_280,h_210,f_jpg?from=ke.com
20240325,朝阳,燕莎,101121332811,东北三环 燕莎 远洋新干线高层三居 落地窗景观国贸,780万,43030元/平,高楼层 (共26层) | 2005年 | 3室1厅 | 181.27平米 | 南,https://ke-image.ljcdn.com/110000-inspection/pc1_H0OVkAPkA_2.jpg!m_fill,w_280,h_210,f_jpg?from=ke.com
20240325,朝阳,燕莎,101121281023,福景苑高层东南三居 观景朝阳公园 采光无遮挡,2000万,74386元/平,高楼层 (共26层) | 2002年 | 3室2厅 | 268.87平米 | 东南,https://ke-image.ljcdn.com/110000-inspection/bedfb8b1-0dc0-48ec-814b-765d10e37644_1000.jpg!m_fill,w_280,h_210,f_jpg?from=ke.com
20240325,朝阳,燕莎,101121248669,华远九都汇 2室3厅 西南 东北,1050万,76946元/平,顶层 (共11层) | 2011年 | 2室3厅 | 136.46平米 | 西南 东北,https://ke-image.ljcdn.com/110000-inspection/b50406c0-71b8-46d8-8726-8b51732c0227_1000.jpg!m_fill,w_280,h_210,f_jpg?from=ke.com
20240325,朝阳,燕莎,101121170211,霞光里30号院 观小区园林 楼龄新 管理好 南北通透,352万,62038元/平,顶层 (共6层) | 1988年 | 2室1厅 | 56.74平米 | 南 北,https://ke-image.ljcdn.com/110000-inspection/pc1_b70JzpWcj_2.jpg!m_fill,w_280,h_210,f_jpg?from=ke.com
20240325,朝阳,燕莎,101121170160,华远九都汇户型方正 采光视野好 2011年建成 价格合理,1095万,53917元/平,顶层 (共11层) 3室1厅 | 203.09平米 | 南,https://ke-image.ljcdn.com/110000-inspection/pc1_6IXj3pqqq_1.jpg!m_fill,w_280,h_210,f_jpg?from=ke.com
20240325,朝阳,燕莎,101120998947,东北三环 燕莎 远洋新干线A座 落地西北三居  满五唯一,699万,44938元/平,高楼层 (共26层) | 2005年 | 3室1厅 | 155.55平米 | 西北,https://ke-image.ljcdn.com/110000-inspection/e7899dfa-6823-468b-9f65-a8bcd4404d9f_1000.jpg!m_fill,w_280,h_210,f_jpg?from=ke.com
20240325,朝阳,燕莎,101120986807,远洋新干线 高层观景 两居 10号线 三元桥 人车分流,995万,76088元/平,高楼层 (共27层) | 2005年 | 2室1厅 | 130.77平米 | 东,https://ke-image.ljcdn.com/110000-inspection/f13b76c3-90eb-421d-ae7d-1890a952d8a8_1000.jpg!m_fill,w_280,h_210,f_jpg?from=ke.com
20240325,朝阳,燕莎,101120986743,远洋新干线 橡树公馆 电梯刷卡 一层免费健身 三元桥,865万,85138元/平,中楼层 (共21层) 2室1厅 | 101.6平米 | 西北,https://ke-image.ljcdn.com/110000-inspection/e87b7cfd-590b-4e20-9a32-8970f0d1ec03_1000.jpg!m_fill,w_280,h_210,f_jpg?from=ke.com
20240325,朝阳,燕莎,101120986492,国际港 正规一居 地铁10号线 三元桥 南向 不临街,459万,70638元/平,中楼层 (共23层) | 2002年 | 1室1厅 | 64.98平米 | 东南,https://ke-image.ljcdn.com/110000-inspection/pc1_012dYu5wZ_1.jpg!m_fill,w_280,h_210,f_jpg?from=ke.com
20240325,朝阳,燕莎,101120983728,霞光里35号院 2室1厅 南,385万,70269元/平,底层 (共5层) | 1981年 | 2室1厅 | 54.79平米 | 南,https://ke-image.ljcdn.com/110000-inspection/pc1_UpBdv7ItS.jpg!m_fill,w_280,h_210,f_jpg?from=ke.com
20240325,朝阳,燕莎,101120978149,华远九都汇2012年 人车分流 地暖24小时热水,750万,84871元/平,高楼层 (共7层) | 2011年 | 1室1厅 | 88.37平米 | 西,https://ke-image.ljcdn.com/110000-inspection/pc1_X6mlZhPMb_1.jpg!m_fill,w_280,h_210,f_jpg?from=ke.com
20240325,朝阳,燕莎,101120946148,国际港 温馨复式四居室 满五年唯一 诚售,1500万,61984元/平,顶层 (共23层) 4室1厅 | 242平米 | 南 北,https://ke-image.ljcdn.com/110000-inspection/3bab63f2-f0d0-4e6c-9609-aac58c9aa980_1000.jpg!m_fill,w_280,h_210,f_jpg?from=ke.com
20240325,朝阳,燕莎,101120940976,霞光里30号院 精装修 采光好 视野无遮挡 价格合理,499万,61583元/平,顶层 (共6层) | 1987年 | 3室1厅 | 81.03平米 | 东南 西北,https://ke-image.ljcdn.com/110000-inspection/pc1_fadjzqLRs.jpg!m_fill,w_280,h_210,f_jpg?from=ke.com
20240325,朝阳,燕莎,101120932077,40年可注册户型方正无遮挡带电梯管家式服务,315万,46324元/平,中楼层 (共7层) | 2011年 | 1室0厅 | 68平米 | 东,https://ke-image.ljcdn.com/110000-inspection/pc1_1Dn2xp3Gw_2.jpg!m_fill,w_280,h_210,f_jpg?from=ke.com
20240325,朝阳,燕莎,101120862206,国际港  2002年社区 看房方便 精装修2居  满五年,540万,60309元/平,底层 (共23层) | 2002年 | 2室1厅 | 89.54平米 | 西 北,https://ke-image.ljcdn.com/110000-inspection/pc1_EJJkCAux5_2.jpg!m_fill,w_280,h_210,f_jpg?from=ke.com
20240325,朝阳,燕莎,101120850028,华远九都汇  燕莎  2012年小区 地暖 人车分流,528万,38787元/平,中楼层 (共7层) | 2011年 | 2室1厅 | 136.13平米 | 西 北,https://ke-image.ljcdn.com/110000-inspection/pc1_2BzxOVelo.jpg!m_fill,w_280,h_210,f_jpg?from=ke.com
20240325,朝阳,燕莎,101120814672,独户两居储物间有东窗的特殊户型高楼层仅契税,1298万,75151元/平,高楼层 (共31层) | 2007年 | 2室2厅 | 172.72平米 | 西 北 东,https://ke-image.ljcdn.com/110000-inspection/2fedf567-f151-40e4-b4b6-794d2c00aeff_1000.jpg!m_fill,w_280,h_210,f_jpg?from=ke.com
20240325,朝阳,燕莎,101120814630,US联邦公寓 4室2厅 东 南 北,1600万,73033元/平,高楼层 (共31层) | 2007年 | 4室2厅 | 219.08平米 | 东 南 北,https://ke-image.ljcdn.com/110000-inspection/pc1_0JDC6riDz_2.jpg!m_fill,w_280,h_210,f_jpg?from=ke.com
20240325,朝阳,燕莎,101120734089,楼龄新 2012年社区 人车分流 市政地暖,350万,38185元/平,高楼层 (共11层) | 2011年 | 1室1厅 | 91.66平米 | 南,https://ke-image.ljcdn.com/110000-inspection/faa61f6c-0113-4c7a-946e-c3087f5f30b6_1000.jpg!m_fill,w_280,h_210,f_jpg?from=ke.com
20240325,朝阳,燕莎,101120491272,远洋新干线 高层 精装 落地窗 人车分流  有燃气,495万,68617元/平,高楼层 (共27层) | 2005年 | 1室1厅 | 72.14平米 | 北,https://ke-image.ljcdn.com/110000-inspection/1dbcf50e-3835-498f-a207-b75e59d7093d_1000.jpg!m_fill,w_280,h_210,f_jpg?from=ke.com
20240325,朝阳,燕莎,101120486289,三元桥 远洋新干线 橡树公馆 管家式服务 落地窗,379万,59836元/平,低楼层 (共21层) | 2005年 | 1室1厅 | 63.34平米 | 北,https://ke-image.ljcdn.com/110000-inspection/61759aee-f06c-4711-bb6c-8b04a220339f_1000.jpg!m_fill,w_280,h_210,f_jpg?from=ke.com
20240325,朝阳,燕莎,101120470019,燕莎商圈朝阳公园北京花园洋房电梯房,2780万,96431元/平,底层 (共6层) | 2006年 | 3室1厅 | 288.29平米 | 西南 南 北,https://ke-image.ljcdn.com/110000-inspection/pc1_jD2eL4ure_1.jpg!m_fill,w_280,h_210,f_jpg?from=ke.com
20240325,朝阳,燕莎,101120357968,霞光里30号院 低楼层 精装修 采光好 视野无遮挡,370万,67212元/平,低楼层 (共6层) | 1987年 | 2室1厅 | 55.05平米 | 东南 西北,https://ke-image.ljcdn.com/110000-inspection/4a42b025-bd48-44a7-9b9e-aa959b8716ef_1000.jpg!m_fill,w_280,h_210,f_jpg?from=ke.com
20240325,朝阳,燕莎,101120277707,高楼层大格局采光好视野棒冬暖夏凉通风效果好,1780万,75498元/平,高楼层 (共31层) 3室2厅 | 235.77平米 | 南 西,https://ke-image.ljcdn.com/110000-inspection/pc1_f8rvh59Ty_2.jpg!m_fill,w_280,h_210,f_jpg?from=ke.com
20240325,朝阳,燕莎,101120066287,新上一层南入花园、全天采光好房,2750万,121860元/平,底层 (共22层) 2室2厅 | 225.67平米 | 南 北,https://ke-image.ljcdn.com/110000-inspection/pc1_GudM6K8j9.jpg!m_fill,w_280,h_210,f_jpg?from=ke.com
20240325,朝阳,燕莎,101119931584,东北三环 燕莎区京润水上花园 三层洋房出售,1200万,121519元/平,顶层 (共3层) | 1997年 | 2室1厅 | 98.75平米 | 南 北,https://ke-image.ljcdn.com/110000-inspection/e5b08034-0eca-40af-ab0a-b82ecc008cb5_1000.jpg!m_fill,w_280,h_210,f_jpg?from=ke.com
20240325,朝阳,燕莎,101119931513,东北三环 燕莎区京润水上花园 三层洋房出售,1200万,121519元/平,顶层 (共3层) | 1997年 | 2室1厅 | 98.75平米 | 南 北,https://ke-image.ljcdn.com/110000-inspection/900b4d7a-1ec9-41a2-ac4e-9691986fd9ce_1000.jpg!m_fill,w_280,h_210,f_jpg?from=ke.com
20240325,朝阳,燕莎,101119827838,通透四居4居互不打扰客厅面宽5米5观景无遮挡房主自荐,1580万,69014元/平,中楼层 (共26层) | 2007年 | 4室2厅 | 228.94平米 | 东 西,https://ke-image.ljcdn.com/110000-inspection/05eeebb4-d9ee-45a3-b731-0f7cd70d9a29_1000.jpg!m_fill,w_280,h_210,f_jpg?from=ke.com
20240325,朝阳,燕莎,101119367731,2011年社区 市政地暖 高楼层双南向 大两居室,1399万,87063元/平,高楼层 (共11层) 2室2厅 | 160.69平米 | 南,https://ke-image.ljcdn.com/110000-inspection/75b756be-dfbc-4dd4-b59e-e842117c9d23_1000.jpg!m_fill,w_280,h_210,f_jpg?from=ke.com
20240325,朝阳,燕莎,101119356037,四季西塔观景中间楼层 南北通透 双明卫,3580万,109985元/平,中楼层 (共16层) 3室2厅 | 325.5平米 | 南 北,https://ke-image.ljcdn.com/110000-inspection/pc1_b3BeCBpq1_1.jpg!m_fill,w_280,h_210,f_jpg?from=ke.com
20240325,朝阳,燕莎,101119333795,正南向 高楼层 采光充足 视野开阔,1050万,98186元/平,高楼层 (共23层) | 2011年 | 2室2厅 | 106.94平米 | 南 北,https://ke-image.ljcdn.com/110000-inspection/4e90b488-56f1-426f-b01a-e5e8d9b22032_1000.jpg!m_fill,w_280,h_210,f_jpg?from=ke.com
20240325,朝阳,燕莎,101119166248,朝阳燕莎 霞光里30号院  精装修两居 诚意出售看房随时,320万,68523元/平,低楼层 (共6层) 2室1厅 | 46.7平米 | 东北 西北,https://ke-image.ljcdn.com/110000-inspection/9381d455-7cb9-444c-af7b-11e9729fcd1f_1000.jpg!m_fill,w_280,h_210,f_jpg?from=ke.com
20240325,朝阳,燕莎,101119068388,福景苑 2室2厅 西,1350万,75512元/平,中楼层 (共26层) | 2002年 | 2室2厅 | 178.78平米 | 西,https://ke-image.ljcdn.com/110000-inspection/pc1_MIqX8RpB8_1.jpg!m_fill,w_280,h_210,f_jpg?from=ke.com
20240325,朝阳,燕莎,101119028921,燕莎三元桥四环内京润水上花园独栋别墅,4450万,136061元/平,底层 (共2层) 4室2厅 | 327.06平米 | 南 北,https://ke-image.ljcdn.com/110000-inspection/2ed41fec-ad74-44b6-a401-a026210218f3_1000.jpg!m_fill,w_280,h_210,f_jpg?from=ke.com
20240325,朝阳,燕莎,101118511074,可注册户型方正无遮挡带电梯管家式服务,500万,38003元/平,中楼层 (共11层) 1室1厅 | 131.57平米 | 西北,https://ke-image.ljcdn.com/110000-inspection/021ea557-2381-48f4-9ffc-d03ff5d544a2_1000.jpg!m_fill,w_280,h_210,f_jpg?from=ke.com
20240325,朝阳,燕莎,101117811487,满五年唯一南北通透交通方便,340万,64407元/平,底层 (共6层) | 1987年 | 2室1厅 | 52.79平米 | 南 北,https://ke-image.ljcdn.com/110000-inspection/pc1_6evzWw47V_1.jpg!m_fill,w_280,h_210,f_jpg?from=ke.com
20240325,朝阳,燕莎,101117746566,福景苑精装观景两居室户型方正采光好诚意出售房主自荐,1450万,74547元/平,中楼层 (共25层) | 2002年 | 2室2厅 | 194.51平米 | 西,https://ke-image.ljcdn.com/110000-inspection/pc1_L8tiEQVo8.jpg!m_fill,w_280,h_210,f_jpg?from=ke.com
20240325,朝阳,燕莎,101117745904,福景苑 满五年 东向观景朝阳公园 24小时物业服务,1400万,78309元/平,中楼层 (共26层) 2室2厅 | 178.78平米 | 东,https://ke-image.ljcdn.com/110000-inspection/pc1_1RSY3Fb7D_1.jpg!m_fill,w_280,h_210,f_jpg?from=ke.com
20240325,朝阳,燕莎,101117739145,朝阳公园蓝色港湾洋房满五唯一南北通透,2800万,118464元/平,底层 (共6层) | 2006年 | 3室2厅 | 236.36平米 | 南 北,https://ke-image.ljcdn.com/110000-inspection/pc1_bkHjXiNJ0_1.jpg!m_fill,w_280,h_210,f_jpg?from=ke.com
20240325,朝阳,燕莎,101117311334,燕莎三元桥US联邦公寓小区新上南北东三居,1950万,89577元/平,高楼层 (共31层) | 2007年 | 3室1厅 | 217.69平米 | 东 南 北,https://ke-image.ljcdn.com/110000-inspection/945dfd11-77b8-44ec-92bb-0a0f156f00ba_1000.jpg!m_fill,w_280,h_210,f_jpg?from=ke.com
20240325,朝阳,燕莎,101117126114,霄云路8号 南北通透 观园林景观 自住保养好 封闭管理,6000万,134572元/平,中楼层 (共29层) | 2013年 | 4室3厅 | 445.86平米 | 南 北,https://ke-image.ljcdn.com/110000-inspection/pc1_54pVqWUBR_1.jpg!m_fill,w_280,h_210,f_jpg?from=ke.com
20240325,朝阳,燕莎,101117057342,格局好精装修地暖诚意出售,6900万,137956元/平,底层 (共2层) 12室3厅 | 500.16平米 | 东 南 西 北,https://ke-image.ljcdn.com/110000-inspection/b44b0576-72de-4748-8256-6eb009522ab7_1000.jpg!m_fill,w_280,h_210,f_jpg?from=ke.com
20240325,朝阳,燕莎,101116680699,京润水上花园别墅随时可以看房,2500万,107810元/平,顶层 (共2层) 3室2厅 | 231.89平米 | 东 南 北,https://ke-image.ljcdn.com/110000-inspection/pc1_peuO0lzpP_1.jpg!m_fill,w_280,h_210,f_jpg?from=ke.com
20240325,朝阳,燕莎,101116585280,东向观景大两居 满五年唯一 中间楼层无遮挡,1530万,78846元/平,中楼层 (共26层) 2室2厅 | 194.05平米 | 东,https://ke-image.ljcdn.com/110000-inspection/efc656bb-0310-440c-8ab1-c5f68335b72c_1000.jpg!m_fill,w_280,h_210,f_jpg?from=ke.com
20240325,朝阳,燕莎,101116455664,朝阳公园蓝色港湾高斓大厦南向采光无遮挡,620万,56354元/平,中楼层 (共22层) | 1996年 | 2室1厅 | 110.02平米 | 南,https://ke-image.ljcdn.com/110000-inspection/pc1_flp3ejcwa_1.jpg!m_fill,w_280,h_210,f_jpg?from=ke.com
20240325,朝阳,燕莎,101115694672,高楼层视野开阔景观和采光好配套全金茂物业,1899万,82948元/平,高楼层 (共26层) | 2007年 | 4室1厅 | 228.94平米 | 东 西,https://ke-image.ljcdn.com/110000-inspection/379e65d1-3ce0-4d06-b0ea-d019c1619bc9_1000.jpg!m_fill,w_280,h_210,f_jpg?from=ke.com
20240325,朝阳,燕莎,101114978648,福景苑西南向中高层三居采光充足交通便利,2200万,81824元/平,中楼层 (共26层) | 2002年 | 3室2厅 | 268.87平米 | 西南,https://ke-image.ljcdn.com/110000-inspection/pc1_RVj16tvUR_2.jpg!m_fill,w_280,h_210,f_jpg?from=ke.com
20240325,朝阳,燕莎,101112838106,南向眼镜户型好南向观景视野好,3180万,130703元/平,低楼层 (共22层) | 2010年 | 2室1厅 | 243.3平米 | 南,https://ke-image.ljcdn.com/110000-inspection/pc1_qWxBEGuDP_1.jpg!m_fill,w_280,h_210,f_jpg?from=ke.com
20240325,朝阳,燕莎,101112586471,US联邦公寓 燕莎使馆区 现代轻奢 高层观景 拎包入住房主自荐,2350万,99295元/平,高楼层 (共31层) | 2007年 | 3室2厅 | 236.67平米 | 西南,https://ke-image.ljcdn.com/110000-inspection/pc1_PsXWKr0q8.jpg!m_fill,w_280,h_210,f_jpg?from=ke.com
20240325,朝阳,燕莎,101123577034,满五唯一 高层 户型方正 采光视野好 2011年 价格合理,2150万,83919元/平,高楼层 (共23层) | 2011年 | 4室3厅 | 256.2平米 | 南 北,https://s1.ljcdn.com/pegasus/redskull/images/common/default_house_list.png?_v=20240306121103
20240325,朝阳,燕莎,101123522634,可注册精装观景房格局方正观绿林新上,248万,35932元/平,低楼层 (共13层) 1室0厅 | 69.02平米 | 东北,https://s1.ljcdn.com/pegasus/redskull/images/common/default_house_list.png?_v=20240306121103
20240325,朝阳,燕莎,101123469297,福景苑 2室2厅 西新上,1380万,71116元/平,中楼层 (共26层) | 2002年 | 2室2厅 | 194.05平米 | 西,https://s1.ljcdn.com/pegasus/redskull/images/common/default_house_list.png?_v=20240306121103
20240325,朝阳,燕莎,101123468663,50年综合 可注册小区绿化优美停车方便新上,255万,37812元/平,低楼层 (共13层) | 2009年 | 1室0厅 | 67.44平米 | 东北,https://s1.ljcdn.com/pegasus/redskull/images/common/default_house_list.png?_v=20240306121103
20240325,朝阳,燕莎,101123468627,闹中取静50年可注册前后不临街视野好观绿林新上,260万,38236元/平,高楼层 (共13层) | 2009年 | 1室0厅 | 68平米 | 东北,https://s1.ljcdn.com/pegasus/redskull/images/common/default_house_list.png?_v=20240306121103
20240325,朝阳,燕莎,101123398284,霄云路8号 4室3厅 南 北,5900万,132329元/平,高楼层 (共29层) 4室3厅 | 445.86平米 | 南 北,https://s1.ljcdn.com/pegasus/redskull/images/common/default_house_list.png?_v=20240306121103
20240325,朝阳,燕莎,101123390165,远洋新干线 3室2厅 西南,1280万,80911元/平,低楼层 (共21层) 3室2厅 | 158.2平米 | 西南,https://s1.ljcdn.com/pegasus/redskull/images/common/default_house_list.png?_v=20240306121103
20240325,朝阳,燕莎,101123389078,嘉和丽园 2室1厅 西南,900万,83172元/平,中楼层 (共28层) | 2001年 | 2室1厅 | 108.21平米 | 西南,https://s1.ljcdn.com/pegasus/redskull/images/common/default_house_list.png?_v=20240306121103
20240325,朝阳,燕莎,101123334420,远洋新干线 精装修物业管理严格 满五唯一 地暖,468万,73794元/平,低楼层 (共21层) 1室0厅 | 63.42平米 | 东,https://s1.ljcdn.com/pegasus/redskull/images/common/default_house_list.png?_v=20240306121103
20240325,朝阳,燕莎,101123334393,国际港 3室1厅 南,868万,61877元/平,低楼层 (共23层) | 2002年 | 3室1厅 | 140.28平米 | 南,https://ke-image.ljcdn.com/110000-inspection/rsp_pic_uploadbf2eb82e-6148-45bd-975e-844892f8f92a.jpg!m_fill,w_280,h_210,f_jpg?from=ke.com
20240325,朝阳,燕莎,101123302871,燕莎  国际港 精装两居室 满五唯一,880万,72232元/平,低楼层 (共23层) | 2002年 | 2室1厅 | 121.83平米 | 南 北,https://s1.ljcdn.com/pegasus/redskull/images/common/default_house_list.png?_v=20240306121103
20240325,朝阳,燕莎,101123259527,国际港 3室2厅 东 北,796万,62535元/平,低楼层 (共23层) | 2002年 | 3室2厅 | 127.29平米 | 东 北,https://s1.ljcdn.com/pegasus/redskull/images/common/default_house_list.png?_v=20240306121103
20240325,朝阳,燕莎,101123183596,精装修小区安静有绿化可以注册停车方便,420万,42575元/平,低楼层 (共13层) | 2009年 | 2室1厅 | 98.65平米 | 东南,https://s1.ljcdn.com/pegasus/redskull/images/common/default_house_list.png?_v=20240306121103
20240325,朝阳,燕莎,101123157965,华远九都汇 1室1厅 东,490万,45216元/平,中楼层 (共7层) 1室1厅 | 108.37平米 | 东,https://s1.ljcdn.com/pegasus/redskull/images/common/default_house_list.png?_v=20240306121103
20240325,朝阳,燕莎,101123149249,国际港 大一居 客厅两面窗户 三元桥,570万,72162元/平,中楼层 (共23层) | 2002年 | 2室1厅 | 78.99平米 | 西北,https://s1.ljcdn.com/pegasus/redskull/images/common/default_house_list.png?_v=20240306121103
20240325,朝阳,燕莎,101123081098,远洋新干线 1室0厅 北,372万,73402元/平,低楼层 (共23层) | 2005年 | 1室0厅 | 50.68平米 | 北,https://s1.ljcdn.com/pegasus/redskull/images/common/default_house_list.png?_v=20240306121103
20240325,朝阳,燕莎,101123045869,华远九都汇 高楼层 诚意出售 看房方便,499万,45571元/平,高楼层 (共7层) | 2011年 | 1室1厅 | 109.5平米 | 东 南,https://s1.ljcdn.com/pegasus/redskull/images/common/default_house_list.png?_v=20240306121103
20240325,朝阳,燕莎,101123016549,燕莎 远洋新干线 管家式服务 全南向高层一居,680万,75213元/平,高楼层 (共21层) | 2005年 | 1室2厅 | 90.41平米 | 南,https://s1.ljcdn.com/pegasus/redskull/images/common/default_house_list.png?_v=20240306121103
20240325,朝阳,燕莎,101122960962,燕莎亮马桥远洋新干线精装开间,389万,68414元/平,高楼层 (共22层) | 2005年 | 1室0厅 | 56.86平米 | 北,https://s1.ljcdn.com/pegasus/redskull/images/common/default_house_list.png?_v=20240306121103
20240325,朝阳,燕莎,101122862920,对花园视野好精装修中间楼层可注册,325万,35547元/平,中楼层 (共13层) | 2009年 | 2室1厅 | 91.43平米 | 东北,https://s1.ljcdn.com/pegasus/redskull/images/common/default_house_list.png?_v=20240306121103
20240325,朝阳,燕莎,101122861140,国际港 2室1厅 南 北,880万,72722元/平,高楼层 (共23层) 2室1厅 | 121.01平米 | 南 北,https://s1.ljcdn.com/pegasus/redskull/images/common/default_house_list.png?_v=20240306121103
20240325,朝阳,燕莎,101122263044,国际港 2室1厅 东,745万,69477元/平,中楼层 (共23层) 2室1厅 | 107.23平米 | 东,https://s1.ljcdn.com/pegasus/redskull/images/common/default_house_list.png?_v=20240306121103
20240325,朝阳,燕莎,101121652141,东北三环外燕莎霄云里8号 高层精装出售 原购买价高,430万,42613元/平,高楼层 (共13层) | 2009年 | 2室1厅 | 100.91平米 | 西南,https://s1.ljcdn.com/pegasus/redskull/images/common/default_house_list.png?_v=20240306121103
20240325,朝阳,燕莎,101121652086,东北三环外燕莎霄云里8号 高层精装出售 原购买价高,400万,39640元/平,高楼层 (共13层) | 2009年 | 2室1厅 | 100.91平米 | 西南,https://s1.ljcdn.com/pegasus/redskull/images/common/default_house_list.png?_v=20240306121103
20240325,朝阳,燕莎,101121652034,东北三环外燕莎霄云里8号 高层精装出售 原购买价高,430万,42613元/平,高楼层 (共13层) 2室1厅 | 100.91平米 | 西南,https://s1.ljcdn.com/pegasus/redskull/images/common/default_house_list.png?_v=20240306121103
20240325,朝阳,燕莎,101121089036,燕莎 亮马桥 复式结构 精装修 地暖房,1150万,69248元/平,顶层 (共7层) | 2011年 | 2室2厅 | 166.07平米 | 西,https://s1.ljcdn.com/pegasus/redskull/images/common/default_house_list.png?_v=20240306121103
20240325,朝阳,燕莎,101120986447,户型方正 采光视野好 2011年建成 价格合理,38万,7478元/平,地下室 1室0厅 | 50.82平米 | 南,https://s1.ljcdn.com/pegasus/redskull/images/common/default_house_list.png?_v=20240306121103
20240325,朝阳,燕莎,101120891816,燕莎霄云路霄云里8号新上精装修,450万,49106元/平,高楼层 (共13层) 2室1厅 | 91.64平米 | 东,https://s1.ljcdn.com/pegasus/redskull/images/common/default_house_list.png?_v=20240306121103
20240325,朝阳,燕莎,101117875545,精装修小区安静有绿化可以注册停车方便,355万,33800元/平,中楼层 (共13层) 2室1厅 | 105.03平米 | 西南,https://s1.ljcdn.com/pegasus/redskull/images/common/default_house_list.png?_v=20240306121103
