20240205,石景山,八角,101122781882,好房推荐 2010年小区 朝西两居 满五年唯一必看好房,231万,33916元/平,高楼层 (共21层) 2室1厅 | 68.11平米 | 西,https://ke-image.ljcdn.com/110000-inspection/pc1_boqgKRHFL.jpg!m_fill,w_280,h_210,f_jpg?from=ke.com
20240205,石景山,八角,101122722247,八角北路 新登记精装修南北通透两居室 采光好必看好房,196万,38897元/平,高楼层 (共6层) | 1982年 | 2室1厅 | 50.39平米 | 南 北,https://ke-image.ljcdn.com/110000-inspection/225fffeb-34f9-492e-a5fd-7030a994020c_1000.jpg!m_fill,w_280,h_210,f_jpg?from=ke.com
20240205,石景山,八角,101122701112,八角路小区 2室1厅 南 北必看好房,153万,41274元/平,底层 (共5层) 2室1厅 | 37.07平米 | 南 北,https://ke-image.ljcdn.com/110000-inspection/f1656f64-f623-4b70-a03c-a6dc60cebcaf_1000.jpg!m_fill,w_280,h_210,f_jpg?from=ke.com
20240205,石景山,八角,101122655325,此房满五年唯一带电梯三居室中间楼层采光好必看好房,395万,50064元/平,中楼层 (共16层) | 1988年 | 3室1厅 | 78.9平米 | 南 北,https://ke-image.ljcdn.com/110000-inspection/e199b800-8297-4e54-bd4b-471e5d866dbc_1000.jpg!m_fill,w_280,h_210,f_jpg?from=ke.com
20240205,石景山,八角,101122571482,2024年 推荐好房 全明格局 满五年唯一南北通透不临街必看好房,560万,62943元/平,低楼层 (共17层) | 2012年 | 2室1厅 | 88.97平米 | 南 西 北,https://ke-image.ljcdn.com/110000-inspection/pc1_P7I3IamfN_1.jpg!m_fill,w_280,h_210,f_jpg?from=ke.com
20240205,石景山,八角,101122602362,八角南里 地铁近 低楼层 南北通透 拎包入住房主自荐,320万,54993元/平,中楼层 (共7层) | 1995年 | 2室1厅 | 58.19平米 | 南 北,https://ke-image.ljcdn.com/110000-inspection/4c3ad621-15ff-46bb-8d3f-12a6b2702671_1000.jpg!m_fill,w_280,h_210,f_jpg?from=ke.com
20240205,石景山,八角,101122560266,融景城 3室2厅 南 北必看好房,783万,67495元/平,低楼层 (共25层) 3室2厅 | 116.01平米 | 南 北,https://ke-image.ljcdn.com/110000-inspection/pc1_hRynbGEQm.jpg!m_fill,w_280,h_210,f_jpg?from=ke.com
20240205,石景山,八角,101122532648,八角北路 优质朝南两居 户型方正 采光好必看好房,189万,37733元/平,高楼层 (共6层) 2室1厅 | 50.09平米 | 南,https://ke-image.ljcdn.com/110000-inspection/pc1_vOXZcaRiE.jpg!m_fill,w_280,h_210,f_jpg?from=ke.com
20240205,石景山,八角,101122518540,多一个月供暖 电梯直达 南北通透 采光充足 位置安静必看好房,203万,44189元/平,高楼层 (共12层) 1室1厅 | 45.94平米 | 南 北,https://ke-image.ljcdn.com/110000-inspection/pc1_A4HHeTKmD.jpg!m_fill,w_280,h_210,f_jpg?from=ke.com
20240205,石景山,八角,101122501820,融景城全明格局三居室 楼层高 带车位  精装修必看好房,765万,64980元/平,高楼层 (共25层) | 2011年 | 3室1厅 | 117.73平米 | 南 北,https://ke-image.ljcdn.com/110000-inspection/pc1_TFFDk5a5h.jpg!m_fill,w_280,h_210,f_jpg?from=ke.com
20240205,石景山,八角,101122375732,新都名苑 2013年楼龄 带电梯 南北全明格局必看好房,296万,41192元/平,低楼层 (共18层) | 2013年 | 2室1厅 | 71.86平米 | 南 北,https://ke-image.ljcdn.com/110000-inspection/2d5a610e-8032-42fb-b269-b4977ce53c4f_1000.jpg!m_fill,w_280,h_210,f_jpg?from=ke.com
20240205,石景山,八角,101122275983,八角北路正规两居室南向户型好格局方正随时看必看好房,218万,43280元/平,低楼层 (共6层) | 1985年 | 2室1厅 | 50.37平米 | 南,https://ke-image.ljcdn.com/110000-inspection/00b54935-4889-4016-9791-082231273445_1000.jpg!m_fill,w_280,h_210,f_jpg?from=ke.com
20240205,石景山,八角,101122203657,拾景名苑  3室2厅 南 北必看好房,460万,51203元/平,底层 (共6层) 3室2厅 | 89.84平米 | 南 北,https://ke-image.ljcdn.com/110000-inspection/f11df28d-911b-439f-8a67-db598e5b91a0_1000.jpg!m_fill,w_280,h_210,f_jpg?from=ke.com
20240205,石景山,八角,101122180796,八角北里一层干休所三居南北通透满五年唯一,349万,54075元/平,底层 (共6层) 3室1厅 | 64.54平米 | 南 北,https://ke-image.ljcdn.com/110000-inspection/db862748-e7fd-4f13-bedb-7067eaa02c59_1000.jpg!m_fill,w_280,h_210,f_jpg?from=ke.com
20240205,石景山,八角,101122140133,八角中里 2层带正规客厅！近地铁不临街有公园！真好必看好房,265万,41687元/平,低楼层 (共6层) | 1987年 | 2室1厅 | 63.57平米 | 南 东北,https://ke-image.ljcdn.com/110000-inspection/pc1_vU3NdwM3K.jpg!m_fill,w_280,h_210,f_jpg?from=ke.com
20240205,石景山,八角,101122122127,中央电视台三居 改造已完成看房方便！必看好房,388万,48763元/平,低楼层 (共18层) | 1990年 | 3室1厅 | 79.57平米 | 南 西 北,https://ke-image.ljcdn.com/110000-inspection/f591619b-7560-4ad4-a145-4a8492b54c4d_1000.jpg!m_fill,w_280,h_210,f_jpg?from=ke.com
20240205,石景山,八角,101122024146,八角南路 1室1厅 北必看好房,159万,46875元/平,高楼层 (共6层) 1室1厅 | 33.92平米 | 北,https://ke-image.ljcdn.com/110000-inspection/pc1_rKZIUfrWZ_1.jpg!m_fill,w_280,h_210,f_jpg?from=ke.com
20240205,石景山,八角,101122016357,石景嘉园 2010年楼龄新 带电梯,275万,40597元/平,中楼层 (共21层) 2室1厅 | 67.74平米 | 东南,https://ke-image.ljcdn.com/110000-inspection/pc1_RpbsjK2iP.jpg!m_fill,w_280,h_210,f_jpg?from=ke.com
20240205,石景山,八角,101121999487,区委家属院 电梯房高楼层视野好 距离地铁站876米,270万,47203元/平,中楼层 (共16层) 2室1厅 | 57.2平米 | 西 北,https://ke-image.ljcdn.com/110000-inspection/99f7c8d3-0e5c-4aca-881a-4b3c075e8787_1000.jpg!m_fill,w_280,h_210,f_jpg?from=ke.com
20240205,石景山,八角,101121921611,景阳东街67号院 全朝南 中间层 采光很好必看好房,426万,53775元/平,低楼层 (共26层) 2室1厅 | 79.22平米 | 南,https://ke-image.ljcdn.com/110000-inspection/812fea5e-729a-42ed-81cb-f24ec8d104cb_1000.jpg!m_fill,w_280,h_210,f_jpg?from=ke.com
20240205,石景山,八角,101121887944,新都名苑满五唯一精装修带车位南北通透两居,298万,42505元/平,低楼层 (共21层) | 2013年 | 2室1厅 | 70.11平米 | 北 南,https://ke-image.ljcdn.com/110000-inspection/pc1_aZOyUT6de.jpg!m_fill,w_280,h_210,f_jpg?from=ke.com
20240205,石景山,八角,101121828026,石景嘉园精装小区北侧安静。必看好房,258万,38780元/平,低楼层 (共15层) 2室1厅 | 66.53平米 | 西 北,https://ke-image.ljcdn.com/110000-inspection/defe0940-9ae6-4e13-9c8d-98d085b8f72b_1000.jpg!m_fill,w_280,h_210,f_jpg?from=ke.com
20240205,石景山,八角,101121762949,八角游乐园旁小区精装修南北两室一厅户型好。,320万,54201元/平,中楼层 (共6层) | 1993年 | 2室1厅 | 59.04平米 | 南 北,https://ke-image.ljcdn.com/110000-inspection/pc1_YpqBVJWUj_1.jpg!m_fill,w_280,h_210,f_jpg?from=ke.com
20240205,石景山,八角,101121740353,八角南里 近地铁 南北向 低楼层必看好房,255万,43989元/平,低楼层 (共6层) | 1988年 | 2室1厅 | 57.97平米 | 南 北,https://ke-image.ljcdn.com/110000-inspection/840ff333-3fc7-4ed5-a9d7-db7e131dea12_1000.jpg!m_fill,w_280,h_210,f_jpg?from=ke.com
20240205,石景山,八角,101121710856,拾景名苑 南向两居 精装修 满五年唯一必看好房,372万,54275元/平,低楼层 (共21层) | 2017年 | 2室1厅 | 68.54平米 | 南,https://ke-image.ljcdn.com/110000-inspection/90bbeef2-cbf2-4bd3-a31d-948ce51551e8_1000.jpg!m_fill,w_280,h_210,f_jpg?from=ke.com
20240205,石景山,八角,101121677875,冬季购房不想装修本房是不二选择必看好房,218万,41723元/平,中楼层 (共6层) | 1982年 | 2室1厅 | 52.25平米 | 南 北,https://ke-image.ljcdn.com/110000-inspection/e6e0c50b-66fe-4dac-a05a-dd3024015d17_1000.jpg!m_fill,w_280,h_210,f_jpg?from=ke.com
20240205,石景山,八角,101121478883,石景嘉园 正规一居室 满五唯一必看好房,199万,38403元/平,低楼层 (共21层) | 2010年 | 1室1厅 | 51.82平米 | 南,https://ke-image.ljcdn.com/110000-inspection/pc1_E3ifxb49f.jpg!m_fill,w_280,h_210,f_jpg?from=ke.com
20240205,石景山,八角,101121455727,八角南里 地铁近 低楼层 南北通透 拎包入住必看好房,325万,55852元/平,中楼层 (共7层) | 1995年 | 2室1厅 | 58.19平米 | 南 北,https://ke-image.ljcdn.com/110000-inspection/pc1_mlIqBhK6d_1.jpg!m_fill,w_280,h_210,f_jpg?from=ke.com
20240205,石景山,八角,101121359276,西引力正规一居室2005年商品房社区 近地铁必看好房,318万,51052元/平,高楼层 (共16层) | 2005年 | 1室1厅 | 62.29平米 | 东南,https://ke-image.ljcdn.com/110000-inspection/pc1_KiMAFpx9K.jpg!m_fill,w_280,h_210,f_jpg?from=ke.com
20240205,石景山,八角,101121349238,店长推荐 南北通透两居室 两梯四户必看好房,445万,49688元/平,低楼层 (共21层) 2室1厅 | 89.56平米 | 南 北,https://ke-image.ljcdn.com/110000-inspection/5b05f4e6-88e4-4a54-836a-5d978dac6ab4_1000.jpg!m_fill,w_280,h_210,f_jpg?from=ke.com
20240205,石景山,八角,101121211374,八角南路 区委家属院 小区环境好 距离地铁站近,134万,35171元/平,顶层 (共5层) | 1970年 | 1室1厅 | 38.1平米 | 东 西,https://ke-image.ljcdn.com/110000-inspection/0a060aec-f330-4100-a319-c83f8c569d3d_1000.jpg!m_fill,w_280,h_210,f_jpg?from=ke.com
20240205,石景山,八角,101120952439,八角北里精装修全明格局大版两居室随时可看必看好房,229万,37352元/平,顶层 (共6层) | 1986年 | 2室1厅 | 61.31平米 | 南,https://ke-image.ljcdn.com/110000-inspection/a89d4823-dd61-4073-9478-485d3d65a5f3_1000.jpg!m_fill,w_280,h_210,f_jpg?from=ke.com
20240205,石景山,八角,101120928219,只有契税 首套首付110全下来 南北通透 精装修没有住过必看好房,360万,50769元/平,低楼层 (共18层) | 2013年 | 2室1厅 | 70.91平米 | 南 北,https://ke-image.ljcdn.com/110000-inspection/c4e61dad-8d17-42e3-9bc6-7bb84e89d0c0_1000.jpg!m_fill,w_280,h_210,f_jpg?from=ke.com
20240205,石景山,八角,101120645588,景阳东街69号院三居室户型方正楼龄新总监推荐必看好房,319万,40793元/平,顶层 (共21层) | 2010年 | 3室1厅 | 78.2平米 | 西南,https://ke-image.ljcdn.com/110000-inspection/e1f99e96-de51-4904-978f-664c34a6427e_1000.jpg!m_fill,w_280,h_210,f_jpg?from=ke.com
20240205,石景山,八角,101120312689,拾景名苑 南向两居室 看房有钥匙 业主诚心出售必看好房,436万,51277元/平,低楼层 (共20层) 2室1厅 | 85.03平米 | 南,https://ke-image.ljcdn.com/110000-inspection/898e7e76-33f5-46fa-8b80-6bd79f5198e9_1000.jpg!m_fill,w_280,h_210,f_jpg?from=ke.com
20240205,石景山,八角,101120049060,石景嘉园 店长推荐西南向两居室 楼龄新 带电梯必看好房,285万,42877元/平,高楼层 (共15层) | 2010年 | 2室2厅 | 66.47平米 | 南 西,https://ke-image.ljcdn.com/110000-inspection/c779ba61-5382-4da7-917e-b864d7985430_1000.jpg!m_fill,w_280,h_210,f_jpg?from=ke.com
20240205,石景山,八角,101119820559,八角北路社区 南北向两居室 低楼层必看好房,240万,40935元/平,中楼层 (共6层) | 1986年 | 2室1厅 | 58.63平米 | 南 北,https://ke-image.ljcdn.com/110000-inspection/4588be76-95cb-4b91-8f1d-28a089aa92c6_1000.jpg!m_fill,w_280,h_210,f_jpg?from=ke.com
20240205,石景山,八角,101119655624,八角北路精装修婚房中间层南北通透无遮挡,252万,43735元/平,中楼层 (共6层) | 1985年 | 2室1厅 | 57.62平米 | 南 北,https://ke-image.ljcdn.com/110000-inspection/8e92b469-823a-4e2a-8a54-cfcfb72ee819_1000.jpg!m_fill,w_280,h_210,f_jpg?from=ke.com
20240205,石景山,八角,101119311908,好房推荐 2010年小区 朝东两居有钥匙  满五年唯一必看好房,247万,37199元/平,高楼层 (共21层) | 2010年 | 2室1厅 | 66.4平米 | 东,https://ke-image.ljcdn.com/110000-inspection/pc1_r6MiH3gVu.jpg!m_fill,w_280,h_210,f_jpg?from=ke.com
20240205,石景山,八角,101119026268,新都名苑正规一居室全南中楼层采光视野好必看好房,220万,37466元/平,中楼层 (共21层) | 2013年 | 1室1厅 | 58.72平米 | 南,https://ke-image.ljcdn.com/110000-inspection/123eb197-f4c2-43b5-a689-906103401794_1000.jpg!m_fill,w_280,h_210,f_jpg?from=ke.com
20240205,石景山,八角,101122843306,拾景名苑 2018年次新房 南北通透 精装婚房 两梯四户必看好房,445万,51250元/平,低楼层 (共20层) 2室1厅 | 86.83平米 | 南 北,https://ke-image.ljcdn.com/110000-inspection/8620112b-8eb4-4544-bfe0-4f3b1de26417_1000.jpg!m_fill,w_280,h_210,f_jpg?from=ke.com
20240205,石景山,八角,101122824058,拾景名苑 满五年唯一正规一居室 诚意出售必看好房,298万,51926元/平,中楼层 (共21层) | 2017年 | 1室1厅 | 57.39平米 | 南,https://ke-image.ljcdn.com/110000-inspection/0813c1c5-1845-4fcf-8f66-3344735eb8d3_1000.jpg!m_fill,w_280,h_210,f_jpg?from=ke.com
20240205,石景山,八角,101122810713,八角中里全明精装两居室公司聚焦好房必看好房,269万,46173元/平,高楼层 (共6层) | 1987年 | 2室2厅 | 58.26平米 | 南,https://ke-image.ljcdn.com/110000-inspection/pc1_ZcQxWtq7U_1.jpg!m_fill,w_280,h_210,f_jpg?from=ke.com
20240205,石景山,八角,101122569779,融景城 中楼层 视野好 采光好 楼龄新 带电梯必看好房,509万,56412元/平,低楼层 (共26层) | 2010年 | 2室2厅 | 90.23平米 | 南,https://ke-image.ljcdn.com/110000-inspection/pc1_QKkShedkj.jpg!m_fill,w_280,h_210,f_jpg?from=ke.com
20240205,石景山,八角,101122440522,八角北路 经典田字格三居 满五年 有钥匙随时看！必看好房,300万,43854元/平,低楼层 (共6层) | 1983年 | 3室1厅 | 68.41平米 | 南 北,https://ke-image.ljcdn.com/110000-inspection/2aa43b63-2439-4b54-9ab2-5f852c88eb0b_1000.jpg!m_fill,w_280,h_210,f_jpg?from=ke.com
20240205,石景山,八角,101122339804,八角北里 精装修 中间层 南北通透 人文素质高必看好房,285万,48470元/平,中楼层 (共6层) | 1986年 | 2室1厅 | 58.8平米 | 南 北,https://ke-image.ljcdn.com/110000-inspection/pc1_WcAyVbd1N.jpg!m_fill,w_280,h_210,f_jpg?from=ke.com
20240205,石景山,八角,101122337581,融景城 中高楼层 视野好 采光好 楼龄新 带电梯必看好房,439万,55255元/平,高楼层 (共26层) 2室1厅 | 79.45平米 | 南,https://ke-image.ljcdn.com/110000-inspection/eb9f864f-b66d-4326-9b02-58f162332f96_1000.jpg!m_fill,w_280,h_210,f_jpg?from=ke.com
20240205,石景山,八角,101122119504,新都名苑南向正规两居室看房随时带车位。,305万,44313元/平,低楼层 (共21层) | 2013年 | 2室1厅 | 68.83平米 | 南,https://ke-image.ljcdn.com/110000-inspection/pc1_qsz5LObHT.jpg!m_fill,w_280,h_210,f_jpg?from=ke.com
20240205,石景山,八角,101121890699,店长推荐 南北通透 满五唯一 2016年建成两居室必看好房,443万,51723元/平,低楼层 (共21层) 2室1厅 | 85.65平米 | 南 北,https://ke-image.ljcdn.com/110000-inspection/7394445e-d0c3-4c35-8463-1e0ded8f30a6_1000.jpg!m_fill,w_280,h_210,f_jpg?from=ke.com
20240205,石景山,八角,101121838600,店长推荐西引力南北通透两居室近地铁有车位必看好房,542万,53190元/平,高楼层 (共18层) | 2005年 | 2室1厅 | 101.9平米 | 南 北,https://ke-image.ljcdn.com/110000-inspection/pc1_O0vD5LH5J_1.jpg!m_fill,w_280,h_210,f_jpg?from=ke.com
20240205,石景山,八角,101121816481,【优选推荐】八角中里 模范社区3居室带电梯！中间层！必看好房,395万,46724元/平,低楼层 (共18层) | 1985年 | 3室1厅 | 84.54平米 | 西南,https://ke-image.ljcdn.com/110000-inspection/pc1_THNbWTdMI.jpg!m_fill,w_280,h_210,f_jpg?from=ke.com
20240205,石景山,八角,101121736038,首钢高干楼 全明四居室 小区仅三套 阳台落地窗,390万,34897元/平,顶层 (共5层) | 1960年 | 4室1厅 | 111.76平米 | 南 北,https://ke-image.ljcdn.com/110000-inspection/pc1_njfh3qJ5E.jpg!m_fill,w_280,h_210,f_jpg?from=ke.com
20240205,石景山,八角,101121445108,融景城 南北两居 婚房装修 产权清晰必看好房,469万,58305元/平,低楼层 (共26层) | 2011年 | 2室1厅 | 80.44平米 | 南 北,https://ke-image.ljcdn.com/110000-inspection/pc1_cgCQp57fc.jpg!m_fill,w_280,h_210,f_jpg?from=ke.com
20240205,石景山,八角,101121354545,八角南路 央企房 带电梯三居室 精装修,330万,51005元/平,中楼层 (共16层) 3室1厅 | 64.7平米 | 北 西 东,https://ke-image.ljcdn.com/110000-inspection/pc1_7pEkTxSkJ.jpg!m_fill,w_280,h_210,f_jpg?from=ke.com
20240205,石景山,八角,101120961101,八角北里 铁道部 电梯房 满五唯一必看好房,429万,54373元/平,低楼层 (共18层) | 1989年 | 2室1厅 | 78.9平米 | 南,https://ke-image.ljcdn.com/110000-inspection/35ef4f24-d5dc-4763-a070-c5d937b2314e_1000.jpg!m_fill,w_280,h_210,f_jpg?from=ke.com
20240205,石景山,八角,101119940147,满五年南北通透中间层采光好全明格局近地铁,360万,46452元/平,中楼层 (共6层) | 1988年 | 3室1厅 | 77.5平米 | 南 北,https://ke-image.ljcdn.com/110000-inspection/pc1_4Vbdk4PQI.jpg!m_fill,w_280,h_210,f_jpg?from=ke.com
20240205,石景山,八角,101119898622,八角北路 一层南北通透两间半 看房有钥匙 满五唯一必看好房,239万,44056元/平,底层 (共6层) | 1986年 | 3室1厅 | 54.25平米 | 南 北,https://ke-image.ljcdn.com/110000-inspection/pc1_PKsAcsQuW.jpg!m_fill,w_280,h_210,f_jpg?from=ke.com
20240205,石景山,八角,101119860364,店长推荐 央企福利房 独立物业管理好 地铁站863米房主自荐,320万,49460元/平,中楼层 (共16层) | 1989年 | 3室2厅 | 64.7平米 | 北 东南,https://ke-image.ljcdn.com/110000-inspection/prod-808d3ac3-fd1c-4cc5-b0c4-9e2d8fa75847.jpg!m_fill,w_280,h_210,f_jpg?from=ke.com
20240205,石景山,八角,101119028229,新都名苑精装修两居室看房随时诚心出售,299万,44120元/平,低楼层 (共21层) | 2014年 | 2室1厅 | 67.77平米 | 西 东,https://ke-image.ljcdn.com/110000-inspection/pc1_lEUoGacXP.jpg!m_fill,w_280,h_210,f_jpg?from=ke.com
20240205,石景山,八角,101122846423,八角南路 1990年 中间楼层 适合置换可以公积金新上,279万,49636元/平,低楼层 (共6层) | 1990年 | 2室1厅 | 56.21平米 | 南 北,https://ke-image.ljcdn.com/110000-inspection/68b0858b-ea94-478b-8f89-1c40a34e0e59_1000.jpg!m_fill,w_280,h_210,f_jpg?from=ke.com
20240205,石景山,八角,101122845718,新上融景城朝南两居采光充足视野好看房有钥匙新上,586万,66245元/平,低楼层 (共24层) | 2012年 | 2室1厅 | 88.46平米 | 南,https://ke-image.ljcdn.com/110000-inspection/pc1_U8qjdmxAU_1.jpg!m_fill,w_280,h_210,f_jpg?from=ke.com
20240205,石景山,八角,101122827127,店长推荐西引力南北两居有车库近地铁新上,580万,56835元/平,低楼层 (共16层) 2室1厅 | 102.05平米 | 南 北,https://ke-image.ljcdn.com/110000-inspection/pc1_Jjy3YPz9o.jpg!m_fill,w_280,h_210,f_jpg?from=ke.com
20240205,石景山,八角,101122807326,八角南路 2室1厅 南,290万,49404元/平,低楼层 (共16层) 2室1厅 | 58.7平米 | 南,https://ke-image.ljcdn.com/110000-inspection/115101e4-a536-4afb-8141-fd797a65f3a5_1000.jpg!m_fill,w_280,h_210,f_jpg?from=ke.com
20240205,石景山,八角,101122792610,融景城精装修三居室 拎包入住 中间楼层视野好,830万,62699元/平,低楼层 (共26层) | 2010年 | 3室2厅 | 132.38平米 | 南 西 北,https://ke-image.ljcdn.com/110000-inspection/pc1_JMmRqWMMh.jpg!m_fill,w_280,h_210,f_jpg?from=ke.com
20240205,石景山,八角,101122765239,八角南里 1室1厅 东 西,248万,47302元/平,低楼层 (共6层) 1室1厅 | 52.43平米 | 东 西,https://ke-image.ljcdn.com/110000-inspection/pc1_x16u5v1xn_1.jpg!m_fill,w_280,h_210,f_jpg?from=ke.com
20240205,石景山,八角,101122741936,拾景名苑 南北通透两居室  满五年业主名下唯一住房,390万,55659元/平,底层 (共21层) | 2016年 | 2室2厅 | 70.07平米 | 南 北,https://ke-image.ljcdn.com/110000-inspection/d574a644-b97c-4ad2-84c9-2297f7055622_1000.jpg!m_fill,w_280,h_210,f_jpg?from=ke.com
20240205,石景山,八角,101122738763,店长推荐 全明格局 南北通透精装修两居室房主自荐,470万,53228元/平,中楼层 (共21层) 2室2厅 | 88.3平米 | 东 南 北,https://ke-image.ljcdn.com/110000-inspection/pc1_O5J0A1GH9.jpg!m_fill,w_280,h_210,f_jpg?from=ke.com
20240205,石景山,八角,101122732999,八角南里  精装修 楼层好  位置方便  周边配套齐全。,299万,50135元/平,低楼层 (共6层) 2室1厅 | 59.64平米 | 南 北,https://ke-image.ljcdn.com/110000-inspection/016f9241-84c5-468d-b36c-9017728bcae8_1000.jpg!m_fill,w_280,h_210,f_jpg?from=ke.com
20240205,石景山,八角,101122731186,八角北路 2室1厅 南 北,300万,43247元/平,低楼层 (共6层) | 1989年 | 2室1厅 | 69.37平米 | 南 北,https://ke-image.ljcdn.com/110000-inspection/63b07f77-054d-48bc-9e02-293c2f39ee86_1000.jpg!m_fill,w_280,h_210,f_jpg?from=ke.com
20240205,石景山,八角,101122715396,店长推荐 南北通透 精装修 两居室,520万,59833元/平,高楼层 (共21层) | 2017年 | 2室2厅 | 86.91平米 | 南 北,https://ke-image.ljcdn.com/110000-inspection/pc1_OVaxMBeuX.jpg!m_fill,w_280,h_210,f_jpg?from=ke.com
20240205,石景山,八角,101122699514,八角北路精装修中间楼层南北两居室,220万,47404元/平,中楼层 (共6层) | 1984年 | 2室1厅 | 46.41平米 | 南 北,https://ke-image.ljcdn.com/110000-inspection/e6b8ec0d-5265-43c0-ae8e-bf7638197240_1000.jpg!m_fill,w_280,h_210,f_jpg?from=ke.com
20240205,石景山,八角,101122688798,八角南路 2室1厅 西南,285万,48273元/平,低楼层 (共16层) 2室1厅 | 59.04平米 | 西南,https://ke-image.ljcdn.com/110000-inspection/pc1_d03BXk8HE.jpg!m_fill,w_280,h_210,f_jpg?from=ke.com
20240205,石景山,八角,101122686808,八角路小区 1室1厅 南,155万,57493元/平,中楼层 (共5层) | 1971年 | 1室1厅 | 26.96平米 | 南,https://ke-image.ljcdn.com/110000-inspection/pc1_MvAvl4KHo.jpg!m_fill,w_280,h_210,f_jpg?from=ke.com
20240205,石景山,八角,101122677576,八角北路南北朝向精装修满五年唯一一层两户房主自荐,210万,41675元/平,顶层 (共6层) 2室1厅 | 50.39平米 | 南,https://ke-image.ljcdn.com/110000-inspection/pc1_tIOjzJ8x6.jpg!m_fill,w_280,h_210,f_jpg?from=ke.com
20240205,石景山,八角,101122658700,拾景名苑  1室1厅 南,306万,53348元/平,低楼层 (共21层) | 2016年 | 1室1厅 | 57.36平米 | 南,https://ke-image.ljcdn.com/110000-inspection/d9c4fe4d-ad50-4923-a32c-66b2d7cee75c_1000.jpg!m_fill,w_280,h_210,f_jpg?from=ke.com
20240205,石景山,八角,101122645164,八角北路 全南两居 格局方正 中间层 采光好不临街,227万,44554元/平,中楼层 (共6层) | 1986年 | 2室1厅 | 50.95平米 | 南,https://ke-image.ljcdn.com/110000-inspection/pc1_dvWyBYuYe.jpg!m_fill,w_280,h_210,f_jpg?from=ke.com
20240205,石景山,八角,101122637366,八角中里 2室1厅 西南,268万,45579元/平,高楼层 (共6层) | 1990年 | 2室1厅 | 58.8平米 | 西南,https://ke-image.ljcdn.com/110000-inspection/pc1_6kr3e5ZM9.jpg!m_fill,w_280,h_210,f_jpg?from=ke.com
20240205,石景山,八角,101122622416,八角南里 低楼层 楼龄新 南北通透,310万,53256元/平,中楼层 (共5层) | 1993年 | 2室1厅 | 58.21平米 | 南 北,https://ke-image.ljcdn.com/110000-inspection/15de1f27-254d-451a-a420-233ef20b8fbd_1000.jpg!m_fill,w_280,h_210,f_jpg?from=ke.com
20240205,石景山,八角,101122619242,八角中里 带电梯双南两居！带厅采光好近地铁！次顶,329万,54139元/平,高楼层 (共18层) 2室1厅 | 60.77平米 | 南,https://ke-image.ljcdn.com/110000-inspection/07693dae-e2f5-47f9-af45-873be8da6c5d_1000.jpg!m_fill,w_280,h_210,f_jpg?from=ke.com
20240205,石景山,八角,101122604041,八角北路 2室1厅 南 北,270万,49163元/平,高楼层 (共6层) | 1985年 | 2室1厅 | 54.92平米 | 南 北,https://ke-image.ljcdn.com/110000-inspection/pc1_k2l64kRrm.jpg!m_fill,w_280,h_210,f_jpg?from=ke.com
20240205,石景山,八角,101122590275,经理推荐区委家属院精装修全阳两居室地铁近,228万,45464元/平,高楼层 (共6层) | 1983年 | 2室1厅 | 50.15平米 | 南,https://ke-image.ljcdn.com/110000-inspection/cba4e4e7-60fa-454e-8a4e-969d6e3b02fd_1000.jpg!m_fill,w_280,h_210,f_jpg?from=ke.com
20240205,石景山,八角,101122588165,八角路小区 1室0厅 南 北,135万,49743元/平,顶层 (共5层) | 1971年 | 1室0厅 | 27.14平米 | 南 北,https://ke-image.ljcdn.com/110000-inspection/022029be-513f-489c-8826-80e11cb1abc5_1000.jpg!m_fill,w_280,h_210,f_jpg?from=ke.com
20240205,石景山,八角,101122584161,八角南里 2室1厅 西房主自荐,356万,47683元/平,低楼层 (共24层) | 2001年 | 2室1厅 | 74.66平米 | 西,https://ke-image.ljcdn.com/110000-inspection/24e7c7f8-a360-4ab9-8148-da00e1a45c03_1000.jpg!m_fill,w_280,h_210,f_jpg?from=ke.com
20240205,石景山,八角,101122582028,八角南路 2室1厅 西南,270万,45379元/平,底层 (共16层) | 1986年 | 2室1厅 | 59.5平米 | 西南,https://ke-image.ljcdn.com/110000-inspection/68103afd-0ed8-4734-927b-ce1911168e93_1000.jpg!m_fill,w_280,h_210,f_jpg?from=ke.com
20240205,石景山,八角,101122548170,八角北里1990年电梯房两居室有钥匙,240万,43804元/平,低楼层 (共18层) | 1990年 | 2室1厅 | 54.79平米 | 南 北,https://ke-image.ljcdn.com/110000-inspection/pc1_5Xp8GUK9m.jpg!m_fill,w_280,h_210,f_jpg?from=ke.com
20240205,石景山,八角,101122544312,京原路5号院南北通透两居室近地铁1号线 采光好中间层房主自荐,350万,50917元/平,低楼层 (共12层) | 1989年 | 2室1厅 | 68.74平米 | 南 北,https://ke-image.ljcdn.com/110000-inspection/pc1_keG6TBPfQ.jpg!m_fill,w_280,h_210,f_jpg?from=ke.com
20240205,石景山,八角,101122539164,满五唯一采光视野俱佳两居室有正规客厅的格局,295万,49398元/平,低楼层 (共6层) | 1987年 | 2室1厅 | 59.72平米 | 西南,https://ke-image.ljcdn.com/110000-inspection/pc1_CPJPoIigs.jpg!m_fill,w_280,h_210,f_jpg?from=ke.com
20240205,石景山,八角,101122525141,西引力2005年商品房社区 带电梯 近地铁房主自荐,249万,53160元/平,低楼层 (共16层) | 2005年 | 1室1厅 | 46.84平米 | 北,https://ke-image.ljcdn.com/110000-inspection/5ce752c9-0be5-4983-a4a5-012f0cc64b2d_1000.jpg!m_fill,w_280,h_210,f_jpg?from=ke.com
20240205,石景山,八角,101122519577,八角中里教育部小白楼已经改造完东南向客厅明厅房主自荐,277万,47286元/平,高楼层 (共6层) 2室1厅 | 58.58平米 | 东南,https://ke-image.ljcdn.com/110000-inspection/pc1_RuE7kUdEI.jpg!m_fill,w_280,h_210,f_jpg?from=ke.com
20240205,石景山,八角,101122517516,拾景名苑 南北向两居室 诚心出售,468万,52291元/平,低楼层 (共21层) | 2017年 | 2室2厅 | 89.5平米 | 南 北,https://ke-image.ljcdn.com/110000-inspection/405d8721-851c-4a23-b8f6-bec2fed55bb3_1000.jpg!m_fill,w_280,h_210,f_jpg?from=ke.com
20240205,石景山,八角,101122515530,八角北里三居室南北向满五年唯一房主自荐,350万,44643元/平,顶层 (共6层) | 1993年 | 3室1厅 | 78.4平米 | 南 北,https://ke-image.ljcdn.com/110000-inspection/e31b1b26-c6d5-49b4-8037-3f292fc2a6d0_1000.jpg!m_fill,w_280,h_210,f_jpg?from=ke.com
20240205,石景山,八角,101122508403,融景城 2室2厅 南,620万,64343元/平,低楼层 (共17层) | 2011年 | 2室2厅 | 96.36平米 | 南,https://ke-image.ljcdn.com/110000-inspection/pc1_sObysXrsO.jpg!m_fill,w_280,h_210,f_jpg?from=ke.com
20240205,石景山,八角,101122503375,世纪佳苑南向一居  满五年唯一 精装修,295万,52084元/平,底层 (共18层) 1室1厅 | 56.64平米 | 南,https://ke-image.ljcdn.com/110000-inspection/pc1_cmZEZQLMP.jpg!m_fill,w_280,h_210,f_jpg?from=ke.com
20240205,石景山,八角,101122469395,八角路小区三层全南向的一间半采光好房主自荐,170万,52828元/平,中楼层 (共5层) | 1971年 | 2室1厅 | 32.18平米 | 南,https://ke-image.ljcdn.com/110000-inspection/pc1_cQaIIQaE9.jpg!m_fill,w_280,h_210,f_jpg?from=ke.com
20240205,石景山,八角,101122466546,八角北路 户型方正 满五唯一 诚意出售 随时可签约,200万,38278元/平,顶层 (共6层) | 1988年 | 2室1厅 | 52.25平米 | 南 北,https://ke-image.ljcdn.com/110000-inspection/pc1_QevUhwLTC.jpg!m_fill,w_280,h_210,f_jpg?from=ke.com
20240205,石景山,八角,101122466184,八角南里精装修满五唯一有电梯99年钢混格局好,400万,47377元/平,低楼层 (共20层) 2室1厅 | 84.43平米 | 东,https://ke-image.ljcdn.com/110000-inspection/22aac32b-f2a7-4fa6-8778-c2a9cf7987fa_1000.jpg!m_fill,w_280,h_210,f_jpg?from=ke.com
20240205,石景山,八角,101122465526,八角北路 温馨一居 精装修可拎包入住 刚需过度可选房主自荐,170万,46845元/平,顶层 (共6层) | 1983年 | 1室1厅 | 36.29平米 | 南,https://ke-image.ljcdn.com/110000-inspection/pc1_0oHXG6J1N.jpg!m_fill,w_280,h_210,f_jpg?from=ke.com
20240205,石景山,八角,101122452362,八角北里一层两居室带个大阳台有正规客厅南北向房主自荐,269万,51025元/平,底层 (共6层) | 1986年 | 2室1厅 | 52.72平米 | 南 北,https://ke-image.ljcdn.com/110000-inspection/626d29cd-1fac-46f1-b65c-2ad126556d06_1000.jpg!m_fill,w_280,h_210,f_jpg?from=ke.com
20240205,石景山,八角,101122412581,八角南里 电梯房 南北两居 近地铁房主自荐,303万,50208元/平,高楼层 (共12层) | 1988年 | 2室1厅 | 60.35平米 | 南 北,https://ke-image.ljcdn.com/110000-inspection/d648118d-6541-4f88-89d2-8ddb0386caf6_1000.jpg!m_fill,w_280,h_210,f_jpg?from=ke.com
20240205,石景山,八角,101122402794,产权清晰南北朝向满五唯一随时看房房主自荐,266万,45239元/平,顶层 (共6层) | 1986年 | 2室1厅 | 58.8平米 | 南 北,https://ke-image.ljcdn.com/110000-inspection/pc1_yixknaGhL.jpg!m_fill,w_280,h_210,f_jpg?from=ke.com
20240205,石景山,八角,101122396082,房款首付140 只有契税 满五年唯一 客厅朝南 视野开阔,470万,51700元/平,中楼层 (共18层) 2室2厅 | 90.91平米 | 西南,https://ke-image.ljcdn.com/110000-inspection/pc1_rXFrPVcl7.jpg!m_fill,w_280,h_210,f_jpg?from=ke.com
20240205,石景山,八角,101122370763,融景城 装修好 视野好 采光好 楼龄新 带电梯,528万,58505元/平,低楼层 (共26层) | 2010年 | 2室1厅 | 90.25平米 | 南 北,https://ke-image.ljcdn.com/110000-inspection/pc1_72tbDgyq5.jpg!m_fill,w_280,h_210,f_jpg?from=ke.com
20240205,石景山,八角,101122363331,八角南里 南北通透 1995年  地铁1号线八角游乐园站,235万,54386元/平,顶层 (共5层) 2室1厅 | 43.21平米 | 南 北,https://ke-image.ljcdn.com/110000-inspection/5b013e91-76a5-4577-a597-c2fb1da9e5cb_1000.jpg!m_fill,w_280,h_210,f_jpg?from=ke.com
20240205,石景山,八角,101122361901,店长推荐！满五年采光好！业主诚售价格能谈,295万,50557元/平,中楼层 (共6层) 2室1厅 | 58.35平米 | 南,https://ke-image.ljcdn.com/110000-inspection/ae0476ae-8640-4097-9b2c-0506dcf2a02e_1000.jpg!m_fill,w_280,h_210,f_jpg?from=ke.com
20240205,石景山,八角,101122352194,两室一厅的方正格局光线明亮生活氛围好环境好,272万,46118元/平,高楼层 (共6层) | 1987年 | 2室1厅 | 58.98平米 | 东南 南,https://ke-image.ljcdn.com/110000-inspection/pc1_TCgev6gas_1.jpg!m_fill,w_280,h_210,f_jpg?from=ke.com
20240205,石景山,八角,101122350001,八角北里 外挂电梯 楼层好 采光好 南北带客厅,318万,56115元/平,高楼层 (共6层) | 1988年 | 2室1厅 | 56.67平米 | 南 北,https://ke-image.ljcdn.com/110000-inspection/0029ec8b-4650-4f78-8e4d-1387e03c5365_1000.jpg!m_fill,w_280,h_210,f_jpg?from=ke.com
20240205,石景山,八角,101122348773,八角北里 朝南一居室  采光好 有电梯,218万,49535元/平,顶层 (共6层) 1室1厅 | 44.01平米 | 南,https://ke-image.ljcdn.com/110000-inspection/f500c2cb-dd7a-4559-816b-b77e3d536e5f_1000.jpg!m_fill,w_280,h_210,f_jpg?from=ke.com
20240205,石景山,八角,101122327316,西引力 1室1厅 南,273万,54448元/平,顶层 (共16层) 1室1厅 | 50.14平米 | 南,https://ke-image.ljcdn.com/110000-inspection/46fe25da-cd9e-485a-b2d0-6ceab118ba9a_1000.jpg!m_fill,w_280,h_210,f_jpg?from=ke.com
20240205,石景山,八角,101122318987,八角路小区 精装修 可以直接入住看房提前联系,310万,41673元/平,顶层 (共5层) | 1960年 | 1室2厅 | 74.39平米 | 南 北,https://ke-image.ljcdn.com/110000-inspection/a10dd635-1034-4578-a147-a4c41db611a4_1000.jpg!m_fill,w_280,h_210,f_jpg?from=ke.com
20240205,石景山,八角,101122303104,首付140精装两居 满五年唯一 全南向光线充足 视野开阔,459万,53027元/平,顶层 (共21层) 2室1厅 | 86.56平米 | 南,https://ke-image.ljcdn.com/110000-inspection/pc1_sWqSuzMEn.jpg!m_fill,w_280,h_210,f_jpg?from=ke.com
20240205,石景山,八角,101122302088,拾景名苑 楼龄新 景观好楼间距大 没有遮挡采光视野好,519万,60759元/平,低楼层 (共21层) 2室2厅 | 85.42平米 | 南,https://ke-image.ljcdn.com/110000-inspection/pc1_Wv8a7M5Ls.jpg!m_fill,w_280,h_210,f_jpg?from=ke.com
20240205,石景山,八角,101122282310,八角南路 产权清晰 可以看房 随时可以签约,262万,48564元/平,顶层 (共6层) 2室1厅 | 53.95平米 | 南 北,https://ke-image.ljcdn.com/110000-inspection/pc1_4CAL9iG7v.jpg!m_fill,w_280,h_210,f_jpg?from=ke.com
20240205,石景山,八角,101122265275,八角北路 南向两居室 户型方正有客厅,200万,38234元/平,顶层 (共6层) | 1984年 | 2室1厅 | 52.31平米 | 西南,https://ke-image.ljcdn.com/110000-inspection/8669b85f-ecbb-4486-bce3-c3f71d77030b_1000.jpg!m_fill,w_280,h_210,f_jpg?from=ke.com
20240205,石景山,八角,101122255370,八角南路电梯房全南两居室满五年家庭唯一住房。房主自荐,275万,47009元/平,中楼层 (共16层) | 1986年 | 2室1厅 | 58.5平米 | 南,https://ke-image.ljcdn.com/110000-inspection/ee8ba1a2-4fda-4ac3-bcf3-34cb220067a9_1000.jpg!m_fill,w_280,h_210,f_jpg?from=ke.com
20240205,石景山,八角,101122252569,首付160左右 品质精装修 大阳台落地窗 全天光线无遮挡房主自荐,560万,60437元/平,高楼层 (共25层) 2室2厅 | 92.66平米 | 南,https://ke-image.ljcdn.com/110000-inspection/pc1_gF0khnvi1_1.jpg!m_fill,w_280,h_210,f_jpg?from=ke.com
20240205,石景山,八角,101122251539,八角北里外挂电梯正规两室一厅精装修,325万,57350元/平,低楼层 (共6层) | 1988年 | 2室1厅 | 56.67平米 | 南 北,https://ke-image.ljcdn.com/110000-inspection/pc1_WeSZkKFKr.jpg!m_fill,w_280,h_210,f_jpg?from=ke.com
20240205,石景山,八角,101122237268,八角北里很棒的小户型房源目前改变三居室了低楼层,288万,50350元/平,低楼层 (共6层) | 1987年 | 2室1厅 | 57.2平米 | 南 北,https://ke-image.ljcdn.com/110000-inspection/pc1_3DzhmLFiv_1.jpg!m_fill,w_280,h_210,f_jpg?from=ke.com
20240205,石景山,八角,101122235565,西引力 近地铁 朝南一居 2005年楼龄 钢混,288万,57440元/平,中楼层 (共16层) | 2005年 | 1室1厅 | 50.14平米 | 南,https://ke-image.ljcdn.com/110000-inspection/55cdfab8-6a85-43d5-88b8-d420f06eeb4d_1000.jpg!m_fill,w_280,h_210,f_jpg?from=ke.com
20240205,石景山,八角,101122226916,拾景名苑  2室1厅 南,418万,60987元/平,低楼层 (共21层) | 2017年 | 2室1厅 | 68.54平米 | 南,https://ke-image.ljcdn.com/110000-inspection/pc1_XWsf3wyGZ.jpg!m_fill,w_280,h_210,f_jpg?from=ke.com
20240205,石景山,八角,101122219406,风景错落有序生活温馨如家游乐园旁宜居社区两居房主自荐,275万,48442元/平,顶层 (共6层) | 1995年 | 2室1厅 | 56.77平米 | 东 西,https://ke-image.ljcdn.com/110000-inspection/pc1_ojshhCuXc_1.jpg!m_fill,w_280,h_210,f_jpg?from=ke.com
20240205,石景山,八角,101122201990,八角南里88年中间楼层南北通透近地铁两居室房主自荐,255万,43989元/平,中楼层 (共6层) | 1988年 | 2室1厅 | 57.97平米 | 南 北,https://ke-image.ljcdn.com/110000-inspection/pc1_VjsPEgOaF.jpg!m_fill,w_280,h_210,f_jpg?from=ke.com
20240205,石景山,八角,101122139378,八角中里 南北通透中间楼层精装修满五年唯一,330万,56276元/平,中楼层 (共6层) | 1990年 | 2室1厅 | 58.64平米 | 南 北,https://ke-image.ljcdn.com/110000-inspection/8d3e9ef7-7183-4616-b136-8b8747c1c5c8_1000.jpg!m_fill,w_280,h_210,f_jpg?from=ke.com
20240205,石景山,八角,101122115575,西引力2005年商品房社区 带电梯 近地铁房主自荐,375万,56468元/平,顶层 (共18层) 1室2厅 | 66.41平米 | 西北,https://ke-image.ljcdn.com/110000-inspection/947121dc-139d-45bd-a3a4-b70b0baeb2d3_1000.jpg!m_fill,w_280,h_210,f_jpg?from=ke.com
20240205,石景山,八角,101122111454,八角南路 2室1厅 南 北,263万,40922元/平,顶层 (共6层) | 1984年 | 2室1厅 | 64.27平米 | 南 北,https://ke-image.ljcdn.com/110000-inspection/2f811619-c677-4c42-94c4-2b9430b34a70_1000.jpg!m_fill,w_280,h_210,f_jpg?from=ke.com
20240205,石景山,八角,101122102488,八角中里婚房装修上下水改造完成全南向不临街,298万,51072元/平,高楼层 (共6层) | 1986年 | 2室1厅 | 58.35平米 | 南,https://ke-image.ljcdn.com/110000-inspection/91dc3349-cb83-453b-8c18-02f7b24902ee_1000.jpg!m_fill,w_280,h_210,f_jpg?from=ke.com
20240205,石景山,八角,101122098121,八角北路 2室1厅 南,260万,49704元/平,中楼层 (共6层) | 1984年 | 2室1厅 | 52.31平米 | 南,https://ke-image.ljcdn.com/110000-inspection/pc1_OjkqDGQkJ_1.jpg!m_fill,w_280,h_210,f_jpg?from=ke.com
20240205,石景山,八角,101122063831,融景城 中高楼层 视野好 采光好 楼龄新 带电梯,645万,65817元/平,高楼层 (共25层) | 2011年 | 2室2厅 | 98平米 | 东 南 北,https://ke-image.ljcdn.com/110000-inspection/pc1_IGEvA7Nqa_1.jpg!m_fill,w_280,h_210,f_jpg?from=ke.com
20240205,石景山,八角,101122058828,融景城 2室1厅 南,620万,64557元/平,低楼层 (共17层) | 2011年 | 2室1厅 | 96.04平米 | 南,https://ke-image.ljcdn.com/110000-inspection/pc1_oUR1byQPv_1.jpg!m_fill,w_280,h_210,f_jpg?from=ke.com
20240205,石景山,八角,101122037253,新都名苑 2013年楼龄 带车位,225万,39488元/平,顶层 (共18层) | 2013年 | 1室1厅 | 56.98平米 | 南,https://ke-image.ljcdn.com/110000-inspection/97da9388-bc83-46e5-8c66-949468dca89f_1000.jpg!m_fill,w_280,h_210,f_jpg?from=ke.com
20240205,石景山,八角,101122026047,满五年唯一 诚心出售 中高层 视野好,485万,56031元/平,高楼层 (共21层) 2室1厅 | 86.56平米 | 南,https://ke-image.ljcdn.com/110000-inspection/pc1_qz6EOeyYa.jpg!m_fill,w_280,h_210,f_jpg?from=ke.com
20240205,石景山,八角,101122007986,八角北里 精装修 正规两室一客厅 采光好,415万,52599元/平,中楼层 (共18层) | 1989年 | 3室1厅 | 78.9平米 | 西北,https://ke-image.ljcdn.com/110000-inspection/bb914d47-b4b5-4d31-9ee6-54d53bb9b415_1000.jpg!m_fill,w_280,h_210,f_jpg?from=ke.com
20240205,石景山,八角,101122004295,融景城西区 店长推荐 2012年商品房社区 人车分流,567万,64381元/平,中楼层 (共26层) 2室2厅 | 88.07平米 | 南,https://ke-image.ljcdn.com/110000-inspection/pc1_Y0hHbFrWk.jpg!m_fill,w_280,h_210,f_jpg?from=ke.com
20240205,石景山,八角,101121977892,八角北里精装修两居室 满五年唯一 低楼层,300万,47185元/平,底层 (共6层) | 1988年 | 2室1厅 | 63.58平米 | 南 北,https://ke-image.ljcdn.com/110000-inspection/pc1_q1f6nH30n.jpg!m_fill,w_280,h_210,f_jpg?from=ke.com
20240205,石景山,八角,101121977711,拾景名苑 南向两居室 满五年唯一,420万,49077元/平,顶层 (共21层) 2室2厅 | 85.58平米 | 南,https://ke-image.ljcdn.com/110000-inspection/pc1_5abXp2eTj.jpg!m_fill,w_280,h_210,f_jpg?from=ke.com
20240205,石景山,八角,101121972670,八角南里板楼大三居1999年楼龄看房可提前约,530万,52611元/平,顶层 (共6层) | 1999年 | 2室1厅 | 100.74平米 | 南 北,https://ke-image.ljcdn.com/110000-inspection/pc1_mFYnRfHIl.jpg!m_fill,w_280,h_210,f_jpg?from=ke.com
20240205,石景山,八角,101121960871,优质推荐八角游乐园旁南里小区南北向两居室中间层。,310万,52365元/平,中楼层 (共6层) 2室1厅 | 59.2平米 | 南 北,https://ke-image.ljcdn.com/110000-inspection/24081103-3ca1-473a-a84e-67bba479386a_1000.jpg!m_fill,w_280,h_210,f_jpg?from=ke.com
20240205,石景山,八角,101121922184,1999年精装两居大客厅居住舒适；采光视野开阔！,495万,55506元/平,中楼层 (共6层) | 1999年 | 2室1厅 | 89.18平米 | 东 西,https://ke-image.ljcdn.com/110000-inspection/pc1_IqqMbLR5C.jpg!m_fill,w_280,h_210,f_jpg?from=ke.com
20240205,石景山,八角,101121914977,八角南里电梯房中间层两室大客厅满五年成本价。,430万,50375元/平,中楼层 (共20层) 2室1厅 | 85.36平米 | 东,https://ke-image.ljcdn.com/110000-inspection/pc1_cDJ61C86f.jpg!m_fill,w_280,h_210,f_jpg?from=ke.com
20240205,石景山,八角,101121884202,八角南里楼龄新近地铁视野开阔房主诚心出售。房主自荐,369万,45970元/平,高楼层 (共24层) | 2001年 | 2室1厅 | 80.27平米 | 东,https://ke-image.ljcdn.com/110000-inspection/pc1_GzsLNqN0S.jpg!m_fill,w_280,h_210,f_jpg?from=ke.com
20240205,石景山,八角,101121812257,八角路小区 1室0厅 南房主自荐,140万,58948元/平,中楼层 (共5层) | 1971年 | 1室0厅 | 23.75平米 | 南,https://ke-image.ljcdn.com/110000-inspection/1afbf115-19a2-41de-99fd-721aadfb0a63_1000.jpg!m_fill,w_280,h_210,f_jpg?from=ke.com
20240205,石景山,八角,101121776606,八角中里 户型方正 正规三居室 楼层好 采光好,402万,55433元/平,低楼层 (共18层) | 1985年 | 3室1厅 | 72.52平米 | 西南,https://ke-image.ljcdn.com/110000-inspection/7422593b-53df-4a74-a95d-f7592a310f92_1000.jpg!m_fill,w_280,h_210,f_jpg?from=ke.com
20240205,石景山,八角,101121758812,精装田字格三居不临街是改善不错的选择！,443万,57630元/平,中楼层 (共6层) | 1987年 | 3室1厅 | 76.87平米 | 南 北,https://ke-image.ljcdn.com/110000-inspection/pc1_Q82DABbMm.jpg!m_fill,w_280,h_210,f_jpg?from=ke.com
20240205,石景山,八角,101121753492,八角中里 精装修 户型方正三居室 朝向好 采光好,408万,56261元/平,低楼层 (共19层) | 1985年 | 3室1厅 | 72.52平米 | 西南,https://ke-image.ljcdn.com/110000-inspection/8f6393bd-f429-4b79-8f0b-dd60cc7bf97b_1000.jpg!m_fill,w_280,h_210,f_jpg?from=ke.com
20240205,石景山,八角,101121718264,八角路小区一层全南向两居室小区被公园包围,253万,51855元/平,底层 (共5层) | 1960年 | 2室0厅 | 48.79平米 | 南,https://ke-image.ljcdn.com/110000-inspection/pc1_LPPUg57E2_1.jpg!m_fill,w_280,h_210,f_jpg?from=ke.com
20240205,石景山,八角,101121712738,八角路小户型 中间层 小两室 近地铁站,145万,38937元/平,中楼层 (共5层) | 1971年 | 2室1厅 | 37.24平米 | 南 北,https://ke-image.ljcdn.com/110000-inspection/pc1_OQnFZIpR8.jpg!m_fill,w_280,h_210,f_jpg?from=ke.com
20240205,石景山,八角,101121706954,八角路干部楼 低楼层边户 不临街  小区中,330万,42146元/平,底层 (共5层) | 1964年 | 2室1厅 | 78.3平米 | 南 西 东,https://ke-image.ljcdn.com/110000-inspection/pc1_DwFTQ1sx5.jpg!m_fill,w_280,h_210,f_jpg?from=ke.com
20240205,石景山,八角,101121692053,拾景名苑 精装修 满五唯一住房,470万,54811元/平,低楼层 (共21层) 2室1厅 | 85.75平米 | 南 北,https://ke-image.ljcdn.com/110000-inspection/85be8da0-678b-4d68-b0b9-605422e74db5_1000.jpg!m_fill,w_280,h_210,f_jpg?from=ke.com
20240205,石景山,八角,101121682927,融景城 中高楼层 视野好 采光好 楼龄新 带电梯,610万,65755元/平,低楼层 (共26层) | 2010年 | 2室2厅 | 92.77平米 | 南,https://ke-image.ljcdn.com/110000-inspection/pc1_FW8SFWKTR.jpg!m_fill,w_280,h_210,f_jpg?from=ke.com
20240205,石景山,八角,101121671745,八角南里电梯朝南三居室精装修满五年唯一采光棒,595万,50574元/平,顶层 (共20层) | 1999年 | 3室1厅 | 117.65平米 | 西南,https://ke-image.ljcdn.com/110000-inspection/8393f11f-f9ff-410f-a3d1-861a36329237_1000.jpg!m_fill,w_280,h_210,f_jpg?from=ke.com
20240205,石景山,八角,101121666677,融景城西区低楼层带电梯精装修全南向两居室,510万,58783元/平,底层 (共17层) | 2012年 | 2室2厅 | 86.76平米 | 南,https://ke-image.ljcdn.com/110000-inspection/4c568eca-4c97-4167-833d-562dbf1bc0f1_1000.jpg!m_fill,w_280,h_210,f_jpg?from=ke.com
20240205,石景山,八角,101121619644,朝阳医院北侧 八角地铁近 额外费用低,410万,51174元/平,高楼层 (共12层) | 1999年 | 3室1厅 | 80.12平米 | 东 西,https://ke-image.ljcdn.com/110000-inspection/pc1_oxD9k67UH.jpg!m_fill,w_280,h_210,f_jpg?from=ke.com
20240205,石景山,八角,101121609257,新都名苑东西一居   全明格局  卫生间带窗,220万,39230元/平,中楼层 (共21层) | 2013年 | 1室1厅 | 56.08平米 | 西 东,https://ke-image.ljcdn.com/110000-inspection/pc1_WOfzoa8lE.jpg!m_fill,w_280,h_210,f_jpg?from=ke.com
20240205,石景山,八角,101121602087,拾景名苑  1室1厅 南,305万,53173元/平,低楼层 (共21层) | 2017年 | 1室1厅 | 57.36平米 | 南,https://ke-image.ljcdn.com/110000-inspection/4aff80fb-7466-413c-a0b5-5c9b0b727cda_1000.jpg!m_fill,w_280,h_210,f_jpg?from=ke.com
20240205,石景山,八角,101121581888,石景山八角南里户型方正格局合理经典一居室,235万,52456元/平,底层 (共5层) | 1993年 | 1室1厅 | 44.8平米 | 西南,https://ke-image.ljcdn.com/110000-inspection/pc1_WM8JvdkMB.jpg!m_fill,w_280,h_210,f_jpg?from=ke.com
20240205,石景山,八角,101121576798,拾景名苑精装修南向2居室 采光好 没有遮挡,390万,56902元/平,低楼层 (共21层) | 2017年 | 2室1厅 | 68.54平米 | 南,https://ke-image.ljcdn.com/110000-inspection/pc1_5PmTON9cH.jpg!m_fill,w_280,h_210,f_jpg?from=ke.com
20240205,石景山,八角,101121571459,八角北路 经典田字格三居室 满五年！,310万,45223元/平,高楼层 (共6层) | 1984年 | 3室1厅 | 68.55平米 | 南 北,https://ke-image.ljcdn.com/110000-inspection/pc1_qYAeQd83w.jpg!m_fill,w_280,h_210,f_jpg?from=ke.com
20240205,石景山,八角,101121524095,拾景名苑 南北向正规两居室业主诚心出售,438万,51175元/平,低楼层 (共21层) 2室1厅 | 85.59平米 | 南 北,https://ke-image.ljcdn.com/110000-inspection/pc1_QmYuZ0Yvf_1.jpg!m_fill,w_280,h_210,f_jpg?from=ke.com
20240205,石景山,八角,101121495589,八角北路 3室1厅 南 北,260万,43632元/平,顶层 (共6层) | 1984年 | 3室1厅 | 59.59平米 | 南 北,https://ke-image.ljcdn.com/110000-inspection/645ea5b3-5258-42f0-919e-b8285af536d0_1000.jpg!m_fill,w_280,h_210,f_jpg?from=ke.com
20240205,石景山,八角,101121490176,八角南路小区特钢干部楼大层高视野好精装修。,278万,41774元/平,顶层 (共5层) | 1961年 | 2室1厅 | 66.55平米 | 南 北,https://ke-image.ljcdn.com/110000-inspection/2b53ae0c-e0e2-437a-b6ea-f1f35a0cce7c_1000.jpg!m_fill,w_280,h_210,f_jpg?from=ke.com
20240205,石景山,八角,101121475768,八角北路1988年楼龄南北通透中间楼层两居室,315万,47355元/平,低楼层 (共6层) 3室1厅 | 66.52平米 | 南 北,https://ke-image.ljcdn.com/110000-inspection/pc1_SyhGDax2d.jpg!m_fill,w_280,h_210,f_jpg?from=ke.com
20240205,石景山,八角,101121440183,八角北里两室一厅低楼层精装修满五年唯一房主自荐,256万,53512元/平,底层 (共6层) | 1986年 | 2室1厅 | 47.84平米 | 南 北,https://ke-image.ljcdn.com/110000-inspection/pc1_xWeFdnUKP_1.jpg!m_fill,w_280,h_210,f_jpg?from=ke.com
20240205,石景山,八角,101121419921,近地铁楼龄新  南北通透 优质满五唯一两居室,233万,52596元/平,顶层 (共6层) | 1993年 | 2室1厅 | 44.3平米 | 南 北,https://ke-image.ljcdn.com/110000-inspection/pc1_0YIflvLq9_1.jpg!m_fill,w_280,h_210,f_jpg?from=ke.com
20240205,石景山,八角,101121403512,店长推荐西引力东西两居满五年唯一,435万,47940元/平,底层 (共14层) 2室1厅 | 90.74平米 | 东 西,https://ke-image.ljcdn.com/110000-inspection/pc1_KwBvpn4VV_1.jpg!m_fill,w_280,h_210,f_jpg?from=ke.com
20240205,石景山,八角,101121393236,八角北路小区 1层 南北通透 方便停车,299万,50177元/平,底层 (共6层) 3室1厅 | 59.59平米 | 南 北,https://ke-image.ljcdn.com/110000-inspection/pc1_dSvpoUGNW_1.jpg!m_fill,w_280,h_210,f_jpg?from=ke.com
20240205,石景山,八角,101121383599,店长推荐满五年铁道部物业楼层价格双美丽,205万,39760元/平,高楼层 (共18层) | 1989年 | 1室1厅 | 51.56平米 | 东南,https://ke-image.ljcdn.com/110000-inspection/pc1_DFWL2Q7d9.jpg!m_fill,w_280,h_210,f_jpg?from=ke.com
20240205,石景山,八角,101121373677,精装全南两居 不临街不把边有公园  可随时看房！房主自荐,265万,46264元/平,低楼层 (共6层) | 1987年 | 2室1厅 | 57.28平米 | 南,https://ke-image.ljcdn.com/110000-inspection/0ab0b1b6-e83e-4e97-a094-b3b0e4e3e8d9_1000.jpg!m_fill,w_280,h_210,f_jpg?from=ke.com
20240205,石景山,八角,101121367234,八角北里板楼正规带客厅满五年唯一中高层采光好,269万,44924元/平,高楼层 (共6层) | 1989年 | 2室1厅 | 59.88平米 | 西南 北,https://ke-image.ljcdn.com/110000-inspection/949ec2af-1899-4cad-9493-1a2dc03d3eb3_1000.jpg!m_fill,w_280,h_210,f_jpg?from=ke.com
20240205,石景山,八角,101121359717,石景嘉园东向两居满两年业主诚心出售房主自荐,305万,45577元/平,低楼层 (共21层) | 2010年 | 2室1厅 | 66.92平米 | 东,https://ke-image.ljcdn.com/110000-inspection/5e0d7a5e-8953-45e5-b001-90d26a454e9f_1000.jpg!m_fill,w_280,h_210,f_jpg?from=ke.com
20240205,石景山,八角,101121356362,八角北路 中间层 满五唯一 看房随时,297万,45539元/平,中楼层 (共6层) | 1987年 | 2室1厅 | 65.22平米 | 南 北,https://ke-image.ljcdn.com/110000-inspection/aef4d7ae-e9a9-4754-a176-31d490012a79_1000.jpg!m_fill,w_280,h_210,f_jpg?from=ke.com
20240205,石景山,八角,101121338121,店长推荐拾景名苑南向两居室 满五年家庭名下唯一住房,439万,51394元/平,低楼层 (共21层) 2室1厅 | 85.42平米 | 南,https://ke-image.ljcdn.com/110000-inspection/pc1_JCEmppiQI_1.jpg!m_fill,w_280,h_210,f_jpg?from=ke.com
20240205,石景山,八角,101121338048,朝阳医院家属院 有电梯精装修 双卧朝南房主自荐,335万,48735元/平,高楼层 (共12层) | 1989年 | 2室1厅 | 68.74平米 | 南,https://ke-image.ljcdn.com/110000-inspection/258d8dca-bf7b-4624-9e7f-408f93dacc11_1000.jpg!m_fill,w_280,h_210,f_jpg?from=ke.com
20240205,石景山,八角,101121329446,八角北里满五年唯一去年新装修诚心出售价格能谈,329万,48079元/平,顶层 (共6层) 3室1厅 | 68.43平米 | 南 北,https://ke-image.ljcdn.com/110000-inspection/69decb84-1df7-47d8-af3e-ba7ef0163e4b_1000.jpg!m_fill,w_280,h_210,f_jpg?from=ke.com
20240205,石景山,八角,101121311498,双11好房推荐 八角南里 3层 南北 近地铁 两居房主自荐,260万,44851元/平,中楼层 (共6层) | 1988年 | 2室1厅 | 57.97平米 | 南 北,https://ke-image.ljcdn.com/110000-inspection/3a29db75-5e80-46df-b6c8-bddd06bad8d6_1000.jpg!m_fill,w_280,h_210,f_jpg?from=ke.com
20240205,石景山,八角,101121304129,石景山游乐园西区委家属楼南北通透大客厅精装修,446万,52651元/平,顶层 (共6层) | 1999年 | 2室1厅 | 84.71平米 | 南 北,https://ke-image.ljcdn.com/110000-inspection/pc1_1x7pfOoW4_1.jpg!m_fill,w_280,h_210,f_jpg?from=ke.com
20240205,石景山,八角,101121291520,八角中里 南北通透一层 明厨明卫 前后无遮挡 满五唯一,299万,54256元/平,底层 (共6层) 2室1厅 | 55.11平米 | 南 北,https://ke-image.ljcdn.com/110000-inspection/2e0c6e84-216f-4881-a6f6-04309c2524a3_1000.jpg!m_fill,w_280,h_210,f_jpg?from=ke.com
20240205,石景山,八角,101121288830,地铁一号线八角北路小区正南朝向一居室,165万,45021元/平,顶层 (共6层) | 1986年 | 1室1厅 | 36.65平米 | 南,https://ke-image.ljcdn.com/110000-inspection/a071a57d-cb78-4243-9e76-6b17e5c40330_1000.jpg!m_fill,w_280,h_210,f_jpg?from=ke.com
20240205,石景山,八角,101121285979,大阳台带客厅大两居居住舒适采光通风好南侧无遮挡！,298万,47332元/平,高楼层 (共6层) | 1985年 | 2室1厅 | 62.96平米 | 南 东北,https://ke-image.ljcdn.com/110000-inspection/b3802b22-6c5d-4d58-bf05-fe900de9898c_1000.jpg!m_fill,w_280,h_210,f_jpg?from=ke.com
20240205,石景山,八角,101121285737,优选好房：八角北里 5层精装修两居！明厨明卫户型好！房主自荐,258万,44761元/平,高楼层 (共6层) | 1985年 | 2室1厅 | 57.64平米 | 南 北,https://ke-image.ljcdn.com/110000-inspection/pc1_0LmQjv2uU.jpg!m_fill,w_280,h_210,f_jpg?from=ke.com
20240205,石景山,八角,101121272287,八角北路 满五年 一层带大阳台 靠谱出售,268万,45432元/平,底层 (共6层) | 1987年 | 2室1厅 | 58.99平米 | 东南,https://ke-image.ljcdn.com/110000-inspection/e4c7e47f-7c41-4a94-b4ce-04ad92d7ea9e_1000.jpg!m_fill,w_280,h_210,f_jpg?from=ke.com
20240205,石景山,八角,101121240536,八角南路小区南北通透两居室自如装修采光好。,265万,39820元/平,中楼层 (共5层) 2室1厅 | 66.55平米 | 南 北,https://ke-image.ljcdn.com/110000-inspection/616fec6b-ee0f-484c-8ae0-6d561b381544_1000.jpg!m_fill,w_280,h_210,f_jpg?from=ke.com
20240205,石景山,八角,101121210373,八角北路南北通透三居室满五年唯一装修干净,329万,48128元/平,顶层 (共6层) 3室1厅 | 68.36平米 | 南 北,https://ke-image.ljcdn.com/110000-inspection/pc1_u2G2t0lDe.jpg!m_fill,w_280,h_210,f_jpg?from=ke.com
20240205,石景山,八角,101121202624,近八角游乐园地铁 99年楼龄新精装修电梯好房,445万,49660元/平,高楼层 (共20层) | 1999年 | 2室1厅 | 89.61平米 | 西 北,https://ke-image.ljcdn.com/110000-inspection/19d4b9ad-d734-4f93-8d2e-4d4b84ad8c1c_1000.jpg!m_fill,w_280,h_210,f_jpg?from=ke.com
20240205,石景山,八角,101121185760,拾景名苑精装修两居室 带产权车位房主自荐,530万,62047元/平,低楼层 (共21层) 2室2厅 | 85.42平米 | 南,https://ke-image.ljcdn.com/110000-inspection/pc1_VabKisRCx.jpg!m_fill,w_280,h_210,f_jpg?from=ke.com
20240205,石景山,八角,101121159311,八角北路 1号线地铁古城站 南北通透 京西大悦城附近房主自荐,195万,38699元/平,高楼层 (共6层) | 1984年 | 2室1厅 | 50.39平米 | 南 北,https://ke-image.ljcdn.com/110000-inspection/pc1_SNvCq1uw2.jpg!m_fill,w_280,h_210,f_jpg?from=ke.com
20240205,石景山,八角,101121141968,9月房源 西引力 近地铁 朝南一居 2005年楼龄,312万,62400元/平,高楼层 (共18层) 1室1厅 | 50平米 | 南,https://ke-image.ljcdn.com/110000-inspection/pc1_a7ZXafIdY.jpg!m_fill,w_280,h_210,f_jpg?from=ke.com
20240205,石景山,八角,101121123058,融景城三期 南北通透两居室 2012年 人车分流房主自荐,550万,63386元/平,中楼层 (共26层) 2室1厅 | 86.77平米 | 南 北,https://ke-image.ljcdn.com/110000-inspection/0c86f7e1-64bc-45c5-bd89-1e8e959a2eb3_1000.jpg!m_fill,w_280,h_210,f_jpg?from=ke.com
20240205,石景山,八角,101121121488,八角北路 精装修 中间楼层 光线充足,174万,47477元/平,中楼层 (共6层) 1室1厅 | 36.65平米 | 南,https://ke-image.ljcdn.com/110000-inspection/a12b4e38-a37b-4277-9721-fb0431c037c6_1000.jpg!m_fill,w_280,h_210,f_jpg?from=ke.com
20240205,石景山,八角,101121089824,八角北路 南北通透两居室 中间层 满五唯一,270万,47687元/平,中楼层 (共6层) | 1983年 | 2室1厅 | 56.62平米 | 南 北,https://ke-image.ljcdn.com/110000-inspection/pc1_hlu4ZVkFu_1.jpg!m_fill,w_280,h_210,f_jpg?from=ke.com
20240205,石景山,八角,101121088369,八角中里 电梯三居 不临街 近1号线八角游乐园站,415万,49090元/平,低楼层 (共18层) | 1985年 | 3室1厅 | 84.54平米 | 西南,https://ke-image.ljcdn.com/110000-inspection/pc1_3xlO2sFIz.jpg!m_fill,w_280,h_210,f_jpg?from=ke.com
20240205,石景山,八角,101121072564,店长推荐 全南向带阳台两居室满五年唯一房主自荐,536万,59411元/平,低楼层 (共26层) 2室2厅 | 90.22平米 | 南,https://ke-image.ljcdn.com/110000-inspection/pc1_WGWr3AGek.jpg!m_fill,w_280,h_210,f_jpg?from=ke.com
20240205,石景山,八角,101121071020,店长推荐满五唯一产权清晰诚心出售,235万,46416元/平,高楼层 (共18层) | 1985年 | 1室1厅 | 50.63平米 | 南,https://ke-image.ljcdn.com/110000-inspection/pc1_rgTVPTS4i.jpg!m_fill,w_280,h_210,f_jpg?from=ke.com
20240205,石景山,八角,101121054799,八角南路 看房方便价格可以商量房主自荐,121万,48771元/平,底层 (共4层) | 1970年 | 1室0厅 | 24.81平米 | 南,https://ke-image.ljcdn.com/110000-inspection/6c6aae23-daf4-4f4d-b960-2adc5df4a36b_1000.jpg!m_fill,w_280,h_210,f_jpg?from=ke.com
20240205,石景山,八角,101121046159,八角南里精装修两室一厅满五年小区中间位置,488万,60084元/平,中楼层 (共6层) | 1999年 | 2室1厅 | 81.22平米 | 南 北,https://ke-image.ljcdn.com/110000-inspection/42a70849-2fec-48bb-94ae-fd8e728923d7_1000.jpg!m_fill,w_280,h_210,f_jpg?from=ke.com
20240205,石景山,八角,101121040834,融景城三期 2012年南北向三居室 人车分流,776万,66105元/平,低楼层 (共25层) | 2012年 | 3室2厅 | 117.39平米 | 南 北,https://ke-image.ljcdn.com/110000-inspection/pc1_YEXO653Cz.jpg!m_fill,w_280,h_210,f_jpg?from=ke.com
20240205,石景山,八角,101121034783,石景嘉园西向两居有车位精装修业主诚心出售,248万,36412元/平,顶层 (共21层) 2室2厅 | 68.11平米 | 西,https://ke-image.ljcdn.com/110000-inspection/86c29f76-9176-4750-a421-aaab43985ccf_1000.jpg!m_fill,w_280,h_210,f_jpg?from=ke.com
20240205,石景山,八角,101121007059,拾景名苑 满五年唯一 南向两居室房主自荐,445万,51410元/平,低楼层 (共21层) 2室1厅 | 86.56平米 | 南,https://ke-image.ljcdn.com/110000-inspection/055a6ae4-3207-48a2-b9d4-e9490badcfd6_1000.jpg!m_fill,w_280,h_210,f_jpg?from=ke.com
20240205,石景山,八角,101121006336,田字格经典户型格局方正南北通透满五唯一中间层,388万,50846元/平,高楼层 (共6层) | 1986年 | 3室1厅 | 76.31平米 | 南 北,https://ke-image.ljcdn.com/110000-inspection/pc1_X1lnDYYIf.jpg!m_fill,w_280,h_210,f_jpg?from=ke.com
20240205,石景山,八角,101120972707,八角中里双卧室朝南明厨明卫两居室南北通透精装房主自荐,259万,44350元/平,顶层 (共6层) | 1986年 | 2室1厅 | 58.4平米 | 南 北,https://ke-image.ljcdn.com/110000-inspection/6a7c632a-7bdc-4a8a-9ea7-11408c39ab7f_1000.jpg!m_fill,w_280,h_210,f_jpg?from=ke.com
20240205,石景山,八角,101120944921,店长推荐 融景城 全南向两居室 精装修,520万,58388元/平,高楼层 (共26层) | 2010年 | 2室2厅 | 89.06平米 | 南,https://ke-image.ljcdn.com/110000-inspection/pc1_3NiE6ICuo.jpg!m_fill,w_280,h_210,f_jpg?from=ke.com
20240205,石景山,八角,101120938305,八角北里中楼层双南向两居室采光充足视野开阔,298万,48606元/平,中楼层 (共6层) | 1985年 | 2室1厅 | 61.31平米 | 南,https://ke-image.ljcdn.com/110000-inspection/da691410-a1dd-44fa-9f9c-51ee72bf5b51_1000.jpg!m_fill,w_280,h_210,f_jpg?from=ke.com
20240205,石景山,八角,101120889071,八角南里  99年楼龄新  南北通透 满五唯一优质好房房主自荐,378万,46166元/平,顶层 (共6层) | 1999年 | 2室1厅 | 81.88平米 | 南 北,https://ke-image.ljcdn.com/110000-inspection/0c858dae-42f1-4344-8ade-26010f17ba86_1000.jpg!m_fill,w_280,h_210,f_jpg?from=ke.com
20240205,石景山,八角,101120883701,石景山游乐园西八角南里美好秋分带客厅两居南北向,365万,54519元/平,高楼层 (共6层) 2室1厅 | 66.95平米 | 南 北,https://ke-image.ljcdn.com/110000-inspection/pc1_zrxp9Ej01_1.jpg!m_fill,w_280,h_210,f_jpg?from=ke.com
20240205,石景山,八角,101120877323,拾景名苑  2室1厅 南,472万,54529元/平,高楼层 (共21层) 2室1厅 | 86.56平米 | 南,https://ke-image.ljcdn.com/110000-inspection/pc1_jgUg6Pe4S.jpg!m_fill,w_280,h_210,f_jpg?from=ke.com
20240205,石景山,八角,101120875636,拾景名苑 朝南两居 楼间距大 人车分流 楼龄新 景观好,510万,59867元/平,中楼层 (共20层) 2室2厅 | 85.19平米 | 南,https://ke-image.ljcdn.com/110000-inspection/7c62bf96-6626-4441-baa3-4c89570c26f9_1000.jpg!m_fill,w_280,h_210,f_jpg?from=ke.com
20240205,石景山,八角,101120783459,全南2居室经典户型视野开阔满五年唯一成本价,219万,43436元/平,高楼层 (共6层) | 1984年 | 2室1厅 | 50.42平米 | 南,https://ke-image.ljcdn.com/110000-inspection/7e249735-a281-4d84-a3f6-95e729c9e548_1000.jpg!m_fill,w_280,h_210,f_jpg?from=ke.com
20240205,石景山,八角,101120721779,店长推荐 南向两居室 自住精装修 视野好 人车分流,566万,64576元/平,中楼层 (共25层) | 2011年 | 2室2厅 | 87.65平米 | 南,https://ke-image.ljcdn.com/110000-inspection/pc1_mhouFlhTk.jpg!m_fill,w_280,h_210,f_jpg?from=ke.com
20240205,石景山,八角,101120687119,拾景名苑 满五年唯一 南北通透 精装修房主自荐,438万,50069元/平,顶层 (共20层) | 2017年 | 2室1厅 | 87.48平米 | 南 北,https://ke-image.ljcdn.com/110000-inspection/b1250e78-6456-4c44-ace8-070f80ce5b43_1000.jpg!m_fill,w_280,h_210,f_jpg?from=ke.com
20240205,石景山,八角,101120640944,西引力05年商品房临近地铁套内面积大唯一住房,445万,48150元/平,顶层 (共14层) | 2005年 | 2室1厅 | 92.42平米 | 东 西,https://ke-image.ljcdn.com/110000-inspection/pc1_X0RxqhsJo.jpg!m_fill,w_280,h_210,f_jpg?from=ke.com
20240205,石景山,八角,101120637116,1990年建成 区里单位分房 中间楼层 采光无遮挡,259万,46525元/平,中楼层 (共6层) | 1990年 | 2室1厅 | 55.67平米 | 南 北,https://ke-image.ljcdn.com/110000-inspection/1f110d62-3cd0-4b1e-96c2-e89dd50928ed_1000.jpg!m_fill,w_280,h_210,f_jpg?from=ke.com
20240205,石景山,八角,101120614246,带客厅两居室低楼层上下楼方便,290万,48970元/平,底层 (共6层) | 1985年 | 2室1厅 | 59.22平米 | 东北,https://ke-image.ljcdn.com/110000-inspection/pc1_EfU23RZEx.jpg!m_fill,w_280,h_210,f_jpg?from=ke.com
20240205,石景山,八角,101120612983,融景城 满五唯一 精装修 落地窗阳台 无抵押只有契税,605万,65654元/平,中楼层 (共25层) | 2010年 | 2室2厅 | 92.15平米 | 南,https://ke-image.ljcdn.com/110000-inspection/6438fbda-04ce-49cb-a5bc-36a5c5de2e7f_1000.jpg!m_fill,w_280,h_210,f_jpg?from=ke.com
20240205,石景山,八角,101120521523,八角南里 双卧朝南 电梯房钢混 1号线八角游乐园地铁,399万,49012元/平,顶层 (共20层) 2室1厅 | 81.41平米 | 南,https://ke-image.ljcdn.com/110000-inspection/pc1_GdXevbUbN_1.jpg!m_fill,w_280,h_210,f_jpg?from=ke.com
20240205,石景山,八角,101120517341,店长推荐 南北通透两居 采光好,458万,56845元/平,低楼层 (共26层) 2室2厅 | 80.57平米 | 南 北,https://ke-image.ljcdn.com/110000-inspection/b282ab14-0892-4642-b02e-de5bb73a7e58_1000.jpg!m_fill,w_280,h_210,f_jpg?from=ke.com
20240205,石景山,八角,101120392968,融景城南向两居楼层高视野好户型合理,535万,60541元/平,中楼层 (共26层) 2室2厅 | 88.37平米 | 南,https://ke-image.ljcdn.com/110000-inspection/f954f095-eeb2-4e7e-8d73-d96d3f88bf00_1000.jpg!m_fill,w_280,h_210,f_jpg?from=ke.com
20240205,石景山,八角,101120363042,朝南一居室格局方正中低楼层随时签约；,235万,58198元/平,低楼层 (共6层) | 1990年 | 1室1厅 | 40.38平米 | 南,https://ke-image.ljcdn.com/110000-inspection/8251599f-7d22-4e92-bf69-35d2559446b0_1000.jpg!m_fill,w_280,h_210,f_jpg?from=ke.com
20240205,石景山,八角,101120309142,拾景名苑精装修南向2居室位置安静无遮挡,460万,54099元/平,中楼层 (共20层) 2室1厅 | 85.03平米 | 南,https://ke-image.ljcdn.com/110000-inspection/pc1_pUEG1NXmD.jpg!m_fill,w_280,h_210,f_jpg?from=ke.com
20240205,石景山,八角,101120294124,八角北路中间楼层精装两室带客厅格局,299万,50627元/平,中楼层 (共6层) | 1984年 | 3室1厅 | 59.06平米 | 南 北,https://ke-image.ljcdn.com/110000-inspection/d224f82e-a732-4774-98c6-a0cbf16c4e51_1000.jpg!m_fill,w_280,h_210,f_jpg?from=ke.com
20240205,石景山,八角,101120274327,精装带电梯一居温馨舒适是您置业的不错选择！,235万,46416元/平,中楼层 (共19层) 1室1厅 | 50.63平米 | 南 北,https://ke-image.ljcdn.com/110000-inspection/30df7e3e-4dbe-4705-9936-ff7427b9db1e_1000.jpg!m_fill,w_280,h_210,f_jpg?from=ke.com
20240205,石景山,八角,101120220254,精装修两居室 落地窗大阳台 采光视野好 户型好,540万,59459元/平,高楼层 (共26层) 2室1厅 | 90.82平米 | 南,https://ke-image.ljcdn.com/110000-inspection/pc1_TaQ17LdHC.jpg!m_fill,w_280,h_210,f_jpg?from=ke.com
20240205,石景山,八角,101120124922,体育场南街5号院 满五唯一 带车位 楼龄新 没有遮挡,309万,45123元/平,低楼层 (共18层) | 2013年 | 2室1厅 | 68.48平米 | 东 西,https://ke-image.ljcdn.com/110000-inspection/186b3930-d32d-451a-97d8-3671fad4c737_1000.jpg!m_fill,w_280,h_210,f_jpg?from=ke.com
20240205,石景山,八角,101120105985,带电梯三居成本价分房；看房提前预约高楼层采光好！房主自荐,415万,49090元/平,顶层 (共18层) | 1985年 | 3室1厅 | 84.54平米 | 南 西 北,https://ke-image.ljcdn.com/110000-inspection/pc1_f8M3yyjDE.jpg!m_fill,w_280,h_210,f_jpg?from=ke.com
20240205,石景山,八角,101120005363,石景山区八角南里三层一居室按满五唯一出售,219万,49582元/平,中楼层 (共5层) | 1993年 | 1室1厅 | 44.17平米 | 东 西,https://ke-image.ljcdn.com/110000-inspection/e5514681-03cf-406b-a00f-308730df1d21_1000.jpg!m_fill,w_280,h_210,f_jpg?from=ke.com
20240205,石景山,八角,101119945257,新都名苑 满五唯一 产权清晰 带车位 楼龄新 没有遮挡,209万,36374元/平,底层 (共21层) | 2013年 | 1室1厅 | 57.46平米 | 东,https://ke-image.ljcdn.com/110000-inspection/eac23b93-df55-4207-bb2e-2338027e19eb_1000.jpg!m_fill,w_280,h_210,f_jpg?from=ke.com
20240205,石景山,八角,101119902486,八角中里 带电梯 两居室 中间层,316万,52000元/平,中楼层 (共19层) | 1989年 | 2室1厅 | 60.77平米 | 南,https://ke-image.ljcdn.com/110000-inspection/337f4359-3cb4-43c1-980c-0b6901c4a777_1000.jpg!m_fill,w_280,h_210,f_jpg?from=ke.com
20240205,石景山,八角,101119895030,拾景名苑 南向一室一厅 诚心出售,319万,55838元/平,低楼层 (共21层) | 2017年 | 1室1厅 | 57.13平米 | 南,https://ke-image.ljcdn.com/110000-inspection/4a579871-bce9-407c-85e3-cef51564f75a_1000.jpg!m_fill,w_280,h_210,f_jpg?from=ke.com
20240205,石景山,八角,101119885700,八角路小区精装修有独立的卫生间一层带大阳台,133万,55579元/平,底层 (共5层) | 1971年 | 1室0厅 | 23.93平米 | 南,https://ke-image.ljcdn.com/110000-inspection/pc1_BDWWbGLXj.jpg!m_fill,w_280,h_210,f_jpg?from=ke.com
20240205,石景山,八角,101119813318,八角北路 2室1厅 南,275万,42165元/平,高楼层 (共6层) | 1987年 | 2室1厅 | 65.22平米 | 南,https://ke-image.ljcdn.com/110000-inspection/pc1_HAmzcIZWO.jpg!m_fill,w_280,h_210,f_jpg?from=ke.com
20240205,石景山,八角,101119700885,八角北路一层两户南北通透房本满五年双卧朝南,202万,40088元/平,顶层 (共6层) 2室0厅 | 50.39平米 | 南 北,https://ke-image.ljcdn.com/110000-inspection/249a655e-773e-47ee-92b6-4cd9b019cd18_1000.jpg!m_fill,w_280,h_210,f_jpg?from=ke.com
20240205,石景山,八角,101119668606,八角北里 满五唯一 南北通透 地铁1号线八角游乐园站,360万,53153元/平,低楼层 (共6层) 3室1厅 | 67.73平米 | 南 北,https://ke-image.ljcdn.com/110000-inspection/0e2b306f-a6a3-475c-95e3-1128869a6783_1000.jpg!m_fill,w_280,h_210,f_jpg?from=ke.com
20240205,石景山,八角,101119643905,西引力满五年唯一精装房阳光通透采光好,309万,57866元/平,高楼层 (共18层) 1室1厅 | 53.4平米 | 东,https://ke-image.ljcdn.com/110000-inspection/pc1_zUwy0Y7OX.jpg!m_fill,w_280,h_210,f_jpg?from=ke.com
20240205,石景山,八角,101119620126,融景城南北向两居室无抵押中间层诚心出售,560万,61485元/平,中楼层 (共26层) 2室1厅 | 91.08平米 | 东 南 北,https://ke-image.ljcdn.com/110000-inspection/pc1_LWP6vHaBn_1.jpg!m_fill,w_280,h_210,f_jpg?from=ke.com
20240205,石景山,八角,101119343229,石景嘉园低楼层带电梯2010年楼龄安静,209万,38776元/平,低楼层 (共21层) | 2010年 | 1室1厅 | 53.9平米 | 东南,https://ke-image.ljcdn.com/110000-inspection/pc1_4SJIyhjpb.jpg!m_fill,w_280,h_210,f_jpg?from=ke.com
20240205,石景山,八角,101119325914,西引力2005年商品房近地铁,269万,50375元/平,中楼层 (共18层) | 2005年 | 1室1厅 | 53.4平米 | 东,https://ke-image.ljcdn.com/110000-inspection/092f675e-4bd3-4594-923e-591f4460416f_1000.jpg!m_fill,w_280,h_210,f_jpg?from=ke.com
20240205,石景山,八角,101119266651,古城地铁 八角北路小区 一层南北通透两室一厅户型,265万,49084元/平,底层 (共6层) | 1984年 | 2室1厅 | 53.99平米 | 南 北,https://ke-image.ljcdn.com/110000-inspection/361fdcec-ea46-4fb6-9d1f-627fc4382d1c_1000.jpg!m_fill,w_280,h_210,f_jpg?from=ke.com
20240205,石景山,八角,101119176505,八角路小区 随时可以看房 中间楼层价格可以沟通,159万,48447元/平,中楼层 (共5层) | 1971年 | 2室0厅 | 32.82平米 | 南 北,https://ke-image.ljcdn.com/110000-inspection/226655c5-ce05-478b-9913-b25cfac258c4_1000.jpg!m_fill,w_280,h_210,f_jpg?from=ke.com
20240205,石景山,八角,101119117961,八角中里 带电梯一居室 南向看房提前约,245万,50402元/平,中楼层 (共19层) 1室1厅 | 48.61平米 | 南,https://ke-image.ljcdn.com/110000-inspection/pc1_8IPU5jggt.jpg!m_fill,w_280,h_210,f_jpg?from=ke.com
20240205,石景山,八角,101119105092,楼龄新一号线地铁沿线配套全正规2居带客厅。房主自荐,363万,48621元/平,中楼层 (共24层) 2室1厅 | 74.66平米 | 西,https://ke-image.ljcdn.com/110000-inspection/pc1_4QsaPAelu.jpg!m_fill,w_280,h_210,f_jpg?from=ke.com
20240205,石景山,八角,101118985801,融景城 南北两居 正对花园 满五唯一 采光好 视野好,495万,54848元/平,底层 (共26层) 2室2厅 | 90.25平米 | 南 北,https://ke-image.ljcdn.com/110000-inspection/53b54781-4d99-4efd-997a-1fdefef5067b_1000.jpg!m_fill,w_280,h_210,f_jpg?from=ke.com
20240205,石景山,八角,101118970451,八角北路朝南一居中间楼层满五年唯一有钥匙,179万,49393元/平,低楼层 (共6层) 1室1厅 | 36.24平米 | 南,https://ke-image.ljcdn.com/110000-inspection/pc1_0vwgFtnZj.jpg!m_fill,w_280,h_210,f_jpg?from=ke.com
20240205,石景山,八角,101118960908,八角南里 1995年楼龄 西南北有客厅房主自荐,315万,54311元/平,高楼层 (共7层) 2室1厅 | 58平米 | 南 西南 北,https://ke-image.ljcdn.com/110000-inspection/305a2d40-68de-43b4-b32d-5660ed0d1a1e_1000.jpg!m_fill,w_280,h_210,f_jpg?from=ke.com
20240205,石景山,八角,101118931658,八角南路小区 朝南中间楼层一居室 支持商贷,189万,52081元/平,中楼层 (共6层) | 1983年 | 1室1厅 | 36.29平米 | 南,https://ke-image.ljcdn.com/110000-inspection/add3a50a-a1d0-496e-8db2-2c380295aab0_1000.jpg!m_fill,w_280,h_210,f_jpg?from=ke.com
20240205,石景山,八角,101118887971,拾景名苑2017年楼龄 采光视野好 精装修,485万,55805元/平,高楼层 (共21层) | 2016年 | 2室1厅 | 86.91平米 | 南 北,https://ke-image.ljcdn.com/110000-inspection/95304141-5b08-44e7-b2a2-54313a5a6cb4_1000.jpg!m_fill,w_280,h_210,f_jpg?from=ke.com
20240205,石景山,八角,101118693283,【聚焦好房】八角北里 2层南北通透三居！户型好近地铁,330万,48225元/平,低楼层 (共6层) | 1989年 | 3室1厅 | 68.43平米 | 南 北,https://ke-image.ljcdn.com/110000-inspection/pc1_eKhBe2Erj_1.jpg!m_fill,w_280,h_210,f_jpg?from=ke.com
20240205,石景山,八角,101118672605,西引力2005年商品房小区 楼龄新 近地铁,297万,55618元/平,高楼层 (共18层) | 2005年 | 1室1厅 | 53.4平米 | 东南,https://ke-image.ljcdn.com/110000-inspection/52a3a99b-282e-490f-89a9-98e29bc62d2c_1000.jpg!m_fill,w_280,h_210,f_jpg?from=ke.com
20240205,石景山,八角,101118641347,好房推荐  八角南路   南北通透三居室,298万,43927元/平,顶层 (共6层) | 1985年 | 3室1厅 | 67.84平米 | 南 北,https://ke-image.ljcdn.com/110000-inspection/82341a96-dbe6-45b7-8eb9-0dfd2f807132_1000.jpg!m_fill,w_280,h_210,f_jpg?from=ke.com
20240205,石景山,八角,101118582893,一号线地铁交通方便正规两居带电梯中高层房主自荐,309万,50689元/平,高楼层 (共12层) | 1988年 | 2室1厅 | 60.96平米 | 南,https://ke-image.ljcdn.com/110000-inspection/pc1_WUxAxVO8j.jpg!m_fill,w_280,h_210,f_jpg?from=ke.com
20240205,石景山,八角,101118534209,拾景名苑精装修2居室 拎包入住带产权车位,465万,53430元/平,低楼层 (共21层) 2室1厅 | 87.03平米 | 南 北,https://ke-image.ljcdn.com/110000-inspection/271b0413-2dc5-410e-a4e9-e747a2940597_1000.jpg!m_fill,w_280,h_210,f_jpg?from=ke.com
20240205,石景山,八角,101118482474,干休所成本价福利房满五年一梯两户南北通透,320万,46764元/平,中楼层 (共6层) 3室1厅 | 68.43平米 | 南 北,https://ke-image.ljcdn.com/110000-inspection/096ba74b-5b2d-4336-bebf-b6877ae0faf2_1000.jpg!m_fill,w_280,h_210,f_jpg?from=ke.com
20240205,石景山,八角,101118479565,八角南里 石景山游乐园西200米 两室一厅 看房方便,228万,51041元/平,顶层 (共6层) | 1993年 | 2室1厅 | 44.67平米 | 南 北,https://ke-image.ljcdn.com/110000-inspection/bebd8a17-5904-499f-82e0-0f586d853bf1_1000.jpg!m_fill,w_280,h_210,f_jpg?from=ke.com
20240205,石景山,八角,101118463647,八角北路中间层南北通透户型 南北通透 业主诚心出售,275万,48288元/平,中楼层 (共6层) | 1983年 | 3室1厅 | 56.95平米 | 南 北,https://ke-image.ljcdn.com/110000-inspection/f79fe4c3-d0e8-40c0-bf41-af8f1b68ec1c_1000.jpg!m_fill,w_280,h_210,f_jpg?from=ke.com
20240205,石景山,八角,101118404709,好房推荐  南北双通透  两室正规客厅,330万,35816元/平,高楼层 (共6层) | 1983年 | 2室1厅 | 92.14平米 | 南 北,https://ke-image.ljcdn.com/110000-inspection/pc1_EBrMx848y.jpg!m_fill,w_280,h_210,f_jpg?from=ke.com
20240205,石景山,八角,101118308815,西引力 2005年商品房 楼龄新 近地铁,588万,57704元/平,中楼层 (共18层) | 2005年 | 2室1厅 | 101.9平米 | 南 北,https://ke-image.ljcdn.com/110000-inspection/pc1_iX925KklY.jpg!m_fill,w_280,h_210,f_jpg?from=ke.com
20240205,石景山,八角,101118246806,经理推荐好房区委家属院一层全南两居室采光好,247万,52198元/平,底层 (共6层) 2室1厅 | 47.32平米 | 南,https://ke-image.ljcdn.com/110000-inspection/pc1_3oSJmGn34_1.jpg!m_fill,w_280,h_210,f_jpg?from=ke.com
20240205,石景山,八角,101118229153,带车位 满五年 产权清晰 中间层 没有遮挡 采光视野好,585万,64421元/平,中楼层 (共26层) 2室1厅 | 90.81平米 | 南,https://ke-image.ljcdn.com/110000-inspection/pc1_Zxs9nv2Hg.jpg!m_fill,w_280,h_210,f_jpg?from=ke.com
20240205,石景山,八角,101118080171,京原路5号院南北三居  客厅带南向阳台  近地铁,500万,49559元/平,低楼层 (共12层) | 1999年 | 3室1厅 | 100.89平米 | 南 北,https://ke-image.ljcdn.com/110000-inspection/pc1_CjuJ1qwPO.jpg!m_fill,w_280,h_210,f_jpg?from=ke.com
20240205,石景山,八角,101118007808,拾景名苑南北2居室 南北通透明厨明卫,493万,57453元/平,低楼层 (共21层) 2室1厅 | 85.81平米 | 南 北,https://ke-image.ljcdn.com/110000-inspection/368775ef-a6f2-4cd2-8ef2-c152b11e984b_1000.jpg!m_fill,w_280,h_210,f_jpg?from=ke.com
20240205,石景山,八角,101117996910,店长推荐 石景嘉园南北通透两居室,280万,41238元/平,高楼层 (共21层) | 2010年 | 2室2厅 | 67.9平米 | 南 西 北,https://ke-image.ljcdn.com/110000-inspection/pc1_85yK7tgKO.jpg!m_fill,w_280,h_210,f_jpg?from=ke.com
20240205,石景山,八角,101117699290,拾景名苑店长推荐全南向一居室楼龄新带电梯,338万,58681元/平,中楼层 (共21层) | 2017年 | 1室1厅 | 57.6平米 | 南,https://ke-image.ljcdn.com/110000-inspection/0ac8ebd3-841a-4d18-89c5-034e57cb5a4f_1000.jpg!m_fill,w_280,h_210,f_jpg?from=ke.com
20240205,石景山,八角,101116856562,1990年区委家属院大四居区长家属楼精装修此房,620万,49600元/平,顶层 (共6层) | 1990年 | 4室1厅 | 125平米 | 南 北,https://ke-image.ljcdn.com/110000-inspection/bd412202-92d6-46f4-a6db-182d727a2116_1000.jpg!m_fill,w_280,h_210,f_jpg?from=ke.com
20240205,石景山,八角,101116709672,新都名苑南向一居室 高楼层 视野好,228万,38684元/平,高楼层 (共18层) | 2013年 | 1室1厅 | 58.94平米 | 南,https://ke-image.ljcdn.com/110000-inspection/pc1_IDwjrZYqb.jpg!m_fill,w_280,h_210,f_jpg?from=ke.com
20240205,石景山,八角,101116691560,店长推荐京原路5号院三居室精装修带电梯,399万,49801元/平,中楼层 (共12层) | 1999年 | 2室1厅 | 80.12平米 | 东南,https://ke-image.ljcdn.com/110000-inspection/pc1_4a8IyyA5R.jpg!m_fill,w_280,h_210,f_jpg?from=ke.com
20240205,石景山,八角,101115711362,商圈经理推荐融景城南北通透三居室双卫带电梯,829万,61435元/平,低楼层 (共17层) | 2011年 | 3室2厅 | 134.94平米 | 南 北 东,https://ke-image.ljcdn.com/110000-inspection/pc1_KZ504BfyR.jpg!m_fill,w_280,h_210,f_jpg?from=ke.com
20240205,石景山,八角,101114983520,商品房 商品房 2013年楼龄 正规一室一厅,247万,42950元/平,底层 (共21层) | 2013年 | 1室1厅 | 57.51平米 | 东,https://ke-image.ljcdn.com/110000-inspection/pc1_2YcTIForK.jpg!m_fill,w_280,h_210,f_jpg?from=ke.com
20240205,石景山,八角,101114582564,融景城南北精装修三居室 满五年业主一套住宅,880万,64749元/平,顶层 (共26层) | 2011年 | 3室2厅 | 135.91平米 | 南 北,https://ke-image.ljcdn.com/110000-inspection/6d63b59e-a613-4952-82ad-ec6f10175e6b_1000.jpg!m_fill,w_280,h_210,f_jpg?from=ke.com
20240205,石景山,八角,101114231437,新都名苑正规一居室朝南向采光好上下楼方便,246万,41738元/平,低楼层 (共18层) | 2013年 | 1室1厅 | 58.94平米 | 南,https://ke-image.ljcdn.com/110000-inspection/aeabbe11-8799-4680-b6f5-3ca822f69905_1000.jpg!m_fill,w_280,h_210,f_jpg?from=ke.com
20240205,石景山,八角,101122868911,一号线地铁沿线长安街旁正规南北2居带电梯精装新上,319万,53524元/平,中楼层 (共12层) | 1988年 | 2室1厅 | 59.6平米 | 南 北,https://ke-image.ljcdn.com/110000-inspection/12c9a3dd-e60e-42b5-b4c4-7a74478625dd_1000.jpg!m_fill,w_280,h_210,f_jpg?from=ke.com
20240205,石景山,八角,101122857282,八角北里铁道部电梯三居格局方正满五年唯一新上,369万,46769元/平,底层 (共18层) | 1989年 | 3室1厅 | 78.9平米 | 西南,https://ke-image.ljcdn.com/110000-inspection/b3a1adf1-7fb5-41be-8383-a63c5681d9b5_1000.jpg!m_fill,w_280,h_210,f_jpg?from=ke.com
20240205,石景山,八角,101122856819,八角北路 中间层南北两居 采光通风好看房随时诚心出售新上,215万,41149元/平,高楼层 (共6层) | 1984年 | 2室1厅 | 52.25平米 | 南 北,https://ke-image.ljcdn.com/110000-inspection/753a94b6-6454-46cd-802c-23f3338dd9eb_1000.jpg!m_fill,w_280,h_210,f_jpg?from=ke.com
20240205,石景山,八角,101122795245,石景嘉园正规客厅满五年很安静首付90万,255万,37907元/平,顶层 (共21层) | 2010年 | 2室1厅 | 67.27平米 | 西,https://ke-image.ljcdn.com/110000-inspection/pc1_LRoxp97s0.jpg!m_fill,w_280,h_210,f_jpg?from=ke.com
20240205,石景山,八角,101122708801,八角路小区 2室1厅 南 北,178万,48018元/平,中楼层 (共5层) | 1971年 | 2室1厅 | 37.07平米 | 南 北,https://ke-image.ljcdn.com/110000-inspection/b6eaeb33-5cb9-4777-844e-ad2f1ba6a0d9_1000.jpg!m_fill,w_280,h_210,f_jpg?from=ke.com
20240205,石景山,八角,101122679433,融景城南北两居高楼层业主诚心出售,599万,68607元/平,高楼层 (共24层) | 2012年 | 2室1厅 | 87.31平米 | 南 北,https://ke-image.ljcdn.com/110000-inspection/pc1_EohbAIv3Q.jpg!m_fill,w_280,h_210,f_jpg?from=ke.com
20240205,石景山,八角,101122668832,融景城朝南两居采光充足视野好看房方便。,540万,59795元/平,低楼层 (共24层) 2室1厅 | 90.31平米 | 南,https://ke-image.ljcdn.com/110000-inspection/6dd92b56-025a-4531-b67b-01d329e96af3_1000.jpg!m_fill,w_280,h_210,f_jpg?from=ke.com
20240205,石景山,八角,101122624081,融景城 2室1厅 西南 北,530万,59192元/平,底层 (共17层) | 2012年 | 2室1厅 | 89.54平米 | 西南 北,https://ke-image.ljcdn.com/110000-inspection/pc1_UkuPxyWrm.jpg!m_fill,w_280,h_210,f_jpg?from=ke.com
20240205,石景山,八角,101122613856,八角南路一层南北通透光线好采光充足。,282万,45602元/平,底层 (共6层) | 1985年 | 2室1厅 | 61.84平米 | 南 北,https://ke-image.ljcdn.com/110000-inspection/ecaea255-8b39-4af8-84cd-d683148b2a9f_1000.jpg!m_fill,w_280,h_210,f_jpg?from=ke.com
20240205,石景山,八角,101122576895,八角北路 中间层  南北通透三居,320万,46682元/平,中楼层 (共6层) | 1984年 | 3室1厅 | 68.55平米 | 南 北,https://ke-image.ljcdn.com/110000-inspection/pc1_8Rc3mqg6H.jpg!m_fill,w_280,h_210,f_jpg?from=ke.com
20240205,石景山,八角,101122539366,八角游乐园西侧小区繁华八角北里精装两居室中间层,278万,46280元/平,中楼层 (共6层) | 1986年 | 2室1厅 | 60.07平米 | 东南,https://ke-image.ljcdn.com/110000-inspection/4f2d0e6c-ad93-4c13-b1a4-5088eebe685d_1000.jpg!m_fill,w_280,h_210,f_jpg?from=ke.com
20240205,石景山,八角,101122522642,八角中里 南北通透满五唯一好房,260万,44113元/平,顶层 (共6层) | 1987年 | 2室1厅 | 58.94平米 | 南 北,https://ke-image.ljcdn.com/110000-inspection/8e70a180-bd01-455c-a5f8-c418d88b411f_1000.jpg!m_fill,w_280,h_210,f_jpg?from=ke.com
20240205,石景山,八角,101122419630,真香！八角北路 南北通透户型好！近地铁！生活方便！房主自荐,205万,39691元/平,顶层 (共6层) | 1985年 | 2室1厅 | 51.65平米 | 南 北,https://ke-image.ljcdn.com/110000-inspection/b976ca12-fea5-466c-b892-1bf874d39827_1000.jpg!m_fill,w_280,h_210,f_jpg?from=ke.com
20240205,石景山,八角,101122393020,融景城66号院 双卫带窗 南北双通透,750万,64043元/平,低楼层 (共25层) | 2011年 | 3室1厅 | 117.11平米 | 南 北,https://ke-image.ljcdn.com/110000-inspection/pc1_Ux1BOw0xI.jpg!m_fill,w_280,h_210,f_jpg?from=ke.com
20240205,石景山,八角,101122389656,八角北里干休所南北通透带客厅3居室,348万,50855元/平,中楼层 (共6层) | 1986年 | 3室1厅 | 68.43平米 | 南 北,https://ke-image.ljcdn.com/110000-inspection/6ad35239-3607-4184-8f7b-7dbe15009db9_1000.jpg!m_fill,w_280,h_210,f_jpg?from=ke.com
20240205,石景山,八角,101122384640,八角南路 2室1厅 南 北,275万,44994元/平,高楼层 (共6层) 2室1厅 | 61.12平米 | 南 北,https://ke-image.ljcdn.com/110000-inspection/pc1_0d2j5J9oS.jpg!m_fill,w_280,h_210,f_jpg?from=ke.com
20240205,石景山,八角,101122363634,八角北路 经典两间半格局 南北向 满五唯一,245万,43572元/平,高楼层 (共6层) 2室1厅 | 56.23平米 | 南 北,https://ke-image.ljcdn.com/110000-inspection/6fc25a47-1f56-40ad-9db0-2987121419ee_1000.jpg!m_fill,w_280,h_210,f_jpg?from=ke.com
20240205,石景山,八角,101122318382,八角南路 2室1厅 东 西,215万,39837元/平,中楼层 (共6层) 2室1厅 | 53.97平米 | 东 西,https://ke-image.ljcdn.com/110000-inspection/29e8dca9-1ff5-4740-94d1-01ea74cc7aa5_1000.jpg!m_fill,w_280,h_210,f_jpg?from=ke.com
20240205,石景山,八角,101122257888,八角南里 2室1厅 南 北,270万,47236元/平,底层 (共12层) | 1988年 | 2室1厅 | 57.16平米 | 南 北,https://ke-image.ljcdn.com/110000-inspection/cbfe3e6a-876f-49a2-a1a3-f5d36b8b3002_1000.jpg!m_fill,w_280,h_210,f_jpg?from=ke.com
20240205,石景山,八角,101122212966,八角北路社区久负盛名的南院里南北两居室。,243万,42572元/平,高楼层 (共6层) | 1986年 | 2室1厅 | 57.08平米 | 南 北,https://ke-image.ljcdn.com/110000-inspection/fa69a591-9812-463f-a656-9bfe6230477f_1000.jpg!m_fill,w_280,h_210,f_jpg?from=ke.com
20240205,石景山,八角,101122131058,精装两居1996年钢混可组合贷款29年！房主自荐,288万,51641元/平,中楼层 (共18层) | 1996年 | 2室1厅 | 55.77平米 | 东,https://ke-image.ljcdn.com/110000-inspection/3362fd27-97a7-4b28-a3b1-0e2d49833969_1000.jpg!m_fill,w_280,h_210,f_jpg?from=ke.com
20240205,石景山,八角,101122093509,八角北路 全明格局  靠谱出售 南向采光好 刚需可选,219万,39898元/平,顶层 (共6层) | 1985年 | 2室1厅 | 54.89平米 | 南,https://ke-image.ljcdn.com/110000-inspection/pc1_IcMvgyqEV.jpg!m_fill,w_280,h_210,f_jpg?from=ke.com
20240205,石景山,八角,101122092851,八角北路精装修南北通透两居室,199万,38087元/平,高楼层 (共6层) | 1984年 | 2室1厅 | 52.25平米 | 南 北,https://ke-image.ljcdn.com/110000-inspection/58c1a79c-9fdd-4ca6-b233-8b1d4b2fe722_1000.jpg!m_fill,w_280,h_210,f_jpg?from=ke.com
20240205,石景山,八角,101122092352,八角南里楼龄新满五唯一看房随时,245万,56911元/平,顶层 (共5层) | 1995年 | 2室1厅 | 43.05平米 | 南 北,https://ke-image.ljcdn.com/110000-inspection/pc1_aYtUwvVTf.jpg!m_fill,w_280,h_210,f_jpg?from=ke.com
20240205,石景山,八角,101122057048,八角南路小区2000年的正规大两居南北通透,538万,51736元/平,中楼层 (共6层) | 2000年 | 2室2厅 | 103.99平米 | 南 北,https://ke-image.ljcdn.com/110000-inspection/pc1_i5LynRBNP_1.jpg!m_fill,w_280,h_210,f_jpg?from=ke.com
20240205,石景山,八角,101122005320,景阳东街67号院 南向采光好 满五年唯一,429万,53997元/平,高楼层 (共26层) 2室1厅 | 79.45平米 | 南,https://ke-image.ljcdn.com/110000-inspection/pc1_JbyVVqhJV.jpg!m_fill,w_280,h_210,f_jpg?from=ke.com
20240205,石景山,八角,101121959846,八角路小区 2室0厅 南 北,198万,52271元/平,底层 (共5层) | 1971年 | 2室0厅 | 37.88平米 | 南 北,https://ke-image.ljcdn.com/110000-inspection/e4bbf428-e548-41a6-844e-1d276c48b87b_1000.jpg!m_fill,w_280,h_210,f_jpg?from=ke.com
20240205,石景山,八角,101121890290,经理推荐八角南里两室一厅 西侧可望首钢大桥 视野好房主自荐,385万,51568元/平,高楼层 (共24层) 2室1厅 | 74.66平米 | 西,https://ke-image.ljcdn.com/110000-inspection/pc1_Qu0JlFnE4.jpg!m_fill,w_280,h_210,f_jpg?from=ke.com
20240205,石景山,八角,101121887655,八角北路精装修 优质南北 拎包入住 两居室,275万,48103元/平,高楼层 (共6层) | 1986年 | 2室1厅 | 57.17平米 | 南 北,https://ke-image.ljcdn.com/110000-inspection/8eda8aec-6fdc-47ae-a33a-db50b43e5923_1000.jpg!m_fill,w_280,h_210,f_jpg?from=ke.com
20240205,石景山,八角,101121883057,精装修南向两居室 带正规阳台 没遮挡 采光视野好,551万,61073元/平,低楼层 (共26层) | 2010年 | 2室1厅 | 90.22平米 | 南,https://ke-image.ljcdn.com/110000-inspection/7be31bb5-0534-44a5-93e3-f5df473675d5_1000.jpg!m_fill,w_280,h_210,f_jpg?from=ke.com
20240205,石景山,八角,101121878929,八角南路 1室1厅 北,170万,50222元/平,高楼层 (共6层) | 1983年 | 1室1厅 | 33.85平米 | 北,https://ke-image.ljcdn.com/110000-inspection/pc1_uq7N6mmR0_1.jpg!m_fill,w_280,h_210,f_jpg?from=ke.com
20240205,石景山,八角,101121878398,八角南路 电梯房 三居室 钢混结构 贷款年限长,338万,46131元/平,底层 (共16层) | 1989年 | 3室1厅 | 73.27平米 | 东南,https://ke-image.ljcdn.com/110000-inspection/881ebdf5-2079-4605-a22c-89e72e726bc5_1000.jpg!m_fill,w_280,h_210,f_jpg?from=ke.com
20240205,石景山,八角,101121815779,八角北里中间层优质房源公司聚焦好房房主自荐,239万,41222元/平,中楼层 (共6层) | 1984年 | 2室1厅 | 57.98平米 | 南,https://ke-image.ljcdn.com/110000-inspection/f27e7f72-83ae-49e7-9cf5-da558be72c64_1000.jpg!m_fill,w_280,h_210,f_jpg?from=ke.com
20240205,石景山,八角,101121812166,八角南路 3室1厅 南 北,390万,54622元/平,高楼层 (共6层) | 1990年 | 3室1厅 | 71.4平米 | 南 北,https://ke-image.ljcdn.com/110000-inspection/pc1_xXN40rx2K.jpg!m_fill,w_280,h_210,f_jpg?from=ke.com
20240205,石景山,八角,101121782820,八角中里 一层南北通透格局采光好业主诚心出售,279万,50280元/平,底层 (共6层) | 1987年 | 2室1厅 | 55.49平米 | 南 北,https://ke-image.ljcdn.com/110000-inspection/0ff1fc4d-016a-4ecd-9aa6-e157ce0db8d8_1000.jpg!m_fill,w_280,h_210,f_jpg?from=ke.com
20240205,石景山,八角,101121761131,京原路5号院满五唯一双卧室朝南两居,270万,39279元/平,顶层 (共12层) | 1989年 | 2室1厅 | 68.74平米 | 南 北,https://ke-image.ljcdn.com/110000-inspection/e7d3d01c-fe8f-43f6-a54b-3da9edc0ab89_1000.jpg!m_fill,w_280,h_210,f_jpg?from=ke.com
20240205,石景山,八角,101121756371,北京锅炉厂宿舍  98年钢混结构 正规两居大客厅 高楼层房主自荐,320万,49744元/平,中楼层 (共20层) 2室1厅 | 64.33平米 | 东北,https://ke-image.ljcdn.com/110000-inspection/555d6f30-f408-478f-8f83-fc66f02bcd65_1000.jpg!m_fill,w_280,h_210,f_jpg?from=ke.com
20240205,石景山,八角,101121596738,精装修视野开阔近地铁可看房满五年看房方便房主自荐,335万,48999元/平,低楼层 (共24层) 2室1厅 | 68.37平米 | 北,https://ke-image.ljcdn.com/110000-inspection/848ede33-06a3-4389-bafb-8a32bb509706_1000.jpg!m_fill,w_280,h_210,f_jpg?from=ke.com
20240205,石景山,八角,101121519851,店长推荐满五年唯一干休所三居室靠谱出售,275万,40188元/平,顶层 (共6层) | 1989年 | 3室1厅 | 68.43平米 | 南 北,https://ke-image.ljcdn.com/110000-inspection/pc1_bQPiPk84p.jpg!m_fill,w_280,h_210,f_jpg?from=ke.com
20240205,石景山,八角,101121502412,总监推荐 真正的精装 卫生间有窗 高楼层,489万,56389元/平,高楼层 (共20层) 2室2厅 | 86.72平米 | 南 北,https://ke-image.ljcdn.com/110000-inspection/6626113a-e26e-47a6-9f6a-295ae3ad5df1_1000.jpg!m_fill,w_280,h_210,f_jpg?from=ke.com
20240205,石景山,八角,101121461097,新都名苑 1室1厅 东,208万,36200元/平,中楼层 (共21层) | 2013年 | 1室1厅 | 57.46平米 | 东,https://ke-image.ljcdn.com/110000-inspection/pc1_EaEZxbKaA.jpg!m_fill,w_280,h_210,f_jpg?from=ke.com
20240205,石景山,八角,101121397633,区委家属院中间层南北通透明厨明卫随时可以看房,289万,44476元/平,中楼层 (共6层) 2室1厅 | 64.98平米 | 南 北,https://ke-image.ljcdn.com/110000-inspection/61643f61-123d-4944-aac3-f80226005f3f_1000.jpg!m_fill,w_280,h_210,f_jpg?from=ke.com
20240205,石景山,八角,101121383677,楼前有绿地的一层适合年轻人刚需老年人改善两居,299万,54285元/平,底层 (共6层) | 1987年 | 2室1厅 | 55.08平米 | 南 北,https://ke-image.ljcdn.com/110000-inspection/pc1_YGKoBAP9f.jpg!m_fill,w_280,h_210,f_jpg?from=ke.com
20240205,石景山,八角,101121348321,融景城三期三居采光充足视野好看房有钥匙。,1080万,62248元/平,高楼层 (共25层) | 2012年 | 3室2厅 | 173.5平米 | 南 北,https://ke-image.ljcdn.com/110000-inspection/e3d197fc-8fb0-4216-8fcb-b5fffeb39fcd_1000.jpg!m_fill,w_280,h_210,f_jpg?from=ke.com
20240205,石景山,八角,101121327862,八角南里一层房龄新正规三室两厅满两年房主自荐,639万,54296元/平,底层 (共6层) | 1999年 | 3室2厅 | 117.69平米 | 南 北,https://ke-image.ljcdn.com/110000-inspection/pc1_TAqa4E6IK.jpg!m_fill,w_280,h_210,f_jpg?from=ke.com
20240205,石景山,八角,101121283549,八角中里 南北通透 中间层 1号线八角游乐园 不临街,295万,50085元/平,中楼层 (共6层) | 1986年 | 2室1厅 | 58.9平米 | 南 北,https://ke-image.ljcdn.com/110000-inspection/1fe92083-c212-43f6-a34f-ad38ea3e188c_1000.jpg!m_fill,w_280,h_210,f_jpg?from=ke.com
20240205,石景山,八角,101121252458,北京锅炉厂宿舍   钢混结构 独立单元干净 南北通风好房主自荐,278万,49821元/平,底层 (共12层) | 1988年 | 2室1厅 | 55.8平米 | 南 北,https://ke-image.ljcdn.com/110000-inspection/pc1_Oue4T4VjI.jpg!m_fill,w_280,h_210,f_jpg?from=ke.com
20240205,石景山,八角,101121252019,八角中里 南北通透小区中间 满五唯一精装修好房,315万,53445元/平,中楼层 (共6层) | 1986年 | 2室1厅 | 58.94平米 | 南 北,https://ke-image.ljcdn.com/110000-inspection/6e06796e-da2d-47c2-bdd4-813817cc5f9b_1000.jpg!m_fill,w_280,h_210,f_jpg?from=ke.com
20240205,石景山,八角,101121222675,【聚焦好房】八角中里 满五年电梯房精装修近地铁！,348万,57266元/平,中楼层 (共19层) 2室1厅 | 60.77平米 | 南,https://ke-image.ljcdn.com/110000-inspection/pc1_OMDNcfJii.jpg!m_fill,w_280,h_210,f_jpg?from=ke.com
20240205,石景山,八角,101121156840,八角南里 1995年楼龄 满五年  半地下房主自荐,180万,34085元/平,底层 (共7层) | 1995年 | 2室1厅 | 52.81平米 | 南 北,https://ke-image.ljcdn.com/110000-inspection/pc1_uhJwn7TBu.jpg!m_fill,w_280,h_210,f_jpg?from=ke.com
20240205,石景山,八角,101121148190,八角北里 电梯三居室 南北通透 采光好 诚心卖,421万,53359元/平,低楼层 (共16层) | 1988年 | 2室1厅 | 78.9平米 | 东南 西北,https://ke-image.ljcdn.com/110000-inspection/4894e9ea-d7b8-4ae1-b579-cc79df19eee9_1000.jpg!m_fill,w_280,h_210,f_jpg?from=ke.com
20240205,石景山,八角,101121140401,八角中里 带电梯 两居室 有装修 中间层,330万,54304元/平,低楼层 (共18层) | 1985年 | 2室1厅 | 60.77平米 | 西南 北,https://ke-image.ljcdn.com/110000-inspection/416f9edf-da09-4191-a2fc-fff0f4d42aa9_1000.jpg!m_fill,w_280,h_210,f_jpg?from=ke.com
20240205,石景山,八角,101121131459,八角南路小户型 两居室 近地铁站,203万,44227元/平,顶层 (共6层) | 1982年 | 2室1厅 | 45.9平米 | 南,https://ke-image.ljcdn.com/110000-inspection/284b0a66-301d-4bc6-b5b2-0b07eea07cbf_1000.jpg!m_fill,w_280,h_210,f_jpg?from=ke.com
20240205,石景山,八角,101121093484,八角中里中间层 东南朝向 满五年唯一,280万,47555元/平,中楼层 (共6层) | 1987年 | 2室1厅 | 58.88平米 | 南 东,https://ke-image.ljcdn.com/110000-inspection/pc1_4RnlL2yqE.jpg!m_fill,w_280,h_210,f_jpg?from=ke.com
20240205,石景山,八角,101121093042,石景山八角北里东向大两居 精装修 满五年唯一,228万,39149元/平,高楼层 (共6层) | 1986年 | 2室1厅 | 58.24平米 | 东,https://ke-image.ljcdn.com/110000-inspection/pc1_SJoPwiMKs_1.jpg!m_fill,w_280,h_210,f_jpg?from=ke.com
20240205,石景山,八角,101121092801,八角北里精装修两居室 带客厅 满五年唯一 随时看房,249万,43939元/平,顶层 (共6层) | 1986年 | 2室1厅 | 56.67平米 | 南 北,https://ke-image.ljcdn.com/110000-inspection/pc1_1tchVuNV9_1.jpg!m_fill,w_280,h_210,f_jpg?from=ke.com
20240205,石景山,八角,101121091516,八角北路 精装修 面宽3.6米18平米大客厅 可设计四居,289万,46086元/平,顶层 (共6层) | 1985年 | 2室1厅 | 62.71平米 | 南 北,https://ke-image.ljcdn.com/110000-inspection/b86bc524-7dcb-4c63-bfad-eac0df8440e6_1000.jpg!m_fill,w_280,h_210,f_jpg?from=ke.com
20240205,石景山,八角,101121089418,八角北里西南向两居室带南向大客厅满五年唯一。,249万,42132元/平,顶层 (共6层) | 1985年 | 2室1厅 | 59.1平米 | 西南,https://ke-image.ljcdn.com/110000-inspection/ba05a3b5-a059-4180-b4b2-355211e89b52_1000.jpg!m_fill,w_280,h_210,f_jpg?from=ke.com
20240205,石景山,八角,101121080068,八角北里带电梯两居室南北向看房随时,248万,44557元/平,低楼层 (共16层) | 1988年 | 2室1厅 | 55.66平米 | 南 北,https://ke-image.ljcdn.com/110000-inspection/pc1_7EFgCa4mz.jpg!m_fill,w_280,h_210,f_jpg?from=ke.com
20240205,石景山,八角,101121079881,秀美秋日一套有客厅的东南两居这栋楼有平改坡。,276万,47116元/平,顶层 (共6层) | 1985年 | 2室1厅 | 58.58平米 | 东南,https://ke-image.ljcdn.com/110000-inspection/c2b1849b-e114-449c-a515-5417340bccee_1000.jpg!m_fill,w_280,h_210,f_jpg?from=ke.com
20240205,石景山,八角,101121000660,八角北路满五年南北通透带客厅次顶层采光视野较好,293万,46244元/平,高楼层 (共6层) | 1985年 | 2室1厅 | 63.36平米 | 南 北,https://ke-image.ljcdn.com/110000-inspection/pc1_F9OS3NBEL.jpg!m_fill,w_280,h_210,f_jpg?from=ke.com
20240205,石景山,八角,101120964782,八角北路精装修南向两居室采光视野无遮挡,235万,46609元/平,高楼层 (共6层) | 1985年 | 2室1厅 | 50.42平米 | 南,https://ke-image.ljcdn.com/110000-inspection/050dcb90-153b-40a2-9fac-c486d10e1bf6_1000.jpg!m_fill,w_280,h_210,f_jpg?from=ke.com
20240205,石景山,八角,101120950710,新都名苑南向一居  13年小区  中间楼层  视野好采光棒,227万,42831元/平,中楼层 (共21层) | 2013年 | 1室1厅 | 53平米 | 南,https://ke-image.ljcdn.com/110000-inspection/pc1_c0g1DO07u.jpg!m_fill,w_280,h_210,f_jpg?from=ke.com
20240205,石景山,八角,101120944123,八角北路 田字格三居室 户型方正 满五唯一,289万,42160元/平,高楼层 (共6层) 3室1厅 | 68.55平米 | 南 北,https://ke-image.ljcdn.com/110000-inspection/pc1_SE6w95fdO.jpg!m_fill,w_280,h_210,f_jpg?from=ke.com
20240205,石景山,八角,101120888686,八角北路 不临街 南向方正一居无遮挡光线充足,182万,50221元/平,高楼层 (共6层) | 1985年 | 1室1厅 | 36.24平米 | 南,https://ke-image.ljcdn.com/110000-inspection/20d6ffc3-efc7-4adf-8444-449e0675f13e_1000.jpg!m_fill,w_280,h_210,f_jpg?from=ke.com
20240205,石景山,八角,101120787917,拾景名苑 楼龄新 车位充足 楼间距大 小区环境好,445万,51132元/平,低楼层 (共21层) | 2016年 | 2室1厅 | 87.03平米 | 南 北,https://ke-image.ljcdn.com/110000-inspection/pc1_PRc1UwyPb_1.jpg!m_fill,w_280,h_210,f_jpg?from=ke.com
20240205,石景山,八角,101120739371,总监推荐 拾景名苑 2016年 精装修,460万,53751元/平,顶层 (共21层) | 2016年 | 2室1厅 | 85.58平米 | 南,https://ke-image.ljcdn.com/110000-inspection/pc1_QzBYnWjcn.jpg!m_fill,w_280,h_210,f_jpg?from=ke.com
20240205,石景山,八角,101120645781,八角北路 三居 光线 通风效果好 地铁1号线,221万,37087元/平,顶层 (共6层) | 1982年 | 3室1厅 | 59.59平米 | 南 北,https://ke-image.ljcdn.com/110000-inspection/236ce095-3785-4f47-9fbe-e86b27d43453_1000.jpg!m_fill,w_280,h_210,f_jpg?from=ke.com
20240205,石景山,八角,101120636092,拾景名苑 南北两居 婚房装修 满五年唯一,480万,54459元/平,中楼层 (共21层) | 2017年 | 2室1厅 | 88.14平米 | 南 北,https://ke-image.ljcdn.com/110000-inspection/pc1_UITDrkG3B.jpg!m_fill,w_280,h_210,f_jpg?from=ke.com
20240205,石景山,八角,101120590998,八角南路店长推荐 带客厅好房随时可以看房房主自荐,259万,41883元/平,顶层 (共6层) | 1985年 | 2室1厅 | 61.84平米 | 南 北,https://ke-image.ljcdn.com/110000-inspection/pc1_x1178jaGi.jpg!m_fill,w_280,h_210,f_jpg?from=ke.com
20240205,石景山,八角,101120493436,八角北路 南北通透 满五唯一  两居室房主自荐,199万,36662元/平,顶层 (共6层) | 1983年 | 2室1厅 | 54.28平米 | 南 北,https://ke-image.ljcdn.com/110000-inspection/pc1_nB39Plgd4.jpg!m_fill,w_280,h_210,f_jpg?from=ke.com
20240205,石景山,八角,101120325770,八角路小区 面积大 格局好 可以看房房主自荐,396万,43922元/平,顶层 (共5层) | 1963年 | 2室1厅 | 90.16平米 | 东 西,https://ke-image.ljcdn.com/110000-inspection/1777ff8c-2c5c-4fe7-8f21-50fa94e1f648_1000.jpg!m_fill,w_280,h_210,f_jpg?from=ke.com
20240205,石景山,八角,101120248662,八角中里 中间层 不临街 满五唯一商品房,276万,46239元/平,中楼层 (共6层) | 1987年 | 2室1厅 | 59.69平米 | 南 北,https://ke-image.ljcdn.com/110000-inspection/pc1_JVvtUblOr.jpg!m_fill,w_280,h_210,f_jpg?from=ke.com
20240205,石景山,八角,101120236147,温馨舒适采光充足两居满五年住房看房提前约即可房主自荐,262万,44688元/平,低楼层 (共6层) | 1987年 | 2室1厅 | 58.63平米 | 东南,https://ke-image.ljcdn.com/110000-inspection/pc1_p09K9xS8Z.jpg!m_fill,w_280,h_210,f_jpg?from=ke.com
20240205,石景山,八角,101120142308,一层带阳台南北向户型居住舒适,263万,51248元/平,底层 (共6层) | 1984年 | 2室1厅 | 51.32平米 | 南 北,https://ke-image.ljcdn.com/110000-inspection/752ca4ae-7f71-4233-a665-e1b8122805eb_1000.jpg!m_fill,w_280,h_210,f_jpg?from=ke.com
20240205,石景山,八角,101120107353,融景城南北三居主卧带独卫中间楼层小区花园水系,838万,64019元/平,中楼层 (共17层) 3室2厅 | 130.9平米 | 南 北,https://ke-image.ljcdn.com/110000-inspection/04308682-7c24-484f-92f4-a0dbf314704a_1000.jpg!m_fill,w_280,h_210,f_jpg?from=ke.com
20240205,石景山,八角,101120082959,八角北路  南向不临街 精装一居室房主自荐,178万,49117元/平,高楼层 (共6层) | 1985年 | 1室1厅 | 36.24平米 | 南,https://ke-image.ljcdn.com/110000-inspection/c7886461-3fa5-4f58-aff9-92396b35ace9_1000.jpg!m_fill,w_280,h_210,f_jpg?from=ke.com
20240205,石景山,八角,101119991118,八角北路 田字格 南北通透三居室 满五唯一 有钥匙,295万,43154元/平,顶层 (共6层) | 1986年 | 3室1厅 | 68.36平米 | 南 北,https://ke-image.ljcdn.com/110000-inspection/pc1_1UO9Eeha4.jpg!m_fill,w_280,h_210,f_jpg?from=ke.com
20240205,石景山,八角,101119977166,京原路5号院 全南两居 2层无遮挡 封闭小区 医院家属院,299万,53758元/平,中楼层 (共5层) | 1979年 | 2室1厅 | 55.62平米 | 南,https://ke-image.ljcdn.com/110000-inspection/pc1_kRK9MXPos_1.jpg!m_fill,w_280,h_210,f_jpg?from=ke.com
20240205,石景山,八角,101119935116,八角南里  中间楼层   满五唯一  南北通透,275万,47439元/平,中楼层 (共6层) | 1988年 | 2室1厅 | 57.97平米 | 南 北,https://ke-image.ljcdn.com/110000-inspection/pc1_W5yvxshTt.jpg!m_fill,w_280,h_210,f_jpg?from=ke.com
20240205,石景山,八角,101119886470,八角路小区 2室0厅 南,270万,44010元/平,顶层 (共5层) | 1965年 | 2室0厅 | 61.35平米 | 南,https://ke-image.ljcdn.com/110000-inspection/pc1_UmD0KbLes.jpg!m_fill,w_280,h_210,f_jpg?from=ke.com
20240205,石景山,八角,101119848120,八角北路 南北通透 两居室 格局方正,255万,44597元/平,高楼层 (共6层) | 1986年 | 2室1厅 | 57.18平米 | 南 北,https://ke-image.ljcdn.com/110000-inspection/d4d29d1e-9265-4752-a1da-8a9c682b1d23_1000.jpg!m_fill,w_280,h_210,f_jpg?from=ke.com
20240205,石景山,八角,101119751205,八角北里干休所三居 不临街 中间层,362万,52901元/平,中楼层 (共6层) | 1987年 | 3室1厅 | 68.43平米 | 南 北,https://ke-image.ljcdn.com/110000-inspection/pc1_OTR7b8VlL_1.jpg!m_fill,w_280,h_210,f_jpg?from=ke.com
20240205,石景山,八角,101119688081,八角北路 非顶层 正规一居 满五唯一,186万,50751元/平,高楼层 (共6层) | 1986年 | 1室1厅 | 36.65平米 | 南,https://ke-image.ljcdn.com/110000-inspection/42c8122d-da1c-4aae-af3d-ecb33ca19e78_1000.jpg!m_fill,w_280,h_210,f_jpg?from=ke.com
20240205,石景山,八角,101119394517,八角中里南北明厨明卫两居室中间层可看房。,295万,50307元/平,高楼层 (共6层) | 1990年 | 2室1厅 | 58.64平米 | 南 北,https://ke-image.ljcdn.com/110000-inspection/d1a982d4-5eaf-4f4a-8abb-ab21b72e40d9_1000.jpg!m_fill,w_280,h_210,f_jpg?from=ke.com
20240205,石景山,八角,101119138931,本房是中间楼层 南北通透  满五年唯一 业主诚心出售,265万,46370元/平,中楼层 (共6层) | 1987年 | 2室1厅 | 57.15平米 | 南 北,https://ke-image.ljcdn.com/110000-inspection/pc1_lKeg25bUf.jpg!m_fill,w_280,h_210,f_jpg?from=ke.com
20240205,石景山,八角,101119112377,八角南里1997年南北两室两厅户型满五年不唯一诚售,498万,56908元/平,中楼层 (共6层) | 1997年 | 2室2厅 | 87.51平米 | 南 北,https://ke-image.ljcdn.com/110000-inspection/pc1_DLjSEh4wk.jpg!m_fill,w_280,h_210,f_jpg?from=ke.com
20240205,石景山,八角,101119023091,融景城一层带下跃 纯南向 诚心出售房主自荐,715万,53279元/平,底层 (共26层) 4室2厅 | 134.2平米 | 南,https://ke-image.ljcdn.com/110000-inspection/pc1_NJq2L6cTr.jpg!m_fill,w_280,h_210,f_jpg?from=ke.com
20240205,石景山,八角,101118795065,八角北路社区 明厨明卫优质两居室 采光好房主自荐,228万,41417元/平,高楼层 (共6层) | 1986年 | 2室1厅 | 55.05平米 | 南,https://ke-image.ljcdn.com/110000-inspection/285e2334-8c3b-4aa4-ab6d-2f082c4dba9c_1000.jpg!m_fill,w_280,h_210,f_jpg?from=ke.com
20240205,石景山,八角,101118682096,八角北路 南北通透 非顶层 不临街,241万,42520元/平,高楼层 (共6层) | 1984年 | 2室1厅 | 56.68平米 | 南 北,https://ke-image.ljcdn.com/110000-inspection/fc3bbc61-b528-404a-b27b-be5bbe070559_1000.jpg!m_fill,w_280,h_210,f_jpg?from=ke.com
20240205,石景山,八角,101118557335,八角北路南北通透小三居无遮挡采光通风好,235万,41396元/平,顶层 (共6层) | 1984年 | 3室1厅 | 56.77平米 | 南 北,https://ke-image.ljcdn.com/110000-inspection/8f923203-3340-45be-bbf2-14ba4e9951b7_1000.jpg!m_fill,w_280,h_210,f_jpg?from=ke.com
20240205,石景山,八角,101117934355,2010年小区东南朝向户型方正满五唯一。,205万,38183元/平,底层 (共21层) | 2010年 | 1室1厅 | 53.69平米 | 东南,https://ke-image.ljcdn.com/110000-inspection/f52d15cf-d762-4de8-a21b-b148521f0ef4_1000.jpg!m_fill,w_280,h_210,f_jpg?from=ke.com
20240205,石景山,八角,101117844172,05年纯商品房临近地铁户型方正套内空间大。,458万,53380元/平,高楼层 (共14层) | 2005年 | 2室1厅 | 85.8平米 | 东,https://ke-image.ljcdn.com/110000-inspection/pc1_4LkGfmdVx.jpg!m_fill,w_280,h_210,f_jpg?from=ke.com
20240205,石景山,八角,101117729237,拾景名苑 楼龄新 楼间距大 视野好 没有遮挡,188万,44029元/平,地下室 (共23层) 2室2厅 | 42.7平米 | 南,https://ke-image.ljcdn.com/110000-inspection/4a6a9db2-9727-4967-9942-1b0d526d589b_1000.jpg!m_fill,w_280,h_210,f_jpg?from=ke.com
20240205,石景山,八角,101117720988,朝阳医院家属楼明厨明卫两居室看房随时。,310万,53989元/平,顶层 (共5层) | 1979年 | 2室2厅 | 57.42平米 | 南 北,https://ke-image.ljcdn.com/110000-inspection/pc1_CtUo0ApWW_1.jpg!m_fill,w_280,h_210,f_jpg?from=ke.com
20240205,石景山,八角,101117698809,西引力带电梯精装修两居室2005年楼龄新带车位,416万,45846元/平,底层 (共14层) | 2005年 | 2室1厅 | 90.74平米 | 东 西,https://ke-image.ljcdn.com/110000-inspection/pc1_EDC5qs5kr.jpg!m_fill,w_280,h_210,f_jpg?from=ke.com
20240205,石景山,八角,101117178718,京原路5号院南北2居室 精装修采光好,335万,53807元/平,中楼层 (共12层) | 1989年 | 2室1厅 | 62.26平米 | 南 北,https://ke-image.ljcdn.com/110000-inspection/pc1_nLkNURAjm.jpg!m_fill,w_280,h_210,f_jpg?from=ke.com
20240205,石景山,八角,101108568556,2005年商品房社区优质底商诚心出售,500万,31630元/平,底层 (共16层) | 2005年 | 2室1厅 | 158.08平米 | 南,https://ke-image.ljcdn.com/110000-inspection/pc1_PxsS7xHIb.jpg!m_fill,w_280,h_210,f_jpg?from=ke.com
20240205,石景山,八角,101122856560,区域优选 首付130左右 满五年唯一 光线充足 诚心出售新上,422万,53270元/平,低楼层 (共26层) | 2011年 | 2室1厅 | 79.22平米 | 南,https://s1.ljcdn.com/pegasus/redskull/images/common/default_house_list.png?_v=202401081627157
20240205,石景山,八角,101122780660,八角北路 中间层 南向一居室  首套首付58万,157万,42035元/平,中楼层 (共6层) 1室1厅 | 37.35平米 | 南,https://s1.ljcdn.com/pegasus/redskull/images/common/default_house_list.png?_v=202401081627157
20240205,石景山,八角,101122770816,拾景名苑  车位,35万,10255元/平,地下室 (共2层) | 2017年 | 1室0厅 | 34.13平米 | 南,https://s1.ljcdn.com/pegasus/redskull/images/common/default_house_list.png?_v=202401081627157
20240205,石景山,八角,101122672736,拾景名苑车位 临近七号八号楼 可安充电桩两边没车,25万,7325元/平,地下室 (共2层) 1室0厅 | 34.13平米 | 南,https://ke-image.ljcdn.com/110000-inspection/83be3e97-ed80-4962-9449-46dcb35415ca.jpg!m_fill,w_280,h_210,f_jpg?from=ke.com
20240205,石景山,八角,101122561672,总监推荐 拾景名苑 高楼层精装修纯南两居,468万,53849元/平,高楼层 (共21层) 2室1厅 | 86.91平米 | 南 北,https://s1.ljcdn.com/pegasus/redskull/images/common/default_house_list.png?_v=202401081627157
20240205,石景山,八角,101122401589,拾景名苑  1室1厅 南,336万,58649元/平,高楼层 (共21层) | 2016年 | 1室1厅 | 57.29平米 | 南,https://s1.ljcdn.com/pegasus/redskull/images/common/default_house_list.png?_v=202401081627157
20240205,石景山,八角,101122343177,景阳东街65号院高楼层全南向人车分流2012年采光好,570万,64722元/平,高楼层 (共26层) | 2012年 | 2室1厅 | 88.07平米 | 南,https://s1.ljcdn.com/pegasus/redskull/images/common/default_house_list.png?_v=202401081627157
20240205,石景山,八角,101121931307,融景城二期车位地下二层把边位置。,46万,13873元/平,地下室 (共1层) | 2011年 | 1室0厅 | 33.16平米 | 南,https://s1.ljcdn.com/pegasus/redskull/images/common/default_house_list.png?_v=202401081627157
20240205,石景山,八角,101121104818,拾景名苑车位出售近二号楼地下一层,25万,7325元/平,地下室 (共2层) 1室0厅 | 34.13平米 | 北,https://s1.ljcdn.com/pegasus/redskull/images/common/default_house_list.png?_v=202401081627157
20240205,石景山,八角,101121024403,拾景名苑  车位,26万,7618元/平,地下室 (共2层) 1室0厅 | 34.13平米 | 南,https://s1.ljcdn.com/pegasus/redskull/images/common/default_house_list.png?_v=202401081627157
20240205,石景山,八角,101120132590,拾景名苑  车位,26万,7618元/平,地下室 (共2层) 1室0厅 | 34.13平米 | 南,https://s1.ljcdn.com/pegasus/redskull/images/common/default_house_list.png?_v=202401081627157
20240205,石景山,八角,101120079980,拾景名苑 南向两居室业主诚心出售房主自荐,520万,61041元/平,高楼层 (共20层) 2室2厅 | 85.19平米 | 南,https://ke-image.ljcdn.com/110000-inspection/9802fd68-1eef-491e-9270-217900376846.jpeg!m_fill,w_280,h_210,f_jpg?from=ke.com
20240205,石景山,八角,101119385463,拾景名苑  车位,26万,7618元/平,地下室 (共2层) 1室0厅 | 34.13平米 | 南,https://s1.ljcdn.com/pegasus/redskull/images/common/default_house_list.png?_v=202401081627157
20240205,石景山,八角,101118394449,融景城 车位,50万,19261元/平,地下室 (共1层) 1室0厅 | 25.96平米 | 南,https://s1.ljcdn.com/pegasus/redskull/images/common/default_house_list.png?_v=202401081627157
20240205,石景山,八角,101118365701,拾景名苑  车位,23.5万,6886元/平,地下室 (共2层) 1室0厅 | 34.13平米 | 东,https://ke-image.ljcdn.com/110000-inspection/f2882fb691fc1c78f38fb5f6b092dfe6-073.jpg!m_fill,w_280,h_210,f_jpg?from=ke.com
20240205,石景山,八角,101118274372,拾景名苑车位 产权清晰 停车方便,27万,7911元/平,地下室 (共2层) 1室0厅 | 34.13平米 | 南,https://ke-image.ljcdn.com/110000-inspection/a47316069641c4036feaffe4734a05d5-083.jpg!m_fill,w_280,h_210,f_jpg?from=ke.com
20240205,石景山,八角,101117760537,融景城一期车位靠柱子固定车位价格可以谈,42万,16420元/平,地下室 (共25层) 1室0厅 | 25.58平米 | 南,https://s1.ljcdn.com/pegasus/redskull/images/common/default_house_list.png?_v=202401081627157
20240205,石景山,八角,101117476353,京汉东方名苑车位位置好随时签约,19万,5567元/平,地下室 (共2层) | 2012年 | 1室0厅 | 34.13平米 | 南,https://ke-image.ljcdn.com/110000-inspection/7309c2d4ad7d4b142a285c9ab949f902-032.jpg!m_fill,w_280,h_210,f_jpg?from=ke.com
20240205,石景山,八角,101116585573,京汉东方名苑 半地下 产权清晰,120万,27959元/平,地下室 (共3层) | 2016年 | 1室1厅 | 42.92平米 | 南,https://s1.ljcdn.com/pegasus/redskull/images/common/default_house_list.png?_v=202401081627157
20240205,石景山,八角,101116171844,京汉车位出售 位置好 业主诚心出售,27万,7911元/平,地下室 (共2层) 1室0厅 | 34.13平米 | 南,https://s1.ljcdn.com/pegasus/redskull/images/common/default_house_list.png?_v=202401081627157
20240205,石景山,八角,101115739417,融景城二期地下一层产权车位出售！,48万,14197元/平,地下室 (共1层) | 2012年 | 1室0厅 | 33.81平米 | 南,https://s1.ljcdn.com/pegasus/redskull/images/common/default_house_list.png?_v=202401081627157
20240205,石景山,八角,101115510539,京汉东方名苑 地下产权车位 诚心出售,26万,7618元/平,地下室 (共2层) | 2016年 | 1室0厅 | 34.13平米 | 东,https://ke-image.ljcdn.com/110000-inspection/7faa594b87b9b7354423aa09fad2977d-089.jpg!m_fill,w_280,h_210,f_jpg?from=ke.com
20240205,石景山,八角,101114000975,融景城三期地下产权车位位置好空间宽敞,43.5万,12518元/平,地下室 (共1层) | 2012年 | 1室0厅 | 34.75平米 | 南,https://ke-image.ljcdn.com/110000-inspection/04bef4b5-23b4-466f-9153-30baa3f8e924.jpg!m_fill,w_280,h_210,f_jpg?from=ke.com
20240205,石景山,八角,101113619884,融景城66号院 东院停车位出售！,49万,14502元/平,地下室 (共25层) | 2010年 | 1室0厅 | 33.79平米 | 北,https://s1.ljcdn.com/pegasus/redskull/images/common/default_house_list.png?_v=202401081627157
20240205,石景山,八角,101109479195,融景城二期地下二层车位业主诚心出售,50万,15230元/平,地下室 | 2012年 | 1室0厅 | 32.83平米 | 南,https://s1.ljcdn.com/pegasus/redskull/images/common/default_house_list.png?_v=202401081627157
20240205,石景山,八角,101107286393,京汉东方名苑位于石景山体育场南路,98万,23429元/平,地下室 (共3层) | 2016年 | 1室1厅 | 41.83平米 | 南,https://s1.ljcdn.com/pegasus/redskull/images/common/default_house_list.png?_v=202401081627157
